﻿season,player_id,player_name,competition,journey,date,home_team,away_team,result,position,goals,assists,own_goals,yellow_cards,second_yellow_cards,red_cards,substitutions_on,substitutions_off,minutes_played,transfermarkt_score
2011/12,108354,Jordan Ayew,UEFA Champions League,Group F,2011-09-13,Olympiacos,Marseille,0:1,,,,,90,,,68,,22,
2011/12,108354,Jordan Ayew,UEFA Champions League,Group F,2011-09-28,Marseille,Dortmund,3:0,CF,,,,79,93,,71,,19,
2011/12,108354,Jordan Ayew,UEFA Champions League,Group F,2011-10-19,Marseille,Arsenal,0:1,Not in squad,,,,,,,,,,
2011/12,108354,Jordan Ayew,UEFA Champions League,Group F,2011-11-01,Arsenal,Marseille,0:0,CF,,,,,,,,84,84,
2011/12,108354,Jordan Ayew,UEFA Champions League,Group F,2011-11-23,Marseille,Olympiacos,0:1,CF,,,,,,,,61,61,
2011/12,108354,Jordan Ayew,UEFA Champions League,Group F,2011-12-06,Dortmund,Marseille,2:3,CF,,,,,,,67,,23,
2011/12,108354,Jordan Ayew,UEFA Champions League,last 16 1st leg,2012-02-22,Marseille,Inter,1:0,CF,,,,,,,73,,17,
2011/12,108354,Jordan Ayew,UEFA Champions League,last 16 2nd leg,2012-03-13,Inter,Marseille,2:1,on the bench,,,,,,,,,,
2011/12,108354,Jordan Ayew,UEFA Champions League,Quarter-Finals 1st leg,2012-03-28,Marseille,Bayern Munich,0:2,on the bench,,,,,,,,,,
2011/12,108354,Jordan Ayew,UEFA Champions League,Quarter-Finals 2nd leg,2012-04-03,Bayern Munich,Marseille,2:0,on the bench,,,,,,,,,,
2011/12,108354,Jordan Ayew,International Friendlies,1,2011-09-05,Brazil,Ghana,1:0,CF,,,,,,,,70,70,
2011/12,108354,Jordan Ayew,International Friendlies,5,2011-11-15,Ghana,Gabon,2:1,Information not yet available,,,,,,,,,,
2011/12,108354,Jordan Ayew,International Friendlies,1,2012-03-01,Chile,Ghana,1:1,on the bench,,,,,,,,,,
2012/13,108354,Jordan Ayew,Africa Cup of Nations qualification,Second Round 1st leg,2012-09-08,Ghana,Malawi,2:0,CF,,,,,,,,,90,
2012/13,108354,Jordan Ayew,Africa Cup of Nations qualification,Second Round 2nd leg,2012-10-13,Malawi,Ghana,0:1,Not in squad,,,,,,,,,,
2011/12,108354,Jordan Ayew,Ligue 1,1,2011-08-06,Marseille,FC Sochaux,2:2,,,,,,,,66,,24,
2011/12,108354,Jordan Ayew,Ligue 1,2,2011-08-14,AJ Auxerre,Marseille,2:2,,,,,,,,75,,15,
2011/12,108354,Jordan Ayew,Ligue 1,3,2011-08-21,Marseille,Saint-Étienne,0:0,,,,,,,,67,,23,
2011/12,108354,Jordan Ayew,Ligue 1,4,2011-08-28,Lille,Marseille,3:2,LW,,,,92,,,82,,8,
2011/12,108354,Jordan Ayew,Ligue 1,5,2011-09-10,Marseille,Stade Rennais,0:1,LW,,,,,,,,56,56,
2011/12,108354,Jordan Ayew,Ligue 1,6,2011-09-18,Lyon,Marseille,2:0,,,,,,,,81,,9,
2011/12,108354,Jordan Ayew,Ligue 1,7,2011-09-21,Marseille,Évian,2:0,,,,,,,,71,,19,
2011/12,108354,Jordan Ayew,Ligue 1,8,2011-09-24,Valenciennes FC,Marseille,1:1,,,,,,,,80,,10,
2011/12,108354,Jordan Ayew,Ligue 1,9,2011-10-02,Marseille,Stade Brestois,1:1,,,,,,,,61,,29,
2011/12,108354,Jordan Ayew,Ligue 1,10,2011-10-15,Toulouse,Marseille,0:0,,,,,,,,61,,29,
2011/12,108354,Jordan Ayew,Ligue 1,11,2011-10-22,Marseille,AC Ajaccio,2:0,CF,,1,,,,,,73,73,
2011/12,108354,Jordan Ayew,Ligue 1,12,2011-10-29,Dijon,Marseille,2:3,CF,,,,,,,,,90,
2011/12,108354,Jordan Ayew,Ligue 1,13,2011-11-06,Marseille,Nice,2:0,Centre Forward,1,,,,,,61,,29,
2011/12,108354,Jordan Ayew,Ligue 1,14,2011-11-19,Montpellier,Marseille,1:0,CF,,,,,,,,80,80,
2011/12,108354,Jordan Ayew,Ligue 1,15,2011-11-27,Marseille,PSG,3:0,CF,,1,,57,,,32,,58,
2011/12,108354,Jordan Ayew,Ligue 1,16,2011-12-02,SM Caen,Marseille,1:2,CF,1,,,,,,,78,78,
2011/12,108354,Jordan Ayew,Ligue 1,17,2011-12-10,Marseille,G. Bordeaux,0:0,,,,,,,,61,,29,
2011/12,108354,Jordan Ayew,Ligue 1,18,2011-12-17,Marseille,FC Lorient,2:1,CF,,1,,,,,,85,85,
2011/12,108354,Jordan Ayew,Ligue 1,19,2011-12-20,AS Nancy,Marseille,1:3,,,,,,,,89,,1,
2011/12,108354,Jordan Ayew,Ligue 1,20,2012-01-15,Marseille,Lille,2:0,Not in squad,,,,,,,,,,
2011/12,108354,Jordan Ayew,Ligue 1,21,2012-01-29,Stade Rennais,Marseille,1:2,Not in squad,,,,,,,,,,
2011/12,108354,Jordan Ayew,Ligue 1,22,2012-02-05,Marseille,Lyon,2:2,Not in squad,,,,,,,,,,
2011/12,108354,Jordan Ayew,Ligue 1,24,2012-02-18,Marseille,Valenciennes FC,1:1,CF,,,,,,,,61,61,
2011/12,108354,Jordan Ayew,Ligue 1,25,2012-02-26,Stade Brestois,Marseille,1:0,LW,,,,,,,,,90,
2011/12,108354,Jordan Ayew,Ligue 1,26,2012-03-03,Marseille,Toulouse,0:1,CF,,,,,,,,61,61,
2011/12,108354,Jordan Ayew,Ligue 1,23,2012-03-06,Évian,Marseille,2:0,CF,,,,,,,,,90,
2011/12,108354,Jordan Ayew,Ligue 1,27,2012-03-09,AC Ajaccio,Marseille,1:0,CF,,,,,,,,,90,
2011/12,108354,Jordan Ayew,Ligue 1,28,2012-03-17,Marseille,Dijon,1:2,,,,,,,,66,,24,
2011/12,108354,Jordan Ayew,Ligue 1,29,2012-03-24,Nice,Marseille,1:1,on the bench,,,,,,,,,,
2011/12,108354,Jordan Ayew,Ligue 1,31,2012-04-08,PSG,Marseille,2:1,,,,,,,,90,,1,
2011/12,108354,Jordan Ayew,Ligue 1,30,2012-04-11,Marseille,Montpellier,1:3,Centre Forward,,,,,,,,,90,
2011/12,108354,Jordan Ayew,Ligue 1,32,2012-04-18,Marseille,SM Caen,1:1,,,,,,,,61,,29,
2011/12,108354,Jordan Ayew,Ligue 1,33,2012-04-21,G. Bordeaux,Marseille,2:1,Centre Forward,1,,,,,,,,90,
2011/12,108354,Jordan Ayew,Ligue 1,34,2012-04-27,FC Lorient,Marseille,2:1,Centre Forward,,,,45,,,,64,64,
2011/12,108354,Jordan Ayew,Ligue 1,35,2012-05-02,Marseille,AS Nancy,1:0,,,,,,,,73,,17,
2011/12,108354,Jordan Ayew,Ligue 1,36,2012-05-07,Saint-Étienne,Marseille,0:0,Centre Forward,,,,,,,,75,75,
2011/12,108354,Jordan Ayew,Ligue 1,37,2012-05-13,Marseille,AJ Auxerre,3:0,CF,,,,,,,,70,70,
2011/12,108354,Jordan Ayew,Ligue 1,38,2012-05-20,FC Sochaux,Marseille,1:0,Centre Forward,,,,,,,,,90,
2011/12,108354,Jordan Ayew,Coupe de France,Third Round,2012-01-07,Red Star FC 93,Marseille,0:5,CF,2,,,,,,,,90,
2011/12,108354,Jordan Ayew,Coupe de France,Fourth Round,2012-01-22,Marseille,Le Havre AC,3:1 AET,Not in squad,,,,,,,,,,
2011/12,108354,Jordan Ayew,Coupe de France,Round of 16,2012-02-15,Marseille,Bourg-Péronnas,3:1,,1,,,,,,46,,45,
2011/12,108354,Jordan Ayew,Coupe de France,Quarter-Finals,2012-03-20,Quevilly,Marseille,3:2 AET,Centre Forward,,,,,,,,,120,
2011/12,108354,Jordan Ayew,Coupe de la Ligue,Round of 16,2011-10-25,Marseille,Lens,4:0,CF,1,1,,34,,,,,90,
2011/12,108354,Jordan Ayew,Coupe de la Ligue,Quarter-Finals,2012-01-10,SM Caen,Marseille,0:3,Not in squad,,,,,,,,,,
2011/12,108354,Jordan Ayew,Coupe de la Ligue,Semi-Finals,2012-02-01,Marseille,Nice,2:1,Not in squad,,,,,,,,,,
2011/12,108354,Jordan Ayew,Coupe de la Ligue,Final,2012-04-14,Lyon,Marseille,0:1 AET,on the bench,,,,,,,,,,
2011/12,108354,Jordan Ayew,Trophée des Champions,Final,2011-07-27,Lille,Marseille,4:5,Centre Forward,,3,,,,,66,,24,
2011/12,108354,Jordan Ayew,World Cup Qualification Africa,Group D,2012-06-01,Ghana,Lesotho,7:0,CF,2,,,78,,,,,90,
2011/12,108354,Jordan Ayew,World Cup Qualification Africa,Group D,2012-06-09,Zambia,Ghana,1:0,CF,,,,,,,,,90,
2012/13,108354,Jordan Ayew,World Cup Qualification Africa,Group D,2013-03-24,Ghana,Sudan,4:0,Not in squad,,,,,,,,,,
2012/13,108354,Jordan Ayew,World Cup Qualification Africa,Group D,2013-06-07,Sudan,Ghana,1:3,Not in squad,,,,,,,,,,
2012/13,108354,Jordan Ayew,World Cup Qualification Africa,Group D,2013-06-16,Lesotho,Ghana,0:2,Not in squad,,,,,,,,,,
2013/14,108354,Jordan Ayew,World Cup Qualification Africa,Group D,2013-09-06,Ghana,Zambia,2:1,Not in squad,,,,,,,,,,
2013/14,108354,Jordan Ayew,World Cup Qualification Africa,3rd round 1st leg,2013-10-15,Ghana,Egypt,6:1,on the bench,,,,,,,,,,
2013/14,108354,Jordan Ayew,World Cup Qualification Africa,3rd round 2nd leg,2013-11-19,Egypt,Ghana,2:1,on the bench,,,,,,,,,,
2011/12,108354,Jordan Ayew,Africa Cup of Nations,Group D,2012-01-24,Ghana,Botswana,1:0,Centre Forward,,,,,,,,60,60,
2011/12,108354,Jordan Ayew,Africa Cup of Nations,Group D,2012-01-28,Ghana,Mali,2:0,on the bench,,,,,,,,,,
2011/12,108354,Jordan Ayew,Africa Cup of Nations,Group D,2012-02-01,Ghana,Guinea,1:1,on the bench,,,,,,,,,,
2011/12,108354,Jordan Ayew,Africa Cup of Nations,Quarter-Finals,2012-02-05,Ghana,Tunisia,2:1 AET,,,,,,,,63,,57,
2011/12,108354,Jordan Ayew,Africa Cup of Nations,Semi-Finals,2012-02-08,Zambia,Ghana,1:0,LW,,,,,,,,,90,
2011/12,108354,Jordan Ayew,Africa Cup of Nations,Third Place Play-Off,2012-02-11,Ghana,Mali,0:2,CF,,,,23,,,,,90,
