﻿season,player_id,player_name,competition,journey,date,home_team,away_team,result,position,goals,assists,own_goals,yellow_cards,second_yellow_cards,red_cards,substitutions_on,substitutions_off,minutes_played,transfermarkt_score
2024/25,1007720,Tyler Bindon,International Friendlies,4,2024-09-08,Mexico,New Zealand,3:0,concussion,,,,,,,,,,
2024/25,1007720,Tyler Bindon,International Friendlies,2,2024-09-11,USA,New Zealand,1:1,Not in squad,,,,,,,,,,
2024/25,1007720,Tyler Bindon,International Friendlies,4,2024-10-14,New Zealand,Malaysia,4:0,CB,,,,,,,,,90,
2024/25,1007720,Tyler Bindon,International Friendlies,45,2025-06-08,New Zealand,Ivory Coast,1:0,CB,,,,,,,,,90,
2024/25,1007720,Tyler Bindon,International Friendlies,46,2025-06-10,New Zealand,Ukraine,1:2,RB,,,,73,,,,81,81,
2024/25,1007720,Tyler Bindon,EFL Trophy,group B8,2024-08-20,Reading,West Ham U21,3:1,Not in squad,,,,,,,,,,
2024/25,1007720,Tyler Bindon,EFL Trophy,group B8,2024-11-05,Cheltenham,Reading,1:0,Not in squad,,,,,,,,,,
2024/25,1007720,Tyler Bindon,EFL Trophy,group B8,2024-11-12,Reading,Newport County,3:0,Not in squad,,,,,,,,,,
2024/25,1007720,Tyler Bindon,EFL Trophy,Second Round,2024-12-10,Walsall,Reading,5:3 on pens,Not in squad,,,,,,,,,,
2024/25,1007720,Tyler Bindon,League One,1,2024-08-10,Birmingham,Reading,1:1,CB,,,,,,,,,90,
2024/25,1007720,Tyler Bindon,League One,2,2024-08-17,Reading,Wigan,2:0,CB,,,,,,,,,90,
2024/25,1007720,Tyler Bindon,League One,3,2024-08-24,Wrexham,Reading,3:0,CB,,,,,,,,,90,
2024/25,1007720,Tyler Bindon,League One,4,2024-08-31,Reading,Charlton,2:0,CB,,,,,,,,73,73,
2024/25,1007720,Tyler Bindon,League One,6,2024-09-14,Reading,Leyton Orient,0:1,CB,,,,,,,,,90,
2024/25,1007720,Tyler Bindon,League One,7,2024-09-21,Bolton,Reading,5:2,CB,,,,,,,,,90,
2024/25,1007720,Tyler Bindon,League One,8,2024-09-28,Reading,Huddersfield,2:1,CB,,,,,,,,,90,
2024/25,1007720,Tyler Bindon,League One,9,2024-10-01,Reading,Burton Albion,3:1,CB,,,,,,,,,90,
2024/25,1007720,Tyler Bindon,League One,10,2024-10-05,Rotherham,Reading,2:1,CB,,,,,,,,,90,
2024/25,1007720,Tyler Bindon,League One,12,2024-10-19,Reading,Crawley Town,4:1,CB,,,,,,,,,90,
2024/25,1007720,Tyler Bindon,League One,13,2024-10-22,Exeter City,Reading,1:2,CB,,,,,,,,,90,
2024/25,1007720,Tyler Bindon,League One,14,2024-10-26,Reading,Bristol Rovers,1:0,CB,,,,74,,,,,90,
2024/25,1007720,Tyler Bindon,League One,5,2024-10-29,Stockport,Reading,4:1,CB,,,,,,,,,90,
2024/25,1007720,Tyler Bindon,League One,15,2024-11-09,Stevenage,Reading,1:1,CB,,,,,,,,,90,
2024/25,1007720,Tyler Bindon,League One,17,2024-11-23,Peterborough,Reading,1:2,CB,,,,,,,,,90,
2024/25,1007720,Tyler Bindon,League One,11,2024-11-26,Barnsley,Reading,2:2,CB,,,,,,,,,90,
2024/25,1007720,Tyler Bindon,League One,18,2024-12-03,Reading,Cambridge Utd.,3:0,CB,,,,,,,,,90,
2024/25,1007720,Tyler Bindon,League One,19,2024-12-07,Wycombe,Reading,1:1,CB,,,,,,,,,90,
2024/25,1007720,Tyler Bindon,League One,20,2024-12-14,Reading,Blackpool,0:3,CB,,,,,,,,,90,
2024/25,1007720,Tyler Bindon,League One,21,2024-12-21,Lincoln City,Reading,2:0,CB,,,,,,,,,90,
2024/25,1007720,Tyler Bindon,League One,22,2024-12-26,Reading,Northampton,4:1,CB,,,,,,,,,90,
2024/25,1007720,Tyler Bindon,League One,23,2024-12-29,Reading,Mansfield Town,2:1,CB,1,,,,,,,,90,
2024/25,1007720,Tyler Bindon,League One,24,2025-01-01,Cambridge Utd.,Reading,1:3,CB,,,,,,,,,90,
2024/25,1007720,Tyler Bindon,League One,25,2025-01-04,Charlton,Reading,0:0,CB,,,,,,,,,90,
2024/25,1007720,Tyler Bindon,League One,27,2025-01-18,Reading,Stockport,1:3,CB,,,,,,,,,90,
2024/25,1007720,Tyler Bindon,League One,28,2025-01-25,Leyton Orient,Reading,2:0,CB,,,,,,,,,90,
2024/25,1007720,Tyler Bindon,League One,29,2025-01-28,Burton Albion,Reading,3:2,CB,,,,,,,,,90,
2024/25,1007720,Tyler Bindon,League One,30,2025-02-01,Reading,Bolton,1:0,CB,,,,,,,,,90,
2024/25,1007720,Tyler Bindon,League One,31,2025-02-08,Huddersfield,Reading,0:0,CB,,,,,,,,,90,
2024/25,1007720,Tyler Bindon,League One,16,2025-02-11,Reading,Shrewsbury,1:1,CB,,,,,,,,,90,
2024/25,1007720,Tyler Bindon,League One,32,2025-02-15,Reading,Rotherham,2:1,CB,,,,,,,,,90,
2024/25,1007720,Tyler Bindon,League One,33,2025-02-22,Reading,Birmingham,0:0,CB,,,,,,,,,90,
2024/25,1007720,Tyler Bindon,League One,34,2025-03-01,Wigan,Reading,1:2,CB,1,,,,,,,,90,
2024/25,1007720,Tyler Bindon,League One,35,2025-03-04,Reading,Exeter City,0:0,CB,,,,,,,,,90,
2024/25,1007720,Tyler Bindon,League One,36,2025-03-08,Crawley Town,Reading,1:1,CB,,,,,,,,,90,
2024/25,1007720,Tyler Bindon,League One,26,2025-03-11,Reading,Wrexham,2:0,CB,,,,,,,,,90,
2024/25,1007720,Tyler Bindon,League One,37,2025-03-15,Reading,Stevenage,1:1,CB,,,,,,,,,90,
2024/25,1007720,Tyler Bindon,League One,39,2025-03-29,Reading,Peterborough,3:1,Ill,,,,,,,,,,
2024/25,1007720,Tyler Bindon,League One,40,2025-04-01,Blackpool,Reading,3:0,Ill,,,,,,,,,,
2024/25,1007720,Tyler Bindon,League One,41,2025-04-05,Reading,Wycombe,1:0,CB,,,,,,,,,90,
2024/25,1007720,Tyler Bindon,League One,38,2025-04-08,Shrewsbury,Reading,1:3,CB,,,,21,,,,,90,
2024/25,1007720,Tyler Bindon,League One,42,2025-04-12,Northampton,Reading,0:0,CB,,,,,,,,,90,
2024/25,1007720,Tyler Bindon,League One,43,2025-04-18,Reading,Lincoln City,0:1,CB,,,,,,,,,90,
2024/25,1007720,Tyler Bindon,League One,44,2025-04-21,Mansfield Town,Reading,1:5,CB,,,,,,,,,90,
2024/25,1007720,Tyler Bindon,League One,45,2025-04-26,Bristol Rovers,Reading,0:2,CB,,,,,,,,,90,
2024/25,1007720,Tyler Bindon,League One,46,2025-05-03,Reading,Barnsley,2:4,CB,,,,,,,,,90,
2024/25,1007720,Tyler Bindon,FA Cup,First Round,2024-11-02,Reading,Fleetwood,2:0,CB,1,,,,,,,63,63,
2024/25,1007720,Tyler Bindon,FA Cup,Second Round,2024-12-01,Reading,Harborough,5:3 AET,on the bench,,,,,,,,,,
2024/25,1007720,Tyler Bindon,FA Cup,Third Round,2025-01-11,Reading,Burnley,1:3 AET,CB,,,,,,,,,120,
2024/25,1007720,Tyler Bindon,EFL Cup,First Round,2024-08-13,Colchester Utd.,Reading,6:5 on pens,,,,,,,,34,,56,
2024/25,1007720,Tyler Bindon,World Cup qualification Oceania,Group B,2024-10-11,New Zealand,Tahiti,3:0,CB,,,,90,,,,,90,
2024/25,1007720,Tyler Bindon,World Cup qualification Oceania,Group B,2024-11-15,New Zealand,Vanuatu,8:1,CB,1,,,,,,,,90,
2024/25,1007720,Tyler Bindon,World Cup qualification Oceania,Group B,2024-11-18,Samoa,New Zealand,0:8,on the bench,,,,,,,,,,
2024/25,1007720,Tyler Bindon,World Cup qualification Oceania,Semi-Finals,2025-03-21,New Zealand,Fiji,7:0,CB,1,,,,,,,,90,
2024/25,1007720,Tyler Bindon,World Cup qualification Oceania,Final,2025-03-24,New Caledonia,New Zealand,0:3,CB,,,,,,,,,90,
