﻿season,player_id,player_name,competition,journey,date,home_team,away_team,result,position,goals,assists,own_goals,yellow_cards,second_yellow_cards,red_cards,substitutions_on,substitutions_off,minutes_played,transfermarkt_score
2022/23,1065227,Tom Edozie,U18 Premier League,1,2022-08-13,Blackburn U18,Wolves U18,0:1,Not in squad,,,,,,,,,,
2022/23,1065227,Tom Edozie,U18 Premier League,3,2022-08-27,Wolves U18,Stoke U18,3:1,Not in squad,,,,,,,,,,
2022/23,1065227,Tom Edozie,U18 Premier League,5,2022-09-17,Wolves U18,Everton U18,1:0,,,,,,,,70,,20,
2022/23,1065227,Tom Edozie,U18 Premier League,6,2022-10-01,Derby U18,Wolves U18,2:2,,,,,,,,75,,15,
2022/23,1065227,Tom Edozie,U18 Premier League,7,2022-10-15,Wolves U18,Boro U18,2:3,LW,,,,,,,,46,45,
2022/23,1065227,Tom Edozie,U18 Premier League,9,2022-10-29,Wolves U18,Liverpool U18,1:0,Not in squad,,,,,,,,,,
2022/23,1065227,Tom Edozie,U18 Premier League,4,2022-11-12,Leeds U18,Wolves U18,2:1,,,,,,,,46,59,14,
2022/23,1065227,Tom Edozie,U18 Premier League,10,2022-11-19,Wolves U18,Nottingham U18,1:4,Not in squad,,,,,,,,,,
2022/23,1065227,Tom Edozie,U18 Premier League,11,2022-11-26,Newcastle U18,Wolves U18,4:1,,,,,,,,70,,20,
2022/23,1065227,Tom Edozie,U18 Premier League,12,2022-12-03,Man City U18,Wolves U18,8:0,CF,,,,,,,,70,70,
2022/23,1065227,Tom Edozie,U18 Premier League,14,2023-01-07,Nottingham U18,Wolves U18,0:2,,,,,,,,61,,29,
2022/23,1065227,Tom Edozie,U18 Premier League,15,2023-01-14,Wolves U18,Derby U18,1:1,CF,,,,,,,,77,77,
2022/23,1065227,Tom Edozie,U18 Premier League,17,2023-01-28,Wolves U18,Man Utd U18,3:3,,,,,,,,71,,19,
2022/23,1065227,Tom Edozie,U18 Premier League,18,2023-02-11,Stoke U18,Wolves U18,1:0,CF,,,,,,,,66,66,
2022/23,1065227,Tom Edozie,U18 Premier League,19,2023-02-18,Wolves U18,Newcastle U18,1:6,,,,,,,,72,,18,
2022/23,1065227,Tom Edozie,U18 Premier League,20,2023-02-25,Sunderland U18,Wolves U18,0:1,CF,,,,,,,,56,56,
2022/23,1065227,Tom Edozie,U18 Premier League,21,2023-03-04,Wolves U18,Blackburn U18,0:3,Centre Forward,,,,,,,,56,56,
2022/23,1065227,Tom Edozie,U18 Premier League,16,2023-03-07,Everton U18,Wolves U18,1:1,,,,,,,,60,,30,
2022/23,1065227,Tom Edozie,U18 Premier League,22,2023-03-18,Wolves U18,Man City U18,0:4,CF,,,,,,,,77,77,
2022/23,1065227,Tom Edozie,U18 Premier League,13,2023-03-21,Wolves U18,Sunderland U18,1:2,Centre Forward,,,,,,,,,90,
2022/23,1065227,Tom Edozie,U18 Premier League,23,2023-04-01,Liverpool U18,Wolves U18,3:0,,,,,,,,46,,45,
2022/23,1065227,Tom Edozie,U18 Premier League,25,2023-04-22,Wolves U18,Leeds U18,5:2,,,,,,,,37,,53,
2022/23,1065227,Tom Edozie,U18 Premier League,8,2023-04-25,Man Utd U18,Wolves U18,2:2,CM,1,,,,,,,,90,
2022/23,1065227,Tom Edozie,U18 Premier League,26,2023-04-29,Boro U18,Wolves U18,2:1,Centre Forward,1,,,,,,,62,62,
2022/23,1065227,Tom Edozie,FA Youth Cup,Third Round,2022-12-21,Wolves U18,Leicester U18,1:3 AET,,,,,,,,77,,43,
