﻿season,player_id,player_name,competition,journey,date,home_team,away_team,result,position,goals,assists,own_goals,yellow_cards,second_yellow_cards,red_cards,substitutions_on,substitutions_off,minutes_played,transfermarkt_score
2024/25,1006411,Jaydee Canvot,International Friendlies,3,2024-07-09,France U19,Uzbekistan U20,3:0,Not in squad,,,,,,,,,,
2024/25,1006411,Jaydee Canvot,International Friendlies,2,2024-09-10,Poland U19,France U19,1:2,,,,,,,,77,,13,
2024/25,1006411,Jaydee Canvot,International Friendlies,3,2024-10-09,France U19,Denmark U19,1:1,,,,,,,,60,,30,
2024/25,1006411,Jaydee Canvot,International Friendlies,4,2024-10-12,France U19,Belgium U19,3:2,,,,,44,,,,75,75,
2024/25,1006411,Jaydee Canvot,International Friendlies,37,2024-10-15,England U19,France U19,4:2,DM,,,,,,,,79,79,
2023/24,1006411,Jaydee Canvot,International Friendlies,,,,,,,,,,,,,,,,
2024/25,1006411,Jaydee Canvot,International Friendlies,51,2025-03-20,France U20,Japan U20,1:3,Not in squad,,,,,,,,,,
2024/25,1006411,Jaydee Canvot,International Friendlies,12,2025-03-24,France U20,Mexico U20,1:0,Not in squad,,,,,,,,,,
2024/25,1006411,Jaydee Canvot,International Friendlies,45,2025-06-03,France U20,S. Arabia U23,2:1,,,,,,,,,,90,
2024/25,1006411,Jaydee Canvot,International Friendlies,46,2025-06-06,France U20,Mali U23,5:6 on pens,on the bench,,,,,,,,,,
2024/25,1006411,Jaydee Canvot,International Friendlies,47,2025-06-09,Panama U20,France U20,1:2,CM,,,,,,,,,90,
2024/25,1006411,Jaydee Canvot,International Friendlies,48,2025-06-13,France U20,Mexico U20,3:1,CB,,,,61,,,,,90,
2024/25,1006411,Jaydee Canvot,International Friendlies,49,2025-06-15,France U20,S. Arabia U23,3:1,CB,,,,,,,,,90,
2024/25,1006411,Jaydee Canvot,Ligue 1,1,2024-08-18,Toulouse,FC Nantes,0:0,Not in squad,,,,,,,,,,
2024/25,1006411,Jaydee Canvot,Ligue 1,2,2024-08-25,Nice,Toulouse,1:1,Not in squad,,,,,,,,,,
2024/25,1006411,Jaydee Canvot,Ligue 1,3,2024-08-31,Toulouse,Marseille,1:3,Not in squad,,,,,,,,,,
2024/25,1006411,Jaydee Canvot,Ligue 1,4,2024-09-15,Toulouse,Le Havre AC,2:0,on the bench,,,,,,,,,,
2024/25,1006411,Jaydee Canvot,Ligue 1,5,2024-09-22,Stade Brestois,Toulouse,2:0,,,,,,,,86,,4,
2024/25,1006411,Jaydee Canvot,Ligue 1,6,2024-09-29,Toulouse,Lyon,1:2,Not in squad,,,,,,,,,,
2024/25,1006411,Jaydee Canvot,Ligue 1,7,2024-10-05,Lille,Toulouse,2:1,on the bench,,,,,,,,,,
2024/25,1006411,Jaydee Canvot,Ligue 1,8,2024-10-20,Toulouse,Angers SCO,1:1,on the bench,,,,,,,,,,
2024/25,1006411,Jaydee Canvot,Ligue 1,9,2024-10-27,Montpellier,Toulouse,0:3,Not in squad,,,,,,,,,,
2024/25,1006411,Jaydee Canvot,Ligue 1,10,2024-11-03,Toulouse,Stade Reims,1:0,Not in squad,,,,,,,,,,
2024/25,1006411,Jaydee Canvot,Ligue 1,11,2024-11-10,Stade Rennais,Toulouse,0:2,Not in squad,,,,,,,,,,
2024/25,1006411,Jaydee Canvot,Ligue 1,12,2024-11-22,PSG,Toulouse,3:0,,,,,,,,89,,1,
2024/25,1006411,Jaydee Canvot,Ligue 1,13,2024-12-01,Toulouse,AJ Auxerre,2:0,Not in squad,,,,,,,,,,
2024/25,1006411,Jaydee Canvot,Ligue 1,14,2024-12-07,Monaco,Toulouse,2:0,Not in squad,,,,,,,,,,
2024/25,1006411,Jaydee Canvot,Ligue 1,15,2024-12-13,Toulouse,Saint-Étienne,2:1,Not in squad,,,,,,,,,,
2024/25,1006411,Jaydee Canvot,Ligue 1,16,2025-01-05,Lens,Toulouse,0:1,DM,,,,,,,,85,85,
2024/25,1006411,Jaydee Canvot,Ligue 1,17,2025-01-12,Toulouse,R. Strasbourg,1:2,DM,,,,,,,,,90,
2024/25,1006411,Jaydee Canvot,Ligue 1,18,2025-01-18,Lyon,Toulouse,0:0,CB,,,,,,,,,90,
2024/25,1006411,Jaydee Canvot,Ligue 1,19,2025-01-26,Toulouse,Montpellier,1:2,CB,,,,47,,,,85,85,
2024/25,1006411,Jaydee Canvot,Ligue 1,20,2025-02-02,Toulouse,Nice,1:1,DM,,,,,,,,82,82,
2024/25,1006411,Jaydee Canvot,Ligue 1,21,2025-02-09,AJ Auxerre,Toulouse,2:2,DM,,,,,,,,,90,
2024/25,1006411,Jaydee Canvot,Ligue 1,22,2025-02-15,Toulouse,PSG,0:1,CB,,,,,,,,,90,
2024/25,1006411,Jaydee Canvot,Ligue 1,23,2025-02-23,Le Havre AC,Toulouse,1:4,,,,,,,,63,,27,
2024/25,1006411,Jaydee Canvot,Ligue 1,24,2025-03-02,Angers SCO,Toulouse,0:4,,,,,,,,76,,14,
2024/25,1006411,Jaydee Canvot,Ligue 1,25,2025-03-07,Toulouse,Monaco,1:1,DM,,,,,,,,71,71,
2024/25,1006411,Jaydee Canvot,Ligue 1,26,2025-03-16,R. Strasbourg,Toulouse,2:1,on the bench,,,,,,,,,,
2024/25,1006411,Jaydee Canvot,Ligue 1,27,2025-03-30,Toulouse,Stade Brestois,2:4,,,,,,,,90,,1,
2024/25,1006411,Jaydee Canvot,Ligue 1,28,2025-04-06,Marseille,Toulouse,3:2,,,,,,,,75,,15,
2024/25,1006411,Jaydee Canvot,Ligue 1,29,2025-04-12,Toulouse,Lille,1:2,on the bench,,,,,,,,,,
2024/25,1006411,Jaydee Canvot,Ligue 1,30,2025-04-20,Stade Reims,Toulouse,1:0,on the bench,,,,,,,,,,
2024/25,1006411,Jaydee Canvot,Ligue 1,31,2025-04-27,FC Nantes,Toulouse,0:0,CB,,,,9,,,,,90,
2024/25,1006411,Jaydee Canvot,Ligue 1,32,2025-05-03,Toulouse,Stade Rennais,2:1,CB,,,,,,,,,90,
2024/25,1006411,Jaydee Canvot,Ligue 1,33,2025-05-10,Toulouse,Lens,1:1,CB,,,,,,,,,90,
2024/25,1006411,Jaydee Canvot,Ligue 1,34,2025-05-17,Saint-Étienne,Toulouse,2:3,CB,,,,,,,,,90,
2024/25,1006411,Jaydee Canvot,Coupe Gambardella,First Round,2024-12-15,Trélissac U19,Toulouse U19,5:6 on pens,Not in squad,,,,,,,,,,
2024/25,1006411,Jaydee Canvot,Coupe Gambardella,Second Round,2025-01-12,Marseille U19,Toulouse U19,5:7 on pens,Not in squad,,,,,,,,,,
2024/25,1006411,Jaydee Canvot,Coupe Gambardella,Third Round,2025-02-01,Pau FC U19,Toulouse U19,13:14 on pens,Not in squad,,,,,,,,,,
2024/25,1006411,Jaydee Canvot,Coupe Gambardella,Round of 16,2025-03-02,Toulouse U19,AJ Auxerre U19,0:2,Not in squad,,,,,,,,,,
2024/25,1006411,Jaydee Canvot,Coupe de France,Fifth Round,2024-12-21,Hauts Lyonnais,Toulouse,2:4 on pens,,,,,,,,76,,14,
2024/25,1006411,Jaydee Canvot,Coupe de France,Sixth Round,2025-01-15,Toulouse,Stade Lavallois,2:1,CB,,,,,,,,63,63,
2024/25,1006411,Jaydee Canvot,Coupe de France,Round of 16,2025-02-05,Toulouse,Guingamp,0:2,on the bench,,,,,,,,,,
2024/25,1006411,Jaydee Canvot,Championnat National 3 - Groupe A,1,2024-08-24,Toulouse B,Bayonne,2:0,Not in squad,,,,,,,,,,
2024/25,1006411,Jaydee Canvot,Championnat National 3 - Groupe A,2,2024-08-31,Canet Rous.,Toulouse B,1:0,Not in squad,,,,,,,,,,
2024/25,1006411,Jaydee Canvot,Championnat National 3 - Groupe A,3,2024-09-07,Toulouse B,Onet-le-Chât.,3:1,Not in squad,,,,,,,,,,
2024/25,1006411,Jaydee Canvot,Championnat National 3 - Groupe A,4,2024-09-21,Blagnac FC,Toulouse B,2:1,Not in squad,,,,,,,,,,
2024/25,1006411,Jaydee Canvot,Championnat National 3 - Groupe A,5,2024-10-05,Toulouse B,Trélissac FC,4:2,Not in squad,,,,,,,,,,
2024/25,1006411,Jaydee Canvot,Championnat National 3 - Groupe A,6,2024-10-19,Pau FC B,Toulouse B,1:0,Not in squad,,,,,,,,,,
2024/25,1006411,Jaydee Canvot,Championnat National 3 - Groupe A,7,2024-11-02,Toulouse B,US Colomiers,2:1,Not in squad,,,,,,,,,,
2024/25,1006411,Jaydee Canvot,Championnat National 3 - Groupe A,8,2024-11-09,FC Bassin d'Arcachon,Toulouse B,0:1,Not in squad,,,,,,,,,,
2024/25,1006411,Jaydee Canvot,Championnat National 3 - Groupe A,9,2024-11-23,Toulouse B,Albères Argelès,4:0,,,,,,,,,46,45,
2024/25,1006411,Jaydee Canvot,Championnat National 3 - Groupe A,11,2024-12-14,Toulouse B,US Castanet,1:1,,,,,,,,,,90,
2024/25,1006411,Jaydee Canvot,Championnat National U19 - Groupe D,1,2024-08-25,Rodez AF U19,Toulouse U19,1:3,Not in squad,,,,,,,,,,
2024/25,1006411,Jaydee Canvot,Championnat National U19 - Groupe D,2,2024-09-01,Toulouse U19,St-Étienne U19,0:2,Not in squad,,,,,,,,,,
2024/25,1006411,Jaydee Canvot,Championnat National U19 - Groupe D,3,2024-09-08,GFC Ajaccio U19,Toulouse U19,3:0,Not in squad,,,,,,,,,,
2024/25,1006411,Jaydee Canvot,Championnat National U19 - Groupe D,4,2024-09-14,Toulouse U19,Marignane G U19,3:0,Not in squad,,,,,,,,,,
2024/25,1006411,Jaydee Canvot,Championnat National U19 - Groupe D,5,2024-09-22,SC Air Bel U19,Toulouse U19,1:2,Not in squad,,,,,,,,,,
2024/25,1006411,Jaydee Canvot,Championnat National U19 - Groupe D,6,2024-09-28,Toulouse U19,Montpellier U19,1:1,,,,,,,,,,90,
2024/25,1006411,Jaydee Canvot,Championnat National U19 - Groupe D,7,2024-10-06,Colomiers U19,Toulouse U19,0:2,Not in squad,,,,,,,,,,
2024/25,1006411,Jaydee Canvot,Championnat National U19 - Groupe D,8,2024-10-12,Toulouse U19,O. Rovenain U19,1:1,Not in squad,,,,,,,,,,
2024/25,1006411,Jaydee Canvot,Championnat National U19 - Groupe D,9,2024-10-19,Ghisonaccia U19,Toulouse U19,3:6,Not in squad,,,,,,,,,,
2024/25,1006411,Jaydee Canvot,Championnat National U19 - Groupe D,10,2024-11-03,Toulouse U19,Ajaccio U19,3:0,Not in squad,,,,,,,,,,
2024/25,1006411,Jaydee Canvot,Championnat National U19 - Groupe D,11,2024-11-10,Monaco U19,Toulouse U19,2:3,Not in squad,,,,,,,,,,
2024/25,1006411,Jaydee Canvot,Championnat National U19 - Groupe D,12,2024-11-17,Marseille U19,Toulouse U19,4:2,Not in squad,,,,,,,,,,
2024/25,1006411,Jaydee Canvot,Championnat National U19 - Groupe D,13,2024-11-24,Toulouse U19,Nizza U19,1:0,Not in squad,,,,,,,,,,
2024/25,1006411,Jaydee Canvot,Championnat National U19 - Groupe D,14,2024-12-01,St-Étienne U19,Toulouse U19,2:2,Not in squad,,,,,,,,,,
2024/25,1006411,Jaydee Canvot,Championnat National U19 - Groupe D,15,2024-12-08,Toulouse U19,GFC Ajaccio U19,4:2,,,,,,,,,,90,
2024/25,1006411,Jaydee Canvot,Championnat National U19 - Groupe D,16,2025-01-19,Marignane G U19,Toulouse U19,0:4,Not in squad,,,,,,,,,,
2024/25,1006411,Jaydee Canvot,Championnat National U19 - Groupe D,17,2025-01-25,Toulouse U19,SC Air Bel U19,3:1,Not in squad,,,,,,,,,,
2024/25,1006411,Jaydee Canvot,Championnat National U19 - Groupe D,18,2025-02-08,Montpellier U19,Toulouse U19,2:3,Not in squad,,,,,,,,,,
2024/25,1006411,Jaydee Canvot,Championnat National U19 - Groupe D,19,2025-02-16,Toulouse U19,Colomiers U19,2:1,Not in squad,,,,,,,,,,
2024/25,1006411,Jaydee Canvot,Championnat National U19 - Groupe D,20,2025-03-09,O. Rovenain U19,Toulouse U19,1:3,Not in squad,,,,,,,,,,
2024/25,1006411,Jaydee Canvot,Championnat National U19 - Groupe D,21,2025-03-16,Toulouse U19,Ghisonaccia U19,0:0,Not in squad,,,,,,,,,,
2024/25,1006411,Jaydee Canvot,Championnat National U19 - Groupe D,22,2025-03-22,Ajaccio U19,Toulouse U19,4:0,Not in squad,,,,,,,,,,
2024/25,1006411,Jaydee Canvot,Championnat National U19 - Groupe D,23,2025-04-06,Toulouse U19,Monaco U19,2:0,Not in squad,,,,,,,,,,
2024/25,1006411,Jaydee Canvot,Championnat National U19 - Groupe D,24,2025-04-13,Toulouse U19,Marseille U19,1:4,,,,,,,,,,90,
2024/25,1006411,Jaydee Canvot,Championnat National U19 - Groupe D,25,2025-05-04,Nizza U19,Toulouse U19,3:1,Not in squad,,,,,,,,,,
2024/25,1006411,Jaydee Canvot,Championnat National U19 - Groupe D,26,2025-05-11,Toulouse U19,Rodez AF U19,1:1,Not in squad,,,,,,,,,,
2024/25,1006411,Jaydee Canvot,UEFA EURO U19 Championship Qualifiers,Group 5,2024-11-13,France U19,Liechtenst. U19,7:0,Not in squad,,,,,,,,,,
2024/25,1006411,Jaydee Canvot,UEFA EURO U19 Championship Qualifiers,Group 5,2024-11-16,France U19,Wales U19,2:1,Not in squad,,,,,,,,,,
2024/25,1006411,Jaydee Canvot,UEFA EURO U19 Championship Qualifiers,Group 5,2024-11-19,Scotland U19,France U19,0:0,Not in squad,,,,,,,,,,
2024/25,1006411,Jaydee Canvot,UEFA EURO U19 Championship Qualifiers,group B5,2025-03-19,Spain U19,France U19,2:1,DM,,,,,,,,,90,
2024/25,1006411,Jaydee Canvot,UEFA EURO U19 Championship Qualifiers,group B5,2025-03-22,France U19,Latvia U19,2:1,,,,,,,,76,,14,
2024/25,1006411,Jaydee Canvot,UEFA EURO U19 Championship Qualifiers,group B5,2025-03-25,France U19,Italy U19,0:2,CM,,,,,,,,,90,
