﻿season,player_id,player_name,competition,journey,date,home_team,away_team,result,position,goals,assists,own_goals,yellow_cards,second_yellow_cards,red_cards,substitutions_on,substitutions_off,minutes_played,transfermarkt_score
2017/18,106987,Marcel Sabitzer,Bundesliga,1,2017-08-19,FC Schalke 04,Leipzig,2:0,Centre Forward,,,,,,,,,3,90.0
2017/18,106987,Marcel Sabitzer,Bundesliga,2,2017-08-27,Leipzig,Freiburg,4:1,Centre Forward,,,,,,,,,2,90.0
2017/18,106987,Marcel Sabitzer,Bundesliga,3,2017-09-08,Hamburg,Leipzig,0:2,Centre Forward,,1,,,,,,,2,90.0
2017/18,106987,Marcel Sabitzer,Bundesliga,4,2017-09-16,Leipzig,Mönchengladbach,2:2,minor knock,,,,,,,,,,
2017/18,106987,Marcel Sabitzer,Bundesliga,5,2017-09-19,Augsburg,Leipzig,1:0,Centre Forward,,,,52,,,,,3,90.0
2017/18,106987,Marcel Sabitzer,Bundesliga,6,2017-09-23,Leipzig,Frankfurt,2:1,Centre Forward,,,,,,,,,3,90.0
2017/18,106987,Marcel Sabitzer,Bundesliga,7,2017-10-01,1.FC Köln,Leipzig,1:2,AM,,2,,,,,,,2,90.0
2017/18,106987,Marcel Sabitzer,Bundesliga,8,2017-10-14,Dortmund,Leipzig,2:3,Centre Forward,1,,,,,,,86,2,86.0
2017/18,106987,Marcel Sabitzer,Bundesliga,9,2017-10-21,Leipzig,Stuttgart,1:0,Centre Forward,1,,,,,,,,2,90.0
2017/18,106987,Marcel Sabitzer,Bundesliga,10,2017-10-28,Bayern Munich,Leipzig,2:0,Centre Forward,,,,,,,,46,4,45.0
2017/18,106987,Marcel Sabitzer,Bundesliga,11,2017-11-04,Leipzig,Hannover 96,2:1,Centre Forward,,,,,,,,,3,90.0
2017/18,106987,Marcel Sabitzer,Bundesliga,12,2017-11-18,Leverkusen,Leipzig,2:2,CF,,1,,,,,,,2,90.0
2017/18,106987,Marcel Sabitzer,Bundesliga,13,2017-11-25,Leipzig,Werder Bremen,2:0,Shoulder injury,,,,,,,,,,
2017/18,106987,Marcel Sabitzer,Bundesliga,14,2017-12-02,Hoffenheim,Leipzig,4:0,Shoulder injury,,,,,,,,,,
2017/18,106987,Marcel Sabitzer,Bundesliga,15,2017-12-09,Leipzig,Mainz,2:2,Shoulder injury,,,,,,,,,,
2017/18,106987,Marcel Sabitzer,Bundesliga,16,2017-12-12,Wolfsburg,Leipzig,1:1,Shoulder injury,,,,,,,,,,
2017/18,106987,Marcel Sabitzer,Bundesliga,17,2017-12-17,Leipzig,Hertha BSC,2:3,Shoulder injury,,,,,,,,,,
2017/18,106987,Marcel Sabitzer,Bundesliga,18,2018-01-13,Leipzig,FC Schalke 04,3:1,Centre Forward,,,,36,,,,,2,90.0
2017/18,106987,Marcel Sabitzer,Bundesliga,19,2018-01-20,Freiburg,Leipzig,2:1,CM,,1,,,,,,,3,90.0
2017/18,106987,Marcel Sabitzer,Bundesliga,20,2018-01-27,Leipzig,Hamburg,1:1,Centre Forward,,1,,,,,,,2,90.0
2017/18,106987,Marcel Sabitzer,Bundesliga,21,2018-02-03,Mönchengladbach,Leipzig,0:1,Centre Forward,,,,61,,,,,3,90.0
2017/18,106987,Marcel Sabitzer,Bundesliga,22,2018-02-09,Leipzig,Augsburg,2:0,cold,,,,,,,,,,
2017/18,106987,Marcel Sabitzer,Bundesliga,23,2018-02-19,Frankfurt,Leipzig,2:1,Centre Forward,,,,,,,,,3,90.0
2017/18,106987,Marcel Sabitzer,Bundesliga,24,2018-02-25,Leipzig,1.FC Köln,1:2,AM,,,,,,,,,3,90.0
2017/18,106987,Marcel Sabitzer,Bundesliga,25,2018-03-03,Leipzig,Dortmund,1:1,Centre Forward,,,,,,,,,3,90.0
2017/18,106987,Marcel Sabitzer,Bundesliga,26,2018-03-11,Stuttgart,Leipzig,0:0,Centre Forward,,,,,,,,,3,90.0
2017/18,106987,Marcel Sabitzer,Bundesliga,27,2018-03-18,Leipzig,Bayern Munich,2:1,AM,,,,,,,,10,,10.0
2017/18,106987,Marcel Sabitzer,Bundesliga,28,2018-03-31,Hannover 96,Leipzig,2:3,Centre Forward,,,,86,,,60,,3,30.0
2017/18,106987,Marcel Sabitzer,Bundesliga,29,2018-04-09,Leipzig,Leverkusen,1:4,Centre Forward,1,,,,,,,,2,90.0
2017/18,106987,Marcel Sabitzer,Bundesliga,30,2018-04-15,Werder Bremen,Leipzig,1:1,Shoulder injury,,,,,,,,,,
2017/18,106987,Marcel Sabitzer,Bundesliga,31,2018-04-21,Leipzig,Hoffenheim,2:5,Shoulder injury,,,,,,,,,,
2017/18,106987,Marcel Sabitzer,Bundesliga,32,2018-04-29,Mainz,Leipzig,3:0,Shoulder injury,,,,,,,,,,
2017/18,106987,Marcel Sabitzer,Bundesliga,33,2018-05-05,Leipzig,Wolfsburg,4:1,Shoulder injury,,,,,,,,,,
2017/18,106987,Marcel Sabitzer,Bundesliga,34,2018-05-12,Hertha BSC,Leipzig,2:6,Shoulder injury,,,,,,,,,,
2017/18,106987,Marcel Sabitzer,UEFA Champions League,Group G,2017-09-13,Leipzig,Monaco,1:1,Centre Forward,,,,,,,,,90,
2017/18,106987,Marcel Sabitzer,UEFA Champions League,Group G,2017-09-26,Besiktas,Leipzig,2:0,Centre Forward,,,,,,,,,90,
2017/18,106987,Marcel Sabitzer,UEFA Champions League,Group G,2017-10-17,Leipzig,Porto,3:2,AM,,1,,,,,,,90,
2017/18,106987,Marcel Sabitzer,UEFA Champions League,Group G,2017-11-01,Porto,Leipzig,3:1,AM,,1,,85,,,,,90,
2017/18,106987,Marcel Sabitzer,UEFA Champions League,Group G,2017-11-21,Monaco,Leipzig,1:4,Centre Forward,,1,,,,,,35,35,
2017/18,106987,Marcel Sabitzer,UEFA Champions League,Group G,2017-12-06,Leipzig,Besiktas,1:2,Shoulder injury,,,,,,,,,,
2017/18,106987,Marcel Sabitzer,UEFA Europa League,intermediate stage 1st leg,2018-02-15,Napoli,Leipzig,1:3,Centre Forward,,,,,,,,,90,
2017/18,106987,Marcel Sabitzer,UEFA Europa League,intermediate stage 2nd leg,2018-02-22,Leipzig,Napoli,0:2,Centre Forward,,,,75,,,,,90,
2017/18,106987,Marcel Sabitzer,UEFA Europa League,last 16 1st leg,2018-03-08,Leipzig,Zenit S-Pb,2:1,Centre Forward,,,,,,,75,,15,
2017/18,106987,Marcel Sabitzer,UEFA Europa League,last 16 2nd leg,2018-03-15,Zenit S-Pb,Leipzig,1:1,Not in squad,,,,,,,,,,
2017/18,106987,Marcel Sabitzer,UEFA Europa League,Quarter-Finals 1st leg,2018-04-05,Leipzig,Marseille,1:0,Centre Forward,,,,,,,83,,7,
2017/18,106987,Marcel Sabitzer,UEFA Europa League,Quarter-Finals 2nd leg,2018-04-12,Marseille,Leipzig,5:2,SS,,,,,,,,59,59,
2017/18,106987,Marcel Sabitzer,DFB-Pokal,First Round,2017-08-13,Dorfmerkingen,Leipzig,0:5,Centre Forward,2,,,,,,,69,69,
2017/18,106987,Marcel Sabitzer,DFB-Pokal,Second Round,2017-10-25,Leipzig,Bayern Munich,5:6 on pens,Centre Forward,,,,,,,,101,101,
2017/18,106987,Marcel Sabitzer,International Friendlies,1,2017-11-14,Austria,Uruguay,2:1,Centre Forward,1,,,,,,,90,90,
2017/18,106987,Marcel Sabitzer,International Friendlies,6,2018-03-23,Austria,Slovenia,3:0,Torn ankle ligaments,,,,,,,,,,
2017/18,106987,Marcel Sabitzer,International Friendlies,7,2018-03-27,Luxembourg,Austria,0:4,Torn ankle ligaments,,,,,,,,,,
2017/18,106987,Marcel Sabitzer,International Friendlies,13,2018-05-30,Austria,Russia,1:0,Shoulder injury,,,,,,,,,,
2017/18,106987,Marcel Sabitzer,International Friendlies,5,2018-06-02,Austria,Germany,2:1,Shoulder injury,,,,,,,,,,
2017/18,106987,Marcel Sabitzer,International Friendlies,6,2018-06-10,Austria,Brazil,0:3,Shoulder injury,,,,,,,,,,
