﻿season,player_id,player_name,competition,journey,date,home_team,away_team,result,position,goals,assists,own_goals,yellow_cards,second_yellow_cards,red_cards,substitutions_on,substitutions_off,minutes_played,transfermarkt_score
2014/15,110864,Sam Johnstone,Premier League,1,2014-08-16,Man Utd,Swansea,1:2,Not in squad,,,,,,,,,,
2014/15,110864,Sam Johnstone,Premier League,2,2014-08-24,Sunderland,Man Utd,1:1,Not in squad,,,,,,,,,,
2014/15,110864,Sam Johnstone,Premier League,3,2014-08-30,Burnley,Man Utd,0:0,Not in squad,,,,,,,,,,
2014/15,110864,Sam Johnstone,Premier League,4,2014-09-14,Man Utd,QPR,4:0,Not in squad,,,,,,,,,,
2014/15,110864,Sam Johnstone,Premier League,5,2014-09-21,Leicester,Man Utd,5:3,Not in squad,,,,,,,,,,
2014/15,110864,Sam Johnstone,Premier League,6,2014-09-27,Man Utd,West Ham,2:1,Not in squad,,,,,,,,,,
2014/15,110864,Sam Johnstone,Premier League,7,2014-10-05,Man Utd,Everton,2:1,Not in squad,,,,,,,,,,
2014/15,110864,Sam Johnstone,Premier League,8,2014-10-20,West Brom,Man Utd,2:2,Not in squad,,,,,,,,,,
2014/15,110864,Sam Johnstone,Premier League,9,2014-10-26,Man Utd,Chelsea,1:1,Not in squad,,,,,,,,,,
2014/15,110864,Sam Johnstone,Premier League,21,2015-01-11,Man Utd,Southampton,0:1,Not in squad,,,,,,,,,,
2014/15,110864,Sam Johnstone,EFL Trophy,Round of 16,2014-12-09,Doncaster,Notts County,0:1,GK,,,,,,,,,90,
2013/14,110864,Sam Johnstone,EFL Trophy,,,,,,,,,,,,,,,,
2014/15,110864,Sam Johnstone,EFL Trophy,Semi-Finals 2nd Leg,2015-01-27,Walsall,Preston,0:0,Not in squad,,,,,,,,,,
2014/15,110864,Sam Johnstone,League One,16,2014-11-01,Bradford,Doncaster,1:2,GK,,,,,,,,,90,
2014/15,110864,Sam Johnstone,League One,17,2014-11-15,Doncaster,Sheff Utd,0:1,GK,,,,,,,,,90,
2014/15,110864,Sam Johnstone,League One,18,2014-11-22,Rochdale,Doncaster,1:3,GK,,,,,,,,,90,
2014/15,110864,Sam Johnstone,League One,19,2014-11-29,Crewe Alexandra,Doncaster,1:1,GK,,,,,,,,,90,
2014/15,110864,Sam Johnstone,League One,6,2014-12-02,Barnsley,Doncaster,1:1,GK,,,,,,,,,90,
2014/15,110864,Sam Johnstone,League One,20,2014-12-13,Doncaster,Gillingham,1:2,GK,,,,,,,,,90,
2014/15,110864,Sam Johnstone,League One,21,2014-12-20,Swindon Town,Doncaster,0:1,GK,,,,95,,,,,90,
2014/15,110864,Sam Johnstone,League One,22,2014-12-26,Doncaster,Coventry,2:0,GK,,,,,,,,,90,
2014/15,110864,Sam Johnstone,League One,23,2014-12-28,Peterborough,Doncaster,0:0,GK,,,,,,,,,90,
2014/15,110864,Sam Johnstone,League One,25,2015-01-10,Oldham Athletic,Doncaster,2:2,GK,,,,,,,,,90,
2013/14,110864,Sam Johnstone,League One,,,,,,,,,,,,,,,,
2014/15,110864,Sam Johnstone,League One,26,2015-01-16,Preston,Leyton Orient,2:2,GK,,,,,,,,,90,
2014/15,110864,Sam Johnstone,League One,24,2015-01-20,Preston,Yeovil Town,1:1,GK,,,,,,,,,90,
2014/15,110864,Sam Johnstone,League One,28,2015-01-31,Crawley Town,Preston,2:1,GK,,,,,,,,,90,
2014/15,110864,Sam Johnstone,League One,29,2015-02-07,Preston,Coventry,1:0,GK,,,,,,,,,90,
2014/15,110864,Sam Johnstone,League One,30,2015-02-10,Chesterfield,Preston,0:2,GK,,,,,,,,,90,
2014/15,110864,Sam Johnstone,League One,32,2015-02-21,Preston,Scunthorpe Utd.,2:0,GK,,,,,,,,,90,
2014/15,110864,Sam Johnstone,League One,27,2015-02-24,Preston,Walsall,1:0,GK,,,,,,,,,90,
2014/15,110864,Sam Johnstone,League One,33,2015-02-28,Oldham Athletic,Preston,0:4,GK,,,,54,,,,,90,
2014/15,110864,Sam Johnstone,League One,34,2015-03-03,Preston,Doncaster,2:2,GK,,,,,,,,,90,
2014/15,110864,Sam Johnstone,League One,35,2015-03-07,MK Dons,Preston,0:2,GK,,,,,,,,,90,
2014/15,110864,Sam Johnstone,League One,36,2015-03-14,Preston,Crewe Alexandra,5:1,GK,,,,,,,,,90,
2014/15,110864,Sam Johnstone,League One,37,2015-03-17,Preston,Peterborough,2:0,GK,,,,,,,,,90,
2014/15,110864,Sam Johnstone,League One,38,2015-03-21,Barnsley,Preston,1:1,GK,,,,,,,,,90,
2014/15,110864,Sam Johnstone,League One,39,2015-03-29,Fleetwood,Preston,1:1,GK,,,,,,,,,90,
2014/15,110864,Sam Johnstone,League One,40,2015-04-03,Preston,Rochdale,1:0,GK,,,,,,,,,90,
2014/15,110864,Sam Johnstone,League One,41,2015-04-06,Bradford,Preston,0:3,GK,,,,,,,,,90,
2014/15,110864,Sam Johnstone,League One,42,2015-04-11,Preston,Bristol City,1:1,GK,,,,,,,,,90,
2014/15,110864,Sam Johnstone,League One,43,2015-04-14,Preston,Gillingham,2:2,GK,,,,,,,,,90,
2014/15,110864,Sam Johnstone,League One,44,2015-04-17,Port Vale,Preston,2:2,GK,,,,,,,,,90,
2014/15,110864,Sam Johnstone,League One,31,2015-04-21,Notts County,Preston,1:3,GK,,,,,,,,,90,
2014/15,110864,Sam Johnstone,League One,45,2015-04-25,Preston,Swindon Town,3:0,GK,,,,,,,,,90,
2014/15,110864,Sam Johnstone,League One,46,2015-05-03,Colchester Utd.,Preston,1:0,GK,,,,57,,,,,90,
2014/15,110864,Sam Johnstone,FA Cup,First Round,2014-11-18,Weston-super-M.,Doncaster,1:4,GK,,,,,,,,,90,
2014/15,110864,Sam Johnstone,FA Cup,Second Round,2014-12-06,Oldham Athletic,Doncaster,0:1,GK,,,,,,,,,90,
2014/15,110864,Sam Johnstone,FA Cup,Third Round,2015-01-03,Doncaster,Bristol City,1:1,GK,,,,,,,,,90,
2013/14,110864,Sam Johnstone,FA Cup,,,,,,,,,,,,,,,,
2014/15,110864,Sam Johnstone,FA Cup,Fourth Round,2015-01-24,Preston,Sheff Utd,1:1,Not in squad,,,,,,,,,,
2014/15,110864,Sam Johnstone,FA Cup,4th round deciders,2015-02-03,Sheff Utd,Preston,1:3,Not in squad,,,,,,,,,,
2014/15,110864,Sam Johnstone,FA Cup,Fifth Round,2015-02-16,Preston,Man Utd,1:3,Not in squad,,,,,,,,,,
2014/15,110864,Sam Johnstone,League Cup,Second Round,2014-08-26,MK Dons,Man Utd,4:0,Not in squad,,,,,,,,,,
2014/15,110864,Sam Johnstone,League One Play-Offs,Semi-Finals 1st Leg,2015-05-07,Chesterfield,Preston,0:1,GK,,,,,,,,,90,
2014/15,110864,Sam Johnstone,League One Play-Offs,Semi-Finals 2nd Leg,2015-05-10,Preston,Chesterfield,3:0,GK,,,,,,,,,90,
2014/15,110864,Sam Johnstone,League One Play-Offs,Final,2015-05-24,Preston,Swindon Town,4:0,GK,,,,,,,,,90,
