﻿season,player_id,player_name,competition,journey,date,home_team,away_team,result,position,goals,assists,own_goals,yellow_cards,second_yellow_cards,red_cards,substitutions_on,substitutions_off,minutes_played,transfermarkt_score
2024/25,1047256,Asher Agbinone,Premier League,1,2024-08-18,Brentford,Crystal Palace,2:1,Not in squad,,,,,,,,,,
2024/25,1047256,Asher Agbinone,Premier League,2,2024-08-24,Crystal Palace,West Ham,0:2,Not in squad,,,,,,,,,,
2024/25,1047256,Asher Agbinone,Premier League,3,2024-09-01,Chelsea,Crystal Palace,1:1,on the bench,,,,,,,,,,
2024/25,1047256,Asher Agbinone,Premier League,4,2024-09-14,Crystal Palace,Leicester,2:2,Not in squad,,,,,,,,,,
2024/25,1047256,Asher Agbinone,Premier League,5,2024-09-21,Crystal Palace,Man Utd,0:0,on the bench,,,,,,,,,,
2024/25,1047256,Asher Agbinone,Premier League,6,2024-09-28,Everton,Crystal Palace,2:1,on the bench,,,,,,,,,,
2024/25,1047256,Asher Agbinone,Premier League,7,2024-10-05,Crystal Palace,Liverpool,0:1,Not in squad,,,,,,,,,,
2024/25,1047256,Asher Agbinone,Premier League,8,2024-10-21,Nott'm Forest,Crystal Palace,1:0,LW,,,,,,,88,,2,
2024/25,1047256,Asher Agbinone,Premier League,9,2024-10-27,Crystal Palace,Tottenham,1:0,on the bench,,,,,,,,,,
2024/25,1047256,Asher Agbinone,Premier League,10,2024-11-02,Wolves,Crystal Palace,2:2,on the bench,,,,,,,,,,
2024/25,1047256,Asher Agbinone,Premier League,11,2024-11-09,Crystal Palace,Fulham,0:2,,,,,,,,88,,2,
2024/25,1047256,Asher Agbinone,Premier League,12,2024-11-23,Aston Villa,Crystal Palace,2:2,on the bench,,,,,,,,,,
2024/25,1047256,Asher Agbinone,Premier League,13,2024-11-30,Crystal Palace,Newcastle,1:1,Not in squad,,,,,,,,,,
2024/25,1047256,Asher Agbinone,Premier League,14,2024-12-03,Ipswich,Crystal Palace,0:1,Not in squad,,,,,,,,,,
2024/25,1047256,Asher Agbinone,Premier League,15,2024-12-07,Crystal Palace,Man City,2:2,Not in squad,,,,,,,,,,
2024/25,1047256,Asher Agbinone,Premier League,16,2024-12-15,Brighton,Crystal Palace,1:3,on the bench,,,,,,,,,,
2024/25,1047256,Asher Agbinone,Premier League,17,2024-12-21,Crystal Palace,Arsenal,1:5,on the bench,,,,,,,,,,
2024/25,1047256,Asher Agbinone,Premier League,18,2024-12-26,Bournemouth,Crystal Palace,0:0,on the bench,,,,,,,,,,
2024/25,1047256,Asher Agbinone,Premier League,19,2024-12-29,Crystal Palace,Southampton,2:1,Not in squad,,,,,,,,,,
2024/25,1047256,Asher Agbinone,Premier League,20,2025-01-04,Crystal Palace,Chelsea,1:1,on the bench,,,,,,,,,,
2024/25,1047256,Asher Agbinone,EFL Trophy,group B4,2024-08-20,Stevenage,Palace U21,1:0,Centre Forward,,,,,,,,,90,
2024/25,1047256,Asher Agbinone,EFL Trophy,group B4,2024-09-24,Gillingham,Palace U21,1:3,AM,,,,86,,,,90,90,
2024/25,1047256,Asher Agbinone,EFL Trophy,group B4,2024-11-05,Peterborough,Palace U21,4:1,Not in squad,,,,,,,,,,
2024/25,1047256,Asher Agbinone,League Two,27,2025-01-18,Gillingham,Doncaster,0:1,AM,,,,,,,,74,74,
2024/25,1047256,Asher Agbinone,League Two,28,2025-01-25,Tranmere,Gillingham,1:1,Not in squad,,,,,,,,,,
2024/25,1047256,Asher Agbinone,League Two,29,2025-01-28,Grimsby Town,Gillingham,1:1,LM,,,,,,,,81,81,
2024/25,1047256,Asher Agbinone,League Two,30,2025-02-01,Gillingham,Notts County,1:2,LM,,,,,,,,46,45,
2024/25,1047256,Asher Agbinone,League Two,31,2025-02-08,Barrow,Gillingham,3:0,RM,,,,,,,,52,52,
2024/25,1047256,Asher Agbinone,League Two,16,2025-02-11,Walsall,Gillingham,1:1,Not in squad,,,,,,,,,,
2024/25,1047256,Asher Agbinone,League Two,32,2025-02-15,Gillingham,Crewe Alexandra,0:0,Not in squad,,,,,,,,,,
2024/25,1047256,Asher Agbinone,League Two,33,2025-02-22,Carlisle United,Gillingham,0:0,Not in squad,,,,,,,,,,
2024/25,1047256,Asher Agbinone,League Two,26,2025-02-25,Gillingham,Fleetwood,1:2,Not in squad,,,,,,,,,,
2024/25,1047256,Asher Agbinone,League Two,34,2025-03-01,Gillingham,Morecambe FC,1:0,Not in squad,,,,,,,,,,
2024/25,1047256,Asher Agbinone,League Two,35,2025-03-04,Newport County,Gillingham,3:1,Not in squad,,,,,,,,,,
2024/25,1047256,Asher Agbinone,League Two,36,2025-03-08,Gillingham,Bradford,1:0,Not in squad,,,,,,,,,,
2024/25,1047256,Asher Agbinone,League Two,37,2025-03-15,Accrington,Gillingham,1:1,Not in squad,,,,,,,,,,
2024/25,1047256,Asher Agbinone,League Two,38,2025-03-22,Gillingham,Walsall,0:0,Not in squad,,,,,,,,,,
2024/25,1047256,Asher Agbinone,League Two,39,2025-03-29,Harrogate Town,Gillingham,1:1,Not in squad,,,,,,,,,,
2024/25,1047256,Asher Agbinone,League Two,40,2025-04-01,Gillingham,Colchester Utd.,1:1,Not in squad,,,,,,,,,,
2024/25,1047256,Asher Agbinone,League Two,41,2025-04-05,Salford,Gillingham,2:2,,,,,,,,90,,1,
2024/25,1047256,Asher Agbinone,League Two,25,2025-04-08,Chesterfield,Gillingham,1:1,on the bench,,,,,,,,,,
2024/25,1047256,Asher Agbinone,League Two,42,2025-04-12,Gillingham,MK Dons,1:0,on the bench,,,,,,,,,,
2024/25,1047256,Asher Agbinone,League Two,43,2025-04-18,Cheltenham,Gillingham,1:1,on the bench,,,,,,,,,,
2024/25,1047256,Asher Agbinone,League Two,44,2025-04-21,Gillingham,AFC Wimbledon,1:0,Not in squad,,,,,,,,,,
2024/25,1047256,Asher Agbinone,League Two,45,2025-04-26,Gillingham,Swindon Town,1:1,Not in squad,,,,,,,,,,
2024/25,1047256,Asher Agbinone,League Two,46,2025-05-03,Port Vale,Gillingham,0:1,Centre Forward,,,,,,,,81,81,
2024/25,1047256,Asher Agbinone,EFL Cup,Second Round,2024-08-27,Crystal Palace,Norwich,4:0,Not in squad,,,,,,,,,,
2024/25,1047256,Asher Agbinone,EFL Cup,Third Round,2024-09-17,QPR,Crystal Palace,1:2,on the bench,,,,,,,,,,
2024/25,1047256,Asher Agbinone,EFL Cup,Fourth Round,2024-10-30,Aston Villa,Crystal Palace,1:2,on the bench,,,,,,,,,,
2024/25,1047256,Asher Agbinone,EFL Cup,Quarter-Finals,2024-12-18,Arsenal,Crystal Palace,3:2,Not in squad,,,,,,,,,,
2024/25,1047256,Asher Agbinone,Premier League 2,2,2024-08-23,Blackburn U21,Palace U21,2:7,LW,1,1,,80,,,,,90,
2024/25,1047256,Asher Agbinone,Premier League 2,3,2024-08-30,Leeds U21,Palace U21,1:1,LW,,,,56,,,,,90,
2024/25,1047256,Asher Agbinone,Premier League 2,4,2024-09-20,Palace U21,Reading U21,1:1,Not in squad,,,,,,,,,,
2024/25,1047256,Asher Agbinone,Premier League 2,5,2024-09-30,Palace U21,Nottingham U21,2:1,Not in squad,,,,,,,,,,
2024/25,1047256,Asher Agbinone,Premier League 2,6,2024-10-05,Brighton U21,Palace U21,10:0,RM,,,,,,,,75,75,
2024/25,1047256,Asher Agbinone,Premier League 2,7,2024-10-25,Southampton U21,Palace U21,0:2,Not in squad,,,,,,,,,,
2024/25,1047256,Asher Agbinone,Premier League 2,8,2024-11-01,Palace U21,Tottenham U21,5:1,Not in squad,,,,,,,,,,
2024/25,1047256,Asher Agbinone,Premier League 2,9,2024-11-29,Newcastle U21,Palace U21,1:0,Not in squad,,,,,,,,,,
2024/25,1047256,Asher Agbinone,Premier League 2,10,2024-12-16,Palace U21,Liverpool U21,3:3,LW,1,,,,,,,46,45,
2024/25,1047256,Asher Agbinone,Premier League 2,1,2025-01-06,Palace U21,Fulham U21,0:1,AM,,,,44,,,,,90,
2024/25,1047256,Asher Agbinone,Premier League International Cup U21,Group D,2024-09-17,Palace U21,Real Sociedad B,2:2,Information not yet available,,,,,,,,,,
2024/25,1047256,Asher Agbinone,Premier League International Cup U21,Group D,2024-10-18,Palace U21,Sporting B,1:2,Information not yet available,,,,,,,,,,
2024/25,1047256,Asher Agbinone,Premier League International Cup U21,Group D,2024-12-10,Palace U21,RSCA Futures,3:1,Centre Forward,,,,,,,,46,45,
