﻿season,player_id,player_name,competition,journey,date,home_team,away_team,result,position,goals,assists,own_goals,yellow_cards,second_yellow_cards,red_cards,substitutions_on,substitutions_off,minutes_played,transfermarkt_score
2025/26,1060740,Enso González,EFL Trophy,group A1,2025-09-02,Stockport,Wolves U21,5:3,Not in squad,,,,,,,,,,
2025/26,1060740,Enso González,EFL Trophy,group A1,2025-10-07,Wigan,Wolves U21,1:2,Not in squad,,,,,,,,,,
2025/26,1060740,Enso González,EFL Trophy,group A1,2025-11-11,Salford,Wolves U21,4:2,AM,,1,,,,,,,90,
2025/26,1060740,Enso González,Premier League 2,1,2025-08-18,Burnley U21,Wolves U21,1:2,Not in squad,,,,,,,,,,
2025/26,1060740,Enso González,Premier League 2,2,2025-08-22,Wolves U21,Stoke U21,2:2,Not in squad,,,,,,,,,,
2025/26,1060740,Enso González,Premier League 2,3,2025-08-29,Wolves U21,Blackburn U21,3:1,Not in squad,,,,,,,,,,
2025/26,1060740,Enso González,Premier League 2,4,2025-09-20,Arsenal U21,Wolves U21,3:2,Not in squad,,,,,,,,,,
2025/26,1060740,Enso González,Premier League 2,6,2025-10-03,Wolves U21,Leicester U21,4:3,Not in squad,,,,,,,,,,
2025/26,1060740,Enso González,Premier League 2,7,2025-10-24,Boro U21,Wolves U21,0:1,,,,,,,,71,,19,
2025/26,1060740,Enso González,Premier League 2,8,2025-11-03,Wolves U21,West Ham U21,1:1,AM,,,,,,,,77,77,
2025/26,1060740,Enso González,Premier League 2,9,2025-11-08,Aston Villa U21,Wolves U21,2:0,RM,,,,,,,,46,45,
2025/26,1060740,Enso González,Premier League International Cup U21,Group A,2025-09-10,Wolves U21,RM Castilla,0:1,Not in squad,,,,,,,,,,
2025/26,1060740,Enso González,Premier League International Cup U21,Group A,2025-09-29,Wolves U21,RB Leipzig U19,1:1,Not in squad,,,,,,,,,,
2025/26,1060740,Enso González,Premier League International Cup U21,Group A,2025-10-28,Wolves U21,PSV U21,2:0,RM,1,,,,,,,,90,
2025/26,1060740,Enso González,Premier League Cup,Group G,2025-09-26,Millwall U21,Wolves U21,1:1,Not in squad,,,,,,,,,,
2025/26,1060740,Enso González,Premier League Cup,Group G,2025-10-20,Wolves U21,Swansea U21,2:4,RM,,,,,,,,,90,
2025/26,1060740,Enso González,Premier League Cup,Group G,2025-11-21,Nottingham U21,Wolves U21,1:0,Not in squad,,,,,,,,,,
2025/26,1060740,Enso González,National League Cup,Group B,2025-08-12,Wealdstone,Wolves U21,2:1,Not in squad,,,,,,,,,,
2025/26,1060740,Enso González,National League Cup,Group B,2025-09-16,Forest Green,Wolves U21,3:2,Not in squad,,,,,,,,,,
2025/26,1060740,Enso González,National League Cup,Group B,2025-11-25,Braintree,Wolves U21,3:2,Not in squad,,,,,,,,,,
2025/26,1060740,Enso González,National League Cup,Group B,2025-12-02,Boreham Wood,Wolves U21,4:0,Not in squad,,,,,,,,,,
