﻿season,player_id,player_name,competition,journey,date,home_team,away_team,result,position,goals,assists,own_goals,yellow_cards,second_yellow_cards,red_cards,substitutions_on,substitutions_off,minutes_played,transfermarkt_score
2023/24,1011738,Harry Amass,UEFA Champions League,Group A,2023-09-20,Bayern Munich,Man Utd,4:3,Not in squad,,,,,,,,,,
2023/24,1011738,Harry Amass,UEFA Champions League,Group A,2023-10-03,Man Utd,Galatasaray,2:3,Not in squad,,,,,,,,,,
2023/24,1011738,Harry Amass,UEFA Champions League,Group A,2023-10-24,Man Utd,Copenhagen,1:0,Not in squad,,,,,,,,,,
2023/24,1011738,Harry Amass,UEFA Champions League,Group A,2023-11-08,Copenhagen,Man Utd,4:3,Not in squad,,,,,,,,,,
2023/24,1011738,Harry Amass,UEFA Champions League,Group A,2023-11-29,Galatasaray,Man Utd,3:3,Not in squad,,,,,,,,,,
2023/24,1011738,Harry Amass,UEFA Champions League,Group A,2023-12-12,Man Utd,Bayern Munich,0:1,Not in squad,,,,,,,,,,
2023/24,1011738,Harry Amass,International Friendlies,8,2023-09-06,England U17,Portugal U17,2:3,Not in squad,,,,,,,,,,
2023/24,1011738,Harry Amass,International Friendlies,31,2023-09-09,England U17,Morocco U16,6:7 on pens,Not in squad,,,,,,,,,,
2023/24,1011738,Harry Amass,International Friendlies,6,2023-09-12,England U17,Spain U17,4:1,Not in squad,,,,,,,,,,
2023/24,1011738,Harry Amass,International Friendlies,4,2023-10-11,England U17,Norway U16,3:0,,,,,,,,71,,19,
2023/24,1011738,Harry Amass,International Friendlies,11,2023-10-13,England U17,Norway U16,2:2,,,,,,,,,,90,
2023/24,1011738,Harry Amass,UEFA Youth League,Group A,2023-09-20,FC Bayern YL,Man Utd YL,2:0,,,,,,,,55,,35,
2023/24,1011738,Harry Amass,UEFA Youth League,Group A,2023-10-03,Man Utd YL,Galatasaray YL,3:0,LB,,,,,,,,56,56,
2023/24,1011738,Harry Amass,UEFA Youth League,Group A,2023-10-24,Man Utd YL,Copenhagen YL,0:1,Not in squad,,,,,,,,,,
2023/24,1011738,Harry Amass,UEFA Youth League,Group A,2023-11-08,Copenhagen YL,Man Utd YL,2:2,Not in squad,,,,,,,,,,
2023/24,1011738,Harry Amass,UEFA Youth League,Group A,2023-11-29,Galatasaray YL,Man Utd YL,1:0,Not in squad,,,,,,,,,,
2023/24,1011738,Harry Amass,UEFA Youth League,Group A,2023-12-12,Man Utd YL,FC Bayern YL,0:2,Not in squad,,,,,,,,,,
2023/24,1011738,Harry Amass,Premier League,1,2023-08-14,Man Utd,Wolves,1:0,Not in squad,,,,,,,,,,
2023/24,1011738,Harry Amass,Premier League,2,2023-08-19,Tottenham,Man Utd,2:0,Not in squad,,,,,,,,,,
2023/24,1011738,Harry Amass,Premier League,3,2023-08-26,Man Utd,Nott'm Forest,3:2,Not in squad,,,,,,,,,,
2023/24,1011738,Harry Amass,Premier League,4,2023-09-03,Arsenal,Man Utd,3:1,Not in squad,,,,,,,,,,
2023/24,1011738,Harry Amass,Premier League,5,2023-09-16,Man Utd,Brighton,1:3,Not in squad,,,,,,,,,,
2023/24,1011738,Harry Amass,Premier League,6,2023-09-23,Burnley,Man Utd,0:1,Not in squad,,,,,,,,,,
2023/24,1011738,Harry Amass,Premier League,7,2023-09-30,Man Utd,Crystal Palace,0:1,Not in squad,,,,,,,,,,
2023/24,1011738,Harry Amass,Premier League,8,2023-10-07,Man Utd,Brentford,2:1,Not in squad,,,,,,,,,,
2023/24,1011738,Harry Amass,Premier League,9,2023-10-21,Sheff Utd,Man Utd,1:2,Not in squad,,,,,,,,,,
2023/24,1011738,Harry Amass,Premier League,10,2023-10-29,Man Utd,Man City,0:3,Not in squad,,,,,,,,,,
2023/24,1011738,Harry Amass,Premier League,11,2023-11-04,Fulham,Man Utd,0:1,Not in squad,,,,,,,,,,
2023/24,1011738,Harry Amass,Premier League,12,2023-11-11,Man Utd,Luton,1:0,Not in squad,,,,,,,,,,
2023/24,1011738,Harry Amass,Premier League,13,2023-11-26,Everton,Man Utd,0:3,Not in squad,,,,,,,,,,
2023/24,1011738,Harry Amass,Premier League,14,2023-12-02,Newcastle,Man Utd,1:0,Not in squad,,,,,,,,,,
2023/24,1011738,Harry Amass,Premier League,15,2023-12-06,Man Utd,Chelsea,2:1,Not in squad,,,,,,,,,,
2023/24,1011738,Harry Amass,Premier League,16,2023-12-09,Man Utd,Bournemouth,0:3,Not in squad,,,,,,,,,,
2023/24,1011738,Harry Amass,Premier League,17,2023-12-17,Liverpool,Man Utd,0:0,Not in squad,,,,,,,,,,
2023/24,1011738,Harry Amass,Premier League,18,2023-12-23,West Ham,Man Utd,2:0,Not in squad,,,,,,,,,,
2023/24,1011738,Harry Amass,Premier League,19,2023-12-26,Man Utd,Aston Villa,3:2,Not in squad,,,,,,,,,,
2023/24,1011738,Harry Amass,Premier League,20,2023-12-30,Nott'm Forest,Man Utd,2:1,Not in squad,,,,,,,,,,
2023/24,1011738,Harry Amass,Premier League,21,2024-01-14,Man Utd,Tottenham,2:2,Not in squad,,,,,,,,,,
2023/24,1011738,Harry Amass,Premier League,22,2024-02-01,Wolves,Man Utd,3:4,Not in squad,,,,,,,,,,
2023/24,1011738,Harry Amass,Premier League,23,2024-02-04,Man Utd,West Ham,3:0,Not in squad,,,,,,,,,,
2023/24,1011738,Harry Amass,Premier League,24,2024-02-11,Aston Villa,Man Utd,1:2,Not in squad,,,,,,,,,,
2023/24,1011738,Harry Amass,Premier League,25,2024-02-18,Luton,Man Utd,1:2,Not in squad,,,,,,,,,,
2023/24,1011738,Harry Amass,Premier League,26,2024-02-24,Man Utd,Fulham,1:2,Not in squad,,,,,,,,,,
2023/24,1011738,Harry Amass,Premier League,27,2024-03-03,Man City,Man Utd,3:1,Not in squad,,,,,,,,,,
2023/24,1011738,Harry Amass,Premier League,28,2024-03-09,Man Utd,Everton,2:0,Not in squad,,,,,,,,,,
2023/24,1011738,Harry Amass,Premier League,30,2024-03-30,Brentford,Man Utd,1:1,Not in squad,,,,,,,,,,
2023/24,1011738,Harry Amass,Premier League,31,2024-04-04,Chelsea,Man Utd,4:3,Not in squad,,,,,,,,,,
2023/24,1011738,Harry Amass,Premier League,32,2024-04-07,Man Utd,Liverpool,2:2,on the bench,,,,,,,,,,
2023/24,1011738,Harry Amass,Premier League,33,2024-04-13,Bournemouth,Man Utd,2:2,on the bench,,,,,,,,,,
2023/24,1011738,Harry Amass,Premier League,29,2024-04-24,Man Utd,Sheff Utd,4:2,on the bench,,,,,,,,,,
2023/24,1011738,Harry Amass,Premier League,35,2024-04-27,Man Utd,Burnley,1:1,on the bench,,,,,,,,,,
2023/24,1011738,Harry Amass,Premier League,36,2024-05-06,Crystal Palace,Man Utd,4:0,on the bench,,,,,,,,,,
2023/24,1011738,Harry Amass,Premier League,37,2024-05-12,Man Utd,Arsenal,0:1,on the bench,,,,,,,,,,
2023/24,1011738,Harry Amass,Premier League,34,2024-05-15,Man Utd,Newcastle,3:2,Not in squad,,,,,,,,,,
2023/24,1011738,Harry Amass,Premier League,38,2024-05-19,Brighton,Man Utd,0:2,Not in squad,,,,,,,,,,
2023/24,1011738,Harry Amass,EFL Trophy,group A5,2023-08-22,Stockport,Man Utd U21,4:6 on pens,Not in squad,,,,,,,,,,
2023/24,1011738,Harry Amass,EFL Trophy,group A5,2023-09-26,Bolton,Man Utd U21,8:1,Not in squad,,,,,,,,,,
2023/24,1011738,Harry Amass,EFL Trophy,group A5,2023-10-31,Salford,Man Utd U21,4:3,Not in squad,,,,,,,,,,
2023/24,1011738,Harry Amass,FA Cup,Third Round,2024-01-08,Wigan,Man Utd,0:2,Not in squad,,,,,,,,,,
2023/24,1011738,Harry Amass,FA Cup,Fourth Round,2024-01-28,Newport County,Man Utd,2:4,Not in squad,,,,,,,,,,
2023/24,1011738,Harry Amass,FA Cup,Fifth Round,2024-02-28,Nott'm Forest,Man Utd,0:1,Not in squad,,,,,,,,,,
2023/24,1011738,Harry Amass,FA Cup,Quarter-Finals,2024-03-17,Man Utd,Liverpool,4:3 AET,Not in squad,,,,,,,,,,
2023/24,1011738,Harry Amass,FA Cup,Semi-Finals,2024-04-21,Coventry,Man Utd,5:7 on pens,on the bench,,,,,,,,,,
2023/24,1011738,Harry Amass,FA Cup,Final,2024-05-25,Man City,Man Utd,1:2,Not in squad,,,,,,,,,,
2023/24,1011738,Harry Amass,EFL Cup,Third Round,2023-09-26,Man Utd,Crystal Palace,3:0,Not in squad,,,,,,,,,,
2023/24,1011738,Harry Amass,EFL Cup,Fourth Round,2023-11-01,Man Utd,Newcastle,0:3,Not in squad,,,,,,,,,,
2023/24,1011738,Harry Amass,U18 Premier League - Final Stage,Final,2024-05-14,Chelsea U18,Man Utd U18,1:2,LB,,,,,,,,,90,
2023/24,1011738,Harry Amass,Premier League 2 Playoffs,Round of 16,2024-05-03,Arsenal U21,Man Utd U21,6:2,Not in squad,,,,,,,,,,
2023/24,1011738,Harry Amass,U18 Premier League,1,2023-08-12,Boro U18,Man Utd U18,0:4,Not in squad,,,,,,,,,,
2023/24,1011738,Harry Amass,U18 Premier League,3,2023-08-26,Stoke U18,Man Utd U18,1:4,Not in squad,,,,,,,,,,
2023/24,1011738,Harry Amass,U18 Premier League,4,2023-09-16,Man Utd U18,Nottingham U18,2:1,Not in squad,,,,,,,,,,
2023/24,1011738,Harry Amass,U18 Premier League,5,2023-09-23,Sunderland U18,Man Utd U18,2:3,LB,,,,78,,,,,90,
2023/24,1011738,Harry Amass,U18 Premier League,6,2023-09-30,Man Utd U18,Newcastle U18,5:1,LB,,,,,,,,76,76,
2023/24,1011738,Harry Amass,U18 Premier League,7,2023-10-07,Man Utd U18,Derby U18,3:1,LB,,1,,,,,,,90,
2023/24,1011738,Harry Amass,U18 Premier League,8,2023-10-28,Leeds U18,Man Utd U18,0:6,LB,1,,,,,,,,90,
2023/24,1011738,Harry Amass,U18 Premier League,10,2023-11-11,Blackburn U18,Man Utd U18,0:3,LB,,,,34,,,,,90,
2023/24,1011738,Harry Amass,U18 Premier League,11,2023-12-02,Man Utd U18,Wolves U18,2:0,Not in squad,,,,,,,,,,
2023/24,1011738,Harry Amass,U18 Premier League,12,2023-12-16,Everton U18,Man Utd U18,0:2,LB,,,,,,,,46,45,
2023/24,1011738,Harry Amass,U18 Premier League,14,2024-01-13,Newcastle U18,Man Utd U18,1:3,LB,,1,,,,,,,90,
2023/24,1011738,Harry Amass,U18 Premier League,2,2024-01-20,Man Utd U18,Man City U18,1:0,LB,,,,,,,,,90,
2023/24,1011738,Harry Amass,U18 Premier League,15,2024-01-27,Man Utd U18,Leeds U18,4:0,LB,,1,,,,,,,90,
2023/24,1011738,Harry Amass,U18 Premier League,13,2024-01-30,Man Utd U18,Liverpool U18,4:3,LB,,,,,,,,,90,
2023/24,1011738,Harry Amass,U18 Premier League,16,2024-02-10,Derby U18,Man Utd U18,2:2,LB,,,,,,,,,90,
2023/24,1011738,Harry Amass,U18 Premier League,17,2024-02-17,Nottingham U18,Man Utd U18,2:2,LB,,,,92,,,,,90,
2023/24,1011738,Harry Amass,U18 Premier League,18,2024-02-24,Man Utd U18,Boro U18,3:0,LB,,,,,,,,61,61,
2023/24,1011738,Harry Amass,U18 Premier League,19,2024-03-09,Man City U18,Man Utd U18,4:1,Not in squad,,,,,,,,,,
2023/24,1011738,Harry Amass,U18 Premier League,20,2024-03-16,Man Utd U18,Blackburn U18,5:2,LB,,,1,,,,,,90,
2023/24,1011738,Harry Amass,U18 Premier League,21,2024-04-06,Liverpool U18,Man Utd U18,1:9,Not in squad,,,,,,,,,,
2023/24,1011738,Harry Amass,U18 Premier League,22,2024-04-13,Man Utd U18,Stoke U18,4:2,Not in squad,,,,,,,,,,
2023/24,1011738,Harry Amass,U18 Premier League,23,2024-04-16,Wolves U18,Man Utd U18,1:2,Not in squad,,,,,,,,,,
2023/24,1011738,Harry Amass,U18 Premier League,24,2024-04-27,Man Utd U18,Sunderland U18,1:3,Not in squad,,,,,,,,,,
2023/24,1011738,Harry Amass,U18 Premier League,25,2024-05-04,Man Utd U18,Everton U18,3:1,Not in squad,,,,,,,,,,
2023/24,1011738,Harry Amass,Premier League 2,1,2023-08-14,Palace U21,Man Utd U21,3:2,Not in squad,,,,,,,,,,
2023/24,1011738,Harry Amass,Premier League 2,2,2023-08-18,Man Utd U21,Leeds U21,1:2,Not in squad,,,,,,,,,,
2023/24,1011738,Harry Amass,Premier League 2,3,2023-08-26,Man Utd U21,Stoke U21,10:1,Not in squad,,,,,,,,,,
2023/24,1011738,Harry Amass,Premier League 2,4,2023-09-03,Sunderland U21,Man Utd U21,5:5,Not in squad,,,,,,,,,,
2023/24,1011738,Harry Amass,Premier League 2,5,2023-09-23,Man Utd U21,Arsenal U21,2:4,Not in squad,,,,,,,,,,
2023/24,1011738,Harry Amass,Premier League 2,6,2023-09-30,Blackburn U21,Man Utd U21,2:5,Not in squad,,,,,,,,,,
2023/24,1011738,Harry Amass,Premier League 2,7,2023-10-27,Fulham U21,Man Utd U21,1:1,Not in squad,,,,,,,,,,
2023/24,1011738,Harry Amass,Premier League 2,8,2023-11-04,Man Utd U21,Everton U21,3:1,Not in squad,,,,,,,,,,
2023/24,1011738,Harry Amass,Premier League 2,10,2023-12-16,Man Utd U21,Newcastle U21,3:2,Not in squad,,,,,,,,,,
2023/24,1011738,Harry Amass,Premier League 2,11,2024-01-12,Chelsea U21,Man Utd U21,3:2,Not in squad,,,,,,,,,,
2023/24,1011738,Harry Amass,Premier League 2,12,2024-01-27,Man Utd U21,Norwich U21,4:2,Not in squad,,,,,,,,,,
2023/24,1011738,Harry Amass,Premier League 2,14,2024-02-19,Man Utd U21,Man City U21,2:1,on the bench,,,,,,,,,,
2023/24,1011738,Harry Amass,Premier League 2,15,2024-03-01,Man Utd U21,Derby U21,2:4,Not in squad,,,,,,,,,,
2023/24,1011738,Harry Amass,Premier League 2,16,2024-03-08,Boro U21,Man Utd U21,3:2,LM,,,,,,,,,90,
2023/24,1011738,Harry Amass,Premier League 2,17,2024-03-18,West Brom U21,Man Utd U21,0:3,Not in squad,,,,,,,,,,
2023/24,1011738,Harry Amass,Premier League 2,18,2024-04-08,Man Utd U21,Brighton U21,1:1,LM,,,,,,,,,90,
2023/24,1011738,Harry Amass,Premier League 2,19,2024-04-12,Man Utd U21,Liverpool U21,0:3,Not in squad,,,,,,,,,,
2023/24,1011738,Harry Amass,Premier League 2,9,2024-04-20,Tottenham U21,Man Utd U21,2:2,Not in squad,,,,,,,,,,
2023/24,1011738,Harry Amass,Premier League 2,20,2024-04-26,Nottingham U21,Man Utd U21,0:0,Not in squad,,,,,,,,,,
2023/24,1011738,Harry Amass,Premier League 2,13,2024-04-29,Southampton U21,Man Utd U21,3:6,LB,,1,,94,,,,,90,
2023/24,1011738,Harry Amass,2024 UEFA Under-17 Euro,Group D,2024-05-21,France U17,England U17,0:4,,,,,,,,73,,17,
2023/24,1011738,Harry Amass,2024 UEFA Under-17 Euro,Group D,2024-05-24,Portugal U17,England U17,4:1,,,,,,,,70,,20,
2023/24,1011738,Harry Amass,2024 UEFA Under-17 Euro,Group D,2024-05-27,England U17,Spain U17,3:1,LB,,,,,,,,72,72,
2023/24,1011738,Harry Amass,2024 UEFA Under-17 Euro,Quarter-Finals,2024-05-30,Italy U17,England U17,6:5 on pens,LB,,,,,,,83,,7,
2023/24,1011738,Harry Amass,UEFA European Under-17 Championship qualification,group 9,2023-11-03,England U17,Faroe U17,8:0,on the bench,,,,,,,,,,
2023/24,1011738,Harry Amass,UEFA European Under-17 Championship qualification,group 9,2023-11-06,England U17,Kosovo U17,5:0,LB,,,,,,,,,90,
2023/24,1011738,Harry Amass,UEFA European Under-17 Championship qualification,group 9,2023-11-09,Croatia U17,England U17,1:5,on the bench,,,,,,,,,,
2023/24,1011738,Harry Amass,UEFA European Under-17 Championship qualification,group B1,2024-03-20,England U17,N. Ireland U17,5:1,CB,,,,,,,,58,58,
2023/24,1011738,Harry Amass,UEFA European Under-17 Championship qualification,group B1,2024-03-23,England U17,Hungary U17,5:0,on the bench,,,,,,,,,,
2023/24,1011738,Harry Amass,UEFA European Under-17 Championship qualification,group B1,2024-03-26,France U17,England U17,2:1,,,,,,,,46,,45,
2023/24,1011738,Harry Amass,FA Youth Cup,Third Round,2023-12-19,Man Utd U18,Derby U18,1:0,LB,,,,,,,,,90,
2023/24,1011738,Harry Amass,FA Youth Cup,Fourth Round,2024-01-16,Swindon U18,Man Utd U18,2:0,LB,,,,,,,,,90,
