﻿season,player_id,player_name,competition,journey,date,home_team,away_team,result,position,goals,assists,own_goals,yellow_cards,second_yellow_cards,red_cards,substitutions_on,substitutions_off,minutes_played,transfermarkt_score
2024/25,1031293,Ryan Oné,International Friendlies,12,2024-09-06,Scotland U19,Faroe U19,5:3,,1,,,,,,,72,72,
2024/25,1031293,Ryan Oné,International Friendlies,2,2024-09-09,Netherlands U19,Scotland U19,2:2,,,,,,,,46,,45,
2023/24,1031293,Ryan Oné,International Friendlies,,,,,,,,,,,,,,,,
2024/25,1031293,Ryan Oné,International Friendlies,1,2025-03-21,Ireland U21,Scotland U21,0:2,,,,,,,,58,,32,
2024/25,1031293,Ryan Oné,International Friendlies,33,2025-03-25,Scotland U21,Iceland U21,1:6,,1,,,,,,,60,60,
2024/25,1031293,Ryan Oné,Championship,1,2024-08-09,Preston,Sheff Utd,0:2,Not in squad,,,,,,,,,,
2024/25,1031293,Ryan Oné,Championship,2,2024-08-17,Sheff Utd,QPR,2:2,Not in squad,,,,,,,,,,
2024/25,1031293,Ryan Oné,Championship,3,2024-08-24,Norwich,Sheff Utd,1:1,Not in squad,,,,,,,,,,
2024/25,1031293,Ryan Oné,Championship,4,2024-09-01,Sheff Utd,Watford,1:0,on the bench,,,,,,,,,,
2024/25,1031293,Ryan Oné,Championship,5,2024-09-13,Hull City,Sheff Utd,0:2,Not in squad,,,,,,,,,,
2024/25,1031293,Ryan Oné,Championship,6,2024-09-21,Sheff Utd,Derby,1:0,Not in squad,,,,,,,,,,
2024/25,1031293,Ryan Oné,Championship,7,2024-09-28,Portsmouth,Sheff Utd,0:0,Not in squad,,,,,,,,,,
2024/25,1031293,Ryan Oné,Championship,8,2024-10-02,Sheff Utd,Swansea,1:0,Not in squad,,,,,,,,,,
2024/25,1031293,Ryan Oné,Championship,9,2024-10-05,Sheff Utd,Luton,2:0,Not in squad,,,,,,,,,,
2024/25,1031293,Ryan Oné,Championship,10,2024-10-18,Leeds,Sheff Utd,2:0,Not in squad,,,,,,,,,,
2024/25,1031293,Ryan Oné,Championship,11,2024-10-23,Middlesbrough,Sheff Utd,1:0,Not in squad,,,,,,,,,,
2024/25,1031293,Ryan Oné,Championship,12,2024-10-26,Sheff Utd,Stoke City,2:0,on the bench,,,,,,,,,,
2024/25,1031293,Ryan Oné,Championship,13,2024-11-02,Blackburn,Sheff Utd,0:2,Not in squad,,,,,,,,,,
2024/25,1031293,Ryan Oné,Championship,14,2024-11-05,Bristol City,Sheff Utd,1:2,CF,1,,,99,,,69,,21,
2024/25,1031293,Ryan Oné,Championship,15,2024-11-10,Sheff Utd,Sheff Wed,1:0,,,,,,,,73,,17,
2024/25,1031293,Ryan Oné,Championship,16,2024-11-23,Coventry,Sheff Utd,2:2,,,,,,,,76,,14,
2024/25,1031293,Ryan Oné,Championship,17,2024-11-26,Sheff Utd,Oxford United,3:0,,,,,,,,63,,27,
2024/25,1031293,Ryan Oné,Championship,18,2024-11-29,Sheff Utd,Sunderland,1:0,,,,,91,,,77,,13,
2024/25,1031293,Ryan Oné,Championship,19,2024-12-08,West Brom,Sheff Utd,2:2,,,,,,,,57,,33,
2024/25,1031293,Ryan Oné,Championship,20,2024-12-11,Millwall,Sheff Utd,0:1,on the bench,,,,,,,,,,
2024/25,1031293,Ryan Oné,Championship,21,2024-12-14,Sheff Utd,Plymouth,2:0,CF,,,,,,,,53,53,
2024/25,1031293,Ryan Oné,Championship,22,2024-12-21,Cardiff,Sheff Utd,0:2,on the bench,,,,,,,,,,
2024/25,1031293,Ryan Oné,Championship,23,2024-12-26,Sheff Utd,Burnley,0:2,CF,,,,,,,82,,8,
2024/25,1031293,Ryan Oné,Championship,24,2024-12-29,Sheff Utd,West Brom,1:1,on the bench,,,,,,,,,,
2024/25,1031293,Ryan Oné,Championship,25,2025-01-01,Sunderland,Sheff Utd,2:1,CF,,,,,,,77,,13,
2024/25,1031293,Ryan Oné,Championship,26,2025-01-04,Watford,Sheff Utd,1:2,CF,,,,,,,,57,57,
2024/25,1031293,Ryan Oné,Championship,27,2025-01-18,Sheff Utd,Norwich,2:0,on the bench,,,,,,,,,,
2024/25,1031293,Ryan Oné,Championship,28,2025-01-21,Swansea,Sheff Utd,1:2,on the bench,,,,,,,,,,
2024/25,1031293,Ryan Oné,Championship,29,2025-01-24,Sheff Utd,Hull City,0:3,on the bench,,,,,,,,,,
2024/25,1031293,Ryan Oné,Championship,30,2025-02-01,Derby,Sheff Utd,0:1,on the bench,,,,,,,,,,
2024/25,1031293,Ryan Oné,Championship,31,2025-02-08,Sheff Utd,Portsmouth,2:1,Not in squad,,,,,,,,,,
2024/25,1031293,Ryan Oné,Championship,32,2025-02-12,Sheff Utd,Middlesbrough,3:1,Not in squad,,,,,,,,,,
2024/25,1031293,Ryan Oné,Championship,33,2025-02-15,Luton,Sheff Utd,0:1,,,,,,,,66,,24,
2024/25,1031293,Ryan Oné,Championship,34,2025-02-24,Sheff Utd,Leeds,1:3,Not in squad,,,,,,,,,,
2024/25,1031293,Ryan Oné,Championship,35,2025-03-01,QPR,Sheff Utd,1:2,Not in squad,,,,,,,,,,
2024/25,1031293,Ryan Oné,Championship,36,2025-03-08,Sheff Utd,Preston,1:0,Not in squad,,,,,,,,,,
2024/25,1031293,Ryan Oné,Championship,37,2025-03-11,Sheff Utd,Bristol City,1:1,on the bench,,,,,,,,,,
2024/25,1031293,Ryan Oné,Championship,38,2025-03-16,Sheff Wed,Sheff Utd,0:1,Not in squad,,,,,,,,,,
2024/25,1031293,Ryan Oné,Championship,39,2025-03-28,Sheff Utd,Coventry,3:1,Not in squad,,,,,,,,,,
2024/25,1031293,Ryan Oné,Championship,40,2025-04-05,Oxford United,Sheff Utd,1:0,Not in squad,,,,,,,,,,
2024/25,1031293,Ryan Oné,Championship,41,2025-04-08,Sheff Utd,Millwall,0:1,Not in squad,,,,,,,,,,
2024/25,1031293,Ryan Oné,Championship,42,2025-04-12,Plymouth,Sheff Utd,2:1,Not in squad,,,,,,,,,,
2024/25,1031293,Ryan Oné,Championship,43,2025-04-18,Sheff Utd,Cardiff,2:0,Not in squad,,,,,,,,,,
2024/25,1031293,Ryan Oné,Championship,44,2025-04-21,Burnley,Sheff Utd,2:1,Not in squad,,,,,,,,,,
2024/25,1031293,Ryan Oné,Championship,45,2025-04-25,Stoke City,Sheff Utd,0:2,on the bench,,,,,,,,,,
2024/25,1031293,Ryan Oné,Championship,46,2025-05-03,Sheff Utd,Blackburn,1:1,,,,,,,,85,,5,
2024/25,1031293,Ryan Oné,FA Cup,Third Round,2025-01-09,Sheff Utd,Cardiff,0:1,CF,,,,,,,,,90,
2024/25,1031293,Ryan Oné,EFL Cup,First Round,2024-08-13,Sheff Utd,Wrexham,4:2,,,,,,,,70,,20,
2024/25,1031293,Ryan Oné,EFL Cup,Second Round,2024-08-27,Barnsley,Sheff Utd,1:0,on the bench,,,,,,,,,,
2024/25,1031293,Ryan Oné,Championship Play-Offs,Semi-Finals 1st Leg,2025-05-08,Bristol City,Sheff Utd,0:3,Not in squad,,,,,,,,,,
2024/25,1031293,Ryan Oné,Championship Play-Offs,Semi-Finals 2nd Leg,2025-05-12,Sheff Utd,Bristol City,3:0,Not in squad,,,,,,,,,,
2024/25,1031293,Ryan Oné,Championship Play-Offs,Final,2025-05-24,Sheff Utd,Sunderland,1:2,Not in squad,,,,,,,,,,
2024/25,1031293,Ryan Oné,UEFA EURO U19 Championship Qualifiers,Group 5,2024-11-13,Wales U19,Scotland U19,1:0,CF,,,,,,,,,90,
2024/25,1031293,Ryan Oné,UEFA EURO U19 Championship Qualifiers,Group 5,2024-11-16,Scotland U19,Liechtenst. U19,4:0,CF,,2,,,,,,63,63,
2024/25,1031293,Ryan Oné,UEFA EURO U19 Championship Qualifiers,Group 5,2024-11-19,Scotland U19,France U19,0:0,CF,,,,,,,,,90,
2024/25,1031293,Ryan Oné,Premier League Cup,Group D,2024-09-06,Sunderland U21,Sheff Utd U21,0:1,Not in squad,,,,,,,,,,
2024/25,1031293,Ryan Oné,Premier League Cup,Group D,2024-09-17,Sheff Utd U21,Wolves U21,3:0,CF,,,,83,,,,,90,
2024/25,1031293,Ryan Oné,Premier League Cup,Group D,2024-11-11,Sheff Utd U21,Huddersf. U21,7:2,Information not yet available,,,,,,,,,,
2024/25,1031293,Ryan Oné,Premier League Cup,Group D,2024-11-25,Sheff Utd U21,Sunderland U21,2:1,Not in squad,,,,,,,,,,
2024/25,1031293,Ryan Oné,Premier League Cup,Group D,2025-01-14,Wolves U21,Sheff Utd U21,1:2,Not in squad,,,,,,,,,,
2024/25,1031293,Ryan Oné,Premier League Cup,Group D,2025-01-31,Huddersf. U21,Sheff Utd U21,3:2,Information not yet available,,,,,,,,,,
2024/25,1031293,Ryan Oné,Premier League Cup,Round of 16,2025-03-12,Sheff Utd U21,Southampton U21,1:4,Not in squad,,,,,,,,,,
