﻿season,player_id,player_name,competition,journey,date,home_team,away_team,result,position,goals,assists,own_goals,yellow_cards,second_yellow_cards,red_cards,substitutions_on,substitutions_off,minutes_played,transfermarkt_score
2020/21,102017,Jorginho,UEFA Champions League,Group E,2020-10-20,Chelsea,Sevilla FC,0:0,DM,,,,14,,,,65,65,
2020/21,102017,Jorginho,UEFA Champions League,Group E,2020-10-28,Krasnodar,Chelsea,0:4,DM,,,,,,,,71,71,
2020/21,102017,Jorginho,UEFA Champions League,Group E,2020-11-04,Chelsea,Stade Rennais,3:0,DM,,,,65,,,,,90,
2020/21,102017,Jorginho,UEFA Champions League,Group E,2020-11-24,Stade Rennais,Chelsea,1:2,DM,,,,,,,,,90,
2020/21,102017,Jorginho,UEFA Champions League,Group E,2020-12-02,Sevilla FC,Chelsea,0:4,DM,,,,,,,,85,85,
2020/21,102017,Jorginho,UEFA Champions League,Group E,2020-12-08,Chelsea,Krasnodar,1:1,DM,1,,,,,,,,90,
2020/21,102017,Jorginho,UEFA Champions League,last 16 1st leg,2021-02-23,Atlético,Chelsea,0:1,DM,,,,64,,,,,90,
2020/21,102017,Jorginho,UEFA Champions League,last 16 2nd leg,2021-03-17,Chelsea,Atlético,2:0,Yellow card suspension,,,,,,,,,,
2020/21,102017,Jorginho,UEFA Champions League,Quarter-Finals 1st leg,2021-04-07,Porto,Chelsea,0:2,DM,,1,,,,,,,90,
2020/21,102017,Jorginho,UEFA Champions League,Quarter-Finals 2nd leg,2021-04-13,Chelsea,Porto,0:1,DM,,,,,,,,,90,
2020/21,102017,Jorginho,UEFA Champions League,Semi-Finals 1st Leg,2021-04-27,Real Madrid,Chelsea,1:1,DM,,,,,,,,,90,
2020/21,102017,Jorginho,UEFA Champions League,Semi-Finals 2nd Leg,2021-05-05,Chelsea,Real Madrid,2:0,DM,,,,14,,,,,90,
2020/21,102017,Jorginho,UEFA Champions League,Final,2021-05-29,Man City,Chelsea,0:1,DM,,,,,,,,,90,
2020/21,102017,Jorginho,World Cup qualification Europe,Group C,2021-03-25,Italy,N. Ireland,2:0,Not in squad,,,,,,,,,,
2020/21,102017,Jorginho,World Cup qualification Europe,Group C,2021-03-28,Bulgaria,Italy,0:2,Not in squad,,,,,,,,,,
2020/21,102017,Jorginho,World Cup qualification Europe,Group C,2021-03-31,Lithuania,Italy,0:2,Not in squad,,,,,,,,,,
2021/22,102017,Jorginho,World Cup qualification Europe,Group C,2021-09-02,Italy,Bulgaria,1:1,DM,,,,,,,,,90,
2021/22,102017,Jorginho,World Cup qualification Europe,Group C,2021-09-05,Switzerland,Italy,0:0,DM,,,,,,,,,90,
2021/22,102017,Jorginho,World Cup qualification Europe,Group C,2021-09-08,Italy,Lithuania,5:0,DM,,,,,,,,61,61,
2021/22,102017,Jorginho,World Cup qualification Europe,Group C,2021-11-12,Italy,Switzerland,1:1,DM,,,,,,,,,90,
2021/22,102017,Jorginho,World Cup qualification Europe,Group C,2021-11-15,N. Ireland,Italy,0:0,DM,,,,,,,,68,68,
2020/21,102017,Jorginho,International Friendlies,7,2020-10-07,Italy,Moldova,6:0,on the bench,,,,,,,,,,
2020/21,102017,Jorginho,International Friendlies,8,2020-11-11,Italy,Estonia,4:0,on the bench,,,,,,,,,,
2020/21,102017,Jorginho,International Friendlies,4,2021-05-28,Italy,San Marino,7:0,Not in squad,,,,,,,,,,
2020/21,102017,Jorginho,International Friendlies,5,2021-06-04,Italy,Czechia,4:0,DM,,1,,,,,,64,64,
2021/22,102017,Jorginho,UEFA Nations League Finals,Semi-Finals,2021-10-06,Italy,Spain,1:2,DM,,,,,,,,64,64,
2021/22,102017,Jorginho,UEFA Nations League Finals,Third Place Play-Off,2021-10-10,Italy,Belgium,2:1,DM,,,,,,,71,,19,
2020/21,102017,Jorginho,UEFA Nations League A,Group 1,2020-09-04,Italy,Bosnia,1:1,on the bench,,,,,,,,,,
2020/21,102017,Jorginho,UEFA Nations League A,Group 1,2020-09-07,Netherlands,Italy,0:1,DM,,,,,,,,,90,
2020/21,102017,Jorginho,UEFA Nations League A,Group 1,2020-10-11,Poland,Italy,0:0,DM,,,,,,,,,90,
2020/21,102017,Jorginho,UEFA Nations League A,Group 1,2020-10-14,Italy,Netherlands,1:1,DM,,,,,,,,,90,
2020/21,102017,Jorginho,UEFA Nations League A,Group 1,2020-11-15,Italy,Poland,2:0,DM,1,,,,,,,,90,
2020/21,102017,Jorginho,UEFA Nations League A,Group 1,2020-11-18,Bosnia,Italy,0:2,DM,,,,,,,,,90,
2020/21,102017,Jorginho,Premier League,1,2020-09-14,Brighton,Chelsea,1:3,DM,1,1,,,,,,85,85,
2020/21,102017,Jorginho,Premier League,2,2020-09-20,Chelsea,Liverpool,0:2,DM,,,,,,,,79,79,
2020/21,102017,Jorginho,Premier League,3,2020-09-26,West Brom,Chelsea,3:3,on the bench,,,,,,,,,,
2020/21,102017,Jorginho,Premier League,4,2020-10-03,Chelsea,Crystal Palace,4:0,DM,2,,,,,,,,90,
2020/21,102017,Jorginho,Premier League,5,2020-10-17,Chelsea,Southampton,3:3,DM,,,,,,,,,90,
2020/21,102017,Jorginho,Premier League,6,2020-10-24,Man Utd,Chelsea,0:0,DM,,,,,,,,,90,
2020/21,102017,Jorginho,Premier League,7,2020-10-31,Burnley,Chelsea,0:3,DM,,,,,,,86,,4,
2020/21,102017,Jorginho,Premier League,8,2020-11-07,Chelsea,Sheff Utd,4:1,DM,,,,,,,71,,19,
2020/21,102017,Jorginho,Premier League,9,2020-11-21,Newcastle,Chelsea,0:2,on the bench,,,,,,,,,,
2020/21,102017,Jorginho,Premier League,10,2020-11-29,Chelsea,Tottenham,0:0,on the bench,,,,,,,,,,
2020/21,102017,Jorginho,Premier League,11,2020-12-05,Chelsea,Leeds,3:1,on the bench,,,,,,,,,,
2020/21,102017,Jorginho,Premier League,12,2020-12-12,Everton,Chelsea,1:0,on the bench,,,,,,,,,,
2020/21,102017,Jorginho,Premier League,13,2020-12-15,Wolves,Chelsea,2:1,on the bench,,,,,,,,,,
2020/21,102017,Jorginho,Premier League,14,2020-12-21,Chelsea,West Ham,3:0,DM,,,,,,,,66,66,
2020/21,102017,Jorginho,Premier League,15,2020-12-26,Arsenal,Chelsea,3:1,DM,,,,,,,46,,45,
2020/21,102017,Jorginho,Premier League,16,2020-12-28,Chelsea,Aston Villa,1:1,DM,,,,,,,,72,72,
2020/21,102017,Jorginho,Premier League,17,2021-01-03,Chelsea,Man City,1:3,on the bench,,,,,,,,,,
2020/21,102017,Jorginho,Premier League,19,2021-01-16,Fulham,Chelsea,0:1,DM,,,,,,,,65,65,
2020/21,102017,Jorginho,Premier League,18,2021-01-19,Leicester,Chelsea,2:0,on the bench,,,,,,,,,,
2020/21,102017,Jorginho,Premier League,20,2021-01-27,Chelsea,Wolves,0:0,DM,,,,,,,,,90,
2020/21,102017,Jorginho,Premier League,21,2021-01-31,Chelsea,Burnley,2:0,DM,,,,,,,,,90,
2020/21,102017,Jorginho,Premier League,22,2021-02-04,Tottenham,Chelsea,0:1,DM,1,,,,,,,,90,
2020/21,102017,Jorginho,Premier League,23,2021-02-07,Sheff Utd,Chelsea,1:2,DM,1,,,,,,,,90,
2020/21,102017,Jorginho,Premier League,24,2021-02-15,Chelsea,Newcastle,2:0,DM,,,,,,,,,90,
2020/21,102017,Jorginho,Premier League,25,2021-02-20,Southampton,Chelsea,1:1,DM,,,,,,,76,,14,
2020/21,102017,Jorginho,Premier League,26,2021-02-28,Chelsea,Man Utd,0:0,on the bench,,,,,,,,,,
2020/21,102017,Jorginho,Premier League,29,2021-03-04,Liverpool,Chelsea,0:1,DM,,,,,,,,,90,
2020/21,102017,Jorginho,Premier League,27,2021-03-08,Chelsea,Everton,2:0,DM,1,,,,,,,,90,
2020/21,102017,Jorginho,Premier League,28,2021-03-13,Leeds,Chelsea,0:0,DM,,,,,,,,,90,
2020/21,102017,Jorginho,Premier League,30,2021-04-03,Chelsea,West Brom,2:5,DM,,,,,,,,72,72,
2020/21,102017,Jorginho,Premier League,31,2021-04-10,Crystal Palace,Chelsea,1:4,DM,,,,,,,,61,61,
2020/21,102017,Jorginho,Premier League,32,2021-04-20,Chelsea,Brighton,0:0,DM,,,,35,,,,,90,
2020/21,102017,Jorginho,Premier League,33,2021-04-24,West Ham,Chelsea,0:1,DM,,,,,,,,,90,
2020/21,102017,Jorginho,Premier League,34,2021-05-01,Chelsea,Fulham,2:0,on the bench,,,,,,,,,,
2020/21,102017,Jorginho,Premier League,35,2021-05-08,Man City,Chelsea,1:2,DM,,,,,,,68,,22,
2020/21,102017,Jorginho,Premier League,36,2021-05-12,Chelsea,Arsenal,0:1,DM,,,,,,,,,90,
2020/21,102017,Jorginho,Premier League,37,2021-05-18,Chelsea,Leicester,2:1,DM,1,,,,,,,,90,
2020/21,102017,Jorginho,Premier League,38,2021-05-23,Aston Villa,Chelsea,2:1,DM,,,,45,,,,60,60,
2020/21,102017,Jorginho,FA Cup,Third Round,2021-01-10,Chelsea,Morecambe FC,4:0,on the bench,,,,,,,,,,
2020/21,102017,Jorginho,FA Cup,Fourth Round,2021-01-24,Chelsea,Luton,3:1,on the bench,,,,,,,,,,
2020/21,102017,Jorginho,FA Cup,Fifth Round,2021-02-11,Barnsley,Chelsea,0:1,Not in squad,,,,,,,,,,
2020/21,102017,Jorginho,FA Cup,Quarter-Finals,2021-03-21,Chelsea,Sheff Utd,2:0,Not in squad,,,,,,,,,,
2020/21,102017,Jorginho,FA Cup,Semi-Finals,2021-04-17,Chelsea,Man City,1:0,DM,,,,,,,,,90,
2020/21,102017,Jorginho,FA Cup,Final,2021-05-15,Chelsea,Leicester,0:1,DM,,,,,,,,75,75,
2020/21,102017,Jorginho,EFL Cup,Third Round,2020-09-23,Chelsea,Barnsley,6:0,on the bench,,,,,,,,,,
2020/21,102017,Jorginho,EFL Cup,Fourth Round,2020-09-29,Tottenham,Chelsea,6:5 on pens,DM,,,,83,,,,,90,
2020/21,102017,Jorginho,EURO 2020,Group A,2021-06-11,Turkiye,Italy,0:3,DM,,,,,,,,,90,
2020/21,102017,Jorginho,EURO 2020,Group A,2021-06-16,Italy,Switzerland,3:0,DM,,,,,,,,,90,
2020/21,102017,Jorginho,EURO 2020,Group A,2021-06-20,Italy,Wales,1:0,DM,,,,,,,,75,75,
2020/21,102017,Jorginho,EURO 2020,Round of 16,2021-06-26,Italy,Austria,2:1 AET,DM,,,,,,,,,120,
2021/22,102017,Jorginho,EURO 2020,Quarter-Finals,2021-07-02,Belgium,Italy,1:2,DM,,,,,,,,,90,
2021/22,102017,Jorginho,EURO 2020,Semi-Finals,2021-07-06,Italy,Spain,5:3 on pens,DM,,,,,,,,,120,
2021/22,102017,Jorginho,EURO 2020,Final,2021-07-11,Italy,England,4:3 on pens,DM,,,,114,,,,,120,
