﻿season,player_id,player_name,competition,journey,date,home_team,away_team,result,position,goals,assists,own_goals,yellow_cards,second_yellow_cards,red_cards,substitutions_on,substitutions_off,minutes_played,transfermarkt_score
2015/16,108725,Chris Wood,International Friendlies,3,2015-09-07,Myanmar,New Zealand,1:1,Not in squad,,,,,,,,,,
2015/16,108725,Chris Wood,International Friendlies,12,2015-11-12,Oman,New Zealand,0:1,CF,1,,,,,,,,90,
2015/16,108725,Chris Wood,Championship,1,2015-08-08,Leeds,Burnley,1:1,CF,,,,,,,,,90,
2015/16,108725,Chris Wood,Championship,2,2015-08-16,Reading,Leeds,0:0,CF,,,,,,,,,90,
2015/16,108725,Chris Wood,Championship,3,2015-08-19,Bristol City,Leeds,2:2,CF,1,,,93,,,,,90,
2015/16,108725,Chris Wood,Championship,4,2015-08-22,Leeds,Sheff Wed,1:1,CF,1,,,,,,,,90,
2015/16,108725,Chris Wood,Championship,5,2015-08-29,Derby,Leeds,1:2,CF,1,,,,,,,,90,
2015/16,108725,Chris Wood,Championship,6,2015-09-12,Leeds,Brentford,1:1,CF,,1,,,,,,,90,
2015/16,108725,Chris Wood,Championship,7,2015-09-15,Leeds,Ipswich,0:1,CF,,,,,,,,,90,
2015/16,108725,Chris Wood,Championship,8,2015-09-19,MK Dons,Leeds,1:2,CF,1,,,,,,,,90,
2015/16,108725,Chris Wood,Championship,9,2015-09-27,Middlesbrough,Leeds,3:0,Not in squad,,,,,,,,,,
2015/16,108725,Chris Wood,Championship,10,2015-10-03,Leeds,Birmingham,0:2,CF,,,,,,,,,90,
2015/16,108725,Chris Wood,Championship,11,2015-10-17,Leeds,Brighton,1:2,CF,,,,,,,,,90,
2015/16,108725,Chris Wood,Championship,12,2015-10-21,Fulham,Leeds,1:1,CF,1,,,,,,,70,70,
2015/16,108725,Chris Wood,Championship,13,2015-10-24,Bolton,Leeds,1:1,CF,,,,,,,,,90,
2015/16,108725,Chris Wood,Championship,14,2015-10-29,Leeds,Blackburn,0:2,CF,,,,,,,,69,69,
2015/16,108725,Chris Wood,Championship,15,2015-11-03,Leeds,Cardiff,1:0,CF,,,,,,,,,90,
2015/16,108725,Chris Wood,Championship,16,2015-11-07,Huddersfield,Leeds,0:3,CF,1,,,,,,,,90,
2015/16,108725,Chris Wood,Championship,17,2015-11-21,Leeds,Rotherham,0:1,CF,,,,,,,,,90,
2015/16,108725,Chris Wood,Championship,18,2015-11-28,QPR,Leeds,1:0,CF,,,,,,,,,90,
2015/16,108725,Chris Wood,Championship,19,2015-12-05,Leeds,Hull City,2:1,CF,1,,,,,,,90,90,
2015/16,108725,Chris Wood,Championship,20,2015-12-12,Charlton,Leeds,0:0,CF,,,,,,,,,90,
2015/16,108725,Chris Wood,Championship,21,2015-12-17,Wolves,Leeds,2:3,CF,,1,,,,,,80,80,
2015/16,108725,Chris Wood,Championship,22,2015-12-20,Leeds,Preston,1:0,CF,,,,,,,,83,83,
2015/16,108725,Chris Wood,Championship,23,2015-12-27,Nott'm Forest,Leeds,1:1,CF,,,,,,,,,90,
2015/16,108725,Chris Wood,Championship,24,2015-12-29,Leeds,Derby,2:2,CF,1,,,,,,,75,75,
2015/16,108725,Chris Wood,Championship,25,2016-01-02,Leeds,MK Dons,1:1,Not in squad,,,,,,,,,,
2015/16,108725,Chris Wood,Championship,26,2016-01-12,Ipswich,Leeds,2:1,Not in squad,,,,,,,,,,
2015/16,108725,Chris Wood,Championship,27,2016-01-16,Sheff Wed,Leeds,2:0,Not in squad,,,,,,,,,,
2015/16,108725,Chris Wood,Championship,28,2016-01-23,Leeds,Bristol City,1:0,CF,,1,,,,,54,,36,
2015/16,108725,Chris Wood,Championship,29,2016-01-26,Brentford,Leeds,1:1,CF,,,,,,,,19,19,
2015/16,108725,Chris Wood,Championship,30,2016-02-06,Leeds,Nott'm Forest,0:1,Not in squad,,,,,,,,,,
2015/16,108725,Chris Wood,Championship,31,2016-02-15,Leeds,Middlesbrough,0:0,Not in squad,,,,,,,,,,
2015/16,108725,Chris Wood,Championship,33,2016-02-23,Leeds,Fulham,1:1,Not in squad,,,,,,,,,,
2015/16,108725,Chris Wood,Championship,34,2016-02-29,Brighton,Leeds,4:0,Not in squad,,,,,,,,,,
2015/16,108725,Chris Wood,Championship,35,2016-03-05,Leeds,Bolton,2:1,Not in squad,,,,,,,,,,
2015/16,108725,Chris Wood,Championship,36,2016-03-08,Cardiff,Leeds,0:2,Not in squad,,,,,,,,,,
2015/16,108725,Chris Wood,Championship,37,2016-03-12,Blackburn,Leeds,1:2,CF,,,,,,,85,,5,
2015/16,108725,Chris Wood,Championship,38,2016-03-19,Leeds,Huddersfield,1:4,,,,,,,,74,,16,
2015/16,108725,Chris Wood,Championship,39,2016-04-02,Rotherham,Leeds,2:1,CF,,,,,,,,,90,
2015/16,108725,Chris Wood,Championship,40,2016-04-05,Leeds,QPR,1:1,CF,1,,,,,,,,90,
2015/16,108725,Chris Wood,Championship,41,2016-04-09,Burnley,Leeds,1:0,CF,,,,,,,,,90,
2015/16,108725,Chris Wood,Championship,32,2016-04-12,Birmingham,Leeds,1:2,CF,,1,,,,,,,90,
2015/16,108725,Chris Wood,Championship,42,2016-04-16,Leeds,Reading,3:2,CF,2,,,,,,,,90,
2015/16,108725,Chris Wood,Championship,43,2016-04-19,Leeds,Wolves,2:1,CF,,,,,,,,,90,
2015/16,108725,Chris Wood,Championship,44,2016-04-23,Hull City,Leeds,2:2,CF,1,,,,,,,,90,
2015/16,108725,Chris Wood,Championship,45,2016-04-30,Leeds,Charlton,1:2,CF,,,,,,,,,90,
2015/16,108725,Chris Wood,Championship,46,2016-05-07,Preston,Leeds,1:1,CF,1,,,,,,,,90,
2015/16,108725,Chris Wood,FA Cup,Third Round,2016-01-09,Leeds,Rotherham,2:0,Not in squad,,,,,,,,,,
2015/16,108725,Chris Wood,FA Cup,Fourth Round,2016-01-30,Bolton,Leeds,1:2,Not in squad,,,,,,,,,,
2015/16,108725,Chris Wood,FA Cup,Fifth Round,2016-02-20,Watford,Leeds,1:0,Not in squad,,,,,,,,,,
2015/16,108725,Chris Wood,League Cup,First Round,2015-08-13,Doncaster,Leeds,5:3 on pens,CF,,,,,,,67,,53,
2015/16,108725,Chris Wood,World Cup qualification Oceania,Group B,2016-05-28,New Zealand,Fiji,3:1,CF,1,1,,,,,,,90,
2015/16,108725,Chris Wood,World Cup qualification Oceania,Group B,2016-05-31,Vanuatu,New Zealand,0:5,CF,2,,,,,,,15,15,
2015/16,108725,Chris Wood,World Cup qualification Oceania,Group B,2016-06-04,New Zealand,Solomons,1:0,on the bench,,,,,,,,,,
2015/16,108725,Chris Wood,World Cup qualification Oceania,Semi-Finals,2016-06-08,New Zealand,New Caledonia,1:0,CF,1,,,,,,,,90,
2015/16,108725,Chris Wood,World Cup qualification Oceania,Final,2016-06-11,New Zealand,Papua N. Guinea,4:2 on pens,Not in squad,,,,,,,,,,
2016/17,108725,Chris Wood,World Cup qualification Oceania,Group 1,2016-11-12,New Zealand,New Caledonia,2:0,CF,,2,,,,,,,90,
2016/17,108725,Chris Wood,World Cup qualification Oceania,Group 1,2016-11-15,New Caledonia,New Zealand,0:0,CF,,,,,,,,,90,
2016/17,108725,Chris Wood,World Cup qualification Oceania,Group 1,2017-03-25,Fiji,New Zealand,0:2,CF,1,,,,,,,,90,
2016/17,108725,Chris Wood,World Cup qualification Oceania,Group 1,2017-03-28,New Zealand,Fiji,2:0,Not in squad,,,,,,,,,,
2017/18,108725,Chris Wood,World Cup qualification Oceania,final 1st leg,2017-09-01,New Zealand,Solomons,6:1,CF,3,,,,,,,,90,
2017/18,108725,Chris Wood,World Cup qualification Oceania,final 2nd leg,2017-09-05,Solomons,New Zealand,2:2,Not in squad,,,,,,,,,,
