﻿season,player_id,player_name,competition,journey,date,home_team,away_team,result,position,goals,assists,own_goals,yellow_cards,second_yellow_cards,red_cards,substitutions_on,substitutions_off,minutes_played,transfermarkt_score
2024/25,1019169,Adam Harrison,EFL Trophy,group A8,2024-09-03,Bradford,Newcastle U21,5:6 on pens,on the bench,,,,,,,,,,
2024/25,1019169,Adam Harrison,EFL Trophy,group A8,2024-10-08,Rotherham,Newcastle U21,3:1,Not in squad,,,,,,,,,,
2024/25,1019169,Adam Harrison,EFL Trophy,group A8,2024-10-29,Mansfield Town,Newcastle U21,3:0,on the bench,,,,,,,,,,
2024/25,1019169,Adam Harrison,Premier League 2 Playoffs,Round of 16,2025-04-25,Arsenal U21,Newcastle U21,2:1,Not in squad,,,,,,,,,,
2024/25,1019169,Adam Harrison,U18 Premier League,14,2024-08-17,Newcastle U18,Boro U18,0:1,GK,,,,,,,,,90,
2024/25,1019169,Adam Harrison,U18 Premier League,2,2024-08-24,Newcastle U18,Derby U18,3:3,GK,,,,,,,,,90,
2024/25,1019169,Adam Harrison,U18 Premier League,3,2024-08-31,Blackburn U18,Newcastle U18,3:1,Not in squad,,,,,,,,,,
2024/25,1019169,Adam Harrison,U18 Premier League,4,2024-09-14,Newcastle U18,Man Utd U18,1:5,Not in squad,,,,,,,,,,
2024/25,1019169,Adam Harrison,U18 Premier League,5,2024-09-21,Newcastle U18,Wolves U18,0:1,Not in squad,,,,,,,,,,
2024/25,1019169,Adam Harrison,U18 Premier League,6,2024-09-28,Liverpool U18,Newcastle U18,2:3,Not in squad,,,,,,,,,,
2024/25,1019169,Adam Harrison,U18 Premier League,7,2024-10-19,Everton U18,Newcastle U18,3:2,Not in squad,,,,,,,,,,
2024/25,1019169,Adam Harrison,U18 Premier League,23,2024-10-26,Leeds U18,Newcastle U18,4:5,Not in squad,,,,,,,,,,
2024/25,1019169,Adam Harrison,U18 Premier League,10,2024-11-09,Newcastle U18,Sunderland U18,3:3,on the bench,,,,,,,,,,
2024/25,1019169,Adam Harrison,U18 Premier League,11,2024-11-30,Man City U18,Newcastle U18,7:1,GK,,,,,,,,,90,
2024/25,1019169,Adam Harrison,U18 Premier League,12,2024-12-14,Newcastle U18,Nottingham U18,3:0,GK,,,,,,,,,90,
2024/25,1019169,Adam Harrison,U18 Premier League,1,2025-01-25,Boro U18,Newcastle U18,2:4,Not in squad,,,,,,,,,,
2024/25,1019169,Adam Harrison,U18 Premier League,15,2025-02-01,Derby U18,Newcastle U18,0:3,Not in squad,,,,,,,,,,
2024/25,1019169,Adam Harrison,U18 Premier League,16,2025-02-08,Newcastle U18,Blackburn U18,1:5,Not in squad,,,,,,,,,,
2024/25,1019169,Adam Harrison,U18 Premier League,17,2025-02-15,Man Utd U18,Newcastle U18,0:0,Not in squad,,,,,,,,,,
2024/25,1019169,Adam Harrison,U18 Premier League,18,2025-02-22,Newcastle U18,Liverpool U18,3:1,Not in squad,,,,,,,,,,
2024/25,1019169,Adam Harrison,U18 Premier League,19,2025-03-01,Wolves U18,Newcastle U18,2:4,Not in squad,,,,,,,,,,
2024/25,1019169,Adam Harrison,U18 Premier League,20,2025-03-08,Newcastle U18,Stoke U18,4:1,Not in squad,,,,,,,,,,
2024/25,1019169,Adam Harrison,U18 Premier League,21,2025-03-15,Nottingham U18,Newcastle U18,0:1,Not in squad,,,,,,,,,,
2024/25,1019169,Adam Harrison,U18 Premier League,22,2025-03-29,Newcastle U18,Everton U18,1:2,Not in squad,,,,,,,,,,
2024/25,1019169,Adam Harrison,U18 Premier League,13,2025-04-05,Stoke U18,Newcastle U18,5:3,GK,,,,,,,,,90,
2024/25,1019169,Adam Harrison,U18 Premier League,25,2025-04-26,Sunderland U18,Newcastle U18,1:3,GK,,,,67,,,,,90,
2024/25,1019169,Adam Harrison,U18 Premier League,8,2025-04-30,Newcastle U18,Leeds U18,3:3,Not in squad,,,,,,,,,,
2024/25,1019169,Adam Harrison,U18 Premier League,26,2025-05-10,Newcastle U18,Man City U18,3:3,Not in squad,,,,,,,,,,
2024/25,1019169,Adam Harrison,Premier League 2,1,2024-08-19,Newcastle U21,Sunderland U21,1:1,Not in squad,,,,,,,,,,
2024/25,1019169,Adam Harrison,Premier League 2,2,2024-08-25,Tottenham U21,Newcastle U21,0:1,Not in squad,,,,,,,,,,
2024/25,1019169,Adam Harrison,Premier League 2,3,2024-08-30,Derby U21,Newcastle U21,1:0,on the bench,,,,,,,,,,
2024/25,1019169,Adam Harrison,Premier League 2,4,2024-09-20,Newcastle U21,West Ham U21,0:1,Not in squad,,,,,,,,,,
2024/25,1019169,Adam Harrison,Premier League 2,5,2024-09-27,Newcastle U21,Blackburn U21,2:0,Not in squad,,,,,,,,,,
2024/25,1019169,Adam Harrison,Premier League 2,6,2024-10-05,Aston Villa U21,Newcastle U21,2:3,Not in squad,,,,,,,,,,
2024/25,1019169,Adam Harrison,Premier League 2,7,2024-10-26,Newcastle U21,Man Utd U21,0:2,on the bench,,,,,,,,,,
2024/25,1019169,Adam Harrison,Premier League 2,8,2024-11-01,Leeds U21,Newcastle U21,1:3,Not in squad,,,,,,,,,,
2024/25,1019169,Adam Harrison,Premier League 2,9,2024-11-29,Newcastle U21,Palace U21,1:0,Not in squad,,,,,,,,,,
2024/25,1019169,Adam Harrison,Premier League 2,10,2024-12-16,Newcastle U21,Chelsea U21,3:2,Not in squad,,,,,,,,,,
2024/25,1019169,Adam Harrison,Premier League 2,12,2025-01-17,Southampton U21,Newcastle U21,4:2,Not in squad,,,,,,,,,,
2024/25,1019169,Adam Harrison,Premier League 2,13,2025-01-27,Newcastle U21,Everton U21,2:2,Not in squad,,,,,,,,,,
2024/25,1019169,Adam Harrison,Premier League 2,14,2025-02-10,West Brom U21,Newcastle U21,3:1,Not in squad,,,,,,,,,,
2024/25,1019169,Adam Harrison,Premier League 2,15,2025-02-14,Newcastle U21,Leicester U21,3:6,Not in squad,,,,,,,,,,
2024/25,1019169,Adam Harrison,Premier League 2,16,2025-02-21,Arsenal U21,Newcastle U21,4:1,Not in squad,,,,,,,,,,
2024/25,1019169,Adam Harrison,Premier League 2,17,2025-02-28,Newcastle U21,Stoke U21,4:1,Not in squad,,,,,,,,,,
2024/25,1019169,Adam Harrison,Premier League 2,11,2025-03-07,Boro U21,Newcastle U21,0:2,Not in squad,,,,,,,,,,
2024/25,1019169,Adam Harrison,Premier League 2,18,2025-03-31,Nottingham U21,Newcastle U21,2:3,Not in squad,,,,,,,,,,
2024/25,1019169,Adam Harrison,Premier League 2,19,2025-04-07,Newcastle U21,Reading U21,7:1,Not in squad,,,,,,,,,,
2024/25,1019169,Adam Harrison,Premier League 2,20,2025-04-14,Man City U21,Newcastle U21,4:0,GK,,,,,,,,,90,
2024/25,1019169,Adam Harrison,FA Youth Cup,Third Round,2024-12-09,Newcastle U18,Brighton U18,2:1,on the bench,,,,,,,,,,
2024/25,1019169,Adam Harrison,FA Youth Cup,Fourth Round,2025-01-16,Newcastle U18,Aston Villa U18,0:4,Not in squad,,,,,,,,,,
2024/25,1019169,Adam Harrison,National League Cup,Group C,2024-10-01,Halifax Town,Newcastle U21,1:2,Information not yet available,,,,,,,,,,
2024/25,1019169,Adam Harrison,National League Cup,Group C,2024-11-05,Tamworth,Newcastle U21,6:7 on pens,Not in squad,,,,,,,,,,
2024/25,1019169,Adam Harrison,National League Cup,Group C,2024-12-03,Boston Utd,Newcastle U21,3:2,Information not yet available,,,,,,,,,,
2024/25,1019169,Adam Harrison,National League Cup,Group C,2025-01-21,Gateshead,Newcastle U21,2:4,Information not yet available,,,,,,,,,,
2024/25,1019169,Adam Harrison,National League Cup,Quarter-Finals,2025-02-25,Altrincham,Newcastle U21,6:5 on pens,Not in squad,,,,,,,,,,
