﻿season,player_id,player_name,competition,journey,date,home_team,away_team,result,position,goals,assists,own_goals,yellow_cards,second_yellow_cards,red_cards,substitutions_on,substitutions_off,minutes_played,transfermarkt_score
2025/26,1049905,Aidan Borland,UEFA Europa League,Group Stage,2025-09-25,Aston Villa,Bologna,1:0,Not in squad,,,,,,,,,,
2025/26,1049905,Aidan Borland,UEFA Europa League,Group Stage,2025-10-02,Feyenoord,Aston Villa,0:2,Not in squad,,,,,,,,,,
2025/26,1049905,Aidan Borland,UEFA Europa League,Group Stage,2025-10-23,Go Ahead Eagles,Aston Villa,2:1,Not in squad,,,,,,,,,,
2025/26,1049905,Aidan Borland,UEFA Europa League,Group Stage,2025-11-06,Aston Villa,M. Tel Aviv,2:0,Not in squad,,,,,,,,,,
2025/26,1049905,Aidan Borland,UEFA Europa League,Group Stage,2025-11-27,Aston Villa,Young Boys,2:1,Not in squad,,,,,,,,,,
2025/26,1049905,Aidan Borland,International Friendlies,1,2025-09-03,Scotland U19,Slovenia U19,2:3,Not in squad,,,,,,,,,,
2025/26,1049905,Aidan Borland,International Friendlies,12,2025-09-06,Scotland U19,Kazakhstan U19,1:2,Not in squad,,,,,,,,,,
2025/26,1049905,Aidan Borland,International Friendlies,2,2025-09-09,Scotland U19,UAE U19,7:1,Information not yet available,,,,,,,,,,
2025/26,1049905,Aidan Borland,International Friendlies,3,2025-10-08,Wales U19,Scotland U19,-:-,Information not yet available,,,,,,,,,,
2025/26,1049905,Aidan Borland,International Friendlies,3,2025-10-10,Italy U19,Scotland U19,1:1,CM,,,,62,,,,,90,
2025/26,1049905,Aidan Borland,International Friendlies,4,2025-10-13,Italy U19,Scotland U19,1:0,AM,,,,51,,,,,90,
2025/26,1049905,Aidan Borland,UEFA Youth League,Second Round 1st leg,2025-10-21,Skënderbeu YL,Aston Villa YL,1:1,DM,,1,,,,,,,90,
2025/26,1049905,Aidan Borland,UEFA Youth League,Second Round 2nd leg,2025-11-05,Aston Villa YL,Skënderbeu YL,6:0,DM,,1,,,,,,,90,
2025/26,1049905,Aidan Borland,UEFA Youth League,3rd round 1st leg,2025-11-26,Aston Villa YL,AZ Alkmaar YL,2:2,DM,,,,,,,,,90,
2025/26,1049905,Aidan Borland,Premier League,1,2025-08-16,Aston Villa,Newcastle,0:0,Not in squad,,,,,,,,,,
2025/26,1049905,Aidan Borland,Premier League,2,2025-08-23,Brentford,Aston Villa,1:0,Not in squad,,,,,,,,,,
2025/26,1049905,Aidan Borland,Premier League,3,2025-08-31,Aston Villa,Crystal Palace,0:3,Not in squad,,,,,,,,,,
2025/26,1049905,Aidan Borland,Premier League,4,2025-09-13,Everton,Aston Villa,0:0,Not in squad,,,,,,,,,,
2025/26,1049905,Aidan Borland,Premier League,5,2025-09-21,Sunderland,Aston Villa,1:1,Not in squad,,,,,,,,,,
2025/26,1049905,Aidan Borland,Premier League,6,2025-09-28,Aston Villa,Fulham,3:1,Not in squad,,,,,,,,,,
2025/26,1049905,Aidan Borland,Premier League,7,2025-10-05,Aston Villa,Burnley,2:1,Not in squad,,,,,,,,,,
2025/26,1049905,Aidan Borland,Premier League,8,2025-10-19,Tottenham,Aston Villa,1:2,Not in squad,,,,,,,,,,
2025/26,1049905,Aidan Borland,Premier League,9,2025-10-26,Aston Villa,Man City,1:0,Not in squad,,,,,,,,,,
2025/26,1049905,Aidan Borland,Premier League,10,2025-11-01,Liverpool,Aston Villa,2:0,Not in squad,,,,,,,,,,
2025/26,1049905,Aidan Borland,Premier League,11,2025-11-09,Aston Villa,Bournemouth,4:0,Not in squad,,,,,,,,,,
2025/26,1049905,Aidan Borland,Premier League,12,2025-11-23,Leeds,Aston Villa,1:2,Not in squad,,,,,,,,,,
2025/26,1049905,Aidan Borland,Premier League,13,2025-11-30,Aston Villa,Wolves,1:0,Not in squad,,,,,,,,,,
2025/26,1049905,Aidan Borland,Premier League,14,2025-12-03,Brighton,Aston Villa,3:4,Not in squad,,,,,,,,,,
2025/26,1049905,Aidan Borland,EFL Trophy,group B6,2025-09-16,Crawley Town,Aston Villa U21,4:2,Not in squad,,,,,,,,,,
2025/26,1049905,Aidan Borland,EFL Trophy,group B6,2025-09-30,Peterborough,Aston Villa U21,4:2,DM,,,,10,,,,,90,
2025/26,1049905,Aidan Borland,EFL Trophy,group B6,2025-10-28,Leyton Orient,Aston Villa U21,1:0,DM,,,,,,,,,90,
2025/26,1049905,Aidan Borland,EFL Cup,Third Round,2025-09-16,Brentford,Aston Villa,5:3 on pens,on the bench,,,,,,,,,,
2025/26,1049905,Aidan Borland,Premier League 2,1,2025-08-15,Aston Villa U21,Leeds U21,0:3,DM,,,,,,,,,90,
2025/26,1049905,Aidan Borland,Premier League 2,2,2025-08-25,West Brom U21,Aston Villa U21,1:3,DM,,1,,,,,,,90,
2025/26,1049905,Aidan Borland,Premier League 2,3,2025-08-29,Aston Villa U21,Chelsea U21,1:2,DM,,,,,,,,,90,
2025/26,1049905,Aidan Borland,Premier League 2,4,2025-09-19,Everton U21,Aston Villa U21,2:3,DM,,,,,,,,,90,
2025/26,1049905,Aidan Borland,Premier League 2,5,2025-09-26,Nottingham U21,Aston Villa U21,2:3,DM,,,,,,,,,90,
2025/26,1049905,Aidan Borland,Premier League 2,6,2025-10-04,Aston Villa U21,Sunderland U21,3:3,DM,,,,71,,,,,90,
2025/26,1049905,Aidan Borland,Premier League 2,7,2025-10-24,West Ham U21,Aston Villa U21,1:0,CM,,,,,,,,,90,
2025/26,1049905,Aidan Borland,Premier League 2,8,2025-10-31,Aston Villa U21,Palace U21,0:2,DM,,,,96,,,,,90,
2025/26,1049905,Aidan Borland,Premier League 2,9,2025-11-08,Aston Villa U21,Wolves U21,2:0,DM,,,,,,,,,90,
2025/26,1049905,Aidan Borland,UEFA EURO U19 Championship Qualifiers,Group 8,2025-11-12,Latvia U19,Scotland U19,2:2,CM,,,,,,,,,90,
2025/26,1049905,Aidan Borland,UEFA EURO U19 Championship Qualifiers,Group 8,2025-11-15,Scotland U19,Lithuania U19,1:2,DM,,,,74,,,,,90,
2025/26,1049905,Aidan Borland,UEFA EURO U19 Championship Qualifiers,Group 8,2025-11-18,Scotland U19,England U19,0:4,CM,,,,66,,,,,90,
2025/26,1049905,Aidan Borland,UEFA European Under-21 Championship Qualifying,Group 2,2025-09-05,Czechia U21,Scotland U21,2:0,CM,,,,,,,,46,45,
2025/26,1049905,Aidan Borland,UEFA European Under-21 Championship Qualifying,Group 2,2025-09-09,Scotland U21,Portugal U21,0:2,on the bench,,,,,,,,,,
2025/26,1049905,Aidan Borland,UEFA European Under-21 Championship Qualifying,Group 2,2025-10-09,Scotland U21,Gibraltar U21,12:0,Not in squad,,,,,,,,,,
2025/26,1049905,Aidan Borland,UEFA European Under-21 Championship Qualifying,Group 2,2025-10-14,Azerbaijan U21,Scotland U21,3:3,Not in squad,,,,,,,,,,
2025/26,1049905,Aidan Borland,UEFA European Under-21 Championship Qualifying,Group 2,2025-11-15,Gibraltar U21,Scotland U21,0:2,Not in squad,,,,,,,,,,
2025/26,1049905,Aidan Borland,UEFA European Under-21 Championship Qualifying,Group 2,2025-11-18,Scotland U21,Bulgaria U21,1:0,Not in squad,,,,,,,,,,
