﻿season,player_id,player_name,competition,journey,date,home_team,away_team,result,position,goals,assists,own_goals,yellow_cards,second_yellow_cards,red_cards,substitutions_on,substitutions_off,minutes_played,transfermarkt_score
2017/18,111051,Nampalys Mendy,UEFA Europa League,group K,2017-09-14,Zulte Waregem,Nice,1:5,DM,,,,,,,,84,84,
2017/18,111051,Nampalys Mendy,UEFA Europa League,group K,2017-09-28,Nice,Vitesse,3:0,Not in squad,,,,,,,,,,
2017/18,111051,Nampalys Mendy,UEFA Europa League,group K,2017-10-19,Nice,Lazio,1:3,DM,,,,78,,,,,90,
2017/18,111051,Nampalys Mendy,UEFA Europa League,group K,2017-11-02,Lazio,Nice,1:0,DM,,,,,,,,,90,
2017/18,111051,Nampalys Mendy,UEFA Europa League,group K,2017-11-23,Nice,Zulte Waregem,3:1,on the bench,,,,,,,,,,
2017/18,111051,Nampalys Mendy,UEFA Europa League,group K,2017-12-07,Vitesse,Nice,1:0,on the bench,,,,,,,,,,
2017/18,111051,Nampalys Mendy,UEFA Europa League,intermediate stage 1st leg,2018-02-15,Nice,Loko Moscow,2:3,DM,,,,,,,82,,8,
2017/18,111051,Nampalys Mendy,UEFA Europa League,intermediate stage 2nd leg,2018-02-22,Loko Moscow,Nice,1:0,on the bench,,,,,,,,,,
2017/18,111051,Nampalys Mendy,Premier League,1,2017-08-11,Arsenal,Leicester,4:3,Ankle injury,,,,,,,,,,
2017/18,111051,Nampalys Mendy,Premier League,2,2017-08-19,Leicester,Brighton,2:0,Not in squad,,,,,,,,,,
2017/18,111051,Nampalys Mendy,Premier League,3,2017-08-26,Man Utd,Leicester,2:0,Not in squad,,,,,,,,,,
2017/18,111051,Nampalys Mendy,Ligue 1,5,2017-09-09,Nice,Monaco,4:0,,,,,,,,90,,1,
2017/18,111051,Nampalys Mendy,Ligue 1,6,2017-09-17,Stade Rennais,Nice,0:1,,,,,,,,71,,19,
2017/18,111051,Nampalys Mendy,Ligue 1,7,2017-09-22,Nice,Angers SCO,2:2,DM,,,,,,,,,90,
2017/18,111051,Nampalys Mendy,Ligue 1,8,2017-10-01,Nice,Marseille,2:4,CM,,1,,,,,,90,90,
2017/18,111051,Nampalys Mendy,Ligue 1,9,2017-10-15,Montpellier,Nice,2:0,,,,,,,,66,,24,
2017/18,111051,Nampalys Mendy,Ligue 1,10,2017-10-22,Nice,R. Strasbourg,1:2,DM,,,,,,,,,90,
2017/18,111051,Nampalys Mendy,Ligue 1,11,2017-10-27,PSG,Nice,3:0,DM,,,,,,,,66,66,
2017/18,111051,Nampalys Mendy,Ligue 1,12,2017-11-05,Nice,Dijon,1:0,DM,,,,,,,,,90,
2017/18,111051,Nampalys Mendy,Ligue 1,13,2017-11-19,SM Caen,Nice,1:1,CM,,,,,,,,76,76,
2017/18,111051,Nampalys Mendy,Ligue 1,14,2017-11-26,Nice,Lyon,0:5,CM,,,,74,,,,,90,
2017/18,111051,Nampalys Mendy,Ligue 1,15,2017-11-29,Toulouse,Nice,1:2,on the bench,,,,,,,,,,
2017/18,111051,Nampalys Mendy,Ligue 1,16,2017-12-02,Nice,FC Metz,3:1,on the bench,,,,,,,,,,
2017/18,111051,Nampalys Mendy,Ligue 1,17,2017-12-10,FC Nantes,Nice,1:2,on the bench,,,,,,,,,,
2017/18,111051,Nampalys Mendy,Ligue 1,18,2017-12-17,Nice,G. Bordeaux,1:0,on the bench,,,,,,,,,,
2017/18,111051,Nampalys Mendy,Ligue 1,19,2017-12-20,Lille,Nice,1:1,CM,,,,80,,,,,90,
2017/18,111051,Nampalys Mendy,Ligue 1,20,2018-01-13,Nice,Amiens SC,1:0,Groin injury,,,,,,,,,,
2017/18,111051,Nampalys Mendy,Ligue 1,21,2018-01-16,Monaco,Nice,2:2,Groin injury,,,,,,,,,,
2017/18,111051,Nampalys Mendy,Ligue 1,22,2018-01-21,Nice,Saint-Étienne,1:0,on the bench,,,,,,,,,,
2017/18,111051,Nampalys Mendy,Ligue 1,23,2018-01-27,FC Metz,Nice,2:1,DM,,,,,,,,75,75,
2017/18,111051,Nampalys Mendy,Ligue 1,24,2018-02-03,Nice,Toulouse,0:1,DM,,,,,,,,72,72,
2017/18,111051,Nampalys Mendy,Ligue 1,25,2018-02-10,Dijon,Nice,3:2,on the bench,,,,,,,,,,
2017/18,111051,Nampalys Mendy,Ligue 1,26,2018-02-18,Nice,FC Nantes,1:1,on the bench,,,,,,,,,,
2017/18,111051,Nampalys Mendy,Ligue 1,27,2018-02-25,G. Bordeaux,Nice,0:0,DM,,,,,,,,,90,
2017/18,111051,Nampalys Mendy,Ligue 1,28,2018-03-02,Nice,Lille,2:1,on the bench,,,,,,,,,,
2017/18,111051,Nampalys Mendy,Ligue 1,29,2018-03-11,Guingamp,Nice,2:5,Not in squad,,,,,,,,,,
2017/18,111051,Nampalys Mendy,Ligue 1,30,2018-03-18,Nice,PSG,1:2,Not in squad,,,,,,,,,,
2017/18,111051,Nampalys Mendy,Ligue 1,31,2018-04-01,Troyes,Nice,0:2,Not in squad,,,,,,,,,,
2017/18,111051,Nampalys Mendy,Ligue 1,32,2018-04-08,Nice,Stade Rennais,1:1,Not in squad,,,,,,,,,,
2017/18,111051,Nampalys Mendy,Ligue 1,33,2018-04-13,Angers SCO,Nice,1:1,on the bench,,,,,,,,,,
2017/18,111051,Nampalys Mendy,Ligue 1,34,2018-04-22,Nice,Montpellier,1:0,on the bench,,,,,,,,,,
2017/18,111051,Nampalys Mendy,Ligue 1,35,2018-04-28,R. Strasbourg,Nice,1:1,on the bench,,,,,,,,,,
2017/18,111051,Nampalys Mendy,Ligue 1,36,2018-05-06,Marseille,Nice,2:1,on the bench,,,,,,,,,,
2017/18,111051,Nampalys Mendy,Ligue 1,37,2018-05-12,Nice,SM Caen,4:1,on the bench,,,,,,,,,,
2017/18,111051,Nampalys Mendy,Ligue 1,38,2018-05-19,Lyon,Nice,3:2,on the bench,,,,,,,,,,
2017/18,111051,Nampalys Mendy,Coupe de France,Fifth Round,2018-01-06,Toulouse,Nice,1:0,DM,,,,,,,,,90,
2017/18,111051,Nampalys Mendy,Coupe de la Ligue,Round of 16,2017-12-13,Lille,Nice,3:4 on pens,on the bench,,,,,,,,,,
2017/18,111051,Nampalys Mendy,Coupe de la Ligue,Quarter-Finals,2018-01-09,Nice,Monaco,1:2,on the bench,,,,,,,,,,
2017/18,111051,Nampalys Mendy,EFL Trophy,group A1,2017-08-29,Fleetwood,Leicester U23,3:0,Not in squad,,,,,,,,,,
2017/18,111051,Nampalys Mendy,EFL Cup,Second Round,2017-08-22,Sheff Utd,Leicester,1:4,CM,,,,,,,77,,13,
2017/18,111051,Nampalys Mendy,Premier League 2,1,2017-08-14,Leicester U23,Man Utd U23,0:1,Ankle injury,,,,,,,,,,
2017/18,111051,Nampalys Mendy,Premier League 2,2,2017-08-18,Everton U23,Leicester U23,0:1,DM,,,,,,,,46,45,
2017/18,111051,Nampalys Mendy,Premier League 2,3,2017-08-25,Man City U23,Leicester U23,2:2,Not in squad,,,,,,,,,,
