﻿season,player_id,player_name,competition,journey,date,home_team,away_team,result,position,goals,assists,own_goals,yellow_cards,second_yellow_cards,red_cards,substitutions_on,substitutions_off,minutes_played,transfermarkt_score
2025/26,1072898,Jili Buyabu,National League,2,2025-08-16,Forest Green,Yeovil Town,2:0,,1,,,75,,,55,,35,
2025/26,1072898,Jili Buyabu,National League,3,2025-08-20,Forest Green,Sutton Utd,4:0,,,1,,,,,61,,29,
2025/26,1072898,Jili Buyabu,National League,4,2025-08-23,Halifax Town,Forest Green,1:2,on the bench,,,,,,,,,,
2025/26,1072898,Jili Buyabu,National League,5,2025-08-25,Forest Green,Eastleigh,1:0,Not in squad,,,,,,,,,,
2025/26,1072898,Jili Buyabu,National League,6,2025-08-30,Braintree,Forest Green,0:0,Not in squad,,,,,,,,,,
2025/26,1072898,Jili Buyabu,National League,7,2025-09-02,Morecambe FC,Forest Green,1:3,Not in squad,,,,,,,,,,
2025/26,1072898,Jili Buyabu,National League,8,2025-09-06,Forest Green,Hartlepool,1:0,Not in squad,,,,,,,,,,
2025/26,1072898,Jili Buyabu,National League,9,2025-09-13,Forest Green,Scunthorpe Utd.,1:1,Not in squad,,,,,,,,,,
2025/26,1072898,Jili Buyabu,National League,10,2025-09-20,Woking,Forest Green,0:2,Not in squad,,,,,,,,,,
2025/26,1072898,Jili Buyabu,National League,11,2025-09-23,Altrincham,Forest Green,1:2,Not in squad,,,,,,,,,,
2025/26,1072898,Jili Buyabu,National League,12,2025-09-27,Forest Green,York City,1:1,,,,,,,,46,,45,
2025/26,1072898,Jili Buyabu,National League,13,2025-10-01,Boston Utd,Forest Green,0:0,,,,,,,,49,,41,
2025/26,1072898,Jili Buyabu,National League,14,2025-10-04,Forest Green,Rochdale,0:1,LB,,,,,,,,77,77,
2025/26,1072898,Jili Buyabu,National League,15,2025-10-18,Carlisle United,Forest Green,4:2,RB,,1,,,,,,83,83,
2025/26,1072898,Jili Buyabu,National League,16,2025-10-25,Forest Green,Boreham Wood,2:1,LB,1,,,,,,,81,81,
2025/26,1072898,Jili Buyabu,National League,18,2025-11-08,Aldershot,Forest Green,2:3,LB,,,,16,,,,88,88,
2025/26,1072898,Jili Buyabu,National League,17,2025-11-11,Forest Green,Tamworth,4:2,LB,,1,,,,,,,90,
2025/26,1072898,Jili Buyabu,National League,19,2025-11-15,Forest Green,Gateshead,3:1,LB,1,,,,,,,68,68,
2025/26,1072898,Jili Buyabu,National League,20,2025-11-22,Wealdstone,Forest Green,1:1,LB,,1,,16,,,,46,45,
2025/26,1072898,Jili Buyabu,National League,21,2025-11-29,Forest Green,Southend United,2:1,Information not yet available,,,,,,,,,,
2025/26,1072898,Jili Buyabu,FA Cup,First Round,2025-10-31,Luton,Forest Green,4:3,LM,,1,,,,,,,90,
2025/26,1072898,Jili Buyabu,National League Cup,Group B,2025-09-16,Forest Green,Wolves U21,3:2,Not in squad,,,,,,,,,,
2025/26,1072898,Jili Buyabu,National League Cup,Group B,2025-10-21,Forest Green,Leicester U21,5:7 on pens,,,,,,,,,1,1,
2025/26,1072898,Jili Buyabu,National League Cup,Group B,2025-11-25,Forest Green,Nottingham U21,0:1,Centre Forward,,,,,,,,46,45,
