﻿season,player_id,player_name,competition,journey,date,home_team,away_team,result,position,goals,assists,own_goals,yellow_cards,second_yellow_cards,red_cards,substitutions_on,substitutions_off,minutes_played,transfermarkt_score
2025/26,1088818,Joe Johnson,EFL Trophy,group B8,2025-09-02,Luton,Barnet,4:1,Not in squad,,,,,,,,,,
2025/26,1088818,Joe Johnson,EFL Trophy,group B8,2025-10-07,Cambridge Utd.,Luton,3:1,Not in squad,,,,,,,,,,
2025/26,1088818,Joe Johnson,EFL Trophy,group B8,2025-10-28,Luton,Brighton U21,3:1,Not in squad,,,,,,,,,,
2025/26,1088818,Joe Johnson,EFL Trophy,Second Round,2025-12-02,Luton,Exeter City,4:0,LB,,1,,,,,,71,71,
2025/26,1088818,Joe Johnson,League One,1,2025-08-01,Luton,AFC Wimbledon,1:0,Not in squad,,,,,,,,,,
2025/26,1088818,Joe Johnson,League One,2,2025-08-09,Peterborough,Luton,0:2,Not in squad,,,,,,,,,,
2025/26,1088818,Joe Johnson,League One,3,2025-08-16,Bradford,Luton,2:1,Not in squad,,,,,,,,,,
2025/26,1088818,Joe Johnson,League One,4,2025-08-19,Luton,Wigan,1:0,Not in squad,,,,,,,,,,
2025/26,1088818,Joe Johnson,League One,5,2025-08-23,Luton,Cardiff,0:1,Not in squad,,,,,,,,,,
2025/26,1088818,Joe Johnson,League One,6,2025-08-30,Burton Albion,Luton,0:3,Not in squad,,,,,,,,,,
2025/26,1088818,Joe Johnson,League One,8,2025-09-13,Luton,Plymouth,2:3,Not in squad,,,,,,,,,,
2025/26,1088818,Joe Johnson,League One,9,2025-09-20,Lincoln City,Luton,3:1,Not in squad,,,,,,,,,,
2025/26,1088818,Joe Johnson,League One,10,2025-09-27,Luton,Doncaster,1:0,Not in squad,,,,,,,,,,
2025/26,1088818,Joe Johnson,League One,7,2025-09-30,Blackpool,Luton,2:2,Not in squad,,,,,,,,,,
2025/26,1088818,Joe Johnson,League One,11,2025-10-04,Stevenage,Luton,2:0,Not in squad,,,,,,,,,,
2025/26,1088818,Joe Johnson,League One,13,2025-10-18,Luton,Mansfield Town,0:2,Not in squad,,,,,,,,,,
2025/26,1088818,Joe Johnson,League One,14,2025-10-25,Northampton,Luton,0:1,Not in squad,,,,,,,,,,
2025/26,1088818,Joe Johnson,League One,15,2025-11-08,Stockport,Luton,0:3,Not in squad,,,,,,,,,,
2025/26,1088818,Joe Johnson,League One,16,2025-11-15,Luton,Rotherham,0:0,Not in squad,,,,,,,,,,
2025/26,1088818,Joe Johnson,League One,17,2025-11-22,Barnsley,Luton,5:0,Not in squad,,,,,,,,,,
2025/26,1088818,Joe Johnson,League One,12,2025-11-25,Luton,Huddersfield,2:1,Not in squad,,,,,,,,,,
2025/26,1088818,Joe Johnson,League One,18,2025-11-29,Luton,Bolton,1:1,Not in squad,,,,,,,,,,
2025/26,1088818,Joe Johnson,FA Cup,First Round,2025-10-31,Luton,Forest Green,4:3,Not in squad,,,,,,,,,,
2025/26,1088818,Joe Johnson,EFL Cup,First Round,2025-08-12,Coventry,Luton,1:0,Not in squad,,,,,,,,,,
