﻿season,player_id,player_name,competition,journey,date,home_team,away_team,result,position,goals,assists,own_goals,yellow_cards,second_yellow_cards,red_cards,substitutions_on,substitutions_off,minutes_played,transfermarkt_score
2022/23,1072898,Jili Buyabu,Championship,1,2022-08-01,Watford,Sheff Utd,1:0,Not in squad,,,,,,,,,,
2022/23,1072898,Jili Buyabu,Championship,2,2022-08-06,Sheff Utd,Millwall,2:0,Not in squad,,,,,,,,,,
2022/23,1072898,Jili Buyabu,Championship,3,2022-08-14,Middlesbrough,Sheff Utd,2:2,Not in squad,,,,,,,,,,
2022/23,1072898,Jili Buyabu,Championship,4,2022-08-17,Sheff Utd,Sunderland,2:1,Not in squad,,,,,,,,,,
2022/23,1072898,Jili Buyabu,Championship,5,2022-08-20,Sheff Utd,Blackburn,3:0,Not in squad,,,,,,,,,,
2022/23,1072898,Jili Buyabu,Championship,6,2022-08-26,Luton,Sheff Utd,1:1,Not in squad,,,,,,,,,,
2022/23,1072898,Jili Buyabu,Championship,7,2022-08-30,Sheff Utd,Reading,4:0,Not in squad,,,,,,,,,,
2022/23,1072898,Jili Buyabu,Championship,8,2022-09-04,Hull City,Sheff Utd,0:2,Not in squad,,,,,,,,,,
2022/23,1072898,Jili Buyabu,Championship,10,2022-09-13,Swansea,Sheff Utd,0:1,Not in squad,,,,,,,,,,
2022/23,1072898,Jili Buyabu,Championship,11,2022-09-17,Preston,Sheff Utd,0:2,Not in squad,,,,,,,,,,
2022/23,1072898,Jili Buyabu,Championship,12,2022-10-01,Sheff Utd,Birmingham,1:1,Not in squad,,,,,,,,,,
2022/23,1072898,Jili Buyabu,Championship,13,2022-10-04,Sheff Utd,QPR,0:1,Not in squad,,,,,,,,,,
2022/23,1072898,Jili Buyabu,Championship,14,2022-10-08,Stoke City,Sheff Utd,3:1,Not in squad,,,,,,,,,,
2022/23,1072898,Jili Buyabu,Championship,15,2022-10-15,Sheff Utd,Blackpool,3:3,Not in squad,,,,,,,,,,
2022/23,1072898,Jili Buyabu,Championship,16,2022-10-19,Coventry,Sheff Utd,1:0,Not in squad,,,,,,,,,,
2022/23,1072898,Jili Buyabu,Championship,17,2022-10-22,Sheff Utd,Norwich,2:2,on the bench,,,,,,,,,,
2022/23,1072898,Jili Buyabu,Championship,18,2022-10-29,West Brom,Sheff Utd,0:2,Not in squad,,,,,,,,,,
2022/23,1072898,Jili Buyabu,Championship,19,2022-11-01,Bristol City,Sheff Utd,0:1,Not in squad,,,,,,,,,,
2022/23,1072898,Jili Buyabu,Championship,20,2022-11-05,Sheff Utd,Burnley,5:2,Not in squad,,,,,,,,,,
2022/23,1072898,Jili Buyabu,Championship,9,2022-11-08,Sheff Utd,Rotherham,0:1,Not in squad,,,,,,,,,,
2022/23,1072898,Jili Buyabu,Championship,21,2022-11-12,Cardiff,Sheff Utd,0:1,Not in squad,,,,,,,,,,
2022/23,1072898,Jili Buyabu,Championship,22,2022-12-10,Sheff Utd,Huddersfield,1:0,Not in squad,,,,,,,,,,
2022/23,1072898,Jili Buyabu,Championship,23,2022-12-19,Wigan,Sheff Utd,1:2,Not in squad,,,,,,,,,,
2022/23,1072898,Jili Buyabu,Championship,24,2022-12-26,Sheff Utd,Coventry,3:1,Not in squad,,,,,,,,,,
2022/23,1072898,Jili Buyabu,Championship,25,2022-12-29,Blackpool,Sheff Utd,1:2,Not in squad,,,,,,,,,,
2022/23,1072898,Jili Buyabu,Championship,26,2023-01-02,QPR,Sheff Utd,1:1,Not in squad,,,,,,,,,,
2022/23,1072898,Jili Buyabu,Championship,27,2023-01-14,Sheff Utd,Stoke City,3:1,Not in squad,,,,,,,,,,
2022/23,1072898,Jili Buyabu,Championship,28,2023-01-20,Sheff Utd,Hull City,1:0,Not in squad,,,,,,,,,,
2022/23,1072898,Jili Buyabu,Championship,30,2023-02-04,Rotherham,Sheff Utd,0:0,Not in squad,,,,,,,,,,
2022/23,1072898,Jili Buyabu,Championship,31,2023-02-11,Sheff Utd,Swansea,3:0,Not in squad,,,,,,,,,,
2022/23,1072898,Jili Buyabu,Championship,32,2023-02-15,Sheff Utd,Middlesbrough,1:3,Not in squad,,,,,,,,,,
2022/23,1072898,Jili Buyabu,Championship,33,2023-02-18,Millwall,Sheff Utd,3:2,Not in squad,,,,,,,,,,
2022/23,1072898,Jili Buyabu,Championship,34,2023-02-25,Sheff Utd,Watford,1:0,Not in squad,,,,,,,,,,
2022/23,1072898,Jili Buyabu,Championship,35,2023-03-04,Blackburn,Sheff Utd,1:0,Not in squad,,,,,,,,,,
2022/23,1072898,Jili Buyabu,Championship,29,2023-03-07,Reading,Sheff Utd,0:1,Not in squad,,,,,,,,,,
2022/23,1072898,Jili Buyabu,Championship,36,2023-03-11,Sheff Utd,Luton,0:1,Not in squad,,,,,,,,,,
2022/23,1072898,Jili Buyabu,Championship,37,2023-03-15,Sunderland,Sheff Utd,1:2,Not in squad,,,,,,,,,,
2022/23,1072898,Jili Buyabu,Championship,39,2023-04-01,Norwich,Sheff Utd,0:1,Not in squad,,,,,,,,,,
2022/23,1072898,Jili Buyabu,Championship,40,2023-04-07,Sheff Utd,Wigan,1:0,Not in squad,,,,,,,,,,
2022/23,1072898,Jili Buyabu,Championship,41,2023-04-10,Burnley,Sheff Utd,2:0,Not in squad,,,,,,,,,,
2022/23,1072898,Jili Buyabu,Championship,42,2023-04-15,Sheff Utd,Cardiff,4:1,Not in squad,,,,,,,,,,
2022/23,1072898,Jili Buyabu,Championship,43,2023-04-18,Sheff Utd,Bristol City,1:0,Not in squad,,,,,,,,,,
2022/23,1072898,Jili Buyabu,Championship,38,2023-04-26,Sheff Utd,West Brom,2:0,Not in squad,,,,,,,,,,
2022/23,1072898,Jili Buyabu,Championship,45,2023-04-29,Sheff Utd,Preston,4:1,Not in squad,,,,,,,,,,
2022/23,1072898,Jili Buyabu,Championship,44,2023-05-04,Huddersfield,Sheff Utd,1:0,Not in squad,,,,,,,,,,
2022/23,1072898,Jili Buyabu,Championship,46,2023-05-08,Birmingham,Sheff Utd,1:2,LB,,,,,,,74,,16,
2022/23,1072898,Jili Buyabu,FA Cup,Third Round,2023-01-07,Millwall,Sheff Utd,0:2,on the bench,,,,,,,,,,
2022/23,1072898,Jili Buyabu,FA Cup,Fourth Round,2023-01-29,Wrexham,Sheff Utd,3:3,Not in squad,,,,,,,,,,
2022/23,1072898,Jili Buyabu,FA Cup,4th round deciders,2023-02-07,Sheff Utd,Wrexham,3:1,Not in squad,,,,,,,,,,
2022/23,1072898,Jili Buyabu,FA Cup,Fifth Round,2023-03-01,Sheff Utd,Tottenham,1:0,Not in squad,,,,,,,,,,
2022/23,1072898,Jili Buyabu,FA Cup,Quarter-Finals,2023-03-19,Sheff Utd,Blackburn,3:2,Not in squad,,,,,,,,,,
2022/23,1072898,Jili Buyabu,FA Cup,Semi-Finals,2023-04-22,Man City,Sheff Utd,3:0,Not in squad,,,,,,,,,,
2022/23,1072898,Jili Buyabu,EFL Cup,First Round,2022-08-11,West Brom,Sheff Utd,1:0,Not in squad,,,,,,,,,,
