﻿season,player_id,player_name,competition,journey,date,home_team,away_team,result,position,goals,assists,own_goals,yellow_cards,second_yellow_cards,red_cards,substitutions_on,substitutions_off,minutes_played,transfermarkt_score
2024/25,1099929,Tom Taylor,Premier League,1,2024-08-17,Ipswich,Liverpool,0:2,Not in squad,,,,,,,,,,
2024/25,1099929,Tom Taylor,Premier League,2,2024-08-24,Man City,Ipswich,4:1,Not in squad,,,,,,,,,,
2024/25,1099929,Tom Taylor,Premier League,3,2024-08-31,Ipswich,Fulham,1:1,Not in squad,,,,,,,,,,
2024/25,1099929,Tom Taylor,Premier League,4,2024-09-14,Brighton,Ipswich,0:0,Not in squad,,,,,,,,,,
2024/25,1099929,Tom Taylor,Premier League,5,2024-09-21,Southampton,Ipswich,1:1,Not in squad,,,,,,,,,,
2024/25,1099929,Tom Taylor,Premier League,6,2024-09-29,Ipswich,Aston Villa,2:2,Not in squad,,,,,,,,,,
2024/25,1099929,Tom Taylor,Premier League,7,2024-10-05,West Ham,Ipswich,4:1,Not in squad,,,,,,,,,,
2024/25,1099929,Tom Taylor,Premier League,8,2024-10-19,Ipswich,Everton,0:2,Not in squad,,,,,,,,,,
2024/25,1099929,Tom Taylor,Premier League,9,2024-10-26,Brentford,Ipswich,4:3,Not in squad,,,,,,,,,,
2024/25,1099929,Tom Taylor,Premier League,10,2024-11-02,Ipswich,Leicester,1:1,Not in squad,,,,,,,,,,
2024/25,1099929,Tom Taylor,Premier League,11,2024-11-10,Tottenham,Ipswich,1:2,Not in squad,,,,,,,,,,
2024/25,1099929,Tom Taylor,Premier League,12,2024-11-24,Ipswich,Man Utd,1:1,Not in squad,,,,,,,,,,
2024/25,1099929,Tom Taylor,Premier League,13,2024-11-30,Nott'm Forest,Ipswich,1:0,Not in squad,,,,,,,,,,
2024/25,1099929,Tom Taylor,Premier League,14,2024-12-03,Ipswich,Crystal Palace,0:1,Not in squad,,,,,,,,,,
2024/25,1099929,Tom Taylor,Premier League,15,2024-12-08,Ipswich,Bournemouth,1:2,Not in squad,,,,,,,,,,
2024/25,1099929,Tom Taylor,Premier League,16,2024-12-14,Wolves,Ipswich,1:2,Not in squad,,,,,,,,,,
2024/25,1099929,Tom Taylor,Premier League,17,2024-12-21,Ipswich,Newcastle,0:4,Not in squad,,,,,,,,,,
2024/25,1099929,Tom Taylor,Premier League,18,2024-12-27,Arsenal,Ipswich,1:0,Not in squad,,,,,,,,,,
2024/25,1099929,Tom Taylor,Premier League,19,2024-12-30,Ipswich,Chelsea,2:0,Not in squad,,,,,,,,,,
2024/25,1099929,Tom Taylor,Premier League,20,2025-01-05,Fulham,Ipswich,2:2,Not in squad,,,,,,,,,,
2024/25,1099929,Tom Taylor,Premier League,21,2025-01-16,Ipswich,Brighton,0:2,Not in squad,,,,,,,,,,
2024/25,1099929,Tom Taylor,Premier League,22,2025-01-19,Ipswich,Man City,0:6,Not in squad,,,,,,,,,,
2024/25,1099929,Tom Taylor,Premier League,23,2025-01-25,Liverpool,Ipswich,4:1,Not in squad,,,,,,,,,,
2024/25,1099929,Tom Taylor,Premier League,24,2025-02-01,Ipswich,Southampton,1:2,Not in squad,,,,,,,,,,
2024/25,1099929,Tom Taylor,Premier League,25,2025-02-15,Aston Villa,Ipswich,1:1,Not in squad,,,,,,,,,,
2024/25,1099929,Tom Taylor,Premier League,26,2025-02-22,Ipswich,Tottenham,1:4,Not in squad,,,,,,,,,,
2024/25,1099929,Tom Taylor,Premier League,27,2025-02-26,Man Utd,Ipswich,3:2,Not in squad,,,,,,,,,,
2024/25,1099929,Tom Taylor,Premier League,28,2025-03-08,Crystal Palace,Ipswich,1:0,Not in squad,,,,,,,,,,
2024/25,1099929,Tom Taylor,Premier League,29,2025-03-15,Ipswich,Nott'm Forest,2:4,Not in squad,,,,,,,,,,
2024/25,1099929,Tom Taylor,Premier League,30,2025-04-02,Bournemouth,Ipswich,1:2,Not in squad,,,,,,,,,,
2024/25,1099929,Tom Taylor,Premier League,31,2025-04-05,Ipswich,Wolves,1:2,Not in squad,,,,,,,,,,
2024/25,1099929,Tom Taylor,Premier League,32,2025-04-13,Chelsea,Ipswich,2:2,Not in squad,,,,,,,,,,
2024/25,1099929,Tom Taylor,Premier League,33,2025-04-20,Ipswich,Arsenal,0:4,Not in squad,,,,,,,,,,
2024/25,1099929,Tom Taylor,Premier League,34,2025-04-26,Newcastle,Ipswich,3:0,on the bench,,,,,,,,,,
2024/25,1099929,Tom Taylor,Premier League,35,2025-05-03,Everton,Ipswich,2:2,Not in squad,,,,,,,,,,
2024/25,1099929,Tom Taylor,Premier League,36,2025-05-10,Ipswich,Brentford,0:1,Not in squad,,,,,,,,,,
2024/25,1099929,Tom Taylor,Premier League,37,2025-05-18,Leicester,Ipswich,2:0,Not in squad,,,,,,,,,,
2024/25,1099929,Tom Taylor,Premier League,38,2025-05-25,Ipswich,West Ham,1:3,Not in squad,,,,,,,,,,
2024/25,1099929,Tom Taylor,FA Cup,Third Round,2025-01-12,Ipswich,Bristol Rovers,3:0,Not in squad,,,,,,,,,,
2024/25,1099929,Tom Taylor,FA Cup,Fourth Round,2025-02-08,Coventry,Ipswich,1:4,Not in squad,,,,,,,,,,
2024/25,1099929,Tom Taylor,FA Cup,Fifth Round,2025-03-03,Nott'm Forest,Ipswich,6:5 on pens,on the bench,,,,,,,,,,
2024/25,1099929,Tom Taylor,EFL Cup,Second Round,2024-08-28,AFC Wimbledon,Ipswich,6:4 on pens,Not in squad,,,,,,,,,,
2024/25,1099929,Tom Taylor,Premier League Cup,Group F,2024-09-13,Ipswich U21,Cardiff U21,2:2,AM,1,,,,,,,,90,
2024/25,1099929,Tom Taylor,Premier League Cup,Group F,2024-09-26,Ipswich U21,Everton U21,3:3,DM,,,,,,,,74,74,
2024/25,1099929,Tom Taylor,Premier League Cup,Group F,2024-11-09,Watford U21,Ipswich U21,2:0,Centre Forward,,,,,,,,75,75,
2024/25,1099929,Tom Taylor,Premier League Cup,Group F,2024-11-23,Cardiff U21,Ipswich U21,0:2,AM,1,,,,,,,,90,
2024/25,1099929,Tom Taylor,Premier League Cup,Group F,2024-12-06,Everton U21,Ipswich U21,0:0,AM,,,,26,,,,,90,
2024/25,1099929,Tom Taylor,Premier League Cup,Group F,2025-02-04,Ipswich U21,Watford U21,4:2,AM,1,,,,,,,,90,
2024/25,1099929,Tom Taylor,Premier League Cup,Round of 16,2025-03-07,Chelsea U21,Ipswich U21,2:1,AM,,1,,,,,,,90,
