﻿season,player_id,player_name,competition,journey,date,home_team,away_team,result,position,goals,assists,own_goals,yellow_cards,second_yellow_cards,red_cards,substitutions_on,substitutions_off,minutes_played,transfermarkt_score
2025/26,1042886,Chido Obi,International Friendlies,1,2025-09-04,Denmark U21,Norway U21,0:1,,,,,,,,46,,45,
2025/26,1042886,Chido Obi,International Friendlies,52,2025-11-14,Denmark U21,USA U23,1:1,Not in squad,,,,,,,,,,
2025/26,1042886,Chido Obi,EFL Trophy,group A4,2025-09-30,Lincoln City,Man Utd U21,3:0,CF,,,,,,,,67,67,
2025/26,1042886,Chido Obi,EFL Trophy,group A4,2025-10-21,Barnsley,Man Utd U21,5:2,CF,1,1,,,,,,80,80,
2025/26,1042886,Chido Obi,EFL Trophy,group A4,2025-11-04,Notts County,Man Utd U21,0:2,CF,,1,,,,,,67,67,
2025/26,1042886,Chido Obi,Premier League 2,1,2025-08-18,Boro U21,Man Utd U21,0:1,,,,,,,,61,,29,
2025/26,1042886,Chido Obi,Premier League 2,2,2025-08-22,Man Utd U21,Norwich U21,4:2,CF,1,,,,,,,75,75,
2025/26,1042886,Chido Obi,Premier League 2,3,2025-08-31,Man Utd U21,Man City U21,2:1,CF,1,,,,,,,88,88,
2025/26,1042886,Chido Obi,Premier League 2,4,2025-09-21,Liverpool U21,Man Utd U21,1:2,CF,1,,,92,,,,,90,
2025/26,1042886,Chido Obi,Premier League 2,5,2025-09-27,Man Utd U21,Palace U21,4:1,,,,,,,,63,,27,
2025/26,1042886,Chido Obi,Premier League 2,6,2025-10-03,Everton U21,Man Utd U21,1:2,,,,,,,,68,,22,
2025/26,1042886,Chido Obi,Premier League 2,7,2025-10-25,Man Utd U21,Tottenham U21,4:1,,,,,,,,67,,23,
2025/26,1042886,Chido Obi,Premier League 2,8,2025-10-31,Man Utd U21,Blackburn U21,0:4,,,,,,,,76,,14,
2025/26,1042886,Chido Obi,Premier League International Cup U21,Group D,2025-09-24,Man Utd U21,Bilbao Athletic,2:1,on the bench,,,,,,,,,,
2025/26,1042886,Chido Obi,Premier League International Cup U21,Group D,2025-12-02,Man Utd U21,RSCA Futures,1:4,Not in squad,,,,,,,,,,
2025/26,1042886,Chido Obi,UEFA European Under-21 Championship Qualifying,group 9,2025-09-08,Wales U21,Denmark U21,2:6,on the bench,,,,,,,,,,
2025/26,1042886,Chido Obi,UEFA European Under-21 Championship Qualifying,group 9,2025-10-10,Denmark U21,Austria U21,1:1,Not in squad,,,,,,,,,,
2025/26,1042886,Chido Obi,UEFA European Under-21 Championship Qualifying,group 9,2025-10-14,Belgium U21,Denmark U21,2:0,Not in squad,,,,,,,,,,
2025/26,1042886,Chido Obi,UEFA European Under-21 Championship Qualifying,group 9,2025-11-18,Belarus U21,Denmark U21,0:1,Not in squad,,,,,,,,,,
2025/26,1042886,Chido Obi,National League Cup,Group A,2025-09-16,Brackley,Man Utd U21,2:1,CF,,,,,,,,,90,
2025/26,1042886,Chido Obi,National League Cup,Group A,2025-10-28,Rochdale,Man Utd U21,0:2,CF,1,,,,,,,82,82,
2025/26,1042886,Chido Obi,National League Cup,Group A,2025-11-25,Solihull Moors,Man Utd U21,4:1,Not in squad,,,,,,,,,,
