﻿season,player_id,player_name,competition,journey,date,home_team,away_team,result,position,goals,assists,own_goals,yellow_cards,second_yellow_cards,red_cards,substitutions_on,substitutions_off,minutes_played,transfermarkt_score
2022/23,1088817,Jayden Luker,Championship,1,2022-07-30,Luton,Birmingham,0:0,Not in squad,,,,,,,,,,
2022/23,1088817,Jayden Luker,Championship,2,2022-08-06,Burnley,Luton,1:1,Not in squad,,,,,,,,,,
2022/23,1088817,Jayden Luker,Championship,3,2022-08-13,Luton,Preston,0:1,Not in squad,,,,,,,,,,
2022/23,1088817,Jayden Luker,Championship,4,2022-08-16,Bristol City,Luton,2:0,Not in squad,,,,,,,,,,
2022/23,1088817,Jayden Luker,Championship,5,2022-08-20,Swansea,Luton,0:2,Not in squad,,,,,,,,,,
2022/23,1088817,Jayden Luker,Championship,6,2022-08-26,Luton,Sheff Utd,1:1,Not in squad,,,,,,,,,,
2022/23,1088817,Jayden Luker,Championship,7,2022-08-30,Cardiff,Luton,1:2,Not in squad,,,,,,,,,,
2022/23,1088817,Jayden Luker,Championship,8,2022-09-03,Luton,Wigan,1:2,Not in squad,,,,,,,,,,
2022/23,1088817,Jayden Luker,Championship,10,2022-09-14,Luton,Coventry,2:2,Not in squad,,,,,,,,,,
2022/23,1088817,Jayden Luker,Championship,11,2022-09-17,Luton,Blackburn,2:0,Not in squad,,,,,,,,,,
2022/23,1088817,Jayden Luker,Championship,12,2022-09-30,Hull City,Luton,0:2,Not in squad,,,,,,,,,,
2022/23,1088817,Jayden Luker,Championship,13,2022-10-04,Luton,Huddersfield,3:3,Not in squad,,,,,,,,,,
2022/23,1088817,Jayden Luker,Championship,14,2022-10-08,West Brom,Luton,0:0,Not in squad,,,,,,,,,,
2022/23,1088817,Jayden Luker,Championship,15,2022-10-15,Luton,QPR,3:1,Not in squad,,,,,,,,,,
2022/23,1088817,Jayden Luker,Championship,16,2022-10-18,Norwich,Luton,0:1,Not in squad,,,,,,,,,,
2022/23,1088817,Jayden Luker,Championship,17,2022-10-23,Watford,Luton,4:0,Not in squad,,,,,,,,,,
2022/23,1088817,Jayden Luker,Championship,18,2022-10-29,Luton,Sunderland,1:1,Not in squad,,,,,,,,,,
2022/23,1088817,Jayden Luker,Championship,19,2022-11-01,Luton,Reading,0:0,Not in squad,,,,,,,,,,
2022/23,1088817,Jayden Luker,Championship,20,2022-11-05,Blackpool,Luton,0:1,Not in squad,,,,,,,,,,
2022/23,1088817,Jayden Luker,Championship,9,2022-11-08,Stoke City,Luton,2:0,Not in squad,,,,,,,,,,
2022/23,1088817,Jayden Luker,Championship,21,2022-11-12,Luton,Rotherham,1:1,Not in squad,,,,,,,,,,
2022/23,1088817,Jayden Luker,Championship,22,2022-12-10,Middlesbrough,Luton,2:1,Not in squad,,,,,,,,,,
2022/23,1088817,Jayden Luker,Championship,24,2022-12-26,Luton,Norwich,2:1,Not in squad,,,,,,,,,,
2022/23,1088817,Jayden Luker,Championship,25,2022-12-29,QPR,Luton,0:3,Not in squad,,,,,,,,,,
2022/23,1088817,Jayden Luker,Championship,26,2023-01-01,Huddersfield,Luton,1:2,Not in squad,,,,,,,,,,
2022/23,1088817,Jayden Luker,Championship,27,2023-01-14,Luton,West Brom,2:3,Not in squad,,,,,,,,,,
2022/23,1088817,Jayden Luker,Championship,28,2023-01-21,Wigan,Luton,0:2,Not in squad,,,,,,,,,,
2022/23,1088817,Jayden Luker,Championship,29,2023-01-28,Luton,Cardiff,1:0,Not in squad,,,,,,,,,,
2022/23,1088817,Jayden Luker,Championship,30,2023-02-04,Luton,Stoke City,1:0,Not in squad,,,,,,,,,,
2022/23,1088817,Jayden Luker,Championship,31,2023-02-11,Coventry,Luton,1:1,Not in squad,,,,,,,,,,
2022/23,1088817,Jayden Luker,Championship,32,2023-02-15,Preston,Luton,1:1,Not in squad,,,,,,,,,,
2022/23,1088817,Jayden Luker,Championship,33,2023-02-18,Luton,Burnley,0:1,Not in squad,,,,,,,,,,
2022/23,1088817,Jayden Luker,Championship,34,2023-02-25,Birmingham,Luton,0:1,Not in squad,,,,,,,,,,
2022/23,1088817,Jayden Luker,Championship,23,2023-02-28,Luton,Millwall,2:2,Not in squad,,,,,,,,,,
2022/23,1088817,Jayden Luker,Championship,35,2023-03-04,Luton,Swansea,1:0,Not in squad,,,,,,,,,,
2022/23,1088817,Jayden Luker,Championship,36,2023-03-11,Sheff Utd,Luton,0:1,Not in squad,,,,,,,,,,
2022/23,1088817,Jayden Luker,Championship,37,2023-03-15,Luton,Bristol City,1:0,Not in squad,,,,,,,,,,
2022/23,1088817,Jayden Luker,Championship,38,2023-03-18,Sunderland,Luton,1:1,Not in squad,,,,,,,,,,
2022/23,1088817,Jayden Luker,Championship,39,2023-04-01,Luton,Watford,2:0,Not in squad,,,,,,,,,,
2022/23,1088817,Jayden Luker,Championship,40,2023-04-07,Millwall,Luton,0:0,Not in squad,,,,,,,,,,
2022/23,1088817,Jayden Luker,Championship,41,2023-04-10,Luton,Blackpool,3:1,Not in squad,,,,,,,,,,
2022/23,1088817,Jayden Luker,Championship,42,2023-04-15,Rotherham,Luton,0:2,Not in squad,,,,,,,,,,
2022/23,1088817,Jayden Luker,Championship,43,2023-04-19,Reading,Luton,1:1,Not in squad,,,,,,,,,,
2022/23,1088817,Jayden Luker,Championship,44,2023-04-24,Luton,Middlesbrough,2:1,Not in squad,,,,,,,,,,
2022/23,1088817,Jayden Luker,Championship,45,2023-05-01,Blackburn,Luton,1:1,Not in squad,,,,,,,,,,
2022/23,1088817,Jayden Luker,Championship,46,2023-05-08,Luton,Hull City,0:0,Not in squad,,,,,,,,,,
2022/23,1088817,Jayden Luker,FA Cup,Third Round,2023-01-07,Luton,Wigan,1:1,on the bench,,,,,,,,,,
2022/23,1088817,Jayden Luker,FA Cup,Third Round Replay,2023-01-17,Wigan,Luton,1:2,Not in squad,,,,,,,,,,
2022/23,1088817,Jayden Luker,FA Cup,Fourth Round,2023-01-28,Luton,Grimsby Town,2:2,Not in squad,,,,,,,,,,
2022/23,1088817,Jayden Luker,FA Cup,4th round deciders,2023-02-07,Grimsby Town,Luton,3:0,Not in squad,,,,,,,,,,
2022/23,1088817,Jayden Luker,EFL Cup,First Round,2022-08-09,Luton,Newport County,2:3,Not in squad,,,,,,,,,,
2022/23,1088817,Jayden Luker,Championship Play-Offs,Semi-Finals 1st Leg,2023-05-13,Sunderland,Luton,2:1,Not in squad,,,,,,,,,,
2022/23,1088817,Jayden Luker,Championship Play-Offs,Semi-Finals 2nd Leg,2023-05-16,Luton,Sunderland,2:0,Not in squad,,,,,,,,,,
2022/23,1088817,Jayden Luker,Championship Play-Offs,Final,2023-05-27,Coventry,Luton,6:7 on pens,Not in squad,,,,,,,,,,
2022/23,1088817,Jayden Luker,FA Youth Cup,Third Round,2022-12-19,Birmingham U18,Luton U18,0:6,LM,,,,,,,,,90,
2022/23,1088817,Jayden Luker,FA Youth Cup,Fourth Round,2023-01-18,Luton U18,QPR U18,3:1,,,,,39,,,,46,45,
2022/23,1088817,Jayden Luker,FA Youth Cup,Fifth Round,2023-02-06,Luton U18,Preston U19,2:3,CM,,,,,,,,,90,
