﻿season,player_id,player_name,competition,journey,date,home_team,away_team,result,position,goals,assists,own_goals,yellow_cards,second_yellow_cards,red_cards,substitutions_on,substitutions_off,minutes_played,transfermarkt_score
2020/21,105470,Alisson,Copa América,Group B,2021-06-13,Brazil,Venezuela,3:0,GK,,,,,,,,,90,
2020/21,105470,Alisson,Copa América,Group B,2021-06-18,Peru,Brazil,0:4,on the bench,,,,,,,,,,
2020/21,105470,Alisson,Copa América,Group B,2021-06-24,Colombia,Brazil,1:2,on the bench,,,,,,,,,,
2020/21,105470,Alisson,Copa América,Group B,2021-06-27,Ecuador,Brazil,1:1,GK,,,,,,,,,90,
2021/22,105470,Alisson,Copa América,Quarter-Finals,2021-07-03,Brazil,Chile,1:0,on the bench,,,,,,,,,,
2021/22,105470,Alisson,Copa América,Semi-Finals,2021-07-06,Brazil,Peru,1:0,on the bench,,,,,,,,,,
2021/22,105470,Alisson,Copa América,Final,2021-07-11,Argentina,Brazil,1:0,on the bench,,,,,,,,,,
2020/21,105470,Alisson,UEFA Champions League,Group D,2020-10-21,Ajax,Liverpool,0:1,Shoulder injury,,,,,,,,,,
2020/21,105470,Alisson,UEFA Champions League,Group D,2020-10-27,Liverpool,Midtjylland,2:0,GK,,,,,,,,,90,
2020/21,105470,Alisson,UEFA Champions League,Group D,2020-11-03,Atalanta,Liverpool,0:5,GK,,,,,,,,,90,
2020/21,105470,Alisson,UEFA Champions League,Group D,2020-11-25,Liverpool,Atalanta,0:2,GK,,,,,,,,,90,
2020/21,105470,Alisson,UEFA Champions League,Group D,2020-12-01,Liverpool,Ajax,1:0,Hip injury,,,,,,,,,,
2020/21,105470,Alisson,UEFA Champions League,Group D,2020-12-09,Midtjylland,Liverpool,1:1,Hip injury,,,,,,,,,,
2020/21,105470,Alisson,UEFA Champions League,last 16 1st leg,2021-02-16,Leipzig,Liverpool,0:2,GK,,,,,,,,,90,
2020/21,105470,Alisson,UEFA Champions League,last 16 2nd leg,2021-03-10,Liverpool,Leipzig,2:0,GK,,,,,,,,,90,
2020/21,105470,Alisson,UEFA Champions League,Quarter-Finals 1st leg,2021-04-06,Real Madrid,Liverpool,3:1,GK,,,,,,,,,90,
2020/21,105470,Alisson,UEFA Champions League,Quarter-Finals 2nd leg,2021-04-14,Liverpool,Real Madrid,0:0,GK,,,,,,,,,90,
2020/21,105470,Alisson,World Cup qualification South America,Group A,2020-10-10,Brazil,Bolivia,5:0,Shoulder injury,,,,,,,,,,
2020/21,105470,Alisson,World Cup qualification South America,Group A,2020-10-14,Peru,Brazil,2:4,Shoulder injury,,,,,,,,,,
2020/21,105470,Alisson,World Cup qualification South America,Group A,2020-11-14,Brazil,Venezuela,1:0,on the bench,,,,,,,,,,
2020/21,105470,Alisson,World Cup qualification South America,Group A,2020-11-18,Uruguay,Brazil,0:2,on the bench,,,,,,,,,,
2020/21,105470,Alisson,World Cup qualification South America,Group A,2021-06-05,Brazil,Ecuador,2:0,GK,,,,,,,,,90,
2020/21,105470,Alisson,World Cup qualification South America,Group A,2021-06-09,Paraguay,Brazil,0:2,on the bench,,,,,,,,,,
2021/22,105470,Alisson,World Cup qualification South America,Group A,2021-09-03,Chile,Brazil,0:1,Not in squad,,,,,,,,,,
2021/22,105470,Alisson,World Cup qualification South America,Group A,2021-09-10,Brazil,Peru,2:0,Not in squad,,,,,,,,,,
2021/22,105470,Alisson,World Cup qualification South America,Group A,2021-10-08,Venezuela,Brazil,1:3,GK,,,,,,,,,90,
2021/22,105470,Alisson,World Cup qualification South America,Group A,2021-10-10,Colombia,Brazil,0:0,GK,,,,,,,,,90,
2021/22,105470,Alisson,World Cup qualification South America,Group A,2021-10-15,Brazil,Uruguay,4:1,on the bench,,,,,,,,,,
2021/22,105470,Alisson,World Cup qualification South America,Group A,2021-11-12,Brazil,Colombia,1:0,GK,,,,,,,,,90,
2021/22,105470,Alisson,World Cup qualification South America,Group A,2021-11-17,Argentina,Brazil,0:0,GK,,,,,,,,,90,
2021/22,105470,Alisson,World Cup qualification South America,Group A,2022-01-27,Ecuador,Brazil,1:1,GK,,,,31,,,,,90,
2021/22,105470,Alisson,World Cup qualification South America,Group A,2022-02-02,Brazil,Paraguay,4:0,on the bench,,,,,,,,,,
2021/22,105470,Alisson,World Cup qualification South America,Group A,2022-03-25,Brazil,Chile,4:0,GK,,,,,,,,,90,
2021/22,105470,Alisson,World Cup qualification South America,Group A,2022-03-30,Bolivia,Brazil,0:4,GK,,,,,,,,,90,
2020/21,105470,Alisson,Premier League,1,2020-09-12,Liverpool,Leeds,4:3,GK,,,,,,,,,90,
2020/21,105470,Alisson,Premier League,2,2020-09-20,Chelsea,Liverpool,0:2,GK,,,,,,,,,90,
2020/21,105470,Alisson,Premier League,3,2020-09-28,Liverpool,Arsenal,3:1,GK,,,,,,,,,90,
2020/21,105470,Alisson,Premier League,4,2020-10-04,Aston Villa,Liverpool,7:2,Shoulder injury,,,,,,,,,,
2020/21,105470,Alisson,Premier League,5,2020-10-17,Everton,Liverpool,2:2,Shoulder injury,,,,,,,,,,
2020/21,105470,Alisson,Premier League,6,2020-10-24,Liverpool,Sheff Utd,2:1,GK,,,,,,,,,90,
2020/21,105470,Alisson,Premier League,7,2020-10-31,Liverpool,West Ham,2:1,GK,,,,,,,,,90,
2020/21,105470,Alisson,Premier League,8,2020-11-08,Man City,Liverpool,1:1,GK,,,,,,,,,90,
2020/21,105470,Alisson,Premier League,9,2020-11-22,Liverpool,Leicester,3:0,GK,,,,,,,,,90,
2020/21,105470,Alisson,Premier League,10,2020-11-28,Brighton,Liverpool,1:1,GK,,,,93,,,,,90,
2020/21,105470,Alisson,Premier League,11,2020-12-06,Liverpool,Wolves,4:0,Hip injury,,,,,,,,,,
2020/21,105470,Alisson,Premier League,12,2020-12-13,Fulham,Liverpool,1:1,GK,,,,,,,,,90,
2020/21,105470,Alisson,Premier League,13,2020-12-16,Liverpool,Tottenham,2:1,GK,,,,,,,,,90,
2020/21,105470,Alisson,Premier League,14,2020-12-19,Crystal Palace,Liverpool,0:7,GK,,,,,,,,,90,
2020/21,105470,Alisson,Premier League,15,2020-12-27,Liverpool,West Brom,1:1,GK,,,,,,,,,90,
2020/21,105470,Alisson,Premier League,16,2020-12-30,Newcastle,Liverpool,0:0,GK,,,,,,,,,90,
2020/21,105470,Alisson,Premier League,17,2021-01-04,Southampton,Liverpool,1:0,GK,,,,,,,,,90,
2020/21,105470,Alisson,Premier League,19,2021-01-17,Liverpool,Man Utd,0:0,GK,,,,,,,,,90,
2020/21,105470,Alisson,Premier League,18,2021-01-21,Liverpool,Burnley,0:1,GK,,,,,,,,,90,
2020/21,105470,Alisson,Premier League,20,2021-01-28,Tottenham,Liverpool,1:3,GK,,,,,,,,,90,
2020/21,105470,Alisson,Premier League,21,2021-01-31,West Ham,Liverpool,1:3,GK,,,,,,,,,90,
2020/21,105470,Alisson,Premier League,22,2021-02-03,Liverpool,Brighton,0:1,Ill,,,,,,,,,,
2020/21,105470,Alisson,Premier League,23,2021-02-07,Liverpool,Man City,1:4,GK,,,,,,,,,90,
2020/21,105470,Alisson,Premier League,24,2021-02-13,Leicester,Liverpool,3:1,GK,,,,,,,,,90,
2020/21,105470,Alisson,Premier League,25,2021-02-20,Liverpool,Everton,0:2,GK,,,,,,,,,90,
2020/21,105470,Alisson,Premier League,26,2021-02-28,Sheff Utd,Liverpool,0:2,Not in squad,,,,,,,,,,
2020/21,105470,Alisson,Premier League,29,2021-03-04,Liverpool,Chelsea,0:1,GK,,,,,,,,,90,
2020/21,105470,Alisson,Premier League,27,2021-03-07,Liverpool,Fulham,0:1,GK,,,,,,,,,90,
2020/21,105470,Alisson,Premier League,28,2021-03-15,Wolves,Liverpool,0:1,GK,,,,,,,,,90,
2020/21,105470,Alisson,Premier League,30,2021-04-03,Arsenal,Liverpool,0:3,GK,,,,,,,,,90,
2020/21,105470,Alisson,Premier League,31,2021-04-10,Liverpool,Aston Villa,2:1,GK,,,,,,,,,90,
2020/21,105470,Alisson,Premier League,32,2021-04-19,Leeds,Liverpool,1:1,GK,,,,,,,,,90,
2020/21,105470,Alisson,Premier League,33,2021-04-24,Liverpool,Newcastle,1:1,GK,,,,,,,,,90,
2020/21,105470,Alisson,Premier League,35,2021-05-08,Liverpool,Southampton,2:0,GK,,,,,,,,,90,
2020/21,105470,Alisson,Premier League,34,2021-05-13,Man Utd,Liverpool,2:4,GK,,,,,,,,,90,
2020/21,105470,Alisson,Premier League,36,2021-05-16,West Brom,Liverpool,1:2,GK,1,,,,,,,,90,
2020/21,105470,Alisson,Premier League,37,2021-05-19,Burnley,Liverpool,0:3,GK,,,,,,,,,90,
2020/21,105470,Alisson,Premier League,38,2021-05-23,Liverpool,Crystal Palace,2:0,GK,,,,,,,,,90,
2020/21,105470,Alisson,Community Shield,Final,2020-08-29,Arsenal,Liverpool,6:5 on pens,GK,,,,,,,,,90,
2020/21,105470,Alisson,FA Cup,Third Round,2021-01-08,Aston Villa,Liverpool,1:4,on the bench,,,,,,,,,,
2020/21,105470,Alisson,FA Cup,Fourth Round,2021-01-24,Man Utd,Liverpool,3:2,GK,,,,,,,,,90,
2020/21,105470,Alisson,EFL Cup,Third Round,2020-09-24,Lincoln City,Liverpool,2:7,Ill,,,,,,,,,,
2020/21,105470,Alisson,EFL Cup,Fourth Round,2020-10-01,Liverpool,Arsenal,4:5 on pens,Not in squad,,,,,,,,,,
