﻿season,player_id,player_name,competition,journey,date,home_team,away_team,result,position,goals,assists,own_goals,yellow_cards,second_yellow_cards,red_cards,substitutions_on,substitutions_off,minutes_played,transfermarkt_score
2009/10,111195,Joël Veltman,U19 Division 1 Spring,1,2009-08-22,Ajax U19,Sparta U19,4:0,Not in squad,,,,,,,,,,
2009/10,111195,Joël Veltman,U19 Division 1 Spring,2,2009-08-25,PSV U19,Ajax U19,4:0,Information not yet available,,,,,,,,,,
2009/10,111195,Joël Veltman,U19 Division 1 Spring,3,2009-08-29,Ajax U19,ADO U19,10:0,Not in squad,,,,,,,,,,
2009/10,111195,Joël Veltman,U19 Division 1 Spring,4,2009-09-12,Willem II/RKC-19,Ajax U19,1:4,Information not yet available,,,,,,,,,,
2009/10,111195,Joël Veltman,U19 Division 1 Spring,5,2009-09-19,Ajax U19,AZ U19,1:1,Information not yet available,,,,,,,,,,
2009/10,111195,Joël Veltman,U19 Division 1 Spring,6,2009-09-22,Feyenoord U19,Ajax U19,1:0,Information not yet available,,,,,,,,,,
2009/10,111195,Joël Veltman,U19 Division 1 Spring,7,2009-09-26,Groningen U19,Ajax U19,3:2,Information not yet available,,,,,,,,,,
2009/10,111195,Joël Veltman,U19 Division 1 Spring,8,2009-10-03,Ajax U19,Volendam U19,1:0,Information not yet available,,,,,,,,,,
2009/10,111195,Joël Veltman,U19 Division 1 Spring,9,2009-10-17,Ajax U19,FC Twente U19,6:1,Information not yet available,,,,,,,,,,
2009/10,111195,Joël Veltman,U19 Division 1 Spring,10,2009-10-30,NAC Breda U19,Ajax U19,1:5,Information not yet available,,,,,,,,,,
2009/10,111195,Joël Veltman,U19 Division 1 Spring,11,2009-11-07,Ajax U19,Heerenveen U19,5:0,Not in squad,,,,,,,,,,
2009/10,111195,Joël Veltman,U19 Division 1 Spring,12,2009-11-21,Roda JC U19,Ajax U19,1:3,Information not yet available,,,,,,,,,,
2009/10,111195,Joël Veltman,U19 Division 1 Spring,13,2009-11-28,Ajax U19,Utrecht U19,1:1,Information not yet available,,,,,,,,,,
2009/10,111195,Joël Veltman,U19 Division 1 Spring,14,2009-12-05,Ajax U19,PSV U19,7:3,Information not yet available,,,,,,,,,,
2009/10,111195,Joël Veltman,U19 Division 1 Spring,15,2009-12-12,Sparta U19,Ajax U19,1:2,Information not yet available,,,,,,,,,,
2009/10,111195,Joël Veltman,U19 Division 1 Spring,16,2010-01-23,ADO U19,Ajax U19,0:2,Information not yet available,,,,,,,,,,
2009/10,111195,Joël Veltman,U19 Division 1 Spring,20,2010-02-27,Volendam U19,Ajax U19,2:1,Information not yet available,,,,,,,,,,
2009/10,111195,Joël Veltman,U19 Division 1 Spring,21,2010-03-06,Ajax U19,Groningen U19,4:2,Information not yet available,,,,,,,,,,
2009/10,111195,Joël Veltman,U19 Division 1 Spring,17,2010-03-16,AZ U19,Ajax U19,0:4,RB,,,,,,,,85,85,
