﻿season,player_id,player_name,competition,journey,date,home_team,away_team,result,position,goals,assists,own_goals,yellow_cards,second_yellow_cards,red_cards,substitutions_on,substitutions_off,minutes_played,transfermarkt_score
2023/24,1091562,Romelle Donovan,International Friendlies,6,2023-09-06,France U18,England U18,2:0,Not in squad,,,,,,,,,,
2023/24,1091562,Romelle Donovan,International Friendlies,22,2023-09-08,England U18,Japan U17,0:4,Not in squad,,,,,,,,,,
2023/24,1091562,Romelle Donovan,International Friendlies,6,2023-09-10,Portugal U18,England U18,2:1,Not in squad,,,,,,,,,,
2023/24,1091562,Romelle Donovan,International Friendlies,10,2023-10-11,England U18,Belgium U18,1:1,Not in squad,,,,,,,,,,
2023/24,1091562,Romelle Donovan,International Friendlies,11,2023-10-14,England U18,Morocco U17,1:0,Not in squad,,,,,,,,,,
2023/24,1091562,Romelle Donovan,International Friendlies,24,2023-10-17,England U18,South Korea U17,1:1,Not in squad,,,,,,,,,,
2023/24,1091562,Romelle Donovan,International Friendlies,17,2024-03-20,Czechia U18,England U18,1:2,Not in squad,,,,,,,,,,
2023/24,1091562,Romelle Donovan,International Friendlies,4,2024-03-22,England U18,Germany U18,0:0,Not in squad,,,,,,,,,,
2023/24,1091562,Romelle Donovan,International Friendlies,21,2024-03-25,England U18,Netherlands U18,2:1,Not in squad,,,,,,,,,,
2023/24,1091562,Romelle Donovan,International Friendlies,8,2024-05-22,England U18,N. Ireland U18,4:2,Centre Forward,1,,,,,,,55,55,
2023/24,1091562,Romelle Donovan,International Friendlies,9,2024-05-26,England U18,Morocco U18,2:1,,,,,,,,46,,45,
2023/24,1091562,Romelle Donovan,Championship,1,2023-08-05,Swansea,Birmingham,1:1,Not in squad,,,,,,,,,,
2023/24,1091562,Romelle Donovan,Championship,2,2023-08-12,Birmingham,Leeds,1:0,Not in squad,,,,,,,,,,
2023/24,1091562,Romelle Donovan,Championship,3,2023-08-19,Bristol City,Birmingham,0:2,Not in squad,,,,,,,,,,
2023/24,1091562,Romelle Donovan,Championship,4,2023-08-26,Birmingham,Plymouth,2:1,Not in squad,,,,,,,,,,
2023/24,1091562,Romelle Donovan,Championship,5,2023-09-02,Birmingham,Millwall,1:1,Not in squad,,,,,,,,,,
2023/24,1091562,Romelle Donovan,Championship,6,2023-09-16,Watford,Birmingham,2:0,Not in squad,,,,,,,,,,
2023/24,1091562,Romelle Donovan,Championship,7,2023-09-19,Preston,Birmingham,2:1,Not in squad,,,,,,,,,,
2023/24,1091562,Romelle Donovan,Championship,8,2023-09-22,Birmingham,QPR,0:0,Not in squad,,,,,,,,,,
2023/24,1091562,Romelle Donovan,Championship,9,2023-09-30,Norwich,Birmingham,2:0,Not in squad,,,,,,,,,,
2023/24,1091562,Romelle Donovan,Championship,10,2023-10-03,Birmingham,Huddersfield,4:1,Not in squad,,,,,,,,,,
2023/24,1091562,Romelle Donovan,Championship,11,2023-10-06,Birmingham,West Brom,3:1,Not in squad,,,,,,,,,,
2023/24,1091562,Romelle Donovan,Championship,12,2023-10-21,Middlesbrough,Birmingham,1:0,on the bench,,,,,,,,,,
2023/24,1091562,Romelle Donovan,Championship,13,2023-10-25,Birmingham,Hull City,0:2,,,,,,,,83,,7,
2023/24,1091562,Romelle Donovan,Championship,14,2023-10-28,Southampton,Birmingham,3:1,Not in squad,,,,,,,,,,
2023/24,1091562,Romelle Donovan,Championship,15,2023-11-04,Birmingham,Ipswich,2:2,Not in squad,,,,,,,,,,
2023/24,1091562,Romelle Donovan,Championship,16,2023-11-11,Sunderland,Birmingham,3:1,Not in squad,,,,,,,,,,
2023/24,1091562,Romelle Donovan,Championship,17,2023-11-25,Birmingham,Sheff Wed,2:1,,,,,,,,88,,2,
2023/24,1091562,Romelle Donovan,Championship,18,2023-11-29,Blackburn,Birmingham,4:2,Not in squad,,,,,,,,,,
2023/24,1091562,Romelle Donovan,Championship,19,2023-12-02,Birmingham,Rotherham,0:0,on the bench,,,,,,,,,,
2023/24,1091562,Romelle Donovan,Championship,20,2023-12-08,Coventry,Birmingham,2:0,,,,,,,,83,,7,
2023/24,1091562,Romelle Donovan,Championship,21,2023-12-13,Cardiff,Birmingham,0:1,,,,,,,,90,,1,
2023/24,1091562,Romelle Donovan,Championship,22,2023-12-18,Birmingham,Leicester,2:3,,,,,,,,72,,18,
2023/24,1091562,Romelle Donovan,Championship,23,2023-12-23,Plymouth,Birmingham,3:3,Not in squad,,,,,,,,,,
2023/24,1091562,Romelle Donovan,Championship,24,2023-12-26,Birmingham,Stoke City,1:3,Centre Forward,,,,,,,67,,23,
2023/24,1091562,Romelle Donovan,Championship,25,2023-12-29,Birmingham,Bristol City,0:0,RM,,,,,,,,64,64,
2023/24,1091562,Romelle Donovan,Championship,26,2024-01-01,Leeds,Birmingham,3:0,on the bench,,,,,,,,,,
2023/24,1091562,Romelle Donovan,Championship,27,2024-01-13,Birmingham,Swansea,2:2,Not in squad,,,,,,,,,,
2023/24,1091562,Romelle Donovan,Championship,28,2024-01-20,Stoke City,Birmingham,1:2,Not in squad,,,,,,,,,,
2023/24,1091562,Romelle Donovan,Championship,30,2024-02-03,West Brom,Birmingham,1:0,Not in squad,,,,,,,,,,
2023/24,1091562,Romelle Donovan,Championship,31,2024-02-09,Sheff Wed,Birmingham,2:0,Not in squad,,,,,,,,,,
2023/24,1091562,Romelle Donovan,Championship,32,2024-02-13,Birmingham,Blackburn,1:0,Not in squad,,,,,,,,,,
2023/24,1091562,Romelle Donovan,Championship,33,2024-02-17,Birmingham,Sunderland,2:1,Not in squad,,,,,,,,,,
2023/24,1091562,Romelle Donovan,Championship,34,2024-02-24,Ipswich,Birmingham,3:1,Not in squad,,,,,,,,,,
2023/24,1091562,Romelle Donovan,Championship,35,2024-03-02,Birmingham,Southampton,3:4,Not in squad,,,,,,,,,,
2023/24,1091562,Romelle Donovan,Championship,36,2024-03-05,Hull City,Birmingham,1:1,Not in squad,,,,,,,,,,
2023/24,1091562,Romelle Donovan,Championship,37,2024-03-09,Millwall,Birmingham,1:0,Not in squad,,,,,,,,,,
2023/24,1091562,Romelle Donovan,Championship,29,2024-03-12,Birmingham,Middlesbrough,0:1,Not in squad,,,,,,,,,,
2023/24,1091562,Romelle Donovan,Championship,38,2024-03-16,Birmingham,Watford,0:1,Not in squad,,,,,,,,,,
2023/24,1091562,Romelle Donovan,Championship,39,2024-03-29,QPR,Birmingham,2:1,Not in squad,,,,,,,,,,
2023/24,1091562,Romelle Donovan,Championship,40,2024-04-01,Birmingham,Preston,1:0,Not in squad,,,,,,,,,,
2023/24,1091562,Romelle Donovan,Championship,41,2024-04-06,Leicester,Birmingham,2:1,Not in squad,,,,,,,,,,
2023/24,1091562,Romelle Donovan,Championship,42,2024-04-10,Birmingham,Cardiff,0:1,Not in squad,,,,,,,,,,
2023/24,1091562,Romelle Donovan,Championship,43,2024-04-13,Birmingham,Coventry,3:0,Not in squad,,,,,,,,,,
2023/24,1091562,Romelle Donovan,Championship,44,2024-04-20,Rotherham,Birmingham,0:0,Not in squad,,,,,,,,,,
2023/24,1091562,Romelle Donovan,Championship,45,2024-04-27,Huddersfield,Birmingham,1:1,Not in squad,,,,,,,,,,
2023/24,1091562,Romelle Donovan,Championship,46,2024-05-04,Birmingham,Norwich,1:0,Not in squad,,,,,,,,,,
2023/24,1091562,Romelle Donovan,FA Cup,Third Round,2024-01-06,Hull City,Birmingham,1:1,,,,,,,,77,,13,
2023/24,1091562,Romelle Donovan,FA Cup,Third Round Replay,2024-01-16,Birmingham,Hull City,2:1,CF,,,,,,,,62,62,
2023/24,1091562,Romelle Donovan,FA Cup,Fourth Round,2024-01-27,Leicester,Birmingham,3:0,,,,,,,,74,,16,
2023/24,1091562,Romelle Donovan,EFL Cup,First Round,2023-08-08,Cheltenham,Birmingham,0:2,on the bench,,,,,,,,,,
2023/24,1091562,Romelle Donovan,EFL Cup,Second Round,2023-08-29,Birmingham,Cardiff,1:3,on the bench,,,,,,,,,,
