﻿season,player_id,player_name,competition,journey,date,home_team,away_team,result,position,goals,assists,own_goals,yellow_cards,second_yellow_cards,red_cards,substitutions_on,substitutions_off,minutes_played,transfermarkt_score
2025/26,1005649,Murillo,UEFA Europa League,Group Stage,2025-09-24,Real Betis,Nott'm Forest,2:2,Back injury,,,,,,,,,,
2025/26,1005649,Murillo,UEFA Europa League,Group Stage,2025-10-02,Nott'm Forest,Midtjylland,2:3,CB,,,,,,,,28,28,
2025/26,1005649,Murillo,UEFA Europa League,Group Stage,2025-10-23,Nott'm Forest,Porto,2:0,CB,,,,90,,,,,90,
2025/26,1005649,Murillo,UEFA Europa League,Group Stage,2025-11-06,Sturm Graz,Nott'm Forest,0:0,,,,,,,,78,,12,
2025/26,1005649,Murillo,UEFA Europa League,Group Stage,2025-11-27,Nott'm Forest,Malmö,3:0,LB,,,,,,,,74,74,
2025/26,1005649,Murillo,Premier League,1,2025-08-17,Nott'm Forest,Brentford,3:1,CB,,,,,,,,,90,
2025/26,1005649,Murillo,Premier League,2,2025-08-24,Crystal Palace,Nott'm Forest,1:1,CB,,,,92,,,,,90,
2025/26,1005649,Murillo,Premier League,3,2025-08-31,Nott'm Forest,West Ham,0:3,CB,,,,,,,,,90,
2025/26,1005649,Murillo,Premier League,4,2025-09-13,Arsenal,Nott'm Forest,3:0,CB,,,,,,,,37,37,
2025/26,1005649,Murillo,Premier League,5,2025-09-20,Burnley,Nott'm Forest,1:1,Back injury,,,,,,,,,,
2025/26,1005649,Murillo,Premier League,6,2025-09-27,Nott'm Forest,Sunderland,0:1,Back injury,,,,,,,,,,
2025/26,1005649,Murillo,Premier League,7,2025-10-05,Newcastle,Nott'm Forest,2:0,on the bench,,,,,,,,,,
2025/26,1005649,Murillo,Premier League,8,2025-10-18,Nott'm Forest,Chelsea,0:3,CB,,,,,,,,74,74,
2025/26,1005649,Murillo,Premier League,9,2025-10-26,Bournemouth,Nott'm Forest,2:0,CB,,,,,,,,,90,
2025/26,1005649,Murillo,Premier League,10,2025-11-01,Nott'm Forest,Man Utd,2:2,CB,,,,,,,,,90,
2025/26,1005649,Murillo,Premier League,11,2025-11-09,Nott'm Forest,Leeds,3:1,CB,,,,41,,,,,90,
2025/26,1005649,Murillo,Premier League,12,2025-11-22,Liverpool,Nott'm Forest,0:3,CB,1,,,,,,,,90,
2025/26,1005649,Murillo,Premier League,13,2025-11-30,Nott'm Forest,Brighton,0:2,Not in squad,,,,,,,,,,
2025/26,1005649,Murillo,Premier League,14,2025-12-03,Wolves,Nott'm Forest,0:1,Not in squad,,,,,,,,,,
2025/26,1005649,Murillo,EFL Cup,Third Round,2025-09-17,Swansea,Nott'm Forest,3:2,Back injury,,,,,,,,,,
