﻿season,player_id,player_name,competition,journey,date,home_team,away_team,result,position,goals,assists,own_goals,yellow_cards,second_yellow_cards,red_cards,substitutions_on,substitutions_off,minutes_played,transfermarkt_score
2024/25,1047342,Maeson King,UEFA Europa League,Group Stage,2024-09-26,Tottenham,Qarabağ,3:0,Not in squad,,,,,,,,,,
2024/25,1047342,Maeson King,UEFA Europa League,Group Stage,2024-10-03,Ferencváros,Tottenham,1:2,Not in squad,,,,,,,,,,
2024/25,1047342,Maeson King,UEFA Europa League,Group Stage,2024-10-24,Tottenham,AZ Alkmaar,1:0,Not in squad,,,,,,,,,,
2024/25,1047342,Maeson King,UEFA Europa League,Group Stage,2024-11-07,Galatasaray,Tottenham,3:2,Not in squad,,,,,,,,,,
2024/25,1047342,Maeson King,UEFA Europa League,Group Stage,2024-11-28,Tottenham,Roma,2:2,on the bench,,,,,,,,,,
2024/25,1047342,Maeson King,UEFA Europa League,Group Stage,2024-12-12,Rangers,Tottenham,1:1,Not in squad,,,,,,,,,,
2024/25,1047342,Maeson King,UEFA Europa League,Group Stage,2025-01-23,Hoffenheim,Tottenham,2:3,Not in squad,,,,,,,,,,
2024/25,1047342,Maeson King,UEFA Europa League,Group Stage,2025-01-30,Tottenham,Elfsborg,3:0,Not in squad,,,,,,,,,,
2024/25,1047342,Maeson King,UEFA Europa League,last 16 1st leg,2025-03-06,AZ Alkmaar,Tottenham,1:0,Not in squad,,,,,,,,,,
2024/25,1047342,Maeson King,UEFA Europa League,last 16 2nd leg,2025-03-13,Tottenham,AZ Alkmaar,3:1,Not in squad,,,,,,,,,,
2024/25,1047342,Maeson King,UEFA Europa League,Quarter-Finals 1st leg,2025-04-10,Tottenham,Frankfurt,1:1,Not in squad,,,,,,,,,,
2024/25,1047342,Maeson King,UEFA Europa League,Quarter-Finals 2nd leg,2025-04-17,Frankfurt,Tottenham,0:1,Not in squad,,,,,,,,,,
2024/25,1047342,Maeson King,UEFA Europa League,Semi-Finals 1st Leg,2025-05-01,Tottenham,Bodø/Glimt,3:1,Not in squad,,,,,,,,,,
2024/25,1047342,Maeson King,UEFA Europa League,Semi-Finals 2nd Leg,2025-05-08,Bodø/Glimt,Tottenham,0:2,Not in squad,,,,,,,,,,
2024/25,1047342,Maeson King,UEFA Europa League,Final,2025-05-21,Tottenham,Man Utd,1:0,Not in squad,,,,,,,,,,
2024/25,1047342,Maeson King,Premier League,1,2024-08-19,Leicester,Tottenham,1:1,Not in squad,,,,,,,,,,
2024/25,1047342,Maeson King,Premier League,2,2024-08-24,Tottenham,Everton,4:0,Not in squad,,,,,,,,,,
2024/25,1047342,Maeson King,Premier League,3,2024-09-01,Newcastle,Tottenham,2:1,Not in squad,,,,,,,,,,
2024/25,1047342,Maeson King,Premier League,4,2024-09-15,Tottenham,Arsenal,0:1,Not in squad,,,,,,,,,,
2024/25,1047342,Maeson King,Premier League,5,2024-09-21,Tottenham,Brentford,3:1,Not in squad,,,,,,,,,,
2024/25,1047342,Maeson King,Premier League,6,2024-09-29,Man Utd,Tottenham,0:3,Not in squad,,,,,,,,,,
2024/25,1047342,Maeson King,Premier League,7,2024-10-06,Brighton,Tottenham,3:2,Not in squad,,,,,,,,,,
2024/25,1047342,Maeson King,Premier League,8,2024-10-19,Tottenham,West Ham,4:1,Not in squad,,,,,,,,,,
2024/25,1047342,Maeson King,Premier League,9,2024-10-27,Crystal Palace,Tottenham,1:0,Not in squad,,,,,,,,,,
2024/25,1047342,Maeson King,Premier League,10,2024-11-03,Tottenham,Aston Villa,4:1,Not in squad,,,,,,,,,,
2024/25,1047342,Maeson King,Premier League,11,2024-11-10,Tottenham,Ipswich,1:2,Not in squad,,,,,,,,,,
2024/25,1047342,Maeson King,Premier League,12,2024-11-23,Man City,Tottenham,0:4,Not in squad,,,,,,,,,,
2024/25,1047342,Maeson King,Premier League,13,2024-12-01,Tottenham,Fulham,1:1,Not in squad,,,,,,,,,,
2024/25,1047342,Maeson King,Premier League,14,2024-12-05,Bournemouth,Tottenham,1:0,Not in squad,,,,,,,,,,
2024/25,1047342,Maeson King,Premier League,15,2024-12-08,Tottenham,Chelsea,3:4,Not in squad,,,,,,,,,,
2024/25,1047342,Maeson King,Premier League,16,2024-12-15,Southampton,Tottenham,0:5,on the bench,,,,,,,,,,
2024/25,1047342,Maeson King,Premier League,17,2024-12-22,Tottenham,Liverpool,3:6,Not in squad,,,,,,,,,,
2024/25,1047342,Maeson King,Premier League,18,2024-12-26,Nott'm Forest,Tottenham,1:0,Not in squad,,,,,,,,,,
2024/25,1047342,Maeson King,Premier League,19,2024-12-29,Tottenham,Wolves,2:2,Not in squad,,,,,,,,,,
2024/25,1047342,Maeson King,Premier League,20,2025-01-04,Tottenham,Newcastle,1:2,Not in squad,,,,,,,,,,
2024/25,1047342,Maeson King,Premier League,21,2025-01-15,Arsenal,Tottenham,2:1,Not in squad,,,,,,,,,,
2024/25,1047342,Maeson King,Premier League,22,2025-01-19,Everton,Tottenham,3:2,Not in squad,,,,,,,,,,
2024/25,1047342,Maeson King,Premier League,23,2025-01-26,Tottenham,Leicester,1:2,Not in squad,,,,,,,,,,
2024/25,1047342,Maeson King,Premier League,24,2025-02-02,Brentford,Tottenham,0:2,Not in squad,,,,,,,,,,
2024/25,1047342,Maeson King,Premier League,25,2025-02-16,Tottenham,Man Utd,1:0,Not in squad,,,,,,,,,,
2024/25,1047342,Maeson King,Premier League,26,2025-02-22,Ipswich,Tottenham,1:4,Not in squad,,,,,,,,,,
2024/25,1047342,Maeson King,Premier League,27,2025-02-26,Tottenham,Man City,0:1,Not in squad,,,,,,,,,,
2024/25,1047342,Maeson King,Premier League,28,2025-03-09,Tottenham,Bournemouth,2:2,Not in squad,,,,,,,,,,
2024/25,1047342,Maeson King,Premier League,29,2025-03-16,Fulham,Tottenham,2:0,Not in squad,,,,,,,,,,
2024/25,1047342,Maeson King,Premier League,30,2025-04-03,Chelsea,Tottenham,1:0,Not in squad,,,,,,,,,,
2024/25,1047342,Maeson King,Premier League,31,2025-04-06,Tottenham,Southampton,3:1,Not in squad,,,,,,,,,,
2024/25,1047342,Maeson King,Premier League,32,2025-04-13,Wolves,Tottenham,4:2,Not in squad,,,,,,,,,,
2024/25,1047342,Maeson King,Premier League,33,2025-04-21,Tottenham,Nott'm Forest,1:2,Not in squad,,,,,,,,,,
2024/25,1047342,Maeson King,Premier League,34,2025-04-27,Liverpool,Tottenham,5:1,Not in squad,,,,,,,,,,
2024/25,1047342,Maeson King,Premier League,35,2025-05-04,West Ham,Tottenham,1:1,Not in squad,,,,,,,,,,
2024/25,1047342,Maeson King,Premier League,36,2025-05-11,Tottenham,Crystal Palace,0:2,Not in squad,,,,,,,,,,
2024/25,1047342,Maeson King,Premier League,37,2025-05-16,Aston Villa,Tottenham,2:0,Not in squad,,,,,,,,,,
2024/25,1047342,Maeson King,Premier League,38,2025-05-25,Tottenham,Brighton,1:4,Not in squad,,,,,,,,,,
2024/25,1047342,Maeson King,EFL Trophy,group B7,2024-08-20,Bristol Rovers,Tottenham U21,8:9 on pens,CB,,,,,,,,,90,
2024/25,1047342,Maeson King,EFL Trophy,group B7,2024-09-24,Exeter City,Tottenham U21,2:0,LB,,,,,,,,80,80,
2024/25,1047342,Maeson King,EFL Trophy,group B7,2024-11-05,Swindon Town,Tottenham U21,2:1,CB,,,,,,,,,90,
2024/25,1047342,Maeson King,FA Cup,Third Round,2025-01-12,Tamworth,Tottenham,0:3 AET,Not in squad,,,,,,,,,,
2024/25,1047342,Maeson King,FA Cup,Fourth Round,2025-02-09,Aston Villa,Tottenham,2:1,Not in squad,,,,,,,,,,
2024/25,1047342,Maeson King,EFL Cup,Third Round,2024-09-18,Coventry,Tottenham,1:2,Not in squad,,,,,,,,,,
2024/25,1047342,Maeson King,EFL Cup,Fourth Round,2024-10-30,Tottenham,Man City,2:1,Not in squad,,,,,,,,,,
2024/25,1047342,Maeson King,EFL Cup,Quarter-Finals,2024-12-19,Tottenham,Man Utd,4:3,Not in squad,,,,,,,,,,
2024/25,1047342,Maeson King,EFL Cup,Semi-Finals 1st Leg,2025-01-08,Tottenham,Liverpool,1:0,Not in squad,,,,,,,,,,
2024/25,1047342,Maeson King,EFL Cup,Semi-Finals 2nd Leg,2025-02-06,Liverpool,Tottenham,4:0,Not in squad,,,,,,,,,,
2024/25,1047342,Maeson King,Premier League 2,1,2024-08-16,Chelsea U21,Tottenham U21,1:2,CB,,,,,,,,,90,
2024/25,1047342,Maeson King,Premier League 2,2,2024-08-25,Tottenham U21,Newcastle U21,0:1,CB,,,,36,,,,46,45,
2024/25,1047342,Maeson King,Premier League 2,3,2024-08-30,Southampton U21,Tottenham U21,2:1,LB,,,,,,,,79,79,
2024/25,1047342,Maeson King,Premier League 2,4,2024-09-20,Tottenham U21,Fulham U21,1:4,LB,,,,,,,,,90,
2024/25,1047342,Maeson King,Premier League 2,5,2024-09-28,Tottenham U21,Leeds U21,0:3,,,,,,,,46,,45,
2024/25,1047342,Maeson King,Premier League 2,6,2024-10-05,Arsenal U21,Tottenham U21,2:5,CB,,,,90,,,,,90,
2024/25,1047342,Maeson King,Premier League 2,7,2024-10-25,Tottenham U21,Reading U21,1:4,CB,,,,80,,,,,90,
2024/25,1047342,Maeson King,Premier League 2,8,2024-11-01,Palace U21,Tottenham U21,5:1,CB,,,,,,,,70,70,
2024/25,1047342,Maeson King,Premier League 2,9,2024-11-29,Tottenham U21,Boro U21,6:1,LB,,1,,,,,,81,81,
2024/25,1047342,Maeson King,Premier League 2,10,2024-12-14,Brighton U21,Tottenham U21,5:1,Not in squad,,,,,,,,,,
2024/25,1047342,Maeson King,Premier League 2,11,2025-01-10,Derby U21,Tottenham U21,2:1,CB,,,,7,,,,51,51,
2024/25,1047342,Maeson King,Premier League 2,12,2025-01-18,Tottenham U21,Norwich U21,1:1,Not in squad,,,,,,,,,,
2024/25,1047342,Maeson King,Premier League 2,13,2025-01-26,Tottenham U21,Liverpool U21,2:0,LB,,,,40,,,,,90,
2024/25,1047342,Maeson King,Premier League 2,14,2025-02-07,Man Utd U21,Tottenham U21,2:0,CB,,,,,,,,,90,
2024/25,1047342,Maeson King,Premier League 2,15,2025-02-17,Man City U21,Tottenham U21,2:0,CB,,,,,,,,,90,
2024/25,1047342,Maeson King,Premier League 2,16,2025-02-21,Tottenham U21,Wolves U21,2:3,CB,,,,,,,,,90,
2024/25,1047342,Maeson King,Premier League 2,17,2025-03-03,Leicester U21,Tottenham U21,2:0,LB,,,,,,,,,90,
2024/25,1047342,Maeson King,Premier League 2,18,2025-03-14,Tottenham U21,Blackburn U21,4:0,,,,,,,,76,,14,
2024/25,1047342,Maeson King,Premier League 2,19,2025-04-07,Sunderland U21,Tottenham U21,2:3,CB,,,,,,,,,90,
2024/25,1047342,Maeson King,Premier League 2,20,2025-04-14,Tottenham U21,Everton U21,4:5,CB,,,,,,,,69,69,
2024/25,1047342,Maeson King,Premier League International Cup U21,Group A,2024-09-17,Tottenham U21,Valencia B,1:3,Information not yet available,,,,,,,,,,
2024/25,1047342,Maeson King,Premier League International Cup U21,Group A,2024-12-06,Tottenham U21,Monaco U21,0:4,Information not yet available,,,,,,,,,,
2024/25,1047342,Maeson King,Premier League International Cup U21,Group A,2024-12-18,Tottenham U21,Ajax U21,1:5,,,,,,,,,,90,
2024/25,1047342,Maeson King,Premier League International Cup U21,Group A,2025-01-22,Tottenham U21,Din. Zagreb II,2:1,Information not yet available,,,,,,,,,,
2024/25,1047342,Maeson King,National League Cup,Group D,2024-10-01,Dag & Red FC,Tottenham U21,8:10 on pens,Information not yet available,,,,,,,,,,
2024/25,1047342,Maeson King,National League Cup,Group D,2024-10-29,Ebbsfleet,Tottenham U21,4:5 on pens,Information not yet available,,,,,,,,,,
2024/25,1047342,Maeson King,National League Cup,Group D,2024-12-03,Sutton Utd,Tottenham U21,3:0,Information not yet available,,,,,,,,,,
2024/25,1047342,Maeson King,National League Cup,Group D,2025-01-29,Braintree,Tottenham U21,3:1,Information not yet available,,,,,,,,,,
