﻿season,player_id,player_name,competition,journey,date,home_team,away_team,result,position,goals,assists,own_goals,yellow_cards,second_yellow_cards,red_cards,substitutions_on,substitutions_off,minutes_played,transfermarkt_score
2015/16,106987,Marcel Sabitzer,2. Bundesliga,1,2015-07-25,FSV Frankfurt,Leipzig,0:1,Centre Forward,1,,,,,,,,90,
2015/16,106987,Marcel Sabitzer,2. Bundesliga,2,2015-08-03,Leipzig,Greuther Fürth,2:2,Centre Forward,,,,,,,,88,88,
2015/16,106987,Marcel Sabitzer,2. Bundesliga,3,2015-08-15,E. Braunschweig,Leipzig,0:2,Centre Forward,,,,,,,,,90,
2015/16,106987,Marcel Sabitzer,2. Bundesliga,4,2015-08-23,Leipzig,St. Pauli,0:1,Centre Forward,,,,,,,,,90,
2015/16,106987,Marcel Sabitzer,2. Bundesliga,5,2015-08-28,Union Berlin,Leipzig,1:1,SS,,,,,,,,,90,
2015/16,106987,Marcel Sabitzer,2. Bundesliga,6,2015-09-11,Leipzig,SC Paderborn,2:0,SS,1,,,,,,,,90,
2015/16,106987,Marcel Sabitzer,2. Bundesliga,7,2015-09-18,Heidenheim,Leipzig,1:1,SS,,1,,,,,,77,77,
2015/16,106987,Marcel Sabitzer,2. Bundesliga,8,2015-09-24,Leipzig,Freiburg,1:1,SS,,,,,,,,,90,
2015/16,106987,Marcel Sabitzer,2. Bundesliga,9,2015-09-27,1860 Munich,Leipzig,2:2,SS,,1,,,,,,,90,
2015/16,106987,Marcel Sabitzer,2. Bundesliga,10,2015-10-04,Leipzig,1.FC Nuremberg,3:2,SS,,,,39,,,,,90,
2015/16,106987,Marcel Sabitzer,2. Bundesliga,11,2015-10-18,VfL Bochum,Leipzig,0:1,SS,1,,,21,,,,80,80,
2015/16,106987,Marcel Sabitzer,2. Bundesliga,12,2015-10-23,Leipzig,F. Düsseldorf,2:1,SS,1,,,,,,,,90,
2015/16,106987,Marcel Sabitzer,2. Bundesliga,13,2015-11-01,SV Sandhausen,Leipzig,1:2,SS,,,,,,,,,90,
2015/16,106987,Marcel Sabitzer,2. Bundesliga,14,2015-11-08,Leipzig,1.FC K'lautern,0:2,SS,,,,,,,,,90,
2015/16,106987,Marcel Sabitzer,2. Bundesliga,15,2015-11-21,Arm. Bielefeld,Leipzig,0:1,Centre Forward,,,,,,,,,90,
2015/16,106987,Marcel Sabitzer,2. Bundesliga,16,2015-11-30,Karlsruher SC,Leipzig,0:1,SS,1,,,,,,,,90,
2015/16,106987,Marcel Sabitzer,2. Bundesliga,17,2015-12-06,Leipzig,MSV Duisburg,4:2,AM,,,,,,,,,90,
2015/16,106987,Marcel Sabitzer,2. Bundesliga,18,2015-12-13,Leipzig,FSV Frankfurt,3:1,AM,2,1,,,,,,79,79,
2015/16,106987,Marcel Sabitzer,2. Bundesliga,19,2015-12-19,Greuther Fürth,Leipzig,1:2,SS,,,,,,,,,90,
2015/16,106987,Marcel Sabitzer,2. Bundesliga,20,2016-02-07,Leipzig,E. Braunschweig,2:0,SS,,,,,,,,,90,
2015/16,106987,Marcel Sabitzer,2. Bundesliga,21,2016-02-12,St. Pauli,Leipzig,1:0,SS,,,,84,,,,,90,
2015/16,106987,Marcel Sabitzer,2. Bundesliga,22,2016-02-19,Leipzig,Union Berlin,3:0,SS,,,,,,,,,90,
2015/16,106987,Marcel Sabitzer,2. Bundesliga,23,2016-02-26,SC Paderborn,Leipzig,0:1,SS,,,,92,,,,,90,
2015/16,106987,Marcel Sabitzer,2. Bundesliga,24,2016-03-02,Leipzig,Heidenheim,3:1,SS,,,,,,,,86,86,
2015/16,106987,Marcel Sabitzer,2. Bundesliga,25,2016-03-07,Freiburg,Leipzig,2:1,SS,,,,,,,,,90,
2015/16,106987,Marcel Sabitzer,2. Bundesliga,26,2016-03-13,Leipzig,1860 Munich,2:1,Not in squad,,,,,,,,,,
2015/16,106987,Marcel Sabitzer,2. Bundesliga,27,2016-03-20,1.FC Nuremberg,Leipzig,3:1,Centre Forward,,,,,,,,62,62,
2015/16,106987,Marcel Sabitzer,2. Bundesliga,28,2016-04-02,Leipzig,VfL Bochum,3:1,SS,,1,,,,,,,90,
2015/16,106987,Marcel Sabitzer,2. Bundesliga,29,2016-04-11,F. Düsseldorf,Leipzig,1:3,AM,,1,,,,,,82,82,
2015/16,106987,Marcel Sabitzer,2. Bundesliga,30,2016-04-15,Leipzig,SV Sandhausen,0:1,Centre Forward,,,,,,,,,90,
2015/16,106987,Marcel Sabitzer,2. Bundesliga,31,2016-04-25,1.FC K'lautern,Leipzig,1:1,SS,,,,,,,,,90,
2015/16,106987,Marcel Sabitzer,2. Bundesliga,32,2016-04-29,Leipzig,Arm. Bielefeld,1:1,SS,1,,,,,,,,90,
2015/16,106987,Marcel Sabitzer,2. Bundesliga,33,2016-05-08,Leipzig,Karlsruher SC,2:0,SS,,,,,,,,68,68,
2015/16,106987,Marcel Sabitzer,2. Bundesliga,34,2016-05-15,MSV Duisburg,Leipzig,1:0,Not in squad,,,,,,,,,,
2015/16,106987,Marcel Sabitzer,DFB-Pokal,First Round,2015-08-10,VfL Osnabrück,Leipzig,0:2,Centre Forward,,,,,,,,,71,
2015/16,106987,Marcel Sabitzer,DFB-Pokal,Second Round,2015-10-27,Unterhaching,Leipzig,3:0,SS,,,,,,,46,,45,
2015/16,106987,Marcel Sabitzer,International Friendlies,13,2015-11-17,Austria,Switzerland,1:2,SS,,1,,,,,,46,45,
2015/16,106987,Marcel Sabitzer,International Friendlies,2,2016-03-26,Austria,Albania,2:1,Not in squad,,,,,,,,,,
2015/16,106987,Marcel Sabitzer,International Friendlies,11,2016-03-29,Austria,Turkiye,1:2,Not in squad,,,,,,,,,,
2015/16,106987,Marcel Sabitzer,International Friendlies,3,2016-05-31,Austria,Malta,2:1,LW,,,,,,,46,,45,
2015/16,106987,Marcel Sabitzer,International Friendlies,4,2016-06-04,Austria,Netherlands,0:2,Centre Forward,,,,,,,,82,82,
2015/16,106987,Marcel Sabitzer,EURO 2016,Group F,2016-06-14,Austria,Hungary,0:2,Centre Forward,,,,,,,59,,31,
2015/16,106987,Marcel Sabitzer,EURO 2016,Group F,2016-06-18,Portugal,Austria,0:0,Centre Forward,,,,,,,,85,85,
2015/16,106987,Marcel Sabitzer,EURO 2016,Group F,2016-06-22,Iceland,Austria,2:1,CF,,,,,,,,78,78,
