﻿season,player_id,player_name,competition,journey,date,home_team,away_team,result,position,goals,assists,own_goals,yellow_cards,second_yellow_cards,red_cards,substitutions_on,substitutions_off,minutes_played,transfermarkt_score
2018/19,110864,Sam Johnstone,Championship,1,2018-08-04,West Brom,Bolton,1:2,GK,,,,,,,,,90,
2018/19,110864,Sam Johnstone,Championship,4,2018-08-07,Nott'm Forest,West Brom,1:1,GK,,,,,,,,,90,
2018/19,110864,Sam Johnstone,Championship,2,2018-08-11,Norwich,West Brom,3:4,GK,,,,,,,,,90,
2018/19,110864,Sam Johnstone,Championship,3,2018-08-18,West Brom,QPR,7:1,GK,,,,,,,,,90,
2018/19,110864,Sam Johnstone,Championship,5,2018-08-24,Middlesbrough,West Brom,1:0,GK,,,,,,,,,90,
2018/19,110864,Sam Johnstone,Championship,6,2018-09-01,West Brom,Stoke City,2:1,GK,,,,,,,,,90,
2018/19,110864,Sam Johnstone,Championship,7,2018-09-14,Birmingham,West Brom,1:1,GK,,,,,,,,,90,
2018/19,110864,Sam Johnstone,Championship,8,2018-09-18,West Brom,Bristol City,4:2,GK,,,,88,,,,,90,
2018/19,110864,Sam Johnstone,Championship,9,2018-09-22,West Brom,Millwall,2:0,GK,,,,,,,,,90,
2018/19,110864,Sam Johnstone,Championship,10,2018-09-29,Preston,West Brom,2:3,GK,,,,80,,,,,90,
2018/19,110864,Sam Johnstone,Championship,11,2018-10-03,Sheff Wed,West Brom,2:2,GK,,,,,,,,,90,
2018/19,110864,Sam Johnstone,Championship,12,2018-10-06,West Brom,Reading,4:1,GK,,,,,,,,,90,
2018/19,110864,Sam Johnstone,Championship,13,2018-10-20,Wigan,West Brom,1:0,GK,,,,,,,,,90,
2018/19,110864,Sam Johnstone,Championship,14,2018-10-24,West Brom,Derby,1:4,GK,,,,,,,,,90,
2018/19,110864,Sam Johnstone,Championship,15,2018-10-27,West Brom,Blackburn,1:1,GK,,,,,,,,,90,
2018/19,110864,Sam Johnstone,Championship,16,2018-11-03,Hull City,West Brom,1:0,GK,,,,,,,,,90,
2018/19,110864,Sam Johnstone,Championship,17,2018-11-10,West Brom,Leeds,4:1,GK,,,,,,,,,90,
2018/19,110864,Sam Johnstone,Championship,18,2018-11-23,Ipswich,West Brom,1:2,GK,,,,95,,,,,90,
2018/19,110864,Sam Johnstone,Championship,19,2018-11-28,Swansea,West Brom,1:2,GK,,,,,,,,,90,
2018/19,110864,Sam Johnstone,Championship,20,2018-12-03,West Brom,Brentford,1:1,GK,,,,,,,,,90,
2018/19,110864,Sam Johnstone,Championship,21,2018-12-07,West Brom,Aston Villa,2:2,GK,,,,,,,,,90,
2018/19,110864,Sam Johnstone,Championship,22,2018-12-14,Sheff Utd,West Brom,1:2,GK,,,,,,,,,90,
2018/19,110864,Sam Johnstone,Championship,23,2018-12-22,Rotherham,West Brom,0:4,GK,,,,31,,,,,90,
2018/19,110864,Sam Johnstone,Championship,24,2018-12-26,West Brom,Wigan,2:0,GK,,,,,,,,,90,
2018/19,110864,Sam Johnstone,Championship,25,2018-12-29,West Brom,Sheff Wed,1:1,GK,,,,93,,,,,90,
2018/19,110864,Sam Johnstone,Championship,26,2019-01-01,Blackburn,West Brom,2:1,GK,,,,,,,,,90,
2018/19,110864,Sam Johnstone,Championship,27,2019-01-12,West Brom,Norwich,1:1,GK,,,,,,,,,90,
2018/19,110864,Sam Johnstone,Championship,28,2019-01-21,Bolton,West Brom,0:2,GK,,,,,,,,,90,
2018/19,110864,Sam Johnstone,Championship,30,2019-02-02,West Brom,Middlesbrough,2:3,GK,,,,,,,,,90,
2018/19,110864,Sam Johnstone,Championship,31,2019-02-09,Stoke City,West Brom,0:1,GK,,,,,,,,,90,
2018/19,110864,Sam Johnstone,Championship,32,2019-02-12,West Brom,Nott'm Forest,2:2,GK,,,,,,,,,90,
2018/19,110864,Sam Johnstone,Championship,33,2019-02-16,Aston Villa,West Brom,0:2,GK,,,,,,,,,90,
2018/19,110864,Sam Johnstone,Championship,29,2019-02-19,QPR,West Brom,2:3,GK,,,,,,,,,90,
2018/19,110864,Sam Johnstone,Championship,34,2019-02-23,West Brom,Sheff Utd,0:1,GK,,,,,,,,,90,
2018/19,110864,Sam Johnstone,Championship,35,2019-03-01,Leeds,West Brom,4:0,GK,,,,,,,,,90,
2018/19,110864,Sam Johnstone,Championship,36,2019-03-09,West Brom,Ipswich,1:1,GK,,,,,,,,,90,
2018/19,110864,Sam Johnstone,Championship,37,2019-03-13,West Brom,Swansea,3:0,GK,,,,,,,,,90,
2018/19,110864,Sam Johnstone,Championship,38,2019-03-16,Brentford,West Brom,0:1,GK,,,,,,,,,90,
2018/19,110864,Sam Johnstone,Championship,39,2019-03-29,West Brom,Birmingham,3:2,GK,,,,,,,,,90,
2018/19,110864,Sam Johnstone,Championship,40,2019-04-06,Millwall,West Brom,2:0,GK,,,,,,,,,90,
2018/19,110864,Sam Johnstone,Championship,41,2019-04-09,Bristol City,West Brom,3:2,GK,,,,,,,,,90,
2018/19,110864,Sam Johnstone,Championship,42,2019-04-13,West Brom,Preston,4:1,GK,,,,,,,,,90,
2018/19,110864,Sam Johnstone,Championship,43,2019-04-19,West Brom,Hull City,3:2,GK,,,,,,,,,90,
2018/19,110864,Sam Johnstone,Championship,44,2019-04-22,Reading,West Brom,0:0,GK,,,,,,,,,90,
2018/19,110864,Sam Johnstone,Championship,45,2019-04-27,West Brom,Rotherham,2:1,GK,,,,,,,,,90,
2018/19,110864,Sam Johnstone,Championship,46,2019-05-05,Derby,West Brom,3:1,GK,,,,58,,,,,90,
2018/19,110864,Sam Johnstone,FA Cup,Third Round,2019-01-05,West Brom,Wigan,1:0,Not in squad,,,,,,,,,,
2018/19,110864,Sam Johnstone,FA Cup,Fourth Round,2019-01-26,Brighton,West Brom,0:0,Not in squad,,,,,,,,,,
2018/19,110864,Sam Johnstone,FA Cup,4th round deciders,2019-02-06,West Brom,Brighton,1:3 AET,Not in squad,,,,,,,,,,
2018/19,110864,Sam Johnstone,EFL Cup,First Round,2018-08-14,West Brom,Luton,1:0,Not in squad,,,,,,,,,,
2018/19,110864,Sam Johnstone,EFL Cup,Second Round,2018-08-28,West Brom,Mansfield Town,2:1,Not in squad,,,,,,,,,,
2018/19,110864,Sam Johnstone,EFL Cup,Third Round,2018-09-25,West Brom,Crystal Palace,0:3,Not in squad,,,,,,,,,,
2018/19,110864,Sam Johnstone,Championship Play-Offs,Semi-Finals 1st Leg,2019-05-11,Aston Villa,West Brom,2:1,GK,,,,,,,,,90,
2018/19,110864,Sam Johnstone,Championship Play-Offs,Semi-Finals 2nd Leg,2019-05-14,West Brom,Aston Villa,3:4 on pens,GK,,,,,,,,,120,
