﻿season,player_id,player_name,competition,journey,date,home_team,away_team,result,position,goals,assists,own_goals,yellow_cards,second_yellow_cards,red_cards,substitutions_on,substitutions_off,minutes_played,transfermarkt_score
2025/26,1071138,Benjamin Fredrick,Jupiler Pro League,1,2025-07-26,FCV Dender EH,Cercle Brugge,0:0,,,,,,,,76,,14,
2025/26,1071138,Benjamin Fredrick,Jupiler Pro League,2,2025-08-02,Standard Liège,FCV Dender EH,1:1,RM,,,,,,,,76,76,
2025/26,1071138,Benjamin Fredrick,Jupiler Pro League,3,2025-08-08,Sint-Truiden,FCV Dender EH,2:0,RM,,,,,,,,,90,
2025/26,1071138,Benjamin Fredrick,Jupiler Pro League,4,2025-08-17,FCV Dender EH,RSC Anderlecht,0:2,RM,,,,,,,,82,82,
2025/26,1071138,Benjamin Fredrick,Jupiler Pro League,5,2025-08-24,FCV Dender EH,OH Leuven,0:1,RM,,,,,,,,77,77,
2025/26,1071138,Benjamin Fredrick,Jupiler Pro League,6,2025-08-30,R Charleroi SC,FCV Dender EH,3:1,RB,,,,,,,,83,83,
2025/26,1071138,Benjamin Fredrick,Jupiler Pro League,7,2025-09-13,FCV Dender EH,Union SG,0:1,,,,,,,,79,,11,
2025/26,1071138,Benjamin Fredrick,Jupiler Pro League,8,2025-09-19,KAA Gent,FCV Dender EH,3:0,,,,,,,,57,,33,
2025/26,1071138,Benjamin Fredrick,Jupiler Pro League,9,2025-09-28,FCV Dender EH,La Louvière,0:0,RB,,,,,,,,62,62,
2025/26,1071138,Benjamin Fredrick,Jupiler Pro League,10,2025-10-05,Genk,FCV Dender EH,2:1,RB,,,,13,,,,46,45,
2025/26,1071138,Benjamin Fredrick,Jupiler Pro League,11,2025-10-19,FCV Dender EH,KV Mechelen,1:3,,,,,,,,72,,18,
2025/26,1071138,Benjamin Fredrick,Jupiler Pro League,12,2025-10-25,KVC Westerlo,FCV Dender EH,1:1,CB,,,,,,,,,90,
2025/26,1071138,Benjamin Fredrick,Jupiler Pro League,13,2025-11-01,Club Brugge,FCV Dender EH,2:1,CB,,,,,,,,,90,
2025/26,1071138,Benjamin Fredrick,Jupiler Pro League,14,2025-11-07,FCV Dender EH,Zulte Waregem,2:2,CB,,,,18,,,,,90,
2025/26,1071138,Benjamin Fredrick,Jupiler Pro League,15,2025-11-23,Royal Antwerp,FCV Dender EH,1:2,Knee injury,,,,,,,,,,
2025/26,1071138,Benjamin Fredrick,Jupiler Pro League,16,2025-11-29,FCV Dender EH,KVC Westerlo,2:2,Knee injury,,,,,,,,,,
2025/26,1071138,Benjamin Fredrick,Croky Cup,Seventh Round,2025-10-28,FCV Dender EH,Olym. Charleroi,4:2 AET,CB,,,,,,,,,120,
2025/26,1071138,Benjamin Fredrick,Croky Cup,Round of 16,2025-12-02,FCV Dender EH,Standard Liège,3:2,Knee injury,,,,,,,,,,
