﻿season,player_id,player_name,competition,journey,date,home_team,away_team,result,position,goals,assists,own_goals,yellow_cards,second_yellow_cards,red_cards,substitutions_on,substitutions_off,minutes_played,transfermarkt_score
2022/23,101118,Joel Robles,Premier League,2,2022-08-13,Southampton,Leeds,2:2,Not in squad,,,,,,,,,,
2022/23,101118,Joel Robles,Premier League,3,2022-08-21,Leeds,Chelsea,3:0,Not in squad,,,,,,,,,,
2022/23,101118,Joel Robles,Premier League,4,2022-08-27,Brighton,Leeds,1:0,Not in squad,,,,,,,,,,
2022/23,101118,Joel Robles,Premier League,5,2022-08-30,Leeds,Everton,1:1,Not in squad,,,,,,,,,,
2022/23,101118,Joel Robles,Premier League,6,2022-09-03,Brentford,Leeds,5:2,Not in squad,,,,,,,,,,
2022/23,101118,Joel Robles,Premier League,9,2022-10-02,Leeds,Aston Villa,0:0,Not in squad,,,,,,,,,,
2022/23,101118,Joel Robles,Premier League,10,2022-10-09,Crystal Palace,Leeds,2:1,Not in squad,,,,,,,,,,
2022/23,101118,Joel Robles,Premier League,11,2022-10-16,Leeds,Arsenal,0:1,Not in squad,,,,,,,,,,
2022/23,101118,Joel Robles,Premier League,12,2022-10-20,Leicester,Leeds,2:0,Not in squad,,,,,,,,,,
2022/23,101118,Joel Robles,Premier League,13,2022-10-23,Leeds,Fulham,2:3,on the bench,,,,,,,,,,
2022/23,101118,Joel Robles,Premier League,14,2022-10-29,Liverpool,Leeds,1:2,on the bench,,,,,,,,,,
2022/23,101118,Joel Robles,Premier League,15,2022-11-05,Leeds,Bournemouth,4:3,Not in squad,,,,,,,,,,
2022/23,101118,Joel Robles,Premier League,16,2022-11-12,Tottenham,Leeds,4:3,on the bench,,,,,,,,,,
2022/23,101118,Joel Robles,Premier League,17,2022-12-28,Leeds,Man City,1:3,on the bench,,,,,,,,,,
2022/23,101118,Joel Robles,Premier League,18,2022-12-31,Newcastle,Leeds,0:0,on the bench,,,,,,,,,,
2022/23,101118,Joel Robles,Premier League,19,2023-01-04,Leeds,West Ham,2:2,on the bench,,,,,,,,,,
2022/23,101118,Joel Robles,Premier League,20,2023-01-13,Aston Villa,Leeds,2:1,on the bench,,,,,,,,,,
2022/23,101118,Joel Robles,Premier League,21,2023-01-22,Leeds,Brentford,0:0,on the bench,,,,,,,,,,
2022/23,101118,Joel Robles,Premier League,22,2023-02-05,Nott'm Forest,Leeds,1:0,on the bench,,,,,,,,,,
2022/23,101118,Joel Robles,Premier League,8,2023-02-08,Man Utd,Leeds,2:2,on the bench,,,,,,,,,,
2022/23,101118,Joel Robles,Premier League,23,2023-02-12,Leeds,Man Utd,0:2,on the bench,,,,,,,,,,
2022/23,101118,Joel Robles,Premier League,24,2023-02-18,Everton,Leeds,1:0,on the bench,,,,,,,,,,
2022/23,101118,Joel Robles,Premier League,25,2023-02-25,Leeds,Southampton,1:0,on the bench,,,,,,,,,,
2022/23,101118,Joel Robles,Premier League,26,2023-03-04,Chelsea,Leeds,1:0,on the bench,,,,,,,,,,
2022/23,101118,Joel Robles,Premier League,27,2023-03-11,Leeds,Brighton,2:2,on the bench,,,,,,,,,,
2022/23,101118,Joel Robles,Premier League,28,2023-03-18,Wolves,Leeds,2:4,on the bench,,,,,,,,,,
2022/23,101118,Joel Robles,Premier League,29,2023-04-01,Arsenal,Leeds,4:1,on the bench,,,,,,,,,,
2022/23,101118,Joel Robles,Premier League,7,2023-04-04,Leeds,Nott'm Forest,2:1,on the bench,,,,,,,,,,
2022/23,101118,Joel Robles,Premier League,30,2023-04-09,Leeds,Crystal Palace,1:5,on the bench,,,,,,,,,,
2022/23,101118,Joel Robles,Premier League,31,2023-04-17,Leeds,Liverpool,1:6,on the bench,,,,,,,,,,
2022/23,101118,Joel Robles,Premier League,32,2023-04-22,Fulham,Leeds,2:1,on the bench,,,,,,,,,,
2022/23,101118,Joel Robles,Premier League,33,2023-04-25,Leeds,Leicester,1:1,on the bench,,,,,,,,,,
2022/23,101118,Joel Robles,Premier League,34,2023-04-30,Bournemouth,Leeds,4:1,on the bench,,,,,,,,,,
2022/23,101118,Joel Robles,Premier League,35,2023-05-06,Man City,Leeds,2:1,GK,,,,,,,,,90,
2022/23,101118,Joel Robles,Premier League,36,2023-05-13,Leeds,Newcastle,2:2,GK,,,,69,,,,,90,
2022/23,101118,Joel Robles,Premier League,37,2023-05-21,West Ham,Leeds,3:1,GK,,,,,,,,,90,
2022/23,101118,Joel Robles,Premier League,38,2023-05-28,Leeds,Tottenham,1:4,GK,,,,,,,,,90,
2022/23,101118,Joel Robles,EFL Trophy,group A2,2022-10-04,Tranmere,Leeds U21,3:5,Not in squad,,,,,,,,,,
2022/23,101118,Joel Robles,EFL Trophy,group A2,2022-10-18,Bolton,Leeds U21,3:0,GK,,,,,,,,,90,
2022/23,101118,Joel Robles,EFL Trophy,group A2,2022-11-01,Crewe Alexandra,Leeds U21,2:1 on pens,Not in squad,,,,,,,,,,
2022/23,101118,Joel Robles,FA Cup,Third Round,2023-01-08,Cardiff,Leeds,2:2,GK,,,,,,,,,90,
2022/23,101118,Joel Robles,FA Cup,Third Round Replay,2023-01-18,Leeds,Cardiff,5:2,on the bench,,,,,,,,,,
2022/23,101118,Joel Robles,FA Cup,Fourth Round,2023-01-28,Accrington,Leeds,1:3,on the bench,,,,,,,,,,
2022/23,101118,Joel Robles,FA Cup,Fifth Round,2023-02-28,Fulham,Leeds,2:0,on the bench,,,,,,,,,,
2022/23,101118,Joel Robles,EFL Cup,Second Round,2022-08-24,Leeds,Barnsley,3:1,on the bench,,,,,,,,,,
2022/23,101118,Joel Robles,EFL Cup,Third Round,2022-11-09,Wolves,Leeds,1:0,GK,,,,,,,,,90,
2022/23,101118,Joel Robles,Premier League 2 Playoffs,Semi-Finals,2023-05-08,Leeds U21,Aston Villa U21,2:1,Not in squad,,,,,,,,,,
2022/23,101118,Joel Robles,Premier League 2 Playoffs,Final,2023-05-15,Leeds U21,Nottingham U21,3:0,Not in squad,,,,,,,,,,
2022/23,101118,Joel Robles,Premier League 2,2,2022-08-15,Leeds U21,Norwich U21,2:2,Not in squad,,,,,,,,,,
2022/23,101118,Joel Robles,Premier League 2,3,2022-08-19,Aston Villa U21,Leeds U21,1:2,Not in squad,,,,,,,,,,
2022/23,101118,Joel Robles,Premier League 2,4,2022-08-29,Leeds U21,Nottingham U21,5:1,Not in squad,,,,,,,,,,
2022/23,101118,Joel Robles,Premier League 2,6,2022-09-16,Leeds U21,Southampton U21,6:2,Not in squad,,,,,,,,,,
2022/23,101118,Joel Robles,Premier League 2,7,2022-09-30,Leeds U21,Stoke U21,4:0,Not in squad,,,,,,,,,,
2022/23,101118,Joel Robles,Premier League 2,8,2022-10-10,Sunderland U21,Leeds U21,0:1,Not in squad,,,,,,,,,,
2022/23,101118,Joel Robles,Premier League 2,9,2022-10-22,Boro U21,Leeds U21,2:4,Not in squad,,,,,,,,,,
2022/23,101118,Joel Robles,Premier League 2,11,2022-11-07,Leeds U21,Newcastle U21,4:2,Not in squad,,,,,,,,,,
2022/23,101118,Joel Robles,Premier League 2,12,2023-01-06,Nottingham U21,Leeds U21,1:0,Not in squad,,,,,,,,,,
2022/23,101118,Joel Robles,Premier League 2,13,2023-01-16,Leeds U21,West Brom U21,1:2,Not in squad,,,,,,,,,,
2022/23,101118,Joel Robles,Premier League 2,14,2023-01-27,Norwich U21,Leeds U21,5:2,Not in squad,,,,,,,,,,
2022/23,101118,Joel Robles,Premier League 2,15,2023-02-13,Newcastle U21,Leeds U21,2:2,Not in squad,,,,,,,,,,
2022/23,101118,Joel Robles,Premier League 2,16,2023-02-20,Leeds U21,Aston Villa U21,2:1,Not in squad,,,,,,,,,,
2022/23,101118,Joel Robles,Premier League 2,17,2023-02-24,Southampton U21,Leeds U21,1:2,Not in squad,,,,,,,,,,
2022/23,101118,Joel Robles,Premier League 2,18,2023-03-06,Leeds U21,Derby U21,3:0,Not in squad,,,,,,,,,,
2022/23,101118,Joel Robles,Premier League 2,19,2023-03-19,Leeds U21,Sunderland U21,3:1,GK,,,,,,,,,90,
2022/23,101118,Joel Robles,Premier League 2,20,2023-04-17,Stoke U21,Leeds U21,1:1,Not in squad,,,,,,,,,,
2022/23,101118,Joel Robles,Premier League 2,22,2023-04-23,Leeds U21,Boro U21,3:1,Not in squad,,,,,,,,,,
2022/23,101118,Joel Robles,Premier League 2,5,2023-04-28,West Brom U21,Leeds U21,2:1,Not in squad,,,,,,,,,,
