﻿season,player_id,player_name,competition,journey,date,home_team,away_team,result,position,goals,assists,own_goals,yellow_cards,second_yellow_cards,red_cards,substitutions_on,substitutions_off,minutes_played,transfermarkt_score
2013/14,101118,Joel Robles,Premier League,1,2013-08-17,Norwich,Everton,2:2,on the bench,,,,,,,,,,
2013/14,101118,Joel Robles,Premier League,2,2013-08-24,Everton,West Brom,0:0,on the bench,,,,,,,,,,
2013/14,101118,Joel Robles,Premier League,3,2013-08-31,Cardiff,Everton,0:0,on the bench,,,,,,,,,,
2013/14,101118,Joel Robles,Premier League,4,2013-09-14,Everton,Chelsea,1:0,on the bench,,,,,,,,,,
2013/14,101118,Joel Robles,Premier League,5,2013-09-21,West Ham,Everton,2:3,on the bench,,,,,,,,,,
2013/14,101118,Joel Robles,Premier League,6,2013-09-30,Everton,Newcastle,3:2,on the bench,,,,,,,,,,
2013/14,101118,Joel Robles,Premier League,7,2013-10-05,Man City,Everton,3:1,on the bench,,,,,,,,,,
2013/14,101118,Joel Robles,Premier League,8,2013-10-19,Everton,Hull City,2:1,on the bench,,,,,,,,,,
2013/14,101118,Joel Robles,Premier League,9,2013-10-26,Aston Villa,Everton,0:2,on the bench,,,,,,,,,,
2013/14,101118,Joel Robles,Premier League,10,2013-11-03,Everton,Tottenham,0:0,on the bench,,,,,,,,,,
2013/14,101118,Joel Robles,Premier League,11,2013-11-09,Crystal Palace,Everton,0:0,on the bench,,,,,,,,,,
2013/14,101118,Joel Robles,Premier League,12,2013-11-23,Everton,Liverpool,3:3,on the bench,,,,,,,,,,
2013/14,101118,Joel Robles,Premier League,13,2013-11-30,Everton,Stoke City,4:0,on the bench,,,,,,,,,,
2013/14,101118,Joel Robles,Premier League,14,2013-12-04,Man Utd,Everton,0:1,on the bench,,,,,,,,,,
2013/14,101118,Joel Robles,Premier League,15,2013-12-08,Arsenal,Everton,1:1,on the bench,,,,,,,,,,
2013/14,101118,Joel Robles,Premier League,16,2013-12-14,Everton,Fulham,4:1,on the bench,,,,,,,,,,
2013/14,101118,Joel Robles,Premier League,17,2013-12-22,Swansea,Everton,1:2,on the bench,,,,,,,,,,
2013/14,101118,Joel Robles,Premier League,18,2013-12-26,Everton,Sunderland,0:1,GK,,,,,,,24,,66,
2013/14,101118,Joel Robles,Premier League,19,2013-12-29,Everton,Southampton,2:1,GK,,,,,,,,,90,
2013/14,101118,Joel Robles,Premier League,20,2014-01-01,Stoke City,Everton,1:1,on the bench,,,,,,,,,,
2013/14,101118,Joel Robles,Premier League,21,2014-01-11,Everton,Norwich,2:0,on the bench,,,,,,,,,,
2013/14,101118,Joel Robles,Premier League,22,2014-01-20,West Brom,Everton,1:1,on the bench,,,,,,,,,,
2013/14,101118,Joel Robles,Premier League,23,2014-01-28,Liverpool,Everton,4:0,on the bench,,,,,,,,,,
2013/14,101118,Joel Robles,Premier League,24,2014-02-01,Everton,Aston Villa,2:1,on the bench,,,,,,,,,,
2013/14,101118,Joel Robles,Premier League,25,2014-02-09,Tottenham,Everton,1:0,on the bench,,,,,,,,,,
2013/14,101118,Joel Robles,Premier League,27,2014-02-22,Chelsea,Everton,1:0,on the bench,,,,,,,,,,
2013/14,101118,Joel Robles,Premier League,28,2014-03-01,Everton,West Ham,1:0,on the bench,,,,,,,,,,
2013/14,101118,Joel Robles,Premier League,30,2014-03-15,Everton,Cardiff,2:1,on the bench,,,,,,,,,,
2013/14,101118,Joel Robles,Premier League,31,2014-03-22,Everton,Swansea,3:2,on the bench,,,,,,,,,,
2013/14,101118,Joel Robles,Premier League,29,2014-03-25,Newcastle,Everton,0:3,on the bench,,,,,,,,,,
2013/14,101118,Joel Robles,Premier League,32,2014-03-30,Fulham,Everton,1:3,on the bench,,,,,,,,,,
2013/14,101118,Joel Robles,Premier League,33,2014-04-06,Everton,Arsenal,3:0,on the bench,,,,,,,,,,
2013/14,101118,Joel Robles,Premier League,34,2014-04-12,Sunderland,Everton,0:1,on the bench,,,,,,,,,,
2013/14,101118,Joel Robles,Premier League,26,2014-04-16,Everton,Crystal Palace,2:3,on the bench,,,,,,,,,,
2013/14,101118,Joel Robles,Premier League,35,2014-04-20,Everton,Man Utd,2:0,on the bench,,,,,,,,,,
2013/14,101118,Joel Robles,Premier League,36,2014-04-26,Southampton,Everton,2:0,on the bench,,,,,,,,,,
2013/14,101118,Joel Robles,Premier League,37,2014-05-03,Everton,Man City,2:3,on the bench,,,,,,,,,,
2013/14,101118,Joel Robles,Premier League,38,2014-05-11,Hull City,Everton,0:2,on the bench,,,,,,,,,,
2013/14,101118,Joel Robles,FA Cup,Third Round,2014-01-04,Everton,QPR,4:0,GK,,,,,,,,,90,
2013/14,101118,Joel Robles,FA Cup,Fourth Round,2014-01-25,Stevenage,Everton,0:4,GK,,,,,,,,,90,
2013/14,101118,Joel Robles,FA Cup,Fifth Round,2014-02-16,Everton,Swansea,3:1,GK,,,,,,,,,90,
2013/14,101118,Joel Robles,FA Cup,Sixth Round,2014-03-08,Arsenal,Everton,4:1,GK,,,,,,,,,90,
2013/14,101118,Joel Robles,League Cup,Second Round,2013-08-28,Everton,Stevenage,2:1 AET,GK,,,,,,,,,120,
2013/14,101118,Joel Robles,League Cup,Third Round,2013-09-24,Fulham,Everton,2:1,GK,,,,,,,,,90,
