﻿season,player_id,player_name,competition,journey,date,home_team,away_team,result,position,goals,assists,own_goals,yellow_cards,second_yellow_cards,red_cards,substitutions_on,substitutions_off,minutes_played,transfermarkt_score
2023/24,106987,Marcel Sabitzer,Bundesliga,1,2023-08-19,Dortmund,1.FC Köln,1:0,CM,,,,,,,,,3,90.0
2023/24,106987,Marcel Sabitzer,Bundesliga,2,2023-08-26,VfL Bochum,Dortmund,1:1,CM,,,,,,,,62,4,62.0
2023/24,106987,Marcel Sabitzer,Bundesliga,3,2023-09-01,Dortmund,Heidenheim,2:2,CM,,,,,,,,89,3,89.0
2023/24,106987,Marcel Sabitzer,Bundesliga,4,2023-09-16,Freiburg,Dortmund,2:4,CM,,,,,,,,,3,90.0
2023/24,106987,Marcel Sabitzer,Bundesliga,5,2023-09-23,Dortmund,Wolfsburg,1:0,Adductor pain,,,,,,,,,,
2023/24,106987,Marcel Sabitzer,Bundesliga,6,2023-09-29,Hoffenheim,Dortmund,1:3,Adductor pain,,,,,,,,,,
2023/24,106987,Marcel Sabitzer,Bundesliga,7,2023-10-07,Dortmund,Union Berlin,4:2,Adductor pain,,,,,,,,,,
2023/24,106987,Marcel Sabitzer,Bundesliga,8,2023-10-20,Dortmund,Werder Bremen,1:0,CM,,,,,,,77,,,13.0
2023/24,106987,Marcel Sabitzer,Bundesliga,9,2023-10-29,Frankfurt,Dortmund,3:3,CM,1,,,,,,,,3,90.0
2023/24,106987,Marcel Sabitzer,Bundesliga,10,2023-11-04,Dortmund,Bayern Munich,0:4,CM,,,,76,,,,,4,90.0
2023/24,106987,Marcel Sabitzer,Bundesliga,11,2023-11-11,Stuttgart,Dortmund,2:1,CM,,,,49,,,,,4,90.0
2023/24,106987,Marcel Sabitzer,Bundesliga,12,2023-11-25,Dortmund,Mönchengladbach,4:2,CM,1,,,,,,,46,2,45.0
2023/24,106987,Marcel Sabitzer,Bundesliga,13,2023-12-03,Leverkusen,Dortmund,1:1,CM,,,,,,,,,3,90.0
2023/24,106987,Marcel Sabitzer,Bundesliga,14,2023-12-09,Dortmund,Leipzig,2:3,Calf problems,,,,,,,,,,
2023/24,106987,Marcel Sabitzer,Bundesliga,15,2023-12-16,Augsburg,Dortmund,1:1,on the bench,,,,,,,,,,
2023/24,106987,Marcel Sabitzer,Bundesliga,16,2023-12-19,Dortmund,Mainz,1:1,CM,,,,,,,,,3,90.0
2023/24,106987,Marcel Sabitzer,Bundesliga,17,2024-01-13,Darmstadt 98,Dortmund,0:3,CM,,1,,,,,,,3,90.0
2023/24,106987,Marcel Sabitzer,Bundesliga,18,2024-01-20,1.FC Köln,Dortmund,0:4,CM,,,,,,,,,3,90.0
2023/24,106987,Marcel Sabitzer,Bundesliga,19,2024-01-28,Dortmund,VfL Bochum,3:1,CM,,1,,,,,,,2,90.0
2023/24,106987,Marcel Sabitzer,Bundesliga,20,2024-02-02,Heidenheim,Dortmund,0:0,CM,,,,,,,,,3,90.0
2023/24,106987,Marcel Sabitzer,Bundesliga,21,2024-02-09,Dortmund,Freiburg,3:0,CM,,,,,,,,,3,90.0
2023/24,106987,Marcel Sabitzer,Bundesliga,22,2024-02-17,Wolfsburg,Dortmund,1:1,CM,,,,,,,,,3,90.0
2023/24,106987,Marcel Sabitzer,Bundesliga,23,2024-02-25,Dortmund,Hoffenheim,2:3,DM,,,,45,,,,,3,90.0
2023/24,106987,Marcel Sabitzer,Bundesliga,24,2024-03-02,Union Berlin,Dortmund,0:2,CM,,,,,,,,,3,90.0
2023/24,106987,Marcel Sabitzer,Bundesliga,25,2024-03-09,Werder Bremen,Dortmund,1:2,CM,,,,,,,,,4,45.0
2023/24,106987,Marcel Sabitzer,Bundesliga,26,2024-03-17,Dortmund,Frankfurt,3:1,Red card suspension,,,,,,,,,,
2023/24,106987,Marcel Sabitzer,Bundesliga,27,2024-03-30,Bayern Munich,Dortmund,0:2,Red card suspension,,,,,,,,,,
2023/24,106987,Marcel Sabitzer,Bundesliga,28,2024-04-06,Dortmund,Stuttgart,0:1,CM,,,,,,,,72,4,72.0
2023/24,106987,Marcel Sabitzer,Bundesliga,29,2024-04-13,Mönchengladbach,Dortmund,1:2,CM,2,,,,,,,,1,90.0
2023/24,106987,Marcel Sabitzer,Bundesliga,30,2024-04-21,Dortmund,Leverkusen,1:1,CM,,1,,,,,,,3,90.0
2023/24,106987,Marcel Sabitzer,Bundesliga,31,2024-04-27,Leipzig,Dortmund,4:1,on the bench,,,,,,,,,,
2023/24,106987,Marcel Sabitzer,Bundesliga,32,2024-05-04,Dortmund,Augsburg,5:1,CM,,,,,,,73,,3,17.0
2023/24,106987,Marcel Sabitzer,Bundesliga,33,2024-05-11,Mainz,Dortmund,3:0,Rest,,,,,,,,,,
2023/24,106987,Marcel Sabitzer,Bundesliga,34,2024-05-18,Dortmund,Darmstadt 98,4:0,CM,,,,,,,,,2,90.0
2023/24,106987,Marcel Sabitzer,UEFA Champions League,Group F,2023-09-19,PSG,Dortmund,2:0,CM,,,,,,,,14,14,
2023/24,106987,Marcel Sabitzer,UEFA Champions League,Group F,2023-10-04,Dortmund,AC Milan,0:0,Adductor pain,,,,,,,,,,
2023/24,106987,Marcel Sabitzer,UEFA Champions League,Group F,2023-10-25,Newcastle,Dortmund,0:1,CM,,,,,,,,,90,
2023/24,106987,Marcel Sabitzer,UEFA Champions League,Group F,2023-11-07,Dortmund,Newcastle,2:0,CM,,1,,,,,,,90,
2023/24,106987,Marcel Sabitzer,UEFA Champions League,Group F,2023-11-28,AC Milan,Dortmund,1:3,CM,,1,,,,,,,90,
2023/24,106987,Marcel Sabitzer,UEFA Champions League,Group F,2023-12-13,Dortmund,PSG,1:1,CM,,,,,,,69,,21,
2023/24,106987,Marcel Sabitzer,UEFA Champions League,last 16 1st leg,2024-02-20,PSV,Dortmund,1:1,CM,,1,,,,,,,90,
2023/24,106987,Marcel Sabitzer,UEFA Champions League,last 16 2nd leg,2024-03-13,Dortmund,PSV,2:0,CM,,,,,,,,,90,
2023/24,106987,Marcel Sabitzer,UEFA Champions League,Quarter-Finals 1st leg,2024-04-10,Atlético,Dortmund,2:1,CM,,,,,,,,84,84,
2023/24,106987,Marcel Sabitzer,UEFA Champions League,Quarter-Finals 2nd leg,2024-04-16,Dortmund,Atlético,4:2,CM,1,2,,,,,,,90,
2023/24,106987,Marcel Sabitzer,UEFA Champions League,Semi-Finals 1st Leg,2024-05-01,Dortmund,PSG,1:0,CM,,,,,,,,,90,
2023/24,106987,Marcel Sabitzer,UEFA Champions League,Semi-Finals 2nd Leg,2024-05-07,PSG,Dortmund,0:1,CM,,,,64,,,,,90,
2023/24,106987,Marcel Sabitzer,UEFA Champions League,Final,2024-06-01,Dortmund,Real Madrid,0:2,CM,,,,43,,,,,90,
2023/24,106987,Marcel Sabitzer,DFB-Pokal,First Round,2023-08-12,Schott Mainz,Dortmund,1:6,CM,1,1,,,,,,,90,
2023/24,106987,Marcel Sabitzer,DFB-Pokal,Second Round,2023-11-01,Dortmund,Hoffenheim,1:0,CM,,,,,,,83,,7,
2023/24,106987,Marcel Sabitzer,DFB-Pokal,Round of 16,2023-12-06,Stuttgart,Dortmund,2:0,CM,,,,,,,,46,45,
2023/24,106987,Marcel Sabitzer,International Friendlies,8,2023-09-07,Austria,Moldova,1:1,,,,,95,,,62,,28,
2023/24,106987,Marcel Sabitzer,International Friendlies,13,2023-11-21,Austria,Germany,2:0,LW,1,,,,,,,90,90,
2023/24,106987,Marcel Sabitzer,International Friendlies,14,2024-03-23,Slovakia,Austria,0:2,LM,,,,,,,,,90,
2023/24,106987,Marcel Sabitzer,International Friendlies,16,2024-03-26,Austria,Turkiye,6:1,Not in squad,,,,,,,,,,
2023/24,106987,Marcel Sabitzer,International Friendlies,39,2024-06-04,Austria,Serbia,2:1,Not in squad,,,,,,,,,,
2023/24,106987,Marcel Sabitzer,International Friendlies,16,2024-06-08,Switzerland,Austria,1:1,on the bench,,,,,,,,,,
2023/24,106987,Marcel Sabitzer,EURO 2024,Group D,2024-06-17,Austria,France,0:1,LM,,,,,,,,,90,
2023/24,106987,Marcel Sabitzer,EURO 2024,Group D,2024-06-21,Poland,Austria,1:3,LM,,1,,,,,,,90,
2023/24,106987,Marcel Sabitzer,EURO 2024,Group D,2024-06-25,Netherlands,Austria,2:3,AM,1,,,,,,,,90,
2024/25,106987,Marcel Sabitzer,EURO 2024,Round of 16,2024-07-02,Austria,Turkiye,1:2,LM,,,,,,,,,90,
