﻿season,player_id,player_name,competition,journey,date,home_team,away_team,result,position,goals,assists,own_goals,yellow_cards,second_yellow_cards,red_cards,substitutions_on,substitutions_off,minutes_played,transfermarkt_score
2023/24,1069512,Jonah Kusi-Asare,International Friendlies,6,2023-08-02,Finland U17,Sweden U16,0:0,CF,,,,,,,,77,77,
2023/24,1069512,Jonah Kusi-Asare,International Friendlies,7,2023-08-06,Sweden U16,Israel U17,2:0,Not in squad,,,,,,,,,,
2023/24,1069512,Jonah Kusi-Asare,International Friendlies,7,2023-08-08,Sweden U16,Norway U16,6:4 on pens,,,,,,,19,,,19,
2022/23,1069512,Jonah Kusi-Asare,International Friendlies,,,,,,,,,,,,,,,,
2023/24,1069512,Jonah Kusi-Asare,International Friendlies,6,2023-08-31,Sweden U17,Estonia U17,2:1,Not in squad,,,,,,,,,,
2023/24,1069512,Jonah Kusi-Asare,International Friendlies,7,2023-09-03,Sweden U17,Estonia U17,3:0,Not in squad,,,,,,,,,,
2022/23,1069512,Jonah Kusi-Asare,International Friendlies,,,,,,,,,,,,,,,,
2023/24,1069512,Jonah Kusi-Asare,International Friendlies,8,2023-09-14,Sweden U16,Norway U15,2:1,Not in squad,,,,,,,,,,
2023/24,1069512,Jonah Kusi-Asare,International Friendlies,7,2023-09-17,Sweden U16,Norway U15,0:1,Not in squad,,,,,,,,,,
2023/24,1069512,Jonah Kusi-Asare,International Friendlies,10,2023-10-26,Poland U16,Sweden U16,2:0,Not in squad,,,,,,,,,,
2023/24,1069512,Jonah Kusi-Asare,International Friendlies,11,2023-10-29,Poland U16,Sweden U16,4:0,Not in squad,,,,,,,,,,
2022/23,1069512,Jonah Kusi-Asare,International Friendlies,,,,,,,,,,,,,,,,
2023/24,1069512,Jonah Kusi-Asare,International Friendlies,16,2024-02-06,Poland U17,Sweden U17,4:0,,,,,,,,,83,83,
2023/24,1069512,Jonah Kusi-Asare,International Friendlies,17,2024-02-08,Norway U17,Sweden U17,0:1,,,,,,,,78,,12,
2023/24,1069512,Jonah Kusi-Asare,International Friendlies,16,2024-02-10,Czechia U17,Sweden U17,0:1,CF,,,,70,,,,,90,
2023/24,1069512,Jonah Kusi-Asare,UEFA Youth League,intermediate stage,2024-02-07,FC Basel YL,FC Bayern YL,0:2,Not in squad,,,,,,,,,,
2023/24,1069512,Jonah Kusi-Asare,UEFA Youth League,Round of 16,2024-02-28,FC Bayern YL,Feyenoord YL,3:2,LW,,,,,,,59,,31,
2023/24,1069512,Jonah Kusi-Asare,UEFA Youth League,Quarter-Finals,2024-03-12,FC Bayern YL,Olympiacos YL,1:3,LW,,,,,,,,,90,
2023/24,1069512,Jonah Kusi-Asare,A-Juniors Bundesliga South/Southwest (- 23/24),15,2024-02-03,FC Augsburg U19,FC Bayern U19,4:1,Not in squad,,,,,,,,,,
2023/24,1069512,Jonah Kusi-Asare,A-Juniors Bundesliga South/Southwest (- 23/24),16,2024-02-10,FC Bayern U19,Heidenheim U19,3:1,Not in squad,,,,,,,,,,
2023/24,1069512,Jonah Kusi-Asare,A-Juniors Bundesliga South/Southwest (- 23/24),17,2024-02-17,Karlsruhe U19,FC Bayern U19,1:0,,,,,,,,58,,32,
2023/24,1069512,Jonah Kusi-Asare,A-Juniors Bundesliga South/Southwest (- 23/24),18,2024-02-24,FC Bayern U19,Hoffenheim U19,2:4,CF,,,,,,,,,90,
2023/24,1069512,Jonah Kusi-Asare,A-Juniors Bundesliga South/Southwest (- 23/24),19,2024-03-03,TSV 1860 U19,FC Bayern U19,3:2,CF,1,,,44,,,,,90,
2023/24,1069512,Jonah Kusi-Asare,A-Juniors Bundesliga South/Southwest (- 23/24),20,2024-03-08,FC Bayern U19,Nürnberg U19,4:1,LW,2,,,,,,,,90,
2023/24,1069512,Jonah Kusi-Asare,A-Juniors Bundesliga South/Southwest (- 23/24),21,2024-04-06,FC Bayern U19,Mainz 05 U19,2:3,LW,,1,,,,,,,90,
2023/24,1069512,Jonah Kusi-Asare,A-Juniors Bundesliga South/Southwest (- 23/24),22,2024-04-13,K'lautern U19,FC Bayern U19,1:3,CF,,,,,,,,4,4,
2023/24,1069512,Jonah Kusi-Asare,A-Juniors Bundesliga South/Southwest (- 23/24),23,2024-04-21,FC Bayern U19,Ingolstadt U19,0:1,Ankle injury,,,,,,,,,,
2023/24,1069512,Jonah Kusi-Asare,A-Juniors Bundesliga South/Southwest (- 23/24),24,2024-04-27,Gr. Fürth U19,FC Bayern U19,0:3,Ankle injury,,,,,,,,,,
2023/24,1069512,Jonah Kusi-Asare,A-Juniors Bundesliga South/Southwest (- 23/24),25,2024-05-04,FC Bayern U19,Sandhausen U19,5:2,Ankle injury,,,,,,,,,,
2023/24,1069512,Jonah Kusi-Asare,A-Juniors Bundesliga South/Southwest (- 23/24),26,2024-05-11,Stuttgart U19,FC Bayern U19,7:2,Ankle injury,,,,,,,,,,
2023/24,1069512,Jonah Kusi-Asare,2024 UEFA Under-17 Euro,Group C,2024-05-21,Slovakia U17,Sweden U17,0:0,Ankle injury,,,,,,,,,,
2023/24,1069512,Jonah Kusi-Asare,2024 UEFA Under-17 Euro,Group C,2024-05-24,Sweden U17,Poland U17,2:2,Ankle injury,,,,,,,,,,
2023/24,1069512,Jonah Kusi-Asare,2024 UEFA Under-17 Euro,Group C,2024-05-27,Sweden U17,Italy U17,1:2,Ankle injury,,,,,,,,,,
2023/24,1069512,Jonah Kusi-Asare,UEFA European Under-17 Championship qualification,Group 2,2023-09-27,Sweden U17,Moldova U17,3:2,CF,3,,,,,,,,90,
2023/24,1069512,Jonah Kusi-Asare,UEFA European Under-17 Championship qualification,Group 2,2023-09-30,Sweden U17,Latvia U17,2:0,Not in squad,,,,,,,,,,
2023/24,1069512,Jonah Kusi-Asare,UEFA European Under-17 Championship qualification,Group 2,2023-10-03,Poland U17,Sweden U17,2:1,Not in squad,,,,,,,,,,
2023/24,1069512,Jonah Kusi-Asare,UEFA European Under-17 Championship qualification,group B2,2024-03-20,Sweden U17,Bulgaria U17,2:1,CF,,,,59,,,,73,73,
2023/24,1069512,Jonah Kusi-Asare,UEFA European Under-17 Championship qualification,group B2,2024-03-23,Wales U17,Sweden U17,1:2,CF,,,,,,,,75,75,
2023/24,1069512,Jonah Kusi-Asare,UEFA European Under-17 Championship qualification,group B2,2024-03-26,Romania U17,Sweden U17,1:1,,,,,,,,75,,15,
