﻿season,player_id,player_name,competition,journey,date,home_team,away_team,result,position,goals,assists,own_goals,yellow_cards,second_yellow_cards,red_cards,substitutions_on,substitutions_off,minutes_played,transfermarkt_score
2024/25,1005844,Brayden Clarke,UEFA Champions League,Group Stage,2024-09-19,Atalanta,Arsenal,0:0,Not in squad,,,,,,,,,,
2024/25,1005844,Brayden Clarke,UEFA Champions League,Group Stage,2024-10-01,Arsenal,PSG,2:0,Not in squad,,,,,,,,,,
2024/25,1005844,Brayden Clarke,UEFA Champions League,Group Stage,2024-10-22,Arsenal,Shakhtar D.,1:0,Not in squad,,,,,,,,,,
2024/25,1005844,Brayden Clarke,UEFA Champions League,Group Stage,2024-11-06,Inter,Arsenal,1:0,Not in squad,,,,,,,,,,
2024/25,1005844,Brayden Clarke,UEFA Champions League,Group Stage,2024-11-26,Sporting,Arsenal,1:5,Not in squad,,,,,,,,,,
2024/25,1005844,Brayden Clarke,UEFA Champions League,Group Stage,2024-12-11,Arsenal,Monaco,3:0,Not in squad,,,,,,,,,,
2024/25,1005844,Brayden Clarke,UEFA Champions League,Group Stage,2025-01-22,Arsenal,Dinamo Zagreb,3:0,Not in squad,,,,,,,,,,
2024/25,1005844,Brayden Clarke,UEFA Champions League,Group Stage,2025-01-29,Girona,Arsenal,1:2,Not in squad,,,,,,,,,,
2024/25,1005844,Brayden Clarke,UEFA Champions League,last 16 1st leg,2025-03-04,PSV,Arsenal,1:7,Not in squad,,,,,,,,,,
2024/25,1005844,Brayden Clarke,UEFA Champions League,last 16 2nd leg,2025-03-12,Arsenal,PSV,2:2,Not in squad,,,,,,,,,,
2024/25,1005844,Brayden Clarke,UEFA Champions League,Quarter-Finals 1st leg,2025-04-08,Arsenal,Real Madrid,3:0,Not in squad,,,,,,,,,,
2024/25,1005844,Brayden Clarke,UEFA Champions League,Quarter-Finals 2nd leg,2025-04-16,Real Madrid,Arsenal,1:2,Not in squad,,,,,,,,,,
2024/25,1005844,Brayden Clarke,UEFA Champions League,Semi-Finals 1st Leg,2025-04-29,Arsenal,PSG,0:1,Not in squad,,,,,,,,,,
2024/25,1005844,Brayden Clarke,UEFA Champions League,Semi-Finals 2nd Leg,2025-05-07,PSG,Arsenal,2:1,Not in squad,,,,,,,,,,
2024/25,1005844,Brayden Clarke,International Friendlies,1,2024-09-07,Wales U19,TurkmenistanU19,2:2,Not in squad,,,,,,,,,,
2024/25,1005844,Brayden Clarke,International Friendlies,1,2024-09-09,Azerbaijan U19,Wales U19,0:3,Not in squad,,,,,,,,,,
2024/25,1005844,Brayden Clarke,International Friendlies,10,2024-10-10,Italy U19,Wales U19,3:3,CB,,,,79,,,,,90,
2024/25,1005844,Brayden Clarke,International Friendlies,10,2024-10-13,Italy U19,Wales U19,3:4,,,,,39,,,,67,67,
2024/25,1005844,Brayden Clarke,International Friendlies,12,2025-02-18,Czechia U19,Wales U19,3:2,Not in squad,,,,,,,,,,
2024/25,1005844,Brayden Clarke,International Friendlies,32,2025-02-20,Wales U19,Czechia U19,0:1,Not in squad,,,,,,,,,,
2024/25,1005844,Brayden Clarke,UEFA Youth League,Group Stage,2024-09-19,Atalanta YL,Arsenal YL,4:1,on the bench,,,,,,,,,,
2024/25,1005844,Brayden Clarke,UEFA Youth League,Group Stage,2024-10-01,Arsenal YL,Paris SG YL,1:0,CB,,,,,,,,,90,
2024/25,1005844,Brayden Clarke,UEFA Youth League,Group Stage,2024-10-22,Arsenal YL,Shakhtar YL,0:1,RB,,,,,,,,66,66,
2024/25,1005844,Brayden Clarke,UEFA Youth League,Group Stage,2024-11-06,Inter YL,Arsenal YL,4:1,,,,,,,,63,,27,
2024/25,1005844,Brayden Clarke,UEFA Youth League,Group Stage,2024-11-26,Sporting YL,Arsenal YL,3:0,CB,,,,,,,,90,90,
2024/25,1005844,Brayden Clarke,UEFA Youth League,Group Stage,2024-12-11,Arsenal YL,AS Monaco YL,2:0,CB,,,,,,,,,90,
2024/25,1005844,Brayden Clarke,Premier League,1,2024-08-17,Arsenal,Wolves,2:0,Not in squad,,,,,,,,,,
2024/25,1005844,Brayden Clarke,Premier League,2,2024-08-24,Aston Villa,Arsenal,0:2,Not in squad,,,,,,,,,,
2024/25,1005844,Brayden Clarke,Premier League,3,2024-08-31,Arsenal,Brighton,1:1,Not in squad,,,,,,,,,,
2024/25,1005844,Brayden Clarke,Premier League,4,2024-09-15,Tottenham,Arsenal,0:1,Not in squad,,,,,,,,,,
2024/25,1005844,Brayden Clarke,Premier League,5,2024-09-22,Man City,Arsenal,2:2,Not in squad,,,,,,,,,,
2024/25,1005844,Brayden Clarke,Premier League,6,2024-09-28,Arsenal,Leicester,4:2,Not in squad,,,,,,,,,,
2024/25,1005844,Brayden Clarke,Premier League,7,2024-10-05,Arsenal,Southampton,3:1,Not in squad,,,,,,,,,,
2024/25,1005844,Brayden Clarke,Premier League,8,2024-10-19,Bournemouth,Arsenal,2:0,Not in squad,,,,,,,,,,
2024/25,1005844,Brayden Clarke,Premier League,9,2024-10-27,Arsenal,Liverpool,2:2,Not in squad,,,,,,,,,,
2024/25,1005844,Brayden Clarke,Premier League,10,2024-11-02,Newcastle,Arsenal,1:0,Not in squad,,,,,,,,,,
2024/25,1005844,Brayden Clarke,Premier League,11,2024-11-10,Chelsea,Arsenal,1:1,Not in squad,,,,,,,,,,
2024/25,1005844,Brayden Clarke,Premier League,12,2024-11-23,Arsenal,Nott'm Forest,3:0,Not in squad,,,,,,,,,,
2024/25,1005844,Brayden Clarke,Premier League,13,2024-11-30,West Ham,Arsenal,2:5,Not in squad,,,,,,,,,,
2024/25,1005844,Brayden Clarke,Premier League,14,2024-12-04,Arsenal,Man Utd,2:0,Not in squad,,,,,,,,,,
2024/25,1005844,Brayden Clarke,Premier League,15,2024-12-08,Fulham,Arsenal,1:1,Not in squad,,,,,,,,,,
2024/25,1005844,Brayden Clarke,Premier League,16,2024-12-14,Arsenal,Everton,0:0,Not in squad,,,,,,,,,,
2024/25,1005844,Brayden Clarke,Premier League,17,2024-12-21,Crystal Palace,Arsenal,1:5,Not in squad,,,,,,,,,,
2024/25,1005844,Brayden Clarke,Premier League,18,2024-12-27,Arsenal,Ipswich,1:0,Not in squad,,,,,,,,,,
2024/25,1005844,Brayden Clarke,Premier League,19,2025-01-01,Brentford,Arsenal,1:3,Not in squad,,,,,,,,,,
2024/25,1005844,Brayden Clarke,Premier League,20,2025-01-04,Brighton,Arsenal,1:1,Not in squad,,,,,,,,,,
2024/25,1005844,Brayden Clarke,Premier League,21,2025-01-15,Arsenal,Tottenham,2:1,Not in squad,,,,,,,,,,
2024/25,1005844,Brayden Clarke,Premier League,22,2025-01-18,Arsenal,Aston Villa,2:2,Not in squad,,,,,,,,,,
2024/25,1005844,Brayden Clarke,Premier League,23,2025-01-25,Wolves,Arsenal,0:1,Not in squad,,,,,,,,,,
2024/25,1005844,Brayden Clarke,Premier League,24,2025-02-02,Arsenal,Man City,5:1,Not in squad,,,,,,,,,,
2024/25,1005844,Brayden Clarke,Premier League,25,2025-02-15,Leicester,Arsenal,0:2,Not in squad,,,,,,,,,,
2024/25,1005844,Brayden Clarke,Premier League,26,2025-02-22,Arsenal,West Ham,0:1,Not in squad,,,,,,,,,,
2024/25,1005844,Brayden Clarke,Premier League,27,2025-02-26,Nott'm Forest,Arsenal,0:0,Not in squad,,,,,,,,,,
2024/25,1005844,Brayden Clarke,Premier League,28,2025-03-09,Man Utd,Arsenal,1:1,Not in squad,,,,,,,,,,
2024/25,1005844,Brayden Clarke,Premier League,29,2025-03-16,Arsenal,Chelsea,1:0,Not in squad,,,,,,,,,,
2024/25,1005844,Brayden Clarke,Premier League,30,2025-04-01,Arsenal,Fulham,2:1,Not in squad,,,,,,,,,,
2024/25,1005844,Brayden Clarke,Premier League,31,2025-04-05,Everton,Arsenal,1:1,Not in squad,,,,,,,,,,
2024/25,1005844,Brayden Clarke,Premier League,32,2025-04-12,Arsenal,Brentford,1:1,Not in squad,,,,,,,,,,
2024/25,1005844,Brayden Clarke,Premier League,33,2025-04-20,Ipswich,Arsenal,0:4,Not in squad,,,,,,,,,,
2024/25,1005844,Brayden Clarke,Premier League,34,2025-04-23,Arsenal,Crystal Palace,2:2,Not in squad,,,,,,,,,,
2024/25,1005844,Brayden Clarke,Premier League,35,2025-05-03,Arsenal,Bournemouth,1:2,on the bench,,,,,,,,,,
2024/25,1005844,Brayden Clarke,Premier League,36,2025-05-11,Liverpool,Arsenal,2:2,Not in squad,,,,,,,,,,
2024/25,1005844,Brayden Clarke,Premier League,37,2025-05-18,Arsenal,Newcastle,1:0,Not in squad,,,,,,,,,,
2024/25,1005844,Brayden Clarke,Premier League,38,2025-05-25,Southampton,Arsenal,1:2,Not in squad,,,,,,,,,,
2024/25,1005844,Brayden Clarke,EFL Trophy,group B5,2024-09-03,Leyton Orient,Arsenal U21,1:2,Not in squad,,,,,,,,,,
2024/25,1005844,Brayden Clarke,EFL Trophy,group B5,2024-10-08,MK Dons,Arsenal U21,5:3 on pens,Not in squad,,,,,,,,,,
2024/25,1005844,Brayden Clarke,EFL Trophy,group B5,2024-11-12,Colchester Utd.,Arsenal U21,3:0,Not in squad,,,,,,,,,,
2024/25,1005844,Brayden Clarke,FA Cup,Third Round,2025-01-12,Arsenal,Man Utd,4:6 on pens,Not in squad,,,,,,,,,,
2024/25,1005844,Brayden Clarke,EFL Cup,Third Round,2024-09-25,Arsenal,Bolton,5:1,Not in squad,,,,,,,,,,
2024/25,1005844,Brayden Clarke,EFL Cup,Fourth Round,2024-10-30,Preston,Arsenal,0:3,Not in squad,,,,,,,,,,
2024/25,1005844,Brayden Clarke,EFL Cup,Quarter-Finals,2024-12-18,Arsenal,Crystal Palace,3:2,Not in squad,,,,,,,,,,
2024/25,1005844,Brayden Clarke,EFL Cup,Semi-Finals 1st Leg,2025-01-07,Arsenal,Newcastle,0:2,Not in squad,,,,,,,,,,
2024/25,1005844,Brayden Clarke,EFL Cup,Semi-Finals 2nd Leg,2025-02-05,Newcastle,Arsenal,2:0,Not in squad,,,,,,,,,,
2024/25,1005844,Brayden Clarke,Premier League 2 Playoffs,Round of 16,2025-04-25,Arsenal U21,Newcastle U21,2:1,CB,,,,83,,,,,90,
2024/25,1005844,Brayden Clarke,Premier League 2 Playoffs,Quarter-Finals,2025-05-03,Man City U21,Arsenal U21,3:2 AET,Not in squad,,,,,,,,,,
2024/25,1005844,Brayden Clarke,U18 Premier League,1,2024-08-17,West Ham U18,Arsenal U18,2:3,CB,,,,,,,,,90,
2024/25,1005844,Brayden Clarke,U18 Premier League,2,2024-08-24,Arsenal U18,Chelsea U18,1:0,CB,,1,,93,,,,,90,
2024/25,1005844,Brayden Clarke,U18 Premier League,3,2024-08-31,West Brom U18,Arsenal U18,3:3,CB,,,,88,,,,,90,
2024/25,1005844,Brayden Clarke,U18 Premier League,4,2024-09-14,Arsenal U18,Southampton U18,3:3,CB,,,,70,,,,,90,
2024/25,1005844,Brayden Clarke,U18 Premier League,6,2024-09-28,Brighton U18,Arsenal U18,3:3,RB,,,,42,,,,,90,
2024/25,1005844,Brayden Clarke,U18 Premier League,7,2024-10-19,Arsenal U18,Aston Villa U18,2:4,Not in squad,,,,,,,,,,
2024/25,1005844,Brayden Clarke,U18 Premier League,8,2024-10-26,Norwich U18,Arsenal U18,3:2,CB,,,,,,,,65,65,
2024/25,1005844,Brayden Clarke,U18 Premier League,9,2024-11-02,Arsenal U18,Palace U18,1:1,CB,,,,,,,,,90,
2024/25,1005844,Brayden Clarke,U18 Premier League,10,2024-11-09,Reading U18,Arsenal U18,1:0,CB,,,,14,,,,,90,
2024/25,1005844,Brayden Clarke,U18 Premier League,14,2025-01-25,Arsenal U18,West Ham U18,3:1,RB,,,,,,,,,90,
2024/25,1005844,Brayden Clarke,U18 Premier League,16,2025-02-08,Arsenal U18,West Brom U18,3:2,,,,,77,90,,71,,19,
2024/25,1005844,Brayden Clarke,U18 Premier League,17,2025-02-15,Southampton U18,Arsenal U18,2:5,CB,,,,,,,,,90,
2024/25,1005844,Brayden Clarke,U18 Premier League,18,2025-02-22,Arsenal U18,Brighton U18,2:3,Not in squad,,,,,,,,,,
2024/25,1005844,Brayden Clarke,U18 Premier League,20,2025-03-08,Spurs U18,Arsenal U18,6:4,CB,,1,,,,,,,90,
2024/25,1005844,Brayden Clarke,U18 Premier League,15,2025-03-11,Chelsea U18,Arsenal U18,2:3,CB,,,,,,,,,90,
2024/25,1005844,Brayden Clarke,U18 Premier League,21,2025-03-15,Arsenal U18,Leicester U18,4:3,RB,,,,,,,,,90,
2024/25,1005844,Brayden Clarke,U18 Premier League,11,2025-04-01,Arsenal U18,Fulham U18,2:1,RB,,,,15,,,,,90,
2024/25,1005844,Brayden Clarke,U18 Premier League,12,2025-04-05,Leicester U18,Arsenal U18,3:5,Not in squad,,,,,,,,,,
2024/25,1005844,Brayden Clarke,U18 Premier League,23,2025-04-12,Arsenal U18,Norwich U18,3:1,Not in squad,,,,,,,,,,
2024/25,1005844,Brayden Clarke,U18 Premier League,24,2025-04-17,Palace U18,Arsenal U18,1:2,RB,,,,,,,,,90,
2024/25,1005844,Brayden Clarke,U18 Premier League,25,2025-04-26,Arsenal U18,Reading U18,4:0,Not in squad,,,,,,,,,,
2024/25,1005844,Brayden Clarke,U18 Premier League,13,2025-04-29,Arsenal U18,Spurs U18,4:4,RB,,,,61,,,,,90,
2024/25,1005844,Brayden Clarke,U18 Premier League,26,2025-05-03,Fulham U18,Arsenal U18,4:3,Not in squad,,,,,,,,,,
2024/25,1005844,Brayden Clarke,U18 Premier League,22,2025-05-11,Aston Villa U18,Arsenal U18,0:3,CB,,,,,,,,,90,
2024/25,1005844,Brayden Clarke,Premier League 2,1,2024-08-16,Arsenal U21,Man Utd U21,4:2,Not in squad,,,,,,,,,,
2024/25,1005844,Brayden Clarke,Premier League 2,2,2024-08-23,Wolves U21,Arsenal U21,1:3,Not in squad,,,,,,,,,,
2024/25,1005844,Brayden Clarke,Premier League 2,3,2024-08-30,Arsenal U21,Aston Villa U21,4:1,Not in squad,,,,,,,,,,
2024/25,1005844,Brayden Clarke,Premier League 2,4,2024-09-23,Stoke U21,Arsenal U21,0:1,,,,,,,,69,,21,
2024/25,1005844,Brayden Clarke,Premier League 2,5,2024-09-27,Arsenal U21,Liverpool U21,0:3,on the bench,,,,,,,,,,
2024/25,1005844,Brayden Clarke,Premier League 2,6,2024-10-05,Arsenal U21,Tottenham U21,2:5,Not in squad,,,,,,,,,,
2024/25,1005844,Brayden Clarke,Premier League 2,7,2024-10-28,Blackburn U21,Arsenal U21,3:4,,,,,,,,83,,7,
2024/25,1005844,Brayden Clarke,Premier League 2,8,2024-11-01,Chelsea U21,Arsenal U21,2:1,Not in squad,,,,,,,,,,
2024/25,1005844,Brayden Clarke,Premier League 2,9,2024-12-01,Arsenal U21,Brighton U21,1:1,Not in squad,,,,,,,,,,
2024/25,1005844,Brayden Clarke,Premier League 2,10,2024-12-16,Arsenal U21,Sunderland U21,1:2,Not in squad,,,,,,,,,,
2024/25,1005844,Brayden Clarke,Premier League 2,12,2025-01-18,Fulham U21,Arsenal U21,6:3,Not in squad,,,,,,,,,,
2024/25,1005844,Brayden Clarke,Premier League 2,13,2025-01-24,Arsenal U21,Nottingham U21,2:0,on the bench,,,,,,,,,,
2024/25,1005844,Brayden Clarke,Premier League 2,14,2025-02-07,West Ham U21,Arsenal U21,1:0,RB,,,,,,,,,90,
2024/25,1005844,Brayden Clarke,Premier League 2,15,2025-02-14,Arsenal U21,Boro U21,2:1,Not in squad,,,,,,,,,,
2024/25,1005844,Brayden Clarke,Premier League 2,16,2025-02-21,Arsenal U21,Newcastle U21,4:1,Not in squad,,,,,,,,,,
2024/25,1005844,Brayden Clarke,Premier League 2,17,2025-03-03,Palace U21,Arsenal U21,2:2,CB,,,,,,,,84,84,
2024/25,1005844,Brayden Clarke,Premier League 2,18,2025-03-14,Everton U21,Arsenal U21,1:2,Not in squad,,,,,,,,,,
2024/25,1005844,Brayden Clarke,Premier League 2,11,2025-03-31,Norwich U21,Arsenal U21,0:3,on the bench,,,,,,,,,,
2024/25,1005844,Brayden Clarke,Premier League 2,19,2025-04-07,Arsenal U21,Derby U21,2:2,Not in squad,,,,,,,,,,
2024/25,1005844,Brayden Clarke,Premier League 2,20,2025-04-14,West Brom U21,Arsenal U21,4:3,CB,,,,,,,,,90,
2024/25,1005844,Brayden Clarke,UEFA EURO U19 Championship Qualifiers,Group 5,2024-11-13,Wales U19,Scotland U19,1:0,CB,,,,,,,,,90,
2024/25,1005844,Brayden Clarke,UEFA EURO U19 Championship Qualifiers,Group 5,2024-11-16,France U19,Wales U19,2:1,on the bench,,,,,,,,,,
2024/25,1005844,Brayden Clarke,UEFA EURO U19 Championship Qualifiers,Group 5,2024-11-19,Liechtenst. U19,Wales U19,0:5,,,,,,,,70,,20,
2024/25,1005844,Brayden Clarke,UEFA EURO U19 Championship Qualifiers,group B7,2025-03-19,Wales U19,England U19,0:2,CB,,,,,,,,,90,
2024/25,1005844,Brayden Clarke,UEFA EURO U19 Championship Qualifiers,group B7,2025-03-22,Portugal U19,Wales U19,1:0,on the bench,,,,,,,,,,
2024/25,1005844,Brayden Clarke,UEFA EURO U19 Championship Qualifiers,group B7,2025-03-25,Türkiye U19,Wales U19,1:3,on the bench,,,,,,,,,,
2024/25,1005844,Brayden Clarke,FA Youth Cup,Third Round,2024-12-03,Hertford U18,Arsenal U18,3:4,CB,,,,,,,,,90,
2024/25,1005844,Brayden Clarke,FA Youth Cup,Fourth Round,2025-01-18,Arsenal U18,QPR U18,7:5 on pens,CB,,,,,,,,,120,
2024/25,1005844,Brayden Clarke,FA Youth Cup,Fifth Round,2025-01-31,Fulham U18,Arsenal U18,1:2,RB,,,,72,,,,,90,
2024/25,1005844,Brayden Clarke,FA Youth Cup,Quarter-Finals,2025-02-28,Arsenal U18,Man Utd U18,2:3 AET,RB,,,,,,,,90,90,
