﻿season,player_id,player_name,competition,journey,date,home_team,away_team,result,position,goals,assists,own_goals,yellow_cards,second_yellow_cards,red_cards,substitutions_on,substitutions_off,minutes_played,transfermarkt_score
2009/10,110864,Sam Johnstone,International Friendlies,40,2009-08-30,Portugal U17,England U17,0:1,GK,,,,,,,,,90,
2009/10,110864,Sam Johnstone,International Friendlies,9,2009-11-26,Scotland U17,England U17,1:2,Not in squad,,,,,,,,,,
2009/10,110864,Sam Johnstone,Premier Reserve League North,17,2010-04-26,Wigan U21,Man Utd Res.,1:0,on the bench,,,,,,,,,,
2009/10,110864,Sam Johnstone,Premier Reserve League North,16,2010-04-29,Burnley U21,Man Utd Res.,0:1,on the bench,,,,,,,,,,
2009/10,110864,Sam Johnstone,U17-Europameisterschaft 2010,Group 2,2010-05-18,England U17,Czechia U17,3:1,,,,,,,,,,80,
2009/10,110864,Sam Johnstone,U17-Europameisterschaft 2010,Group 2,2010-05-21,Greece U17,England U17,0:1,,,,,,,,,,80,
2009/10,110864,Sam Johnstone,U17-Europameisterschaft 2010,Group 2,2010-05-24,Türkiye U17,England U17,1:2,on the bench,,,,,,,,,,
2009/10,110864,Sam Johnstone,U17-Europameisterschaft 2010,Semi-Finals,2010-05-27,England U17,France U17,2:1,on the bench,,,,,,,,,,
2009/10,110864,Sam Johnstone,U17-Europameisterschaft 2010,Final,2010-05-30,England U17,Spain U17,2:1,on the bench,,,,,,,,,,
2009/10,110864,Sam Johnstone,UEFA European Under-17 Championship qualification,Group 1,2009-10-26,England U17,Kazakhstan U17,6:2,Information not yet available,,,,,,,,,,
2009/10,110864,Sam Johnstone,UEFA European Under-17 Championship qualification,Group 1,2009-10-28,Azerbaijan U17,England U17,0:4,on the bench,,,,,,,,,,
2009/10,110864,Sam Johnstone,UEFA European Under-17 Championship qualification,Group 1,2009-10-31,England U17,Serbia U17,1:0,,,,,,,,,,80,
2009/10,110864,Sam Johnstone,UEFA European Under-17 Championship qualification,group A7,2010-03-27,England U17,Sweden U17,4:0,Information not yet available,,,,,,,,,,
2009/10,110864,Sam Johnstone,UEFA European Under-17 Championship qualification,group A7,2010-03-29,England U17,Malta U17,5:0,Not in squad,,,,,,,,,,
2009/10,110864,Sam Johnstone,UEFA European Under-17 Championship qualification,group A7,2010-04-01,Slovakia U17,England U17,0:2,,,,,,,,,,80,
2009/10,110864,Sam Johnstone,U17 Algarve Tournament,Group A,2010-02-13,France U17,England U17,1:1,GK,,,,,,,,,80,
2009/10,110864,Sam Johnstone,U17 Algarve Tournament,Group A,2010-02-14,England U17,Ukraine U17,3:0,Not in squad,,,,,,,,,,
2009/10,110864,Sam Johnstone,U17 Algarve Tournament,Group A,2010-02-16,Portugal U17,England U17,0:0,,,,,,,,,41,40,
