﻿season,player_id,player_name,competition,journey,date,home_team,away_team,result,position,goals,assists,own_goals,yellow_cards,second_yellow_cards,red_cards,substitutions_on,substitutions_off,minutes_played,transfermarkt_score
2024/25,1007720,Tyler Bindon,Olympic Games,Group A,2024-07-24,Guinea,New Zealand,1:2,RB,,,,,,,,,90,
2024/25,1007720,Tyler Bindon,Olympic Games,Group A,2024-07-27,New Zealand,USA,1:4,RB,,,,,,,,,90,
2024/25,1007720,Tyler Bindon,Olympic Games,Group A,2024-07-30,New Zealand,France,0:3,CB,,,,,,,,,90,
2023/24,1007720,Tyler Bindon,International Friendlies,33,2023-10-13,New Zealand,DR Congo,1:1,,,,,,,,86,,4,
2023/24,1007720,Tyler Bindon,International Friendlies,23,2023-10-17,Australia,New Zealand,2:0,,,,,,,,81,,9,
2023/24,1007720,Tyler Bindon,International Friendlies,44,2023-11-17,Greece,New Zealand,2:0,CB,,,,,,,,83,83,
2023/24,1007720,Tyler Bindon,International Friendlies,45,2023-11-21,Ireland,New Zealand,1:1,,,,,,,,89,,1,
2023/24,1007720,Tyler Bindon,International Friendlies,11,2024-03-22,Egypt,New Zealand,1:0,,,,,,,,82,,8,
2023/24,1007720,Tyler Bindon,International Friendlies,37,2024-03-26,New Zealand,Tunisia,2:4 on pens,RB,,,,36,,,,,90,
2023/24,1007720,Tyler Bindon,EFL Trophy,group B7,2023-09-19,Exeter City,Reading,0:9,Not in squad,,,,,,,,,,
2023/24,1007720,Tyler Bindon,EFL Trophy,group B7,2023-10-10,Reading,Swindon Town,5:0,Not in squad,,,,,,,,,,
2023/24,1007720,Tyler Bindon,EFL Trophy,group B7,2023-11-14,Reading,Arsenal U21,5:2,Not in squad,,,,,,,,,,
2023/24,1007720,Tyler Bindon,EFL Trophy,Second Round,2023-12-06,Reading,Charlton,5:3 on pens,CB,,,,,,,,,90,
2023/24,1007720,Tyler Bindon,EFL Trophy,Round of 16,2024-01-09,Brighton U21,Reading,3:2 on pens,CB,,,,,,,,,90,
2023/24,1007720,Tyler Bindon,League One,2,2023-08-12,Port Vale,Reading,1:0,on the bench,,,,,,,,,,
2023/24,1007720,Tyler Bindon,League One,3,2023-08-15,Reading,Cheltenham,1:0,CB,,,,,,,,,90,
2023/24,1007720,Tyler Bindon,League One,4,2023-08-19,Reading,Stevenage,2:0,CB,,,,,,,,,90,
2023/24,1007720,Tyler Bindon,League One,5,2023-08-26,Exeter City,Reading,2:1,concussion,,,,,,,,,,
2023/24,1007720,Tyler Bindon,League One,6,2023-09-04,Cambridge Utd.,Reading,1:0,concussion,,,,,,,,,,
2023/24,1007720,Tyler Bindon,League One,8,2023-09-16,Reading,Bolton,2:1,CB,,,,,,,,,90,
2023/24,1007720,Tyler Bindon,League One,9,2023-09-23,Blackpool,Reading,4:1,CB,,,,,,,,,90,
2023/24,1007720,Tyler Bindon,League One,10,2023-09-30,Reading,Burton Albion,0:0,RB,,,,,,,,,90,
2023/24,1007720,Tyler Bindon,League One,11,2023-10-03,Northampton,Reading,3:1,RB,,,,,,,,,90,
2023/24,1007720,Tyler Bindon,League One,12,2023-10-07,Leyton Orient,Reading,2:1,RB,1,,,19,,,,,90,
2023/24,1007720,Tyler Bindon,League One,14,2023-10-21,Charlton,Reading,4:0,RB,,,,,,,,,90,
2023/24,1007720,Tyler Bindon,League One,15,2023-10-24,Reading,Fleetwood,1:2,RB,,,,,,,,,90,
2023/24,1007720,Tyler Bindon,League One,16,2023-10-28,Reading,Portsmouth,2:3,CB,,,,,,,,,90,
2023/24,1007720,Tyler Bindon,League One,7,2023-11-07,Reading,Bristol Rovers,1:1,CB,,,,,,,,,90,
2023/24,1007720,Tyler Bindon,League One,17,2023-11-11,Shrewsbury,Reading,3:2,CB,,,,,,,,,90,
2023/24,1007720,Tyler Bindon,League One,19,2023-11-25,Wycombe,Reading,1:2,CB,,,,,,,,,90,
2023/24,1007720,Tyler Bindon,League One,20,2023-11-28,Reading,Carlisle United,5:1,CB,,,,,,,,,90,
2023/24,1007720,Tyler Bindon,League One,21,2023-12-09,Reading,Barnsley,1:3,CB,,,,,,,,,90,
2023/24,1007720,Tyler Bindon,League One,13,2023-12-12,Reading,Oxford United,1:1,,,,,,,,58,,32,
2023/24,1007720,Tyler Bindon,League One,22,2023-12-16,Lincoln City,Reading,1:1,on the bench,,,,,,,,,,
2023/24,1007720,Tyler Bindon,League One,23,2023-12-23,Reading,Wigan,2:0,,,,,,,,84,,6,
2023/24,1007720,Tyler Bindon,League One,24,2023-12-26,Peterborough,Reading,2:2,on the bench,,,,,,,,,,
2023/24,1007720,Tyler Bindon,League One,25,2023-12-29,Cheltenham,Reading,2:2,,,,,,,,62,,28,
2023/24,1007720,Tyler Bindon,League One,26,2024-01-01,Reading,Exeter City,3:2,CB,,,,,,,,,90,
2023/24,1007720,Tyler Bindon,League One,29,2024-01-20,Wigan,Reading,1:0,CB,,,,,,,,,90,
2023/24,1007720,Tyler Bindon,League One,18,2024-01-23,Reading,Derby,1:0,CB,,,,,,,,,90,
2023/24,1007720,Tyler Bindon,League One,30,2024-01-27,Reading,Leyton Orient,1:1,CB,,,,53,,,,,90,
2023/24,1007720,Tyler Bindon,League One,31,2024-02-03,Oxford United,Reading,1:1,CB,,,,,,,,,90,
2023/24,1007720,Tyler Bindon,League One,27,2024-02-06,Stevenage,Reading,0:1,CB,,,,,,,,,90,
2023/24,1007720,Tyler Bindon,League One,32,2024-02-10,Reading,Charlton,2:0,CB,,,,,,,,,90,
2023/24,1007720,Tyler Bindon,League One,33,2024-02-13,Fleetwood,Reading,1:1,CB,,,,21,,,,,90,
2023/24,1007720,Tyler Bindon,League One,34,2024-02-17,Portsmouth,Reading,4:1,CB,,,,,,,,,90,
2023/24,1007720,Tyler Bindon,League One,28,2024-02-20,Reading,Port Vale,2:0,CB,,,,,,,,,90,
2023/24,1007720,Tyler Bindon,League One,35,2024-02-24,Reading,Shrewsbury,2:3,CB,,,,,,,,,90,
2023/24,1007720,Tyler Bindon,League One,36,2024-03-02,Carlisle United,Reading,1:3,CB,,,,,,,,,90,
2023/24,1007720,Tyler Bindon,League One,37,2024-03-09,Reading,Wycombe,1:2,CB,,,,,,,,,90,
2023/24,1007720,Tyler Bindon,League One,38,2024-03-12,Derby,Reading,2:1,CB,,,,10,,,,,90,
2023/24,1007720,Tyler Bindon,League One,39,2024-03-16,Reading,Cambridge Utd.,4:0,CB,,,,,,,,,90,
2023/24,1007720,Tyler Bindon,League One,41,2024-03-29,Reading,Northampton,1:0,CB,,,,,,,,,90,
2023/24,1007720,Tyler Bindon,League One,42,2024-04-01,Bolton,Reading,5:2,CB,,,,,,,,,90,
2023/24,1007720,Tyler Bindon,League One,43,2024-04-06,Reading,Lincoln City,1:1,CB,1,,,,,,,,90,
2023/24,1007720,Tyler Bindon,League One,40,2024-04-09,Bristol Rovers,Reading,0:2,CB,,1,,,,,,,90,
2023/24,1007720,Tyler Bindon,League One,44,2024-04-13,Barnsley,Reading,2:2,CB,,,,,,,,,90,
2023/24,1007720,Tyler Bindon,League One,45,2024-04-20,Burton Albion,Reading,3:2,CB,,,,,,,,,90,
2023/24,1007720,Tyler Bindon,League One,46,2024-04-27,Reading,Blackpool,3:2,CB,,,,,,,,76,76,
2023/24,1007720,Tyler Bindon,FA Cup,First Round,2023-11-04,Reading,MK Dons,3:2,CB,,,,,,,,,90,
2023/24,1007720,Tyler Bindon,FA Cup,Second Round,2023-12-03,Eastleigh,Reading,2:1,Not in squad,,,,,,,,,,
2023/24,1007720,Tyler Bindon,EFL Cup,First Round,2023-08-08,Millwall,Reading,0:4,CB,,,,,,,,,90,
2023/24,1007720,Tyler Bindon,EFL Cup,Second Round,2023-08-29,Reading,Ipswich,3:5 on pens,concussion,,,,,,,,,,
2023/24,1007720,Tyler Bindon,Premier League 2 Playoffs,Round of 16,2024-05-04,Reading U21,Boro U21,2:0,Not in squad,,,,,,,,,,
2023/24,1007720,Tyler Bindon,Premier League 2 Playoffs,Quarter-Finals,2024-05-11,Reading U21,Nottingham U21,3:1,Not in squad,,,,,,,,,,
2023/24,1007720,Tyler Bindon,Premier League 2 Playoffs,Semi-Finals,2024-05-20,Reading U21,Sunderland U21,3:4 AET,Not in squad,,,,,,,,,,
2023/24,1007720,Tyler Bindon,Premier League 2,1,2023-08-14,Stoke U21,Reading U21,0:2,Not in squad,,,,,,,,,,
2023/24,1007720,Tyler Bindon,Premier League 2,2,2023-08-20,Reading U21,Palace U21,2:0,Not in squad,,,,,,,,,,
2023/24,1007720,Tyler Bindon,Premier League 2,3,2023-08-25,Reading U21,Newcastle U21,1:0,concussion,,,,,,,,,,
2023/24,1007720,Tyler Bindon,Premier League 2,4,2023-09-03,Arsenal U21,Reading U21,3:0,concussion,,,,,,,,,,
2023/24,1007720,Tyler Bindon,Premier League 2,5,2023-09-22,Reading U21,Leeds U21,3:2,Not in squad,,,,,,,,,,
2023/24,1007720,Tyler Bindon,Premier League 2,6,2023-09-29,Southampton U21,Reading U21,6:0,Not in squad,,,,,,,,,,
2023/24,1007720,Tyler Bindon,Premier League 2,7,2023-10-30,Reading U21,Blackburn U21,7:2,Not in squad,,,,,,,,,,
2023/24,1007720,Tyler Bindon,Premier League 2,8,2023-11-06,West Brom U21,Reading U21,0:0,Not in squad,,,,,,,,,,
2023/24,1007720,Tyler Bindon,Premier League 2,9,2023-12-04,Derby U21,Reading U21,5:1,Not in squad,,,,,,,,,,
2023/24,1007720,Tyler Bindon,Premier League 2,10,2023-12-18,Reading U21,Boro U21,2:2,Not in squad,,,,,,,,,,
2023/24,1007720,Tyler Bindon,Premier League 2,11,2024-01-15,Reading U21,Leicester U21,2:1,CB,,,,61,,,,79,79,
2023/24,1007720,Tyler Bindon,Premier League 2,12,2024-01-27,Chelsea U21,Reading U21,3:2,Not in squad,,,,,,,,,,
2023/24,1007720,Tyler Bindon,Premier League 2,14,2024-02-17,Reading U21,Sunderland U21,2:1,Not in squad,,,,,,,,,,
2023/24,1007720,Tyler Bindon,Premier League 2,15,2024-03-01,Fulham U21,Reading U21,7:1,Not in squad,,,,,,,,,,
2023/24,1007720,Tyler Bindon,Premier League 2,16,2024-03-10,Reading U21,Liverpool U21,0:0,Not in squad,,,,,,,,,,
2023/24,1007720,Tyler Bindon,Premier League 2,17,2024-03-18,Reading U21,Norwich U21,2:1,Not in squad,,,,,,,,,,
2023/24,1007720,Tyler Bindon,Premier League 2,18,2024-04-06,Tottenham U21,Reading U21,2:2,Not in squad,,,,,,,,,,
2023/24,1007720,Tyler Bindon,Premier League 2,19,2024-04-13,Brighton U21,Reading U21,0:3,Not in squad,,,,,,,,,,
2023/24,1007720,Tyler Bindon,Premier League 2,20,2024-04-26,Reading U21,Man City U21,3:0,Not in squad,,,,,,,,,,
2023/24,1007720,Tyler Bindon,Premier League 2,13,2024-04-29,Nottingham U21,Reading U21,0:0,Not in squad,,,,,,,,,,
2023/24,1007720,Tyler Bindon,OFC Nations Cup,Group 1,2024-06-18,New Zealand,Solomons,3:0,CB,,,,,,,,,90,
2023/24,1007720,Tyler Bindon,OFC Nations Cup,Group 1,2024-06-21,Vanuatu,New Zealand,0:4,CB,,,,57,,,,73,73,
2023/24,1007720,Tyler Bindon,OFC Nations Cup,Semi-Finals,2024-06-27,New Zealand,Tahiti,5:0,CB,,,,38,,,,46,45,
2023/24,1007720,Tyler Bindon,OFC Nations Cup,Final,2024-06-30,New Zealand,Vanuatu,3:0,CB,,,,68,,,,89,89,
2023/24,1007720,Tyler Bindon,Premier League Cup,Group B,2023-09-11,Reading U21,Blackburn U21,1:2,Not in squad,,,,,,,,,,
2023/24,1007720,Tyler Bindon,Premier League Cup,Group B,2023-10-09,Sheff Utd U21,Reading U21,2:2,Information not yet available,,,,,,,,,,
2023/24,1007720,Tyler Bindon,Premier League Cup,Group B,2023-11-13,Reading U21,West Brom U21,2:3,Information not yet available,,,,,,,,,,
2023/24,1007720,Tyler Bindon,Premier League Cup,Group B,2024-01-10,Blackburn U21,Reading U21,4:2,Information not yet available,,,,,,,,,,
2023/24,1007720,Tyler Bindon,Premier League Cup,Group B,2024-01-31,Reading U21,Sheff Utd U21,1:2,Information not yet available,,,,,,,,,,
2023/24,1007720,Tyler Bindon,Premier League Cup,Group B,2024-02-05,West Brom U21,Reading U21,0:3,Information not yet available,,,,,,,,,,
