﻿season,player_id,player_name,competition,journey,date,home_team,away_team,result,position,goals,assists,own_goals,yellow_cards,second_yellow_cards,red_cards,substitutions_on,substitutions_off,minutes_played,transfermarkt_score
2025/26,1069512,Jonah Kusi-Asare,Bundesliga,1,2025-08-22,Bayern Munich,Leipzig,6:0,CF,,,,,,,86,,4,
2025/26,1069512,Jonah Kusi-Asare,Bundesliga,2,2025-08-30,Augsburg,Bayern Munich,2:3,on the bench,,,,,,,,,,
2025/26,1069512,Jonah Kusi-Asare,DFB-Pokal,First Round,2025-08-27,Wehen Wiesbaden,Bayern Munich,2:3,on the bench,,,,,,,,,,
2025/26,1069512,Jonah Kusi-Asare,Franz-Beckenbauer-Supercup,Final,2025-08-16,Stuttgart,Bayern Munich,1:2,on the bench,,,,,,,,,,
2025/26,1069512,Jonah Kusi-Asare,Premier League,4,2025-09-13,Fulham,Leeds,1:0,Not in squad,,,,,,,,,,
2025/26,1069512,Jonah Kusi-Asare,Premier League,5,2025-09-20,Fulham,Brentford,3:1,Not in squad,,,,,,,,,,
2025/26,1069512,Jonah Kusi-Asare,Premier League,6,2025-09-28,Aston Villa,Fulham,3:1,Not in squad,,,,,,,,,,
2025/26,1069512,Jonah Kusi-Asare,Premier League,7,2025-10-03,Bournemouth,Fulham,3:1,on the bench,,,,,,,,,,
2025/26,1069512,Jonah Kusi-Asare,Premier League,8,2025-10-18,Fulham,Arsenal,0:1,on the bench,,,,,,,,,,
2025/26,1069512,Jonah Kusi-Asare,Premier League,9,2025-10-25,Newcastle,Fulham,2:1,,,,,,,,90,,1,
2025/26,1069512,Jonah Kusi-Asare,Premier League,10,2025-11-01,Fulham,Wolves,3:0,Not in squad,,,,,,,,,,
2025/26,1069512,Jonah Kusi-Asare,Premier League,11,2025-11-08,Everton,Fulham,2:0,Not in squad,,,,,,,,,,
2025/26,1069512,Jonah Kusi-Asare,Premier League,12,2025-11-22,Fulham,Sunderland,1:0,on the bench,,,,,,,,,,
2025/26,1069512,Jonah Kusi-Asare,Premier League,13,2025-11-29,Tottenham,Fulham,1:2,on the bench,,,,,,,,,,
2025/26,1069512,Jonah Kusi-Asare,Premier League,14,2025-12-02,Fulham,Man City,4:5,,,,,,,,73,,17,
2025/26,1069512,Jonah Kusi-Asare,EFL Trophy,group B7,2025-09-02,Gillingham,Fulham U21,4:1,Not in squad,,,,,,,,,,
2025/26,1069512,Jonah Kusi-Asare,EFL Trophy,group B7,2025-10-07,Wycombe,Fulham U21,3:1,Not in squad,,,,,,,,,,
2025/26,1069512,Jonah Kusi-Asare,EFL Trophy,group B7,2025-11-11,Colchester Utd.,Fulham U21,2:0,Not in squad,,,,,,,,,,
2025/26,1069512,Jonah Kusi-Asare,EFL Cup,Third Round,2025-09-23,Fulham,Cambridge Utd.,1:0,on the bench,,,,,,,,,,
2025/26,1069512,Jonah Kusi-Asare,EFL Cup,Fourth Round,2025-10-28,Wycombe,Fulham,5:6 on pens,CF,,,,,,,74,,16,
2025/26,1069512,Jonah Kusi-Asare,Premier League 2,4,2025-09-19,Fulham U21,West Brom U21,2:0,Not in squad,,,,,,,,,,
2025/26,1069512,Jonah Kusi-Asare,Premier League 2,5,2025-09-26,Birmingham U21,Fulham U21,1:3,Not in squad,,,,,,,,,,
2025/26,1069512,Jonah Kusi-Asare,Premier League 2,6,2025-10-03,Fulham U21,Liverpool U21,1:1,Not in squad,,,,,,,,,,
2025/26,1069512,Jonah Kusi-Asare,Premier League 2,7,2025-10-24,Fulham U21,Derby U21,4:4,Not in squad,,,,,,,,,,
2025/26,1069512,Jonah Kusi-Asare,Premier League 2,8,2025-11-01,Reading U21,Fulham U21,1:5,Not in squad,,,,,,,,,,
2025/26,1069512,Jonah Kusi-Asare,Premier League 2,9,2025-11-08,Fulham U21,Tottenham U21,1:1,Not in squad,,,,,,,,,,
2025/26,1069512,Jonah Kusi-Asare,Regionalliga Bayern,1,2025-07-25,FC Augsburg II,FC Bayern II,1:2,Not in squad,,,,,,,,,,
2025/26,1069512,Jonah Kusi-Asare,Regionalliga Bayern,2,2025-08-01,FC Bayern II,TSV Buchbach,6:3,Not in squad,,,,,,,,,,
2025/26,1069512,Jonah Kusi-Asare,Regionalliga Bayern,3,2025-08-08,FC Bayern II,Schwaben Augsb.,5:0,Not in squad,,,,,,,,,,
2025/26,1069512,Jonah Kusi-Asare,Regionalliga Bayern,8,2025-08-15,Unterhaching,FC Bayern II,2:0,Not in squad,,,,,,,,,,
2025/26,1069512,Jonah Kusi-Asare,Regionalliga Bayern,5,2025-08-23,FC Bayern II,SpVgg Bayreuth,2:2,CF,,,,,,,,,90,
2025/26,1069512,Jonah Kusi-Asare,Regionalliga Bayern,6,2025-08-29,FC Memmingen,FC Bayern II,1:4,Not in squad,,,,,,,,,,
2025/26,1069512,Jonah Kusi-Asare,Premier League International Cup U21,Group B,2025-11-04,Fulham U21,FCN Reserves,0:1,Not in squad,,,,,,,,,,
2025/26,1069512,Jonah Kusi-Asare,Premier League International Cup U21,Group B,2025-11-15,Fulham U21,Juventus U20,3:0,Not in squad,,,,,,,,,,
2025/26,1069512,Jonah Kusi-Asare,UEFA European Under-21 Championship Qualifying,Group 5,2025-09-05,Sweden U21,Armenia U21,3:0,,1,,,,,,57,,33,
2025/26,1069512,Jonah Kusi-Asare,UEFA European Under-21 Championship Qualifying,Group 5,2025-09-09,Montenegro U21,Sweden U21,2:0,CF,,,,,,,,71,71,
2025/26,1069512,Jonah Kusi-Asare,UEFA European Under-21 Championship Qualifying,Group 5,2025-10-10,Italy U21,Sweden U21,4:0,,,,,,,,62,,28,
2025/26,1069512,Jonah Kusi-Asare,UEFA European Under-21 Championship Qualifying,Group 5,2025-10-14,Sweden U21,Poland U21,0:6,CF,,,,,,,,81,81,
2025/26,1069512,Jonah Kusi-Asare,UEFA European Under-21 Championship Qualifying,Group 5,2025-11-13,Macedonia U21,Sweden U21,1:4,CF,,1,,,,,,77,77,
2025/26,1069512,Jonah Kusi-Asare,UEFA European Under-21 Championship Qualifying,Group 5,2025-11-18,Armenia U21,Sweden U21,0:1,CF,,1,,,,,,90,90,
2025/26,1069512,Jonah Kusi-Asare,National League Cup,Group C,2025-09-16,Truro City FC,Fulham U21,1:0,Not in squad,,,,,,,,,,
2025/26,1069512,Jonah Kusi-Asare,National League Cup,Group C,2025-10-21,Woking,Fulham U21,2:0,Not in squad,,,,,,,,,,
2025/26,1069512,Jonah Kusi-Asare,National League Cup,Group C,2025-11-25,Aldershot,Fulham U21,2:1,CF,1,,,44,,,,61,61,
