﻿season,player_id,player_name,competition,journey,date,home_team,away_team,result,position,goals,assists,own_goals,yellow_cards,second_yellow_cards,red_cards,substitutions_on,substitutions_off,minutes_played,transfermarkt_score
2022/23,111051,Nampalys Mendy,World Cup 2022,Group A,2022-11-21,Senegal,Netherlands,0:2,DM,,,,94,,,,,90,
2022/23,111051,Nampalys Mendy,World Cup 2022,Group A,2022-11-25,Qatar,Senegal,1:3,DM,,,,,,,,77,77,
2022/23,111051,Nampalys Mendy,World Cup 2022,Group A,2022-11-29,Ecuador,Senegal,1:2,DM,,,,,,,74,,16,
2022/23,111051,Nampalys Mendy,World Cup 2022,Round of 16,2022-12-04,England,Senegal,3:0,DM,,,,,,,,,90,
2021/22,111051,Nampalys Mendy,UEFA Europa League,Group C,2021-09-16,Leicester,Napoli,2:2,No eligibility,,,,,,,,,,
2021/22,111051,Nampalys Mendy,UEFA Europa League,Group C,2021-09-30,Legia Warszawa,Leicester,1:0,No eligibility,,,,,,,,,,
2021/22,111051,Nampalys Mendy,UEFA Europa League,Group C,2021-10-20,Spartak Moscow,Leicester,3:4,No eligibility,,,,,,,,,,
2021/22,111051,Nampalys Mendy,UEFA Europa League,Group C,2021-11-04,Leicester,Spartak Moscow,1:1,No eligibility,,,,,,,,,,
2021/22,111051,Nampalys Mendy,UEFA Europa League,Group C,2021-11-25,Leicester,Legia Warszawa,3:1,No eligibility,,,,,,,,,,
2021/22,111051,Nampalys Mendy,UEFA Europa League,Group C,2021-12-09,Napoli,Leicester,3:2,No eligibility,,,,,,,,,,
2021/22,111051,Nampalys Mendy,UEFA Europa Conference League,intermediate stage 1st leg,2022-02-17,Leicester,Randers FC,4:1,Not in squad,,,,,,,,,,
2021/22,111051,Nampalys Mendy,UEFA Europa Conference League,intermediate stage 2nd leg,2022-02-24,Randers FC,Leicester,1:3,Not in squad,,,,,,,,,,
2021/22,111051,Nampalys Mendy,UEFA Europa Conference League,last 16 1st leg,2022-03-10,Leicester,Stade Rennais,2:0,Not in squad,,,,,,,,,,
2021/22,111051,Nampalys Mendy,UEFA Europa Conference League,last 16 2nd leg,2022-03-17,Stade Rennais,Leicester,2:1,Not in squad,,,,,,,,,,
2021/22,111051,Nampalys Mendy,UEFA Europa Conference League,Quarter-Finals 1st leg,2022-04-07,Leicester,PSV,0:0,Not in squad,,,,,,,,,,
2021/22,111051,Nampalys Mendy,UEFA Europa Conference League,Quarter-Finals 2nd leg,2022-04-14,PSV,Leicester,1:2,Not in squad,,,,,,,,,,
2021/22,111051,Nampalys Mendy,UEFA Europa Conference League,Semi-Finals 1st Leg,2022-04-28,Leicester,Roma,1:1,Not in squad,,,,,,,,,,
2021/22,111051,Nampalys Mendy,UEFA Europa Conference League,Semi-Finals 2nd Leg,2022-05-05,Roma,Leicester,1:0,Not in squad,,,,,,,,,,
2021/22,111051,Nampalys Mendy,Africa Cup of Nations qualification,group L,2022-06-04,Senegal,Benin,3:1,DM,,,,,,,,77,77,
2021/22,111051,Nampalys Mendy,Africa Cup of Nations qualification,group L,2022-06-07,Rwanda,Senegal,0:1,DM,,,,28,,,,71,71,
2022/23,111051,Nampalys Mendy,Africa Cup of Nations qualification,group L,2023-03-24,Senegal,Mozambique,5:1,DM,,,,,,,,64,64,
2022/23,111051,Nampalys Mendy,Africa Cup of Nations qualification,group L,2023-03-28,Mozambique,Senegal,0:1,DM,,,,,,,85,,5,
2022/23,111051,Nampalys Mendy,Africa Cup of Nations qualification,group L,2023-06-17,Benin,Senegal,1:1,DM,,,,,,,90,,1,
2021/22,111051,Nampalys Mendy,Premier League,1,2021-08-14,Leicester,Wolves,1:0,Groin problems,,,,,,,,,,
2021/22,111051,Nampalys Mendy,Premier League,2,2021-08-23,West Ham,Leicester,4:1,Groin problems,,,,,,,,,,
2021/22,111051,Nampalys Mendy,Premier League,3,2021-08-28,Norwich,Leicester,1:2,Groin problems,,,,,,,,,,
2021/22,111051,Nampalys Mendy,Premier League,4,2021-09-11,Leicester,Man City,0:1,Groin problems,,,,,,,,,,
2021/22,111051,Nampalys Mendy,Premier League,5,2021-09-19,Brighton,Leicester,2:1,Groin problems,,,,,,,,,,
2021/22,111051,Nampalys Mendy,Premier League,6,2021-09-25,Leicester,Burnley,2:2,Groin problems,,,,,,,,,,
2021/22,111051,Nampalys Mendy,Premier League,7,2021-10-03,Crystal Palace,Leicester,2:2,Not in squad,,,,,,,,,,
2021/22,111051,Nampalys Mendy,Premier League,8,2021-10-16,Leicester,Man Utd,4:2,Not in squad,,,,,,,,,,
2021/22,111051,Nampalys Mendy,Premier League,9,2021-10-24,Brentford,Leicester,1:2,Not in squad,,,,,,,,,,
2021/22,111051,Nampalys Mendy,Premier League,10,2021-10-30,Leicester,Arsenal,0:2,Not in squad,,,,,,,,,,
2021/22,111051,Nampalys Mendy,Premier League,11,2021-11-07,Leeds,Leicester,1:1,Groin problems,,,,,,,,,,
2021/22,111051,Nampalys Mendy,Premier League,12,2021-11-20,Leicester,Chelsea,0:3,Groin problems,,,,,,,,,,
2021/22,111051,Nampalys Mendy,Premier League,13,2021-11-28,Leicester,Watford,4:2,Groin problems,,,,,,,,,,
2021/22,111051,Nampalys Mendy,Premier League,14,2021-12-01,Southampton,Leicester,2:2,Groin problems,,,,,,,,,,
2021/22,111051,Nampalys Mendy,Premier League,15,2021-12-05,Aston Villa,Leicester,2:1,Groin problems,,,,,,,,,,
2021/22,111051,Nampalys Mendy,Premier League,16,2021-12-12,Leicester,Newcastle,4:0,Groin problems,,,,,,,,,,
2021/22,111051,Nampalys Mendy,Premier League,19,2021-12-26,Man City,Leicester,6:3,Not in squad,,,,,,,,,,
2021/22,111051,Nampalys Mendy,Premier League,20,2021-12-28,Leicester,Liverpool,1:0,Not in squad,,,,,,,,,,
2021/22,111051,Nampalys Mendy,Premier League,17,2022-01-19,Leicester,Tottenham,2:3,Not in squad,,,,,,,,,,
2021/22,111051,Nampalys Mendy,Premier League,23,2022-01-23,Leicester,Brighton,1:1,Not in squad,,,,,,,,,,
2021/22,111051,Nampalys Mendy,Premier League,24,2022-02-10,Liverpool,Leicester,2:0,Not in squad,,,,,,,,,,
2021/22,111051,Nampalys Mendy,Premier League,25,2022-02-13,Leicester,West Ham,2:2,on the bench,,,,,,,,,,
2021/22,111051,Nampalys Mendy,Premier League,26,2022-02-20,Wolves,Leicester,2:1,on the bench,,,,,,,,,,
2021/22,111051,Nampalys Mendy,Premier League,22,2022-03-01,Burnley,Leicester,0:2,on the bench,,,,,,,,,,
2021/22,111051,Nampalys Mendy,Premier League,28,2022-03-05,Leicester,Leeds,1:0,DM,,,,,,,76,,14,
2021/22,111051,Nampalys Mendy,Premier League,29,2022-03-13,Arsenal,Leicester,2:0,DM,,,,,,,,61,61,
2021/22,111051,Nampalys Mendy,Premier League,30,2022-03-20,Leicester,Brentford,2:1,DM,,,,,,,,,90,
2021/22,111051,Nampalys Mendy,Premier League,31,2022-04-02,Man Utd,Leicester,1:1,DM,,,,,,,,90,90,
2021/22,111051,Nampalys Mendy,Premier League,32,2022-04-10,Leicester,Crystal Palace,2:1,DM,,,,,,,,,90,
2021/22,111051,Nampalys Mendy,Premier League,33,2022-04-17,Newcastle,Leicester,2:1,DM,,,,96,,,,,90,
2021/22,111051,Nampalys Mendy,Premier League,18,2022-04-20,Everton,Leicester,1:1,CM,,,,,,,,84,84,
2021/22,111051,Nampalys Mendy,Premier League,34,2022-04-23,Leicester,Aston Villa,0:0,DM,,,,63,,,,,90,
2021/22,111051,Nampalys Mendy,Premier League,35,2022-05-01,Tottenham,Leicester,3:1,DM,,,,,,,,,90,
2021/22,111051,Nampalys Mendy,Premier League,36,2022-05-08,Leicester,Everton,1:2,DM,,,,46,,,,66,66,
2021/22,111051,Nampalys Mendy,Premier League,21,2022-05-11,Leicester,Norwich,3:0,DM,,,,,,,46,,45,
2021/22,111051,Nampalys Mendy,Premier League,37,2022-05-15,Watford,Leicester,1:5,DM,,,,,,,,46,45,
2021/22,111051,Nampalys Mendy,Premier League,27,2022-05-19,Chelsea,Leicester,1:1,DM,,,,,,,,,90,
2021/22,111051,Nampalys Mendy,Premier League,38,2022-05-22,Leicester,Southampton,4:1,DM,,,,,,,,,90,
2021/22,111051,Nampalys Mendy,Community Shield,Final,2021-08-07,Leicester,Man City,1:0,Groin problems,,,,,,,,,,
2021/22,111051,Nampalys Mendy,EFL Trophy,group A7,2021-08-31,Fleetwood,Leicester U23,4:1,Groin problems,,,,,,,,,,
2021/22,111051,Nampalys Mendy,EFL Trophy,group A7,2021-10-05,Accrington,Leicester U23,5:0,Not in squad,,,,,,,,,,
2021/22,111051,Nampalys Mendy,EFL Trophy,group A7,2021-11-09,Barrow,Leicester U23,1:0,Groin problems,,,,,,,,,,
2021/22,111051,Nampalys Mendy,FA Cup,Third Round,2022-01-08,Leicester,Watford,4:1,Not in squad,,,,,,,,,,
2021/22,111051,Nampalys Mendy,FA Cup,Fourth Round,2022-02-06,Nott'm Forest,Leicester,4:1,Not in squad,,,,,,,,,,
2021/22,111051,Nampalys Mendy,EFL Cup,Third Round,2021-09-22,Millwall,Leicester,0:2,Groin problems,,,,,,,,,,
2021/22,111051,Nampalys Mendy,EFL Cup,Fourth Round,2021-10-27,Leicester,Brighton,6:4 on pens,DM,,,,77,,,59,,31,
2021/22,111051,Nampalys Mendy,EFL Cup,Quarter-Finals,2021-12-22,Liverpool,Leicester,8:7 on pens,on the bench,,,,,,,,,,
2021/22,111051,Nampalys Mendy,Premier League 2,1,2021-08-15,Man Utd U23,Leicester U23,2:2,Groin problems,,,,,,,,,,
2021/22,111051,Nampalys Mendy,Premier League 2,3,2021-08-27,Blackburn U23,Leicester U23,1:1,Groin problems,,,,,,,,,,
2021/22,111051,Nampalys Mendy,Premier League 2,4,2021-09-13,Leicester U23,Palace U23,1:6,Groin problems,,,,,,,,,,
2021/22,111051,Nampalys Mendy,Premier League 2,5,2021-09-20,Leicester U23,Everton U23,3:1,Groin problems,,,,,,,,,,
2021/22,111051,Nampalys Mendy,Premier League 2,6,2021-09-24,Brighton U23,Leicester U23,2:1,Groin problems,,,,,,,,,,
2021/22,111051,Nampalys Mendy,Premier League 2,7,2021-10-01,Leicester U23,Leeds United U23,1:0,DM,,,,,,,,61,61,
2021/22,111051,Nampalys Mendy,Premier League 2,8,2021-10-16,Man City U23,Leicester U23,5:0,Not in squad,,,,,,,,,,
2021/22,111051,Nampalys Mendy,Premier League 2,9,2021-10-23,Leicester U23,Chelsea U23,1:1,DM,,,,,,,,,90,
2021/22,111051,Nampalys Mendy,Premier League 2,10,2021-11-01,Leicester U23,West Ham U23,2:1,DM,,,,,,,,,90,
2021/22,111051,Nampalys Mendy,Premier League 2,11,2021-11-06,Arsenal U23,Leicester U23,3:3,Groin problems,,,,,,,,,,
2021/22,111051,Nampalys Mendy,Premier League 2,12,2021-11-22,Leicester U23,Tottenham U23,1:4,Groin problems,,,,,,,,,,
2021/22,111051,Nampalys Mendy,Premier League 2,13,2021-11-28,Liverpool U23,Leicester U23,3:0,Groin problems,,,,,,,,,,
2021/22,111051,Nampalys Mendy,Premier League 2,14,2021-12-03,Leeds United U23,Leicester U23,1:3,Groin problems,,,,,,,,,,
2021/22,111051,Nampalys Mendy,Premier League 2,16,2022-01-08,Chelsea U23,Leicester U23,5:0,Not in squad,,,,,,,,,,
2021/22,111051,Nampalys Mendy,Premier League 2,17,2022-01-17,Leicester U23,Brighton U23,2:1,Not in squad,,,,,,,,,,
2021/22,111051,Nampalys Mendy,Premier League 2,18,2022-01-24,West Ham U23,Leicester U23,1:2,Not in squad,,,,,,,,,,
2021/22,111051,Nampalys Mendy,Premier League 2,19,2022-02-04,Everton U23,Leicester U23,1:2,Not in squad,,,,,,,,,,
2021/22,111051,Nampalys Mendy,Premier League 2,20,2022-02-21,Leicester U23,Arsenal U23,1:1,Not in squad,,,,,,,,,,
2021/22,111051,Nampalys Mendy,Premier League 2,21,2022-02-28,Leicester U23,Man City U23,0:0,Not in squad,,,,,,,,,,
2021/22,111051,Nampalys Mendy,Premier League 2,22,2022-03-13,Derby U23,Leicester U23,0:0,Not in squad,,,,,,,,,,
2021/22,111051,Nampalys Mendy,Premier League 2,23,2022-03-18,Tottenham U23,Leicester U23,3:1,Not in squad,,,,,,,,,,
2021/22,111051,Nampalys Mendy,Premier League 2,24,2022-04-04,Leicester U23,Man Utd U23,3:2,Not in squad,,,,,,,,,,
2021/22,111051,Nampalys Mendy,Premier League 2,2,2022-04-15,Leicester U23,Derby U23,2:1,Not in squad,,,,,,,,,,
2021/22,111051,Nampalys Mendy,Premier League 2,15,2022-04-18,Leicester U23,Blackburn U23,4:1,Not in squad,,,,,,,,,,
2021/22,111051,Nampalys Mendy,Premier League 2,25,2022-04-25,Leicester U23,Liverpool U23,0:4,Not in squad,,,,,,,,,,
2021/22,111051,Nampalys Mendy,Premier League 2,26,2022-05-02,Palace U23,Leicester U23,3:2,Not in squad,,,,,,,,,,
2021/22,111051,Nampalys Mendy,Africa Cup of Nations,Group B,2022-01-10,Senegal,Zimbabwe,1:0,Not in squad,,,,,,,,,,
2021/22,111051,Nampalys Mendy,Africa Cup of Nations,Group B,2022-01-14,Senegal,Guinea,0:0,on the bench,,,,,,,,,,
2021/22,111051,Nampalys Mendy,Africa Cup of Nations,Group B,2022-01-18,Malawi,Senegal,0:0,DM,,,,,,,,72,72,
2021/22,111051,Nampalys Mendy,Africa Cup of Nations,Round of 16,2022-01-25,Senegal,Cape Verde,2:0,DM,,,,72,,,,,90,
2021/22,111051,Nampalys Mendy,Africa Cup of Nations,Quarter-Finals,2022-01-30,Senegal,Equat. Guinea,3:1,DM,,,,,,,,,90,
2021/22,111051,Nampalys Mendy,Africa Cup of Nations,Semi-Finals,2022-02-02,Burkina Faso,Senegal,1:3,DM,,,,,,,,90,90,
2021/22,111051,Nampalys Mendy,Africa Cup of Nations,Final,2022-02-06,Senegal,Egypt,4:2 on pens,DM,,,,17,,,,,120,
