﻿season,player_id,player_name,competition,journey,date,home_team,away_team,result,position,goals,assists,own_goals,yellow_cards,second_yellow_cards,red_cards,substitutions_on,substitutions_off,minutes_played,transfermarkt_score
2024/25,1107733,Harrison Armstrong,International Friendlies,9,2024-09-04,England U18,Portugal U18,2:2,Not in squad,,,,,,,,,,
2024/25,1107733,Harrison Armstrong,International Friendlies,9,2024-09-06,Switzerland U18,England U18,1:1,Not in squad,,,,,,,,,,
2024/25,1107733,Harrison Armstrong,International Friendlies,2,2024-09-08,France U18,England U18,1:3 on pens,Not in squad,,,,,,,,,,
2024/25,1107733,Harrison Armstrong,International Friendlies,3,2024-10-11,Sweden U18,England U18,2:0,CM,,,,,,,,59,59,
2024/25,1107733,Harrison Armstrong,International Friendlies,8,2024-10-14,England U18,Ukraine U19,3:1,CM,,1,,,,,84,,6,
2024/25,1107733,Harrison Armstrong,International Friendlies,37,2024-11-15,Poland U18,England U18,3:1,CM,,,,,,,,69,69,
2024/25,1107733,Harrison Armstrong,International Friendlies,37,2024-11-18,Germany U18,England U18,1:0,SS,,,,,,,,68,68,
2024/25,1107733,Harrison Armstrong,International Friendlies,12,2025-03-20,England U18,Czechia U18,2:2,on the bench,,,,,,,,,,
2024/25,1107733,Harrison Armstrong,International Friendlies,12,2025-03-22,France U18,England U18,2:2,CM,,,,,,,,80,80,
2024/25,1107733,Harrison Armstrong,International Friendlies,12,2025-03-25,Portugal U18,England U18,0:1,CM,,,,,,,,,90,
2024/25,1107733,Harrison Armstrong,International Friendlies,4,2025-05-25,Morocco U18,England U18,1:3,,,,,,,,,,90,
2024/25,1107733,Harrison Armstrong,International Friendlies,5,2025-05-28,England U18,Morocco U18,1:2,CM,,,,,,,,,90,
2024/25,1107733,Harrison Armstrong,Premier League,1,2024-08-17,Everton,Brighton,0:3,on the bench,,,,,,,,,,
2024/25,1107733,Harrison Armstrong,Premier League,2,2024-08-24,Tottenham,Everton,4:0,CF,,,,,,,90,,1,
2024/25,1107733,Harrison Armstrong,Premier League,3,2024-08-31,Everton,Bournemouth,2:3,on the bench,,,,,,,,,,
2024/25,1107733,Harrison Armstrong,Premier League,4,2024-09-14,Aston Villa,Everton,3:2,on the bench,,,,,,,,,,
2024/25,1107733,Harrison Armstrong,Premier League,5,2024-09-21,Leicester,Everton,1:1,on the bench,,,,,,,,,,
2024/25,1107733,Harrison Armstrong,Premier League,6,2024-09-28,Everton,Crystal Palace,2:1,on the bench,,,,,,,,,,
2024/25,1107733,Harrison Armstrong,Premier League,7,2024-10-05,Everton,Newcastle,0:0,on the bench,,,,,,,,,,
2024/25,1107733,Harrison Armstrong,Premier League,8,2024-10-19,Ipswich,Everton,0:2,on the bench,,,,,,,,,,
2024/25,1107733,Harrison Armstrong,Premier League,9,2024-10-26,Everton,Fulham,1:1,on the bench,,,,,,,,,,
2024/25,1107733,Harrison Armstrong,Premier League,10,2024-11-02,Southampton,Everton,1:0,on the bench,,,,,,,,,,
2024/25,1107733,Harrison Armstrong,Premier League,11,2024-11-09,West Ham,Everton,0:0,on the bench,,,,,,,,,,
2024/25,1107733,Harrison Armstrong,Premier League,12,2024-11-23,Everton,Brentford,0:0,on the bench,,,,,,,,,,
2024/25,1107733,Harrison Armstrong,Premier League,13,2024-12-01,Man Utd,Everton,4:0,on the bench,,,,,,,,,,
2024/25,1107733,Harrison Armstrong,Premier League,14,2024-12-04,Everton,Wolves,4:0,,,,,91,,,89,,1,
2024/25,1107733,Harrison Armstrong,Premier League,16,2024-12-14,Arsenal,Everton,0:0,on the bench,,,,,,,,,,
2024/25,1107733,Harrison Armstrong,Premier League,17,2024-12-22,Everton,Chelsea,0:0,on the bench,,,,,,,,,,
2024/25,1107733,Harrison Armstrong,Premier League,18,2024-12-26,Man City,Everton,1:1,on the bench,,,,,,,,,,
2024/25,1107733,Harrison Armstrong,Premier League,19,2024-12-29,Everton,Nott'm Forest,0:2,on the bench,,,,,,,,,,
2024/25,1107733,Harrison Armstrong,Premier League,20,2025-01-04,Bournemouth,Everton,1:0,,,,,,,,46,,45,
2024/25,1107733,Harrison Armstrong,Premier League,21,2025-01-15,Everton,Aston Villa,0:1,on the bench,,,,,,,,,,
2024/25,1107733,Harrison Armstrong,Premier League,22,2025-01-19,Everton,Tottenham,3:2,on the bench,,,,,,,,,,
2024/25,1107733,Harrison Armstrong,Premier League,23,2025-01-25,Brighton,Everton,0:1,on the bench,,,,,,,,,,
2024/25,1107733,Harrison Armstrong,Premier League,24,2025-02-01,Everton,Leicester,4:0,on the bench,,,,,,,,,,
2024/25,1107733,Harrison Armstrong,Championship,31,2025-02-08,Norwich,Derby,1:1,,,,,,,,66,,24,
2024/25,1107733,Harrison Armstrong,Championship,32,2025-02-11,Derby,Oxford United,0:0,,,,,,,,76,,14,
2024/25,1107733,Harrison Armstrong,Championship,33,2025-02-14,QPR,Derby,4:0,,,,,,,,85,,5,
2024/25,1107733,Harrison Armstrong,Championship,34,2025-02-22,Derby,Millwall,0:1,on the bench,,,,,,,,,,
2024/25,1107733,Harrison Armstrong,Championship,35,2025-03-01,Middlesbrough,Derby,1:0,DM,,,,,,,,76,76,
2024/25,1107733,Harrison Armstrong,Championship,36,2025-03-08,Derby,Blackburn,2:1,DM,,,,70,,,,87,87,
2024/25,1107733,Harrison Armstrong,Championship,37,2025-03-11,Derby,Coventry,2:0,DM,,,,28,,,,,90,
2024/25,1107733,Harrison Armstrong,Championship,38,2025-03-15,Plymouth,Derby,2:3,DM,1,,,,,,,,90,
2024/25,1107733,Harrison Armstrong,Championship,39,2025-03-29,Derby,Preston,2:0,DM,,,,,,,,,90,
2024/25,1107733,Harrison Armstrong,Championship,40,2025-04-05,Swansea,Derby,1:0,CM,,,,,,,,,90,
2024/25,1107733,Harrison Armstrong,Championship,41,2025-04-08,Derby,Burnley,0:0,DM,,,,,,,,,90,
2024/25,1107733,Harrison Armstrong,Championship,42,2025-04-12,Portsmouth,Derby,2:2,CM,,,,,,,,,90,
2024/25,1107733,Harrison Armstrong,Championship,43,2025-04-18,Derby,Luton,0:1,CM,,,,,,,,90,90,
2024/25,1107733,Harrison Armstrong,Championship,44,2025-04-21,West Brom,Derby,1:3,CM,,,,,,,,,90,
2024/25,1107733,Harrison Armstrong,Championship,45,2025-04-26,Hull City,Derby,0:1,DM,,,,39,,,,,90,
2024/25,1107733,Harrison Armstrong,Championship,46,2025-05-03,Derby,Stoke City,0:0,DM,,,,,,,,,90,
2024/25,1107733,Harrison Armstrong,EFL Trophy,group A1,2024-08-20,Tranmere,Everton U21,1:3,CM,,,,,,,,79,79,
2024/25,1107733,Harrison Armstrong,EFL Trophy,group A1,2024-09-17,Stockport,Everton U21,4:1,Not in squad,,,,,,,,,,
2024/25,1107733,Harrison Armstrong,EFL Trophy,group A1,2024-10-29,Accrington,Everton U21,2:1,CM,1,,,,,,,73,73,
2024/25,1107733,Harrison Armstrong,FA Cup,Third Round,2025-01-09,Everton,Peterborough,2:0,Centre Forward,,1,,,,,,68,68,
2024/25,1107733,Harrison Armstrong,EFL Cup,Second Round,2024-08-27,Everton,Doncaster,3:0,,,,,,,,85,,5,
2024/25,1107733,Harrison Armstrong,EFL Cup,Third Round,2024-09-17,Everton,Southampton,6:7 on pens,CM,,,,,,,,62,62,
2024/25,1107733,Harrison Armstrong,U18 Premier League,1,2024-08-17,Everton U18,Stoke U18,2:1,Not in squad,,,,,,,,,,
2024/25,1107733,Harrison Armstrong,U18 Premier League,3,2024-09-01,Everton U18,Man City U18,0:4,Not in squad,,,,,,,,,,
2024/25,1107733,Harrison Armstrong,U18 Premier League,5,2024-09-21,Everton U18,Nottingham U18,2:3,Not in squad,,,,,,,,,,
2024/25,1107733,Harrison Armstrong,U18 Premier League,7,2024-10-19,Everton U18,Newcastle U18,3:2,Not in squad,,,,,,,,,,
2024/25,1107733,Harrison Armstrong,U18 Premier League,8,2024-10-26,Blackburn U18,Everton U18,1:3,Not in squad,,,,,,,,,,
2024/25,1107733,Harrison Armstrong,U18 Premier League,9,2024-11-02,Everton U18,Derby U18,3:2,Not in squad,,,,,,,,,,
2024/25,1107733,Harrison Armstrong,U18 Premier League,10,2024-11-09,Man Utd U18,Everton U18,3:0,Not in squad,,,,,,,,,,
2024/25,1107733,Harrison Armstrong,U18 Premier League,11,2024-11-30,Everton U18,Liverpool U18,3:2,Not in squad,,,,,,,,,,
2024/25,1107733,Harrison Armstrong,U18 Premier League,2,2024-12-05,Sunderland U18,Everton U18,2:3,Not in squad,,,,,,,,,,
2024/25,1107733,Harrison Armstrong,U18 Premier League,16,2025-01-11,Man City U18,Everton U18,4:1,Not in squad,,,,,,,,,,
2024/25,1107733,Harrison Armstrong,U18 Premier League,14,2025-01-25,Stoke U18,Everton U18,2:1,Not in squad,,,,,,,,,,
2024/25,1107733,Harrison Armstrong,U18 Premier League,15,2025-01-30,Everton U18,Sunderland U18,2:1,Not in squad,,,,,,,,,,
2024/25,1107733,Harrison Armstrong,Premier League 2,1,2024-08-16,Everton U21,Blackburn U21,3:1,Not in squad,,,,,,,,,,
2024/25,1107733,Harrison Armstrong,Premier League 2,2,2024-08-23,Chelsea U21,Everton U21,1:1,Not in squad,,,,,,,,,,
2024/25,1107733,Harrison Armstrong,Premier League 2,3,2024-09-01,Man City U21,Everton U21,5:0,CM,,,,,,,,,90,
2024/25,1107733,Harrison Armstrong,Premier League 2,4,2024-09-22,Everton U21,Sunderland U21,4:3,Not in squad,,,,,,,,,,
2024/25,1107733,Harrison Armstrong,Premier League 2,5,2024-09-30,Everton U21,Reading U21,3:3,CM,1,,,,,89,,,89,
2024/25,1107733,Harrison Armstrong,Premier League 2,6,2024-10-04,Wolves U21,Everton U21,4:2,Not in squad,,,,,,,,,,
2024/25,1107733,Harrison Armstrong,Premier League 2,7,2024-10-26,Liverpool U21,Everton U21,0:2,Not in squad,,,,,,,,,,
2024/25,1107733,Harrison Armstrong,Premier League 2,8,2024-11-02,Everton U21,Stoke U21,4:1,Not in squad,,,,,,,,,,
2024/25,1107733,Harrison Armstrong,Premier League 2,9,2024-11-29,Everton U21,Nottingham U21,2:4,Not in squad,,,,,,,,,,
2024/25,1107733,Harrison Armstrong,Premier League 2,10,2024-12-16,Leicester U21,Everton U21,1:1,AM,,1,,,,,,,90,
2024/25,1107733,Harrison Armstrong,Premier League 2,12,2025-01-17,Everton U21,Leeds U21,1:3,Not in squad,,,,,,,,,,
2024/25,1107733,Harrison Armstrong,Premier League 2,13,2025-01-27,Newcastle U21,Everton U21,2:2,Not in squad,,,,,,,,,,
2024/25,1107733,Harrison Armstrong,Premier League Cup,Group F,2024-09-13,Everton U21,Watford U21,2:1,Not in squad,,,,,,,,,,
2024/25,1107733,Harrison Armstrong,Premier League Cup,Group F,2024-09-26,Ipswich U21,Everton U21,3:3,Not in squad,,,,,,,,,,
2024/25,1107733,Harrison Armstrong,Premier League Cup,Group F,2024-11-08,Everton U21,Cardiff U21,2:2,Not in squad,,,,,,,,,,
2024/25,1107733,Harrison Armstrong,Premier League Cup,Group F,2024-11-25,Watford U21,Everton U21,1:0,AM,,,,,,,,,90,
2024/25,1107733,Harrison Armstrong,Premier League Cup,Group F,2024-12-06,Everton U21,Ipswich U21,0:0,Not in squad,,,,,,,,,,
2024/25,1107733,Harrison Armstrong,Premier League Cup,Group F,2025-02-01,Cardiff U21,Everton U21,3:2,Not in squad,,,,,,,,,,
2024/25,1107733,Harrison Armstrong,FA Youth Cup,Third Round,2024-12-11,Everton U18,Nottingham U18,7:0,,3,,,,,,,,90,
2024/25,1107733,Harrison Armstrong,FA Youth Cup,Fourth Round,2025-01-21,Everton U18,Wolves U18,3:1,,,,,,,,,,90,
