﻿season,player_id,player_name,competition,journey,date,home_team,away_team,result,position,goals,assists,own_goals,yellow_cards,second_yellow_cards,red_cards,substitutions_on,substitutions_off,minutes_played,transfermarkt_score
2024/25,1031258,Bradley Moonan,Premier League,1,2024-08-17,Everton,Brighton,0:3,Not in squad,,,,,,,,,,
2024/25,1031258,Bradley Moonan,Premier League,2,2024-08-24,Tottenham,Everton,4:0,Not in squad,,,,,,,,,,
2024/25,1031258,Bradley Moonan,Premier League,3,2024-08-31,Everton,Bournemouth,2:3,Not in squad,,,,,,,,,,
2024/25,1031258,Bradley Moonan,Premier League,4,2024-09-14,Aston Villa,Everton,3:2,Not in squad,,,,,,,,,,
2024/25,1031258,Bradley Moonan,Premier League,5,2024-09-21,Leicester,Everton,1:1,Not in squad,,,,,,,,,,
2024/25,1031258,Bradley Moonan,Premier League,6,2024-09-28,Everton,Crystal Palace,2:1,Not in squad,,,,,,,,,,
2024/25,1031258,Bradley Moonan,Premier League,7,2024-10-05,Everton,Newcastle,0:0,Not in squad,,,,,,,,,,
2024/25,1031258,Bradley Moonan,Premier League,8,2024-10-19,Ipswich,Everton,0:2,Not in squad,,,,,,,,,,
2024/25,1031258,Bradley Moonan,Premier League,9,2024-10-26,Everton,Fulham,1:1,Not in squad,,,,,,,,,,
2024/25,1031258,Bradley Moonan,Premier League,10,2024-11-02,Southampton,Everton,1:0,Not in squad,,,,,,,,,,
2024/25,1031258,Bradley Moonan,Premier League,11,2024-11-09,West Ham,Everton,0:0,Not in squad,,,,,,,,,,
2024/25,1031258,Bradley Moonan,Premier League,12,2024-11-23,Everton,Brentford,0:0,Not in squad,,,,,,,,,,
2024/25,1031258,Bradley Moonan,Premier League,13,2024-12-01,Man Utd,Everton,4:0,Not in squad,,,,,,,,,,
2024/25,1031258,Bradley Moonan,Premier League,14,2024-12-04,Everton,Wolves,4:0,Not in squad,,,,,,,,,,
2024/25,1031258,Bradley Moonan,Premier League,16,2024-12-14,Arsenal,Everton,0:0,Not in squad,,,,,,,,,,
2024/25,1031258,Bradley Moonan,Premier League,17,2024-12-22,Everton,Chelsea,0:0,Not in squad,,,,,,,,,,
2024/25,1031258,Bradley Moonan,Premier League,18,2024-12-26,Man City,Everton,1:1,Not in squad,,,,,,,,,,
2024/25,1031258,Bradley Moonan,Premier League,19,2024-12-29,Everton,Nott'm Forest,0:2,Not in squad,,,,,,,,,,
2024/25,1031258,Bradley Moonan,Premier League,20,2025-01-04,Bournemouth,Everton,1:0,Not in squad,,,,,,,,,,
2024/25,1031258,Bradley Moonan,Premier League,21,2025-01-15,Everton,Aston Villa,0:1,Not in squad,,,,,,,,,,
2024/25,1031258,Bradley Moonan,Premier League,22,2025-01-19,Everton,Tottenham,3:2,Not in squad,,,,,,,,,,
2024/25,1031258,Bradley Moonan,Premier League,23,2025-01-25,Brighton,Everton,0:1,Not in squad,,,,,,,,,,
2024/25,1031258,Bradley Moonan,Premier League,24,2025-02-01,Everton,Leicester,4:0,Not in squad,,,,,,,,,,
2024/25,1031258,Bradley Moonan,EFL Trophy,group A1,2024-08-20,Tranmere,Everton U21,1:3,Not in squad,,,,,,,,,,
2024/25,1031258,Bradley Moonan,EFL Trophy,group A1,2024-09-17,Stockport,Everton U21,4:1,Not in squad,,,,,,,,,,
2024/25,1031258,Bradley Moonan,EFL Trophy,group A1,2024-10-29,Accrington,Everton U21,2:1,,,,,,,,84,,6,
2024/25,1031258,Bradley Moonan,FA Cup,Third Round,2025-01-09,Everton,Peterborough,2:0,Not in squad,,,,,,,,,,
2024/25,1031258,Bradley Moonan,EFL Cup,Second Round,2024-08-27,Everton,Doncaster,3:0,Not in squad,,,,,,,,,,
2024/25,1031258,Bradley Moonan,EFL Cup,Third Round,2024-09-17,Everton,Southampton,6:7 on pens,on the bench,,,,,,,,,,
2024/25,1031258,Bradley Moonan,Premier League 2,1,2024-08-16,Everton U21,Blackburn U21,3:1,Not in squad,,,,,,,,,,
2024/25,1031258,Bradley Moonan,Premier League 2,2,2024-08-23,Chelsea U21,Everton U21,1:1,Not in squad,,,,,,,,,,
2024/25,1031258,Bradley Moonan,Premier League 2,3,2024-09-01,Man City U21,Everton U21,5:0,Not in squad,,,,,,,,,,
2024/25,1031258,Bradley Moonan,Premier League 2,4,2024-09-22,Everton U21,Sunderland U21,4:3,CB,,,,,,,,,90,
2024/25,1031258,Bradley Moonan,Premier League 2,5,2024-09-30,Everton U21,Reading U21,3:3,Not in squad,,,,,,,,,,
2024/25,1031258,Bradley Moonan,Premier League 2,6,2024-10-04,Wolves U21,Everton U21,4:2,Not in squad,,,,,,,,,,
2024/25,1031258,Bradley Moonan,Premier League 2,7,2024-10-26,Liverpool U21,Everton U21,0:2,,,,,,,,90,,1,
2024/25,1031258,Bradley Moonan,Premier League 2,8,2024-11-02,Everton U21,Stoke U21,4:1,CB,1,,,,,,,,90,
2024/25,1031258,Bradley Moonan,Premier League 2,9,2024-11-29,Everton U21,Nottingham U21,2:4,CB,,,,29,,,,,90,
2024/25,1031258,Bradley Moonan,Premier League 2,10,2024-12-16,Leicester U21,Everton U21,1:1,on the bench,,,,,,,,,,
2024/25,1031258,Bradley Moonan,Premier League 2,12,2025-01-17,Everton U21,Leeds U21,1:3,,,,,,,,53,,37,
2024/25,1031258,Bradley Moonan,Premier League 2,13,2025-01-27,Newcastle U21,Everton U21,2:2,,,,,,,,89,,1,
2024/25,1031258,Bradley Moonan,Premier League Cup,Group F,2024-09-13,Everton U21,Watford U21,2:1,Not in squad,,,,,,,,,,
2024/25,1031258,Bradley Moonan,Premier League Cup,Group F,2024-09-26,Ipswich U21,Everton U21,3:3,RB,,,,,,,,62,62,
2024/25,1031258,Bradley Moonan,Premier League Cup,Group F,2024-11-08,Everton U21,Cardiff U21,2:2,CB,,,,,,,,,90,
2024/25,1031258,Bradley Moonan,Premier League Cup,Group F,2024-11-25,Watford U21,Everton U21,1:0,Not in squad,,,,,,,,,,
2024/25,1031258,Bradley Moonan,Premier League Cup,Group F,2024-12-06,Everton U21,Ipswich U21,0:0,Not in squad,,,,,,,,,,
2024/25,1031258,Bradley Moonan,Premier League Cup,Group F,2025-02-01,Cardiff U21,Everton U21,3:2,on the bench,,,,,,,,,,
