﻿season,player_id,player_name,competition,journey,date,home_team,away_team,result,position,goals,assists,own_goals,yellow_cards,second_yellow_cards,red_cards,substitutions_on,substitutions_off,minutes_played,transfermarkt_score
2022/23,1019169,Adam Harrison,U18 Premier League,24,2022-12-21,Boro U18,Newcastle U18,4:2,GK,,,,,,,,,90,
2022/23,1019169,Adam Harrison,U18 Premier League,14,2023-01-07,Man City U18,Newcastle U18,3:0,GK,,,,,,,,,90,
2022/23,1019169,Adam Harrison,U18 Premier League,17,2023-01-28,Newcastle U18,Leeds U18,6:4,on the bench,,,,,,,,,,
2022/23,1019169,Adam Harrison,U18 Premier League,18,2023-02-11,Man Utd U18,Newcastle U18,3:0,on the bench,,,,,,,,,,
2022/23,1019169,Adam Harrison,U18 Premier League,19,2023-02-18,Wolves U18,Newcastle U18,1:6,on the bench,,,,,,,,,,
2022/23,1019169,Adam Harrison,U18 Premier League,20,2023-02-25,Newcastle U18,Blackburn U18,0:1,GK,,,,,,,,,90,
2022/23,1019169,Adam Harrison,U18 Premier League,21,2023-03-04,Derby U18,Newcastle U18,4:1,Not in squad,,,,,,,,,,
2022/23,1019169,Adam Harrison,U18 Premier League,15,2023-03-25,Newcastle U18,Sunderland U18,2:7,on the bench,,,,,,,,,,
2022/23,1019169,Adam Harrison,U18 Premier League,23,2023-04-01,Newcastle U18,Nottingham U18,3:0,GK,,,,,,,,,90,
2022/23,1019169,Adam Harrison,U18 Premier League,16,2023-04-07,Stoke U18,Newcastle U18,1:1,GK,,,,,,,,,90,
2022/23,1019169,Adam Harrison,U18 Premier League,4,2023-04-11,Newcastle U18,Liverpool U18,0:4,GK,,,,,,,,,90,
2022/23,1019169,Adam Harrison,U18 Premier League,12,2023-04-15,Newcastle U18,Boro U18,0:2,GK,,,,,,,,,90,
2022/23,1019169,Adam Harrison,U18 Premier League,25,2023-04-22,Newcastle U18,Everton U18,1:1,GK,,,,,,,,,90,
2022/23,1019169,Adam Harrison,U18 Premier League,26,2023-04-29,Liverpool U18,Newcastle U18,3:1,Not in squad,,,,,,,,,,
2022/23,1019169,Adam Harrison,U18 Premier League,13,2023-05-06,Nottingham U18,Newcastle U18,1:2,GK,,,,,,,,,90,
2022/23,1019169,Adam Harrison,FA Youth Cup,Fourth Round,2023-01-17,Newcastle U18,Arsenal U18,2:3,on the bench,,,,,,,,,,
