﻿season,player_id,player_name,competition,journey,date,home_team,away_team,result,position,goals,assists,own_goals,yellow_cards,second_yellow_cards,red_cards,substitutions_on,substitutions_off,minutes_played,transfermarkt_score
2023/24,1047342,Maeson King,EFL Trophy,group B4,2023-09-19,Colchester Utd.,Tottenham U21,0:5,Not in squad,,,,,,,,,,
2023/24,1047342,Maeson King,EFL Trophy,group B4,2023-10-31,Peterborough,Tottenham U21,3:1,Not in squad,,,,,,,,,,
2023/24,1047342,Maeson King,EFL Trophy,group B4,2023-11-07,Cambridge Utd.,Tottenham U21,4:1,Not in squad,,,,,,,,,,
2023/24,1047342,Maeson King,Premier League 2 Playoffs,Round of 16,2024-05-06,Tottenham U21,Aston Villa U21,4:3 AET,LB,,,,,,,,,120,
2023/24,1047342,Maeson King,Premier League 2 Playoffs,Quarter-Finals,2024-05-12,Tottenham U21,Liverpool U21,8:7 on pens,LB,,,,70,,,,,120,
2023/24,1047342,Maeson King,Premier League 2 Playoffs,Semi-Finals,2024-05-19,Tottenham U21,Chelsea U21,2:1,,,,,,,,9,,81,
2023/24,1047342,Maeson King,Premier League 2 Playoffs,Final,2024-05-26,Tottenham U21,Sunderland U21,3:1,LB,,,,85,,,,,90,
2023/24,1047342,Maeson King,U18 Premier League,1,2023-08-12,Aston Villa U18,Spurs U18,4:0,,,,,,,,63,,27,
2023/24,1047342,Maeson King,U18 Premier League,3,2023-08-26,Arsenal U18,Spurs U18,2:4,LB,,,,,,,,,90,
2023/24,1047342,Maeson King,U18 Premier League,4,2023-09-16,Spurs U18,Brighton U18,4:2,LB,,,,,,,,,90,
2023/24,1047342,Maeson King,U18 Premier League,5,2023-09-23,Spurs U18,Reading U18,3:0,LB,,1,,,,,,,90,
2023/24,1047342,Maeson King,U18 Premier League,6,2023-09-30,West Brom U18,Spurs U18,1:2,LB,,,,,,53,,,53,
2023/24,1047342,Maeson King,U18 Premier League,7,2023-10-07,Spurs U18,Norwich U18,7:2,LB,,,,,,,,,90,
2023/24,1047342,Maeson King,U18 Premier League,8,2023-10-28,Chelsea U18,Spurs U18,3:4,LB,,,,,,,,,90,
2023/24,1047342,Maeson King,U18 Premier League,9,2023-11-04,Spurs U18,Palace U18,2:5,LB,,,,,,,,,90,
2023/24,1047342,Maeson King,U18 Premier League,10,2023-11-11,Leicester U18,Spurs U18,1:4,CB,,,,,,,,,90,
2023/24,1047342,Maeson King,U18 Premier League,11,2023-12-09,Fulham U18,Spurs U18,1:3,CB,,,,,,,,,90,
2023/24,1047342,Maeson King,U18 Premier League,12,2023-12-16,Spurs U18,West Ham U18,2:4,CB,,,,71,,,,,90,
2023/24,1047342,Maeson King,U18 Premier League,14,2024-01-12,Spurs U18,Aston Villa U18,3:2,CB,,,,,,,,,90,
2023/24,1047342,Maeson King,U18 Premier League,15,2024-01-27,Brighton U18,Spurs U18,2:2,CB,,,,,,,,,90,
2023/24,1047342,Maeson King,U18 Premier League,13,2024-02-02,Southampton U18,Spurs U18,3:6,LB,,,,,,,,74,74,
2023/24,1047342,Maeson King,U18 Premier League,16,2024-02-10,Spurs U18,Leicester U18,3:4,LB,,,,,,,,,90,
2023/24,1047342,Maeson King,U18 Premier League,17,2024-02-17,Spurs U18,Chelsea U18,1:4,CB,,,,,,,,,90,
2023/24,1047342,Maeson King,U18 Premier League,19,2024-03-09,Spurs U18,Southampton U18,2:2,LB,,,,,,,,,90,
2023/24,1047342,Maeson King,U18 Premier League,21,2024-04-06,Reading U18,Spurs U18,1:6,LB,,1,,,,,,77,77,
2023/24,1047342,Maeson King,U18 Premier League,22,2024-04-13,Spurs U18,Fulham U18,3:4,CB,,,,,,,,46,45,
2023/24,1047342,Maeson King,U18 Premier League,18,2024-04-16,Norwich U18,Spurs U18,2:0,CB,,,,,,,,,90,
2023/24,1047342,Maeson King,U18 Premier League,23,2024-04-20,Palace U18,Spurs U18,1:1,LB,,,,,,,,,90,
2023/24,1047342,Maeson King,U18 Premier League,24,2024-04-27,Spurs U18,West Brom U18,5:3,Not in squad,,,,,,,,,,
2023/24,1047342,Maeson King,U18 Premier League,25,2024-05-04,Spurs U18,Arsenal U18,3:2,Not in squad,,,,,,,,,,
2023/24,1047342,Maeson King,U18 Premier League,26,2024-05-11,West Ham U18,Spurs U18,2:3,Not in squad,,,,,,,,,,
2023/24,1047342,Maeson King,Premier League 2,1,2023-08-12,Man City U21,Tottenham U21,0:5,Not in squad,,,,,,,,,,
2023/24,1047342,Maeson King,Premier League 2,2,2023-08-19,Tottenham U21,Newcastle U21,4:1,Not in squad,,,,,,,,,,
2023/24,1047342,Maeson King,Premier League 2,3,2023-08-25,Derby U21,Tottenham U21,0:2,Not in squad,,,,,,,,,,
2023/24,1047342,Maeson King,Premier League 2,4,2023-09-02,Tottenham U21,Blackburn U21,4:0,Not in squad,,,,,,,,,,
2023/24,1047342,Maeson King,Premier League 2,5,2023-09-25,Stoke U21,Tottenham U21,0:2,Not in squad,,,,,,,,,,
2023/24,1047342,Maeson King,Premier League 2,6,2023-10-02,Tottenham U21,Chelsea U21,4:2,Not in squad,,,,,,,,,,
2023/24,1047342,Maeson King,Premier League 2,7,2023-10-27,Sunderland U21,Tottenham U21,2:4,Not in squad,,,,,,,,,,
2023/24,1047342,Maeson King,Premier League 2,8,2023-11-03,Norwich U21,Tottenham U21,3:4,Not in squad,,,,,,,,,,
2023/24,1047342,Maeson King,Premier League 2,10,2023-12-18,Tottenham U21,Leeds U21,1:0,Not in squad,,,,,,,,,,
2023/24,1047342,Maeson King,Premier League 2,11,2024-01-12,Southampton U21,Tottenham U21,2:3,Not in squad,,,,,,,,,,
2023/24,1047342,Maeson King,Premier League 2,12,2024-01-27,Tottenham U21,Aston Villa U21,5:3,Not in squad,,,,,,,,,,
2023/24,1047342,Maeson King,Premier League 2,14,2024-02-17,Tottenham U21,West Ham U21,1:1,Not in squad,,,,,,,,,,
2023/24,1047342,Maeson King,Premier League 2,15,2024-03-02,Tottenham U21,Everton U21,1:2,Not in squad,,,,,,,,,,
2023/24,1047342,Maeson King,Premier League 2,16,2024-03-08,Arsenal U21,Tottenham U21,1:1,Not in squad,,,,,,,,,,
2023/24,1047342,Maeson King,Premier League 2,17,2024-03-17,Boro U21,Tottenham U21,1:2,Not in squad,,,,,,,,,,
2023/24,1047342,Maeson King,Premier League 2,18,2024-04-06,Tottenham U21,Reading U21,2:2,Not in squad,,,,,,,,,,
2023/24,1047342,Maeson King,Premier League 2,19,2024-04-15,Tottenham U21,Wolves U21,5:1,Not in squad,,,,,,,,,,
2023/24,1047342,Maeson King,Premier League 2,9,2024-04-20,Tottenham U21,Man Utd U21,2:2,Not in squad,,,,,,,,,,
2023/24,1047342,Maeson King,Premier League 2,20,2024-04-26,Fulham U21,Tottenham U21,0:2,LB,,,,,,,,,90,
2023/24,1047342,Maeson King,Premier League 2,13,2024-04-29,Palace U21,Tottenham U21,5:0,CB,,,,,,,,46,45,
2023/24,1047342,Maeson King,Premier League Cup,Group E,2023-08-29,Tottenham U21,Sunderland U21,3:2,Information not yet available,,,,,,,,,,
2023/24,1047342,Maeson King,Premier League Cup,Group E,2023-10-09,Bristol U21,Tottenham U21,1:2,Information not yet available,,,,,,,,,,
2023/24,1047342,Maeson King,Premier League Cup,Group E,2023-11-12,Peterboro U21,Tottenham U21,0:2,Information not yet available,,,,,,,,,,
2023/24,1047342,Maeson King,Premier League Cup,Group E,2023-12-11,Sunderland U21,Tottenham U21,1:2,Information not yet available,,,,,,,,,,
2023/24,1047342,Maeson King,Premier League Cup,Group E,2024-01-30,Tottenham U21,Bristol U21,1:0,Information not yet available,,,,,,,,,,
2023/24,1047342,Maeson King,Premier League Cup,Group E,2024-02-03,Tottenham U21,Peterboro U21,0:3,Information not yet available,,,,,,,,,,
2023/24,1047342,Maeson King,Premier League Cup,Round of 16,2024-02-24,Tottenham U21,Fleetwood U21,6:0,Information not yet available,,,,,,,,,,
2023/24,1047342,Maeson King,Premier League Cup,Quarter-Finals,2024-04-02,Aston Villa U21,Tottenham U21,1:3,Information not yet available,,,,,,,,,,
2023/24,1047342,Maeson King,Premier League Cup,Semi-Finals,2024-05-02,Tottenham U21,Nottingham U21,4:3,Information not yet available,,,,,,,,,,
2023/24,1047342,Maeson King,Premier League Cup,Final,2024-05-16,Fulham U21,Tottenham U21,4:0,LB,,,,33,,,,51,51,
2023/24,1047342,Maeson King,FA Youth Cup,Third Round,2023-12-05,Brentford U18,Spurs U18,1:5,,,,,,,,,90,90,
2023/24,1047342,Maeson King,FA Youth Cup,Fourth Round,2024-01-16,Burton U18,Spurs U18,1:3,,,,,,,,,,90,
2023/24,1047342,Maeson King,FA Youth Cup,Fifth Round,2024-02-06,Spurs U18,Bournemouth U18,6:2,CB,,,,35,,,,83,83,
2023/24,1047342,Maeson King,FA Youth Cup,Quarter-Finals,2024-02-24,Man City U18,Spurs U18,2:1,CB,,,,,,,,,90,
