﻿season,player_id,player_name,competition,journey,date,home_team,away_team,result,position,goals,assists,own_goals,yellow_cards,second_yellow_cards,red_cards,substitutions_on,substitutions_off,minutes_played,transfermarkt_score
2021/22,1004327,Min-hyeok Yang,International Friendlies,7,2022-01-15,Denmark U16,South Korea U16,-:-,Information not yet available,,,,,,,,,,
2021/22,1004327,Min-hyeok Yang,International Friendlies,42,2022-06-08,Japan U16,South Korea U16,3:0,,,,,,,,,70,70,
2021/22,1004327,Min-hyeok Yang,International Friendlies,42,2022-06-10,South Korea U16,Mexico U16,6:7 on pens,,1,,,,,,,,90,
2021/22,1004327,Min-hyeok Yang,International Friendlies,42,2022-06-12,South Korea U16,Uruguay U17,1:3 on pens,,,,,,,,,73,73,
2022/23,1004327,Min-hyeok Yang,K League U18 Championship,Group C,2022-07-16,Gangwon FC U18,Seoul E. U18,3:1,on the bench,,,,,,,,,,
2022/23,1004327,Min-hyeok Yang,K League U18 Championship,Group C,2022-07-18,Gimpo FC U18,Gangwon FC U18,0:2,on the bench,,,,,,,,,,
2022/23,1004327,Min-hyeok Yang,K League U18 Championship,Group C,2022-07-20,Gangwon FC U18,Gimcheon U18,5:0,on the bench,,,,,,,,,,
2022/23,1004327,Min-hyeok Yang,K League U18 Championship,Round of 16,2022-07-22,Gangwon FC U18,FC Anyang U18,3:0,,,,,,,,,53,53,
2022/23,1004327,Min-hyeok Yang,K League U18 Championship,Quarter-Finals,2022-07-24,S.Bluewings U18,Gangwon FC U18,4:2,,,,,,,,,,80,
