﻿season,player_id,player_name,competition,journey,date,home_team,away_team,result,position,goals,assists,own_goals,yellow_cards,second_yellow_cards,red_cards,substitutions_on,substitutions_off,minutes_played,transfermarkt_score
2022/23,1043634,Leon Chiwome,International Friendlies,8,2022-08-06,Norway U16,England U17,3:0,Not in squad,,,,,,,,,,
2022/23,1043634,Leon Chiwome,International Friendlies,8,2022-08-08,Faroe U17,England U17,0:3,Not in squad,,,,,,,,,,
2022/23,1043634,Leon Chiwome,International Friendlies,6,2022-08-10,Finland U17,England U17,1:2,Not in squad,,,,,,,,,,
2022/23,1043634,Leon Chiwome,International Friendlies,21,2022-09-23,England U17,Czechia U17,3:0,Not in squad,,,,,,,,,,
2022/23,1043634,Leon Chiwome,International Friendlies,4,2022-09-25,England U17,Norway U16,1:2,Not in squad,,,,,,,,,,
2022/23,1043634,Leon Chiwome,International Friendlies,6,2023-01-11,Germany U17,England U17,3:0,,,,,,,,79,,11,
2022/23,1043634,Leon Chiwome,International Friendlies,8,2023-01-14,England U17,Germany U17,6:0,CF,3,,,,,,,50,50,
2022/23,1043634,Leon Chiwome,EFL Trophy,group A3,2022-08-30,Shrewsbury,Wolves U21,1:2,,,,,,,,85,,5,
2022/23,1043634,Leon Chiwome,EFL Trophy,group A3,2022-09-20,Stockport,Wolves U21,1:2,on the bench,,,,,,,,,,
2022/23,1043634,Leon Chiwome,EFL Trophy,group A3,2022-10-18,Port Vale,Wolves U21,2:0,SS,,,,,,,,64,64,
2022/23,1043634,Leon Chiwome,EFL Trophy,Second Round,2022-11-22,Wolves U21,Man Utd U21,1:4 on pens,Not in squad,,,,,,,,,,
2022/23,1043634,Leon Chiwome,U18 Premier League,1,2022-08-13,Blackburn U18,Wolves U18,0:1,CF,1,,,,,,,,90,
2022/23,1043634,Leon Chiwome,U18 Premier League,3,2022-08-27,Wolves U18,Stoke U18,3:1,CF,1,,,,,,,,90,
2022/23,1043634,Leon Chiwome,U18 Premier League,5,2022-09-17,Wolves U18,Everton U18,1:0,CF,,,,,,,,,90,
2022/23,1043634,Leon Chiwome,U18 Premier League,6,2022-10-01,Derby U18,Wolves U18,2:2,CF,,,,,,,,,90,
2022/23,1043634,Leon Chiwome,U18 Premier League,7,2022-10-15,Wolves U18,Boro U18,2:3,,,,,,,,46,,45,
2022/23,1043634,Leon Chiwome,U18 Premier League,9,2022-10-29,Wolves U18,Liverpool U18,1:0,Not in squad,,,,,,,,,,
2022/23,1043634,Leon Chiwome,U18 Premier League,4,2022-11-12,Leeds U18,Wolves U18,2:1,Not in squad,,,,,,,,,,
2022/23,1043634,Leon Chiwome,U18 Premier League,10,2022-11-19,Wolves U18,Nottingham U18,1:4,Not in squad,,,,,,,,,,
2022/23,1043634,Leon Chiwome,U18 Premier League,11,2022-11-26,Newcastle U18,Wolves U18,4:1,Not in squad,,,,,,,,,,
2022/23,1043634,Leon Chiwome,U18 Premier League,12,2022-12-03,Man City U18,Wolves U18,8:0,Not in squad,,,,,,,,,,
2022/23,1043634,Leon Chiwome,U18 Premier League,14,2023-01-07,Nottingham U18,Wolves U18,0:2,CF,,,,,,,,46,45,
2022/23,1043634,Leon Chiwome,U18 Premier League,15,2023-01-14,Wolves U18,Derby U18,1:1,Not in squad,,,,,,,,,,
2022/23,1043634,Leon Chiwome,U18 Premier League,17,2023-01-28,Wolves U18,Man Utd U18,3:3,Not in squad,,,,,,,,,,
2022/23,1043634,Leon Chiwome,U18 Premier League,18,2023-02-11,Stoke U18,Wolves U18,1:0,Not in squad,,,,,,,,,,
2022/23,1043634,Leon Chiwome,U18 Premier League,19,2023-02-18,Wolves U18,Newcastle U18,1:6,Not in squad,,,,,,,,,,
2022/23,1043634,Leon Chiwome,U18 Premier League,20,2023-02-25,Sunderland U18,Wolves U18,0:1,Not in squad,,,,,,,,,,
2022/23,1043634,Leon Chiwome,U18 Premier League,21,2023-03-04,Wolves U18,Blackburn U18,0:3,Not in squad,,,,,,,,,,
2022/23,1043634,Leon Chiwome,U18 Premier League,16,2023-03-07,Everton U18,Wolves U18,1:1,Not in squad,,,,,,,,,,
2022/23,1043634,Leon Chiwome,U18 Premier League,22,2023-03-18,Wolves U18,Man City U18,0:4,Not in squad,,,,,,,,,,
2022/23,1043634,Leon Chiwome,U18 Premier League,13,2023-03-21,Wolves U18,Sunderland U18,1:2,Not in squad,,,,,,,,,,
2022/23,1043634,Leon Chiwome,U18 Premier League,23,2023-04-01,Liverpool U18,Wolves U18,3:0,CF,,,,,,,,46,45,
2022/23,1043634,Leon Chiwome,U18 Premier League,25,2023-04-22,Wolves U18,Leeds U18,5:2,CF,3,,,,,,,55,55,
2022/23,1043634,Leon Chiwome,U18 Premier League,8,2023-04-25,Man Utd U18,Wolves U18,2:2,,,,,,,,63,,27,
2022/23,1043634,Leon Chiwome,U18 Premier League,26,2023-04-29,Boro U18,Wolves U18,2:1,CF,,,,,,,,,90,
2022/23,1043634,Leon Chiwome,Premier League 2,1,2022-08-08,Wolves U21,Chelsea U21,1:7,Not in squad,,,,,,,,,,
2022/23,1043634,Leon Chiwome,Premier League 2,2,2022-08-14,Blackburn U21,Wolves U21,0:1,Not in squad,,,,,,,,,,
2022/23,1043634,Leon Chiwome,Premier League 2,3,2022-08-22,Wolves U21,Brighton U21,2:0,Not in squad,,,,,,,,,,
2022/23,1043634,Leon Chiwome,Premier League 2,4,2022-08-26,Palace U21,Wolves U21,2:1,Not in squad,,,,,,,,,,
2022/23,1043634,Leon Chiwome,Premier League 2,5,2022-09-05,Wolves U21,Fulham U21,1:1,Not in squad,,,,,,,,,,
2022/23,1043634,Leon Chiwome,Premier League 2,7,2022-09-17,Arsenal U21,Wolves U21,1:1,Not in squad,,,,,,,,,,
2022/23,1043634,Leon Chiwome,Premier League 2,8,2022-10-02,Wolves U21,Man City U21,1:3,Not in squad,,,,,,,,,,
2022/23,1043634,Leon Chiwome,Premier League 2,9,2022-10-08,Liverpool U21,Wolves U21,5:0,,,,,,,,74,,16,
2022/23,1043634,Leon Chiwome,Premier League 2,10,2022-10-15,Wolves U21,Tottenham U21,4:1,GK,,,,,,,90,,1,
2022/23,1043634,Leon Chiwome,Premier League 2,11,2022-10-22,Man Utd U21,Wolves U21,3:2,Not in squad,,,,,,,,,,
2022/23,1043634,Leon Chiwome,Premier League 2,12,2022-10-31,Wolves U21,Leicester U21,3:0,Not in squad,,,,,,,,,,
2022/23,1043634,Leon Chiwome,Premier League 2,13,2022-11-07,West Ham U21,Wolves U21,3:1,Not in squad,,,,,,,,,,
2022/23,1043634,Leon Chiwome,Premier League 2,14,2023-01-08,Wolves U21,Blackburn U21,0:1,Not in squad,,,,,,,,,,
2022/23,1043634,Leon Chiwome,Premier League 2,15,2023-01-13,Chelsea U21,Wolves U21,2:0,Not in squad,,,,,,,,,,
2022/23,1043634,Leon Chiwome,Premier League 2,17,2023-01-27,Wolves U21,Liverpool U21,0:1,Not in squad,,,,,,,,,,
2022/23,1043634,Leon Chiwome,Premier League 2,18,2023-02-13,Wolves U21,Arsenal U21,2:0,Not in squad,,,,,,,,,,
2022/23,1043634,Leon Chiwome,Premier League 2,19,2023-02-20,Leicester U21,Wolves U21,0:1,Not in squad,,,,,,,,,,
2022/23,1043634,Leon Chiwome,Premier League 2,20,2023-02-24,Wolves U21,Man Utd U21,2:2,Not in squad,,,,,,,,,,
2022/23,1043634,Leon Chiwome,Premier League 2,21,2023-03-05,Brighton U21,Wolves U21,3:1,Not in squad,,,,,,,,,,
2022/23,1043634,Leon Chiwome,Premier League 2,22,2023-03-20,Wolves U21,West Ham U21,0:5,Not in squad,,,,,,,,,,
2022/23,1043634,Leon Chiwome,Premier League 2,23,2023-03-31,Everton U21,Wolves U21,3:0,Not in squad,,,,,,,,,,
2022/23,1043634,Leon Chiwome,Premier League 2,16,2023-04-07,Tottenham U21,Wolves U21,1:1,Not in squad,,,,,,,,,,
2022/23,1043634,Leon Chiwome,Premier League 2,6,2023-04-10,Wolves U21,Everton U21,5:0,Not in squad,,,,,,,,,,
2022/23,1043634,Leon Chiwome,Premier League 2,24,2023-04-17,Fulham U21,Wolves U21,2:1,Not in squad,,,,,,,,,,
2022/23,1043634,Leon Chiwome,Premier League 2,25,2023-04-24,Wolves U21,Palace U21,5:0,Not in squad,,,,,,,,,,
2022/23,1043634,Leon Chiwome,Premier League 2,26,2023-04-29,Man City U21,Wolves U21,4:3,Not in squad,,,,,,,,,,
2022/23,1043634,Leon Chiwome,2023 UEFA Under-17 Euro,Group D,2023-05-18,Croatia U17,England U17,0:1,CF,,,,,,,,61,61,
2022/23,1043634,Leon Chiwome,2023 UEFA Under-17 Euro,Group D,2023-05-21,Netherlands U17,England U17,1:4,CF,,1,,,,,,46,45,
2022/23,1043634,Leon Chiwome,2023 UEFA Under-17 Euro,Group D,2023-05-24,England U17,Switzerland U17,0:0,,,,,,,,62,,28,
2022/23,1043634,Leon Chiwome,2023 UEFA Under-17 Euro,Quarter-Finals,2023-05-27,England U17,France U17,0:1,CF,,,,,,,,43,43,
2022/23,1043634,Leon Chiwome,2023 UEFA Under-17 Euro,5th place match,2023-05-30,England U17,Switzerland U17,4:2,on the bench,,,,,,,,,,
2022/23,1043634,Leon Chiwome,Premier League International Cup U21,Group A,2022-11-19,Wolves U21,FC Porto B,0:1,Information not yet available,,,,,,,,,,
2022/23,1043634,Leon Chiwome,Premier League International Cup U21,Group A,2022-12-07,Wolves U21,Valencia B,0:2,Information not yet available,,,,,,,,,,
2022/23,1043634,Leon Chiwome,Premier League International Cup U21,Group A,2022-12-14,Wolves U21,Wolfsburg U19,0:2,Not in squad,,,,,,,,,,
2022/23,1043634,Leon Chiwome,Premier League International Cup U21,Group A,2023-01-17,Wolves U21,Celtic B,2:4,Information not yet available,,,,,,,,,,
2022/23,1043634,Leon Chiwome,UEFA European Under-17 Championship qualification,Group 3,2022-10-25,England U17,Lithuania U17,3:1,,,,,,,,78,,12,
2022/23,1043634,Leon Chiwome,UEFA European Under-17 Championship qualification,Group 3,2022-10-28,England U17,Georgia U17,6:2,on the bench,,,,,,,,,,
2022/23,1043634,Leon Chiwome,UEFA European Under-17 Championship qualification,Group 3,2022-10-31,Israel U17,England U17,1:1,on the bench,,,,,,,,,,
2022/23,1043634,Leon Chiwome,UEFA European Under-17 Championship qualification,group B3,2023-03-22,Denmark U17,England U17,1:3,Not in squad,,,,,,,,,,
2022/23,1043634,Leon Chiwome,UEFA European Under-17 Championship qualification,group B3,2023-03-25,England U17,N. Ireland U17,2:0,Not in squad,,,,,,,,,,
2022/23,1043634,Leon Chiwome,UEFA European Under-17 Championship qualification,group B3,2023-03-28,England U17,Netherlands U17,0:1,Not in squad,,,,,,,,,,
2022/23,1043634,Leon Chiwome,Premier League Cup,Group H,2022-11-11,Wolves U21,Reading U21,2:1,Information not yet available,,,,,,,,,,
2022/23,1043634,Leon Chiwome,Premier League Cup,Group H,2022-11-14,Wolves U21,Sunderland U21,1:0,Information not yet available,,,,,,,,,,
2022/23,1043634,Leon Chiwome,Premier League Cup,Group H,2022-12-03,Cardiff U21,Wolves U21,0:1,Information not yet available,,,,,,,,,,
2022/23,1043634,Leon Chiwome,Premier League Cup,Group H,2022-12-19,Reading U21,Wolves U21,3:0,Information not yet available,,,,,,,,,,
2022/23,1043634,Leon Chiwome,Premier League Cup,Group H,2023-01-05,Sunderland U21,Wolves U21,1:4,Information not yet available,,,,,,,,,,
2022/23,1043634,Leon Chiwome,Premier League Cup,Group H,2023-01-20,Wolves U21,Cardiff U21,1:0,Information not yet available,,,,,,,,,,
2022/23,1043634,Leon Chiwome,Premier League Cup,Round of 16,2023-02-06,Wolves U21,Stoke U21,2:3,Information not yet available,,,,,,,,,,
2022/23,1043634,Leon Chiwome,FA Youth Cup,Third Round,2022-12-21,Wolves U18,Leicester U18,1:3 AET,Not in squad,,,,,,,,,,
