﻿season,player_id,player_name,competition,journey,date,home_team,away_team,result,position,goals,assists,own_goals,yellow_cards,second_yellow_cards,red_cards,substitutions_on,substitutions_off,minutes_played,transfermarkt_score
2024/25,111051,Nampalys Mendy,International Friendlies,52,2025-06-06,Ireland,Senegal,1:1,Not in squad,,,,,,,,,,
2024/25,111051,Nampalys Mendy,International Friendlies,8,2025-06-10,England,Senegal,1:3,Not in squad,,,,,,,,,,
2024/25,111051,Nampalys Mendy,Africa Cup of Nations qualification,group L,2024-09-06,Senegal,Burkina Faso,1:1,CM,,,,,,,82,,8,
2024/25,111051,Nampalys Mendy,Africa Cup of Nations qualification,group L,2024-09-09,Burundi,Senegal,0:1,on the bench,,,,,,,,,,
2024/25,111051,Nampalys Mendy,Africa Cup of Nations qualification,group L,2024-10-11,Senegal,Malawi,4:0,DM,,,,,,,81,,9,
2024/25,111051,Nampalys Mendy,Africa Cup of Nations qualification,group L,2024-10-15,Malawi,Senegal,0:1,on the bench,,,,,,,,,,
2024/25,111051,Nampalys Mendy,Africa Cup of Nations qualification,group L,2024-11-14,Burkina Faso,Senegal,0:1,Not in squad,,,,,,,,,,
2024/25,111051,Nampalys Mendy,Africa Cup of Nations qualification,group L,2024-11-19,Senegal,Burundi,2:0,Not in squad,,,,,,,,,,
2024/25,111051,Nampalys Mendy,UEFA Conference League Qualifiers,Qualifying Round 1st leg,2024-08-22,Lens,Panathinaikos,2:1,,,,,,,,90,,1,
2024/25,111051,Nampalys Mendy,UEFA Conference League Qualifiers,Qualifying Round 2nd leg,2024-08-29,Panathinaikos,Lens,2:0,on the bench,,,,,,,,,,
2024/25,111051,Nampalys Mendy,Ligue 1,1,2024-08-18,Angers SCO,Lens,0:1,DM,,,,,,,,72,72,
2024/25,111051,Nampalys Mendy,Ligue 1,2,2024-08-25,Lens,Stade Brestois,2:0,Not in squad,,,,,,,,,,
2024/25,111051,Nampalys Mendy,Ligue 1,3,2024-09-01,Monaco,Lens,1:1,on the bench,,,,,,,,,,
2024/25,111051,Nampalys Mendy,Ligue 1,4,2024-09-15,Lens,Lyon,0:0,Not in squad,,,,,,,,,,
2024/25,111051,Nampalys Mendy,Ligue 1,5,2024-09-21,Stade Rennais,Lens,1:1,Not in squad,,,,,,,,,,
2024/25,111051,Nampalys Mendy,Ligue 1,6,2024-09-28,Lens,Nice,0:0,,,,,,,,89,,1,
2024/25,111051,Nampalys Mendy,Ligue 1,7,2024-10-06,R. Strasbourg,Lens,2:2,,,,,,,,72,,18,
2024/25,111051,Nampalys Mendy,Ligue 1,8,2024-10-19,Saint-Étienne,Lens,0:2,,,,,,,,73,,17,
2024/25,111051,Nampalys Mendy,Ligue 1,9,2024-10-26,Lens,Lille,0:2,Not in squad,,,,,,,,,,
2024/25,111051,Nampalys Mendy,Ligue 1,10,2024-11-02,PSG,Lens,1:0,on the bench,,,,,,,,,,
2024/25,111051,Nampalys Mendy,Ligue 1,11,2024-11-09,Lens,FC Nantes,3:2,on the bench,,,,,,,,,,
2024/25,111051,Nampalys Mendy,Ligue 1,12,2024-11-23,Lens,Marseille,1:3,on the bench,,,,,,,,,,
2024/25,111051,Nampalys Mendy,Ligue 1,13,2024-11-29,Stade Reims,Lens,0:2,Not in squad,,,,,,,,,,
2024/25,111051,Nampalys Mendy,Ligue 1,14,2024-12-08,Lens,Montpellier,2:0,Not in squad,,,,,,,,,,
2024/25,111051,Nampalys Mendy,Ligue 1,15,2024-12-14,AJ Auxerre,Lens,2:2,Not in squad,,,,,,,,,,
2024/25,111051,Nampalys Mendy,Ligue 1,16,2025-01-05,Lens,Toulouse,0:1,on the bench,,,,,,,,,,
2024/25,111051,Nampalys Mendy,Ligue 1,17,2025-01-12,Le Havre AC,Lens,1:2,on the bench,,,,,,,,,,
2024/25,111051,Nampalys Mendy,Ligue 1,18,2025-01-18,Lens,PSG,1:2,on the bench,,,,,,,,,,
2024/25,111051,Nampalys Mendy,Ligue 1,19,2025-01-26,Lens,Angers SCO,1:0,on the bench,,,,,,,,,,
2024/25,111051,Nampalys Mendy,Ligue 1,20,2025-01-31,Montpellier,Lens,0:2,Not in squad,,,,,,,,,,
2024/25,111051,Nampalys Mendy,Ligue 1,21,2025-02-08,Nice,Lens,2:0,Not in squad,,,,,,,,,,
2024/25,111051,Nampalys Mendy,Ligue 1,22,2025-02-16,Lens,R. Strasbourg,0:2,on the bench,,,,,,,,,,
2024/25,111051,Nampalys Mendy,Ligue 1,23,2025-02-23,FC Nantes,Lens,3:1,on the bench,,,,,,,,,,
2024/25,111051,Nampalys Mendy,Ligue 1,24,2025-03-01,Lens,Le Havre AC,3:4,on the bench,,,,,,,,,,
2024/25,111051,Nampalys Mendy,Ligue 1,25,2025-03-08,Marseille,Lens,0:1,DM,,,,,,,,83,83,
2024/25,111051,Nampalys Mendy,Ligue 1,26,2025-03-15,Lens,Stade Rennais,1:0,CM,,,,,,,,66,66,
2024/25,111051,Nampalys Mendy,Ligue 1,27,2025-03-30,Lille,Lens,1:0,CM,,,,,,,,63,63,
2024/25,111051,Nampalys Mendy,Ligue 1,28,2025-04-06,Lens,Saint-Étienne,1:0,on the bench,,,,,,,,,,
2024/25,111051,Nampalys Mendy,Ligue 1,29,2025-04-11,Lens,Stade Reims,0:2,on the bench,,,,,,,,,,
2024/25,111051,Nampalys Mendy,Ligue 1,30,2025-04-20,Stade Brestois,Lens,1:3,on the bench,,,,,,,,,,
2024/25,111051,Nampalys Mendy,Ligue 1,31,2025-04-27,Lens,AJ Auxerre,0:4,on the bench,,,,,,,,,,
2024/25,111051,Nampalys Mendy,Ligue 1,32,2025-05-04,Lyon,Lens,1:2,DM,,,,54,,,,90,90,
2024/25,111051,Nampalys Mendy,Ligue 1,33,2025-05-10,Toulouse,Lens,1:1,DM,,,,60,,,,,90,
2024/25,111051,Nampalys Mendy,Ligue 1,34,2025-05-17,Lens,Monaco,4:0,DM,,1,,,,,,,90,
2024/25,111051,Nampalys Mendy,Coupe de France,Fifth Round,2024-12-22,Lens,PSG,4:5 on pens,Not in squad,,,,,,,,,,
2025/26,111051,Nampalys Mendy,African Nations Championship,Group D,2025-08-05,Senegal,Nigeria,1:0,Not in squad,,,,,,,,,,
2025/26,111051,Nampalys Mendy,African Nations Championship,Group D,2025-08-12,Senegal,Congo,1:1,Not in squad,,,,,,,,,,
2025/26,111051,Nampalys Mendy,African Nations Championship,Group D,2025-08-19,Sudan,Senegal,0:0,Not in squad,,,,,,,,,,
2025/26,111051,Nampalys Mendy,African Nations Championship,Quarter-Finals,2025-08-23,Uganda,Senegal,0:1,Not in squad,,,,,,,,,,
2025/26,111051,Nampalys Mendy,African Nations Championship,Semi-Finals,2025-08-26,Morocco,Senegal,5:3 on pens,Not in squad,,,,,,,,,,
