﻿season,player_id,player_name,competition,journey,date,home_team,away_team,result,position,goals,assists,own_goals,yellow_cards,second_yellow_cards,red_cards,substitutions_on,substitutions_off,minutes_played,transfermarkt_score
2010/11,108725,Chris Wood,International Friendlies,1,2010-10-09,New Zealand,Honduras,1:1,,1,,,,,,,,90,
2010/11,108725,Chris Wood,International Friendlies,2,2010-10-12,New Zealand,Paraguay,0:2,,,,,,,,,,90,
2010/11,108725,Chris Wood,International Friendlies,3,2011-03-25,China,New Zealand,1:1,CF,,,,,,,,46,45,
2010/11,108725,Chris Wood,International Friendlies,8,2011-06-02,Mexico,New Zealand,3:0,,,,,,,,,66,66,
2010/11,108725,Chris Wood,International Friendlies,5,2011-06-05,Australia,New Zealand,3:0,,,,,,,,,63,63,
2010/11,108725,Chris Wood,Premier League,1,2010-08-14,Chelsea,West Brom,6:0,Not in squad,,,,,,,,,,
2010/11,108725,Chris Wood,Premier League,2,2010-08-21,West Brom,Sunderland,1:0,Not in squad,,,,,,,,,,
2010/11,108725,Chris Wood,Premier League,3,2010-08-29,Liverpool,West Brom,1:0,,,,,,,,82,,8,
2010/11,108725,Chris Wood,Premier League,4,2010-09-11,West Brom,Tottenham,1:1,Not in squad,,,,,,,,,,
2010/11,108725,Chris Wood,Premier League,5,2010-09-18,West Brom,Birmingham,3:1,Not in squad,,,,,,,,,,
2010/11,108725,Chris Wood,Championship,8,2010-09-25,Reading,Barnsley,3:0,,,,,,,,,,90,
2010/11,108725,Chris Wood,Championship,9,2010-09-28,Scunthorpe Utd.,Barnsley,0:0,,,,,,,,77,,13,
2010/11,108725,Chris Wood,Championship,10,2010-10-02,Barnsley,Cardiff,1:2,,,,,,,,,58,58,
2010/11,108725,Chris Wood,Championship,11,2010-10-16,Barnsley,Nott'm Forest,3:1,,,,,,,,80,,10,
2010/11,108725,Chris Wood,Championship,12,2010-10-19,Burnley,Barnsley,3:0,,,,,,,,74,,16,
2010/11,108725,Chris Wood,Championship,13,2010-10-23,Coventry,Barnsley,3:0,,,,,,,,,57,57,
2010/11,108725,Chris Wood,Championship,14,2010-10-30,Barnsley,Hull City,1:1,on the bench,,,,,,,,,,
2010/11,108725,Chris Wood,Championship,15,2010-11-06,Barnsley,Leicester,0:2,,,,,,,,,30,30,
2010/11,108725,Chris Wood,Championship,16,2010-11-09,Preston,Barnsley,1:2,on the bench,,,,,,,,,,
2010/11,108725,Chris Wood,Championship,17,2010-11-13,Ipswich,Barnsley,1:3,on the bench,,,,,,,,,,
2010/11,108725,Chris Wood,Premier Reserve League,1,2010-08-30,Blackburn Res.,West Brom Res.,3:3,CF,2,,,,,,,,90,
2010/11,108725,Chris Wood,Premier Reserve League,2,2010-09-07,West Brom Res.,Bolton U21,4:0,CF,2,,,,,,,,90,
2010/11,108725,Chris Wood,Premier Reserve League,3,2010-09-15,Blackpool U21,West Brom Res.,1:1,CF,,,,,,,,80,80,
2010/11,108725,Chris Wood,League One,17,2010-11-20,Brighton,Bristol Rovers,2:2,,1,,,,,,,,90,
2010/11,108725,Chris Wood,League One,18,2010-11-23,Southampton,Brighton,0:0,,,,,,,,,,90,
2010/11,108725,Chris Wood,League One,20,2010-12-11,Huddersfield,Brighton,2:1,,,,,,,,,67,67,
2010/11,108725,Chris Wood,League One,23,2010-12-29,Brighton,Charlton,1:1,,,,,,,,,86,86,
2010/11,108725,Chris Wood,League One,24,2011-01-01,Brighton,Leyton Orient,5:0,,,2,,,,,,55,55,
2010/11,108725,Chris Wood,League One,25,2011-01-03,Exeter City,Brighton,1:2,,,,,,,,46,,45,
2010/11,108725,Chris Wood,League One,27,2011-01-15,Brighton,Peterborough,3:1,,2,,,69,,,,,90,
2010/11,108725,Chris Wood,League One,28,2011-01-22,Bournemouth,Brighton,1:0,,,,,,,,,,90,
2010/11,108725,Chris Wood,League One,19,2011-01-25,Brighton,Colchester Utd.,2:0,,,,,,,,,70,70,
2010/11,108725,Chris Wood,League One,30,2011-02-01,Leyton Orient,Brighton,0:0,,,,,,,,58,,32,
2010/11,108725,Chris Wood,League One,31,2011-02-05,Bristol Rovers,Brighton,2:4,,,1,,,,,,70,70,
2010/11,108725,Chris Wood,League One,32,2011-02-12,Brighton,Hartlepool,4:1,,1,,,,,,,24,24,
2010/11,108725,Chris Wood,League One,33,2011-02-22,Brighton,Plymouth,4:0,,1,1,,,,,,60,60,
2010/11,108725,Chris Wood,League One,34,2011-02-26,MK Dons,Brighton,1:0,,,,,,,,,,90,
2010/11,108725,Chris Wood,League One,26,2011-03-01,Yeovil Town,Brighton,0:1,,,,,,,,,83,83,
2010/11,108725,Chris Wood,League One,35,2011-03-05,Brighton,Carlisle United,4:3,,,,,,,,57,,33,
2010/11,108725,Chris Wood,League One,36,2011-03-08,Brentford,Brighton,0:1,,,,,,,,70,,20,
2010/11,108725,Chris Wood,League One,37,2011-03-12,Brighton,Tranmere,2:0,,1,,,,,,,77,77,
2010/11,108725,Chris Wood,League One,38,2011-03-19,Oldham Athletic,Brighton,0:1,,,,,,,,,54,54,
2010/11,108725,Chris Wood,League One,21,2011-03-22,Brighton,Notts County,1:0,,,,,,,,,79,79,
2010/11,108725,Chris Wood,League One,39,2011-03-26,Brighton,Swindon Town,2:1,Not in squad,,,,,,,,,,
2010/11,108725,Chris Wood,League One,22,2011-03-29,Dag & Red FC,Brighton,0:1,,,,,,,,84,,6,
2010/11,108725,Chris Wood,League One,40,2011-04-02,Rochdale,Brighton,2:2,,1,,,,,,,82,82,
2010/11,108725,Chris Wood,League One,41,2011-04-09,Brighton,Sheff Wed,2:0,,1,,,,,,,63,63,
2010/11,108725,Chris Wood,League One,29,2011-04-12,Brighton,Dag & Red FC,4:3,,,,,,,,,58,58,
2010/11,108725,Chris Wood,League One,42,2011-04-16,Walsall,Brighton,1:3,,,,,,,,76,,14,
2010/11,108725,Chris Wood,League One,43,2011-04-23,Brighton,Southampton,1:2,,,,,,,,50,,40,
2010/11,108725,Chris Wood,League One,44,2011-04-25,Colchester Utd.,Brighton,1:1,,,,,,,,,,90,
2010/11,108725,Chris Wood,League One,45,2011-04-30,Brighton,Huddersfield,2:3,,,,,,,,,65,65,
2010/11,108725,Chris Wood,League One,46,2011-05-07,Notts County,Brighton,1:1,,,,,,,,,,90,
2010/11,108725,Chris Wood,FA Cup,Second Round,2010-11-27,Brighton,FC United,1:1,Not in squad,,,,,,,,,,
2010/11,108725,Chris Wood,FA Cup,Second Round Replay,2010-12-08,FC United,Brighton,0:4,Not in squad,,,,,,,,,,
2010/11,108725,Chris Wood,FA Cup,Third Round,2011-01-08,Brighton,Portsmouth,3:1,,1,,,,,,,68,68,
2010/11,108725,Chris Wood,FA Cup,Fourth Round,2011-01-29,Watford,Brighton,0:1,,,,,,,,,,90,
2010/11,108725,Chris Wood,FA Cup,Fifth Round,2011-02-19,Stoke City,Brighton,3:0,Not in squad,,,,,,,,,,
2010/11,108725,Chris Wood,League Cup,Second Round,2010-08-24,Leyton Orient,West Brom,0:2,,1,,,,,,60,,30,
2010/11,108725,Chris Wood,League Cup,Third Round,2010-09-22,West Brom,Man City,2:1,Not in squad,,,,,,,,,,
