﻿season,player_id,player_name,competition,journey,date,home_team,away_team,result,position,goals,assists,own_goals,yellow_cards,second_yellow_cards,red_cards,substitutions_on,substitutions_off,minutes_played,transfermarkt_score
2023/24,1072898,Jili Buyabu,Premier League,1,2023-08-12,Sheff Utd,Crystal Palace,0:1,Not in squad,,,,,,,,,,
2023/24,1072898,Jili Buyabu,Premier League,2,2023-08-18,Nott'm Forest,Sheff Utd,2:1,Not in squad,,,,,,,,,,
2023/24,1072898,Jili Buyabu,Premier League,3,2023-08-27,Sheff Utd,Man City,1:2,Not in squad,,,,,,,,,,
2023/24,1072898,Jili Buyabu,Premier League,4,2023-09-02,Sheff Utd,Everton,2:2,Not in squad,,,,,,,,,,
2023/24,1072898,Jili Buyabu,Premier League,5,2023-09-16,Tottenham,Sheff Utd,2:1,Not in squad,,,,,,,,,,
2023/24,1072898,Jili Buyabu,Premier League,6,2023-09-24,Sheff Utd,Newcastle,0:8,Not in squad,,,,,,,,,,
2023/24,1072898,Jili Buyabu,Premier League,7,2023-09-30,West Ham,Sheff Utd,2:0,Not in squad,,,,,,,,,,
2023/24,1072898,Jili Buyabu,Premier League,8,2023-10-07,Fulham,Sheff Utd,3:1,Not in squad,,,,,,,,,,
2023/24,1072898,Jili Buyabu,Premier League,9,2023-10-21,Sheff Utd,Man Utd,1:2,on the bench,,,,,,,,,,
2023/24,1072898,Jili Buyabu,Premier League,10,2023-10-28,Arsenal,Sheff Utd,5:0,Not in squad,,,,,,,,,,
2023/24,1072898,Jili Buyabu,Premier League,11,2023-11-04,Sheff Utd,Wolves,2:1,Not in squad,,,,,,,,,,
2023/24,1072898,Jili Buyabu,Premier League,12,2023-11-12,Brighton,Sheff Utd,1:1,Not in squad,,,,,,,,,,
2023/24,1072898,Jili Buyabu,Premier League,13,2023-11-25,Sheff Utd,Bournemouth,1:3,Not in squad,,,,,,,,,,
2023/24,1072898,Jili Buyabu,Premier League,14,2023-12-02,Burnley,Sheff Utd,5:0,Not in squad,,,,,,,,,,
2023/24,1072898,Jili Buyabu,Premier League,15,2023-12-06,Sheff Utd,Liverpool,0:2,Not in squad,,,,,,,,,,
2023/24,1072898,Jili Buyabu,Premier League,16,2023-12-09,Sheff Utd,Brentford,1:0,Not in squad,,,,,,,,,,
2023/24,1072898,Jili Buyabu,Premier League,17,2023-12-16,Chelsea,Sheff Utd,2:0,Not in squad,,,,,,,,,,
2023/24,1072898,Jili Buyabu,Premier League,18,2023-12-22,Aston Villa,Sheff Utd,1:1,Not in squad,,,,,,,,,,
2023/24,1072898,Jili Buyabu,Premier League,19,2023-12-26,Sheff Utd,Luton,2:3,Not in squad,,,,,,,,,,
2023/24,1072898,Jili Buyabu,Premier League,20,2023-12-30,Man City,Sheff Utd,2:0,Not in squad,,,,,,,,,,
2023/24,1072898,Jili Buyabu,Premier League,21,2024-01-21,Sheff Utd,West Ham,2:2,on the bench,,,,,,,,,,
2023/24,1072898,Jili Buyabu,Premier League,22,2024-01-30,Crystal Palace,Sheff Utd,3:2,Not in squad,,,,,,,,,,
2023/24,1072898,Jili Buyabu,Scottish Premiership,24,2024-02-03,Motherwell FC,Kilmarnock FC,1:1,on the bench,,,,,,,,,,
2023/24,1072898,Jili Buyabu,Scottish Premiership,25,2024-02-06,Motherwell FC,Ross County,5:0,on the bench,,,,,,,,,,
2023/24,1072898,Jili Buyabu,Scottish Premiership,20,2024-02-14,Aberdeen FC,Motherwell FC,3:3,on the bench,,,,,,,,,,
2023/24,1072898,Jili Buyabu,Scottish Premiership,26,2024-02-17,Heart of Midl.,Motherwell FC,2:0,on the bench,,,,,,,,,,
2023/24,1072898,Jili Buyabu,Scottish FA Cup,Fifth Round,2024-02-09,Morton,Motherwell FC,2:1,,,,,,,,57,,33,
2023/24,1072898,Jili Buyabu,FA Cup,Third Round,2024-01-06,Gillingham,Sheff Utd,0:4,on the bench,,,,,,,,,,
2023/24,1072898,Jili Buyabu,FA Cup,Fourth Round,2024-01-27,Sheff Utd,Brighton,2:5,Not in squad,,,,,,,,,,
2023/24,1072898,Jili Buyabu,EFL Cup,Second Round,2023-08-30,Sheff Utd,Lincoln City,2:3 on pens,,,,,,,,63,,27,
2023/24,1072898,Jili Buyabu,Premier League Cup,Round of 16,2024-02-27,Sheff Utd U21,Swansea U21,5:1,Information not yet available,,,,,,,,,,
2023/24,1072898,Jili Buyabu,Premier League Cup,Quarter-Finals,2024-04-09,Sheff Utd U21,Nottingham U21,2:3,Information not yet available,,,,,,,,,,
