﻿season,player_id,player_name,competition,journey,date,home_team,away_team,result,position,goals,assists,own_goals,yellow_cards,second_yellow_cards,red_cards,substitutions_on,substitutions_off,minutes_played,transfermarkt_score
2022/23,1004709,Sam Proctor,International Friendlies,8,2022-08-06,Norway U16,England U17,3:0,GK,,,,,,,,,90,
2022/23,1004709,Sam Proctor,International Friendlies,8,2022-08-08,Faroe U17,England U17,0:3,on the bench,,,,,,,,,,
2022/23,1004709,Sam Proctor,International Friendlies,6,2022-08-10,Finland U17,England U17,1:2,on the bench,,,,,,,,,,
2022/23,1004709,Sam Proctor,International Friendlies,21,2022-09-23,England U17,Czechia U17,3:0,Not in squad,,,,,,,,,,
2022/23,1004709,Sam Proctor,International Friendlies,4,2022-09-25,England U17,Norway U16,1:2,Not in squad,,,,,,,,,,
2022/23,1004709,Sam Proctor,International Friendlies,6,2023-01-11,Germany U17,England U17,3:0,Not in squad,,,,,,,,,,
2022/23,1004709,Sam Proctor,International Friendlies,8,2023-01-14,England U17,Germany U17,6:0,Not in squad,,,,,,,,,,
2022/23,1004709,Sam Proctor,U18 Premier League,1,2022-08-13,Southampton U18,Aston Villa U18,3:3,Not in squad,,,,,,,,,,
2022/23,1004709,Sam Proctor,U18 Premier League,2,2022-08-20,Aston Villa U18,Palace U18,0:4,Not in squad,,,,,,,,,,
2022/23,1004709,Sam Proctor,U18 Premier League,3,2022-08-27,Brighton U18,Aston Villa U18,2:5,Not in squad,,,,,,,,,,
2022/23,1004709,Sam Proctor,U18 Premier League,4,2022-09-17,West Ham U18,Aston Villa U18,6:3,Not in squad,,,,,,,,,,
2022/23,1004709,Sam Proctor,U18 Premier League,5,2022-10-01,Aston Villa U18,Spurs U18,2:4,Not in squad,,,,,,,,,,
2022/23,1004709,Sam Proctor,U18 Premier League,6,2022-10-22,West Brom U18,Aston Villa U18,3:3,Not in squad,,,,,,,,,,
2022/23,1004709,Sam Proctor,U18 Premier League,7,2022-10-29,Aston Villa U18,Arsenal U18,3:1,GK,,,,,,,,,90,
2022/23,1004709,Sam Proctor,U18 Premier League,8,2022-11-19,Fulham U18,Aston Villa U18,4:0,Not in squad,,,,,,,,,,
2022/23,1004709,Sam Proctor,U18 Premier League,9,2022-11-26,Norwich U18,Aston Villa U18,2:2,Not in squad,,,,,,,,,,
2022/23,1004709,Sam Proctor,U18 Premier League,10,2022-12-03,Aston Villa U18,Chelsea U18,1:3,Not in squad,,,,,,,,,,
2022/23,1004709,Sam Proctor,U18 Premier League,12,2023-01-07,Spurs U18,Aston Villa U18,3:0,Not in squad,,,,,,,,,,
2022/23,1004709,Sam Proctor,U18 Premier League,13,2023-01-13,Aston Villa U18,West Ham U18,2:5,Not in squad,,,,,,,,,,
2022/23,1004709,Sam Proctor,U18 Premier League,14,2023-01-28,Palace U18,Aston Villa U18,2:1,Not in squad,,,,,,,,,,
2022/23,1004709,Sam Proctor,U18 Premier League,15,2023-02-11,Aston Villa U18,Southampton U18,2:4,on the bench,,,,,,,,,,
2022/23,1004709,Sam Proctor,U18 Premier League,16,2023-02-18,Aston Villa U18,Fulham U18,1:6,Not in squad,,,,,,,,,,
2022/23,1004709,Sam Proctor,U18 Premier League,17,2023-02-25,Leicester U18,Aston Villa U18,1:3,Not in squad,,,,,,,,,,
2022/23,1004709,Sam Proctor,U18 Premier League,18,2023-03-18,Aston Villa U18,Brighton U18,2:0,Not in squad,,,,,,,,,,
2022/23,1004709,Sam Proctor,U18 Premier League,19,2023-04-01,Chelsea U18,Aston Villa U18,4:1,on the bench,,,,,,,,,,
2022/23,1004709,Sam Proctor,U18 Premier League,20,2023-04-15,Aston Villa U18,West Brom U18,1:0,Not in squad,,,,,,,,,,
2022/23,1004709,Sam Proctor,U18 Premier League,21,2023-04-22,Aston Villa U18,Norwich U18,3:2,Not in squad,,,,,,,,,,
2022/23,1004709,Sam Proctor,U18 Premier League,11,2023-04-25,Aston Villa U18,Leicester U18,4:2,Not in squad,,,,,,,,,,
2022/23,1004709,Sam Proctor,U18 Premier League,22,2023-04-29,Arsenal U18,Aston Villa U18,2:1,Not in squad,,,,,,,,,,
2022/23,1004709,Sam Proctor,2023 UEFA Under-17 Euro,Group D,2023-05-18,Croatia U17,England U17,0:1,Not in squad,,,,,,,,,,
2022/23,1004709,Sam Proctor,2023 UEFA Under-17 Euro,Group D,2023-05-21,Netherlands U17,England U17,1:4,Not in squad,,,,,,,,,,
2022/23,1004709,Sam Proctor,2023 UEFA Under-17 Euro,Group D,2023-05-24,England U17,Switzerland U17,0:0,Not in squad,,,,,,,,,,
2022/23,1004709,Sam Proctor,2023 UEFA Under-17 Euro,Quarter-Finals,2023-05-27,England U17,France U17,0:1,Not in squad,,,,,,,,,,
2022/23,1004709,Sam Proctor,2023 UEFA Under-17 Euro,5th place match,2023-05-30,England U17,Switzerland U17,4:2,Not in squad,,,,,,,,,,
2022/23,1004709,Sam Proctor,UEFA European Under-17 Championship qualification,Group 3,2022-10-25,England U17,Lithuania U17,3:1,Not in squad,,,,,,,,,,
2022/23,1004709,Sam Proctor,UEFA European Under-17 Championship qualification,Group 3,2022-10-28,England U17,Georgia U17,6:2,Not in squad,,,,,,,,,,
2022/23,1004709,Sam Proctor,UEFA European Under-17 Championship qualification,Group 3,2022-10-31,Israel U17,England U17,1:1,Not in squad,,,,,,,,,,
2022/23,1004709,Sam Proctor,UEFA European Under-17 Championship qualification,group B3,2023-03-22,Denmark U17,England U17,1:3,Not in squad,,,,,,,,,,
2022/23,1004709,Sam Proctor,UEFA European Under-17 Championship qualification,group B3,2023-03-25,England U17,N. Ireland U17,2:0,Not in squad,,,,,,,,,,
2022/23,1004709,Sam Proctor,UEFA European Under-17 Championship qualification,group B3,2023-03-28,England U17,Netherlands U17,0:1,Not in squad,,,,,,,,,,
2022/23,1004709,Sam Proctor,FA Youth Cup,Third Round,2022-12-09,Aston Villa U18,Brentford U18,5:0,Not in squad,,,,,,,,,,
2022/23,1004709,Sam Proctor,FA Youth Cup,Fourth Round,2023-01-17,Aston Villa U18,Southampton U18,1:4,Not in squad,,,,,,,,,,
