﻿season,player_id,player_name,competition,journey,date,home_team,away_team,result,position,goals,assists,own_goals,yellow_cards,second_yellow_cards,red_cards,substitutions_on,substitutions_off,minutes_played,transfermarkt_score
2022/23,1108667,Dovydas Sasnauskas,International Friendlies,18,2023-02-12,Malta U16,Lithuania U16,1:0,,,,,,,,,,90,
2022/23,1108667,Dovydas Sasnauskas,International Friendlies,13,2023-02-14,Malta U16,Lithuania U16,0:1,,,,,,,,,,90,
2022/23,1108667,Dovydas Sasnauskas,International Friendlies,17,2023-03-21,Lithuania U16,Liechtenst. U17,4:0,DM,,,,,,,,58,58,
2022/23,1108667,Dovydas Sasnauskas,International Friendlies,13,2023-03-23,Lithuania U16,Andorra U16,3:1,CM,,,,,,,,,90,
2022/23,1108667,Dovydas Sasnauskas,International Friendlies,21,2023-03-26,Bosnia U16,Lithuania U16,0:2,DM,,,,,,,,,90,
2021/22,1108667,Dovydas Sasnauskas,International Friendlies,,,,,,,,,,,,,,,,
2022/23,1108667,Dovydas Sasnauskas,International Friendlies,51,2023-06-28,Lithuania U17,Estonia U17,2:4,DM,,,,,,,,,90,
2022/23,1108667,Dovydas Sasnauskas,International Friendlies,52,2023-06-30,Lithuania U17,Finland U16,1:3,DM,,,,,,,,,90,
