﻿season,player_id,player_name,competition,journey,date,home_team,away_team,result,position,goals,assists,own_goals,yellow_cards,second_yellow_cards,red_cards,substitutions_on,substitutions_off,minutes_played,transfermarkt_score
2016/17,102017,Jorginho,UEFA Champions League,Group B,2016-09-13,Dynamo Kyiv,Napoli,1:2,DM,,,,,,,,,90,
2016/17,102017,Jorginho,UEFA Champions League,Group B,2016-09-28,Napoli,Benfica,4:2,DM,,,,,,,,,90,
2016/17,102017,Jorginho,UEFA Champions League,Group B,2016-10-19,Napoli,Besiktas,2:3,DM,,,,,,,,70,70,
2016/17,102017,Jorginho,UEFA Champions League,Group B,2016-11-01,Besiktas,Napoli,1:1,DM,,,,57,,,,79,79,
2016/17,102017,Jorginho,UEFA Champions League,Group B,2016-11-23,Napoli,Dynamo Kyiv,0:0,on the bench,,,,,,,,,,
2016/17,102017,Jorginho,UEFA Champions League,Group B,2016-12-06,Benfica,Napoli,1:2,on the bench,,,,,,,,,,
2016/17,102017,Jorginho,UEFA Champions League,last 16 1st leg,2017-02-15,Real Madrid,Napoli,3:1,on the bench,,,,,,,,,,
2016/17,102017,Jorginho,UEFA Champions League,last 16 2nd leg,2017-03-07,Napoli,Real Madrid,1:3,on the bench,,,,,,,,,,
2016/17,102017,Jorginho,Serie A,1,2016-08-21,Pescara,Napoli,2:2,Yellow card suspension,,,,,,,,,,
2016/17,102017,Jorginho,Serie A,2,2016-08-27,Napoli,AC Milan,4:2,DM,,,,85,,,,,90,
2016/17,102017,Jorginho,Serie A,3,2016-09-10,US Palermo,Napoli,0:3,DM,,,,,,,,,90,
2016/17,102017,Jorginho,Serie A,4,2016-09-17,Napoli,Bologna,3:1,DM,,,,,,,,74,74,
2016/17,102017,Jorginho,Serie A,5,2016-09-21,Genoa,Napoli,0:0,DM,,,,79,,,,,90,
2016/17,102017,Jorginho,Serie A,6,2016-09-24,Napoli,Chievo Verona,2:0,DM,,,,,,,,68,68,
2016/17,102017,Jorginho,Serie A,7,2016-10-02,Atalanta,Napoli,1:0,DM,,,,,,,,72,72,
2016/17,102017,Jorginho,Serie A,8,2016-10-15,Napoli,Roma,1:3,DM,,,,,,,,,90,
2016/17,102017,Jorginho,Serie A,9,2016-10-23,Crotone,Napoli,1:2,on the bench,,,,,,,,,,
2016/17,102017,Jorginho,Serie A,10,2016-10-26,Napoli,FC Empoli,2:0,DM,,,,,,,,72,72,
2016/17,102017,Jorginho,Serie A,11,2016-10-29,Juventus,Napoli,2:1,on the bench,,,,,,,,,,
2016/17,102017,Jorginho,Serie A,12,2016-11-05,Napoli,Lazio,1:1,on the bench,,,,,,,,,,
2016/17,102017,Jorginho,Serie A,13,2016-11-19,Udinese,Napoli,1:2,on the bench,,,,,,,,,,
2016/17,102017,Jorginho,Serie A,14,2016-11-28,Napoli,Sassuolo,1:1,DM,,,,,,,,78,78,
2016/17,102017,Jorginho,Serie A,15,2016-12-02,Napoli,Inter,3:0,on the bench,,,,,,,,,,
2016/17,102017,Jorginho,Serie A,16,2016-12-11,Cagliari,Napoli,0:5,DM,,,,,,,,,90,
2016/17,102017,Jorginho,Serie A,17,2016-12-18,Napoli,Torino,5:3,DM,,,,,,,,69,69,
2016/17,102017,Jorginho,Serie A,18,2016-12-22,Fiorentina,Napoli,3:3,on the bench,,,,,,,,,,
2016/17,102017,Jorginho,Serie A,19,2017-01-07,Napoli,Sampdoria,2:1,DM,,,,,,,,72,72,
2016/17,102017,Jorginho,Serie A,20,2017-01-15,Napoli,Pescara,3:1,DM,,1,,,,,,,90,
2016/17,102017,Jorginho,Serie A,21,2017-01-21,AC Milan,Napoli,1:2,DM,,,,,,,,61,61,
2016/17,102017,Jorginho,Serie A,22,2017-01-29,Napoli,US Palermo,1:1,DM,,,,,,,,63,63,
2016/17,102017,Jorginho,Serie A,23,2017-02-04,Bologna,Napoli,1:7,on the bench,,,,,,,,,,
2016/17,102017,Jorginho,Serie A,24,2017-02-10,Napoli,Genoa,2:0,on the bench,,,,,,,,,,
2016/17,102017,Jorginho,Serie A,25,2017-02-19,Chievo Verona,Napoli,1:3,DM,,,,,,,,,90,
2016/17,102017,Jorginho,Serie A,26,2017-02-25,Napoli,Atalanta,0:2,on the bench,,,,,,,,,,
2016/17,102017,Jorginho,Serie A,27,2017-03-04,Roma,Napoli,1:2,DM,,,,,,,,66,66,
2016/17,102017,Jorginho,Serie A,28,2017-03-12,Napoli,Crotone,3:0,DM,,1,,,,,,,90,
2016/17,102017,Jorginho,Serie A,29,2017-03-19,FC Empoli,Napoli,2:3,DM,,,,32,,,,62,62,
2016/17,102017,Jorginho,Serie A,30,2017-04-02,Napoli,Juventus,1:1,DM,,,,,,,,,90,
2016/17,102017,Jorginho,Serie A,31,2017-04-09,Lazio,Napoli,0:3,DM,,,,,,,,,90,
2016/17,102017,Jorginho,Serie A,32,2017-04-15,Napoli,Udinese,3:0,DM,,1,,,,,,,90,
2016/17,102017,Jorginho,Serie A,33,2017-04-23,Sassuolo,Napoli,2:2,DM,,,,,,,,81,81,
2016/17,102017,Jorginho,Serie A,34,2017-04-30,Inter,Napoli,0:1,on the bench,,,,,,,,,,
2016/17,102017,Jorginho,Serie A,35,2017-05-06,Napoli,Cagliari,3:1,DM,,,,,,,,,90,
2016/17,102017,Jorginho,Serie A,36,2017-05-14,Torino,Napoli,0:5,DM,,,,,,,,,90,
2016/17,102017,Jorginho,Serie A,37,2017-05-20,Napoli,Fiorentina,4:1,DM,,,,,,,,69,69,
2016/17,102017,Jorginho,Serie A,38,2017-05-28,Sampdoria,Napoli,2:4,DM,,,,,,,,71,71,
2016/17,102017,Jorginho,Italy Cup,Round of 16,2017-01-10,Napoli,Spezia Calcio,3:1,on the bench,,,,,,,,,,
2016/17,102017,Jorginho,Italy Cup,Quarter-Finals,2017-01-24,Napoli,Fiorentina,1:0,on the bench,,,,,,,,,,
2016/17,102017,Jorginho,Italy Cup,Semi-Finals 1st Leg,2017-02-28,Juventus,Napoli,3:1,on the bench,,,,,,,,,,
2016/17,102017,Jorginho,Italy Cup,Semi-Finals 2nd Leg,2017-04-05,Napoli,Juventus,3:2,on the bench,,,,,,,,,,
