﻿season,player_id,player_name,competition,journey,date,home_team,away_team,result,position,goals,assists,own_goals,yellow_cards,second_yellow_cards,red_cards,substitutions_on,substitutions_off,minutes_played,transfermarkt_score
2025/26,1053908,Travis Hernes,Eredivisie,5,2025-09-14,Utrecht,FC Groningen,0:1,on the bench,,,,,,,,,,
2025/26,1053908,Travis Hernes,Eredivisie,6,2025-09-20,FC Groningen,Telstar,2:0,on the bench,,,,,,,,,,
2025/26,1053908,Travis Hernes,Eredivisie,7,2025-09-28,FC Groningen,Feyenoord,0:1,on the bench,,,,,,,,,,
2025/26,1053908,Travis Hernes,Eredivisie,8,2025-10-03,NAC Breda,FC Groningen,1:2,on the bench,,,,,,,,,,
2025/26,1053908,Travis Hernes,Eredivisie,9,2025-10-19,FC Groningen,Sparta R.,0:2,on the bench,,,,,,,,,,
2025/26,1053908,Travis Hernes,Eredivisie,10,2025-10-25,Fortuna Sittard,FC Groningen,1:2,on the bench,,,,,,,,,,
2025/26,1053908,Travis Hernes,Eredivisie,11,2025-11-02,FC Groningen,Twente FC,1:1,Not in squad,,,,,,,,,,
2025/26,1053908,Travis Hernes,Eredivisie,12,2025-11-09,NEC Nijmegen,FC Groningen,2:0,Not in squad,,,,,,,,,,
2025/26,1053908,Travis Hernes,Eredivisie,13,2025-11-23,FC Groningen,PEC Zwolle,2:2,Not in squad,,,,,,,,,,
2025/26,1053908,Travis Hernes,Eredivisie,14,2025-12-02,Ajax,FC Groningen,2:0,Not in squad,,,,,,,,,,
2025/26,1053908,Travis Hernes,KNVB Beker,First Round,2025-10-30,Sparta R.,FC Groningen,5:2,Not in squad,,,,,,,,,,
2025/26,1053908,Travis Hernes,Premier League 2,1,2025-08-17,Newcastle U21,Southampton U21,1:2,CM,,,,,,,,,90,
2025/26,1053908,Travis Hernes,Premier League 2,2,2025-08-22,Newcastle U21,Chelsea U21,0:5,DM,,,,,,,,61,61,
2025/26,1053908,Travis Hernes,Premier League 2,3,2025-08-29,Birmingham U21,Newcastle U21,2:2,CM,,,,,,,,,90,
2025/26,1053908,Travis Hernes,U21 Division 1 Fall,2,2025-09-09,Willem II U21,Groningen U21,1:5,Not in squad,,,,,,,,,,
2025/26,1053908,Travis Hernes,U21 Division 1 Fall,3,2025-09-13,Groningen U21,Feyenoord U21,2:1,Not in squad,,,,,,,,,,
2025/26,1053908,Travis Hernes,U21 Division 1 Fall,4,2025-09-20,Groningen U21,Graafschap U21,1:1,,,,,,,,,60,60,
2025/26,1053908,Travis Hernes,U21 Division 1 Fall,5,2025-09-27,PEC Zwolle U21,Groningen U21,0:3,Not in squad,,,,,,,,,,
2025/26,1053908,Travis Hernes,U21 Division 1 Fall,6,2025-10-04,Groningen U21,SC Cambuur U21,2:1,Not in squad,,,,,,,,,,
2025/26,1053908,Travis Hernes,U21 Division 1 Fall,7,2025-10-11,Go Ahead U21,Groningen U21,1:2,Not in squad,,,,,,,,,,
2025/26,1053908,Travis Hernes,U21 Division 1 Fall,9,2025-11-01,Graafschap U21,Groningen U21,2:3,Not in squad,,,,,,,,,,
2025/26,1053908,Travis Hernes,U21 Division 1 Fall,10,2025-11-08,Groningen U21,Go Ahead U21,1:0,Not in squad,,,,,,,,,,
2025/26,1053908,Travis Hernes,U21 Division 1 Fall,11,2025-11-15,SC Cambuur U21,Groningen U21,0:3,Not in squad,,,,,,,,,,
2025/26,1053908,Travis Hernes,U21 Division 1 Fall,8,2025-11-18,Groningen U21,PEC Zwolle U21,2:1,Not in squad,,,,,,,,,,
2025/26,1053908,Travis Hernes,U21 Division 1 Fall,12,2025-11-22,Feyenoord U21,Groningen U21,1:0,Not in squad,,,,,,,,,,
2025/26,1053908,Travis Hernes,National League Cup,Group D,2025-08-13,Gateshead,Newcastle U21,3:4,Not in squad,,,,,,,,,,
