﻿season,player_id,player_name,competition,journey,date,home_team,away_team,result,position,goals,assists,own_goals,yellow_cards,second_yellow_cards,red_cards,substitutions_on,substitutions_off,minutes_played,transfermarkt_score
2021/22,110867,Jed Steer,Premier League,1,2021-08-14,Watford,Aston Villa,3:2,on the bench,,,,,,,,,,
2021/22,110867,Jed Steer,Premier League,2,2021-08-21,Aston Villa,Newcastle,2:0,on the bench,,,,,,,,,,
2021/22,110867,Jed Steer,Premier League,3,2021-08-28,Aston Villa,Brentford,1:1,on the bench,,,,,,,,,,
2021/22,110867,Jed Steer,Premier League,4,2021-09-11,Chelsea,Aston Villa,3:0,GK,,,,,,,,,90,
2021/22,110867,Jed Steer,Premier League,5,2021-09-18,Aston Villa,Everton,3:0,on the bench,,,,,,,,,,
2021/22,110867,Jed Steer,Premier League,6,2021-09-25,Man Utd,Aston Villa,0:1,on the bench,,,,,,,,,,
2021/22,110867,Jed Steer,Premier League,7,2021-10-03,Tottenham,Aston Villa,2:1,on the bench,,,,,,,,,,
2021/22,110867,Jed Steer,Premier League,8,2021-10-16,Aston Villa,Wolves,2:3,on the bench,,,,,,,,,,
2021/22,110867,Jed Steer,Premier League,9,2021-10-22,Arsenal,Aston Villa,3:1,on the bench,,,,,,,,,,
2021/22,110867,Jed Steer,Premier League,10,2021-10-31,Aston Villa,West Ham,1:4,on the bench,,,,,,,,,,
2021/22,110867,Jed Steer,Premier League,11,2021-11-05,Southampton,Aston Villa,1:0,on the bench,,,,,,,,,,
2021/22,110867,Jed Steer,Premier League,12,2021-11-20,Aston Villa,Brighton,2:0,on the bench,,,,,,,,,,
2021/22,110867,Jed Steer,Premier League,13,2021-11-27,Crystal Palace,Aston Villa,1:2,on the bench,,,,,,,,,,
2021/22,110867,Jed Steer,Premier League,14,2021-12-01,Aston Villa,Man City,1:2,on the bench,,,,,,,,,,
2021/22,110867,Jed Steer,Premier League,15,2021-12-05,Aston Villa,Leicester,2:1,on the bench,,,,,,,,,,
2021/22,110867,Jed Steer,Premier League,16,2021-12-11,Liverpool,Aston Villa,1:0,on the bench,,,,,,,,,,
2021/22,110867,Jed Steer,Premier League,17,2021-12-14,Norwich,Aston Villa,0:2,Not in squad,,,,,,,,,,
2021/22,110867,Jed Steer,Premier League,19,2021-12-26,Aston Villa,Chelsea,1:3,on the bench,,,,,,,,,,
2021/22,110867,Jed Steer,Premier League,21,2022-01-02,Brentford,Aston Villa,2:1,on the bench,,,,,,,,,,
2021/22,110867,Jed Steer,Premier League,22,2022-01-15,Aston Villa,Man Utd,2:2,on the bench,,,,,,,,,,
2021/22,110867,Jed Steer,Premier League,23,2022-01-22,Everton,Aston Villa,0:1,Not in squad,,,,,,,,,,
2021/22,110867,Jed Steer,Championship,25,2022-02-01,Swansea,Luton,0:1,on the bench,,,,,,,,,,
2021/22,110867,Jed Steer,Championship,31,2022-02-08,Luton,Barnsley,2:1,on the bench,,,,,,,,,,
2021/22,110867,Jed Steer,Championship,32,2022-02-12,Birmingham,Luton,3:0,on the bench,,,,,,,,,,
2021/22,110867,Jed Steer,Championship,33,2022-02-19,Luton,West Brom,2:0,GK,,,,,,,,,90,
2021/22,110867,Jed Steer,Championship,34,2022-02-23,Stoke City,Luton,1:2,GK,,,,,,,,,90,
2021/22,110867,Jed Steer,Championship,35,2022-02-26,Luton,Derby,1:0,GK,,,,,,,,,90,
2021/22,110867,Jed Steer,Championship,36,2022-03-05,Middlesbrough,Luton,2:1,Achilles tendon problems,,,,,,,,,,
2021/22,110867,Jed Steer,Championship,26,2022-03-08,Coventry,Luton,0:1,Achilles tendon problems,,,,,,,,,,
2021/22,110867,Jed Steer,Championship,37,2022-03-13,Luton,QPR,1:2,Achilles tendon problems,,,,,,,,,,
2021/22,110867,Jed Steer,Championship,38,2022-03-16,Luton,Preston,4:0,Achilles tendon problems,,,,,,,,,,
2021/22,110867,Jed Steer,Championship,39,2022-03-19,Hull City,Luton,1:3,Achilles tendon problems,,,,,,,,,,
2021/22,110867,Jed Steer,Championship,40,2022-04-02,Luton,Millwall,2:2,Achilles tendon problems,,,,,,,,,,
2021/22,110867,Jed Steer,Championship,30,2022-04-05,Peterborough,Luton,1:1,Achilles tendon problems,,,,,,,,,,
2021/22,110867,Jed Steer,Championship,41,2022-04-11,Huddersfield,Luton,2:0,Achilles tendon problems,,,,,,,,,,
2021/22,110867,Jed Steer,Championship,42,2022-04-15,Luton,Nott'm Forest,1:0,Achilles tendon problems,,,,,,,,,,
2021/22,110867,Jed Steer,Championship,43,2022-04-18,Cardiff,Luton,0:1,Achilles tendon problems,,,,,,,,,,
2021/22,110867,Jed Steer,Championship,44,2022-04-23,Luton,Blackpool,1:1,Achilles tendon problems,,,,,,,,,,
2021/22,110867,Jed Steer,Championship,45,2022-05-02,Fulham,Luton,7:0,Achilles tendon problems,,,,,,,,,,
2021/22,110867,Jed Steer,Championship,46,2022-05-07,Luton,Reading,1:0,Achilles tendon problems,,,,,,,,,,
2021/22,110867,Jed Steer,FA Cup,Third Round,2022-01-10,Man Utd,Aston Villa,1:0,on the bench,,,,,,,,,,
2020/21,110867,Jed Steer,FA Cup,,,,,,,,,,,,,,,,
2021/22,110867,Jed Steer,FA Cup,Fourth Round,2022-02-05,Cambridge Utd.,Luton,0:3,GK,,,,,,,,,90,
2021/22,110867,Jed Steer,FA Cup,Fifth Round,2022-03-02,Luton,Chelsea,2:3,GK,,,,,,,,14,14,
2021/22,110867,Jed Steer,EFL Cup,Second Round,2021-08-24,Barrow,Aston Villa,0:6,GK,,,,,,,,,90,
2021/22,110867,Jed Steer,EFL Cup,Third Round,2021-09-22,Chelsea,Aston Villa,5:4 on pens,GK,,,,,,,,,90,
2021/22,110867,Jed Steer,Championship Play-Offs,Semi-Finals 1st Leg,2022-05-13,Luton,Huddersfield,1:1,Achilles tendon problems,,,,,,,,,,
2021/22,110867,Jed Steer,Championship Play-Offs,Semi-Finals 2nd Leg,2022-05-16,Huddersfield,Luton,1:0,Achilles tendon problems,,,,,,,,,,
