﻿season,player_id,player_name,competition,journey,date,home_team,away_team,result,position,goals,assists,own_goals,yellow_cards,second_yellow_cards,red_cards,substitutions_on,substitutions_off,minutes_played,transfermarkt_score
2025/26,1031293,Ryan Oné,Championship,1,2025-08-09,Sheff Utd,Bristol City,1:4,,,,,,,,57,,33,
2025/26,1031293,Ryan Oné,Championship,2,2025-08-16,Swansea,Sheff Utd,1:0,,,,,,,,76,,14,
2025/26,1031293,Ryan Oné,Championship,3,2025-08-23,Sheff Utd,Millwall,0:1,,,,,,,,81,,9,
2025/26,1031293,Ryan Oné,Championship,4,2025-08-30,Middlesbrough,Sheff Utd,1:0,,,,,,,,58,,32,
2025/26,1031293,Ryan Oné,Championship,5,2025-09-12,Ipswich,Sheff Utd,5:0,on the bench,,,,,,,,,,
2025/26,1031293,Ryan Oné,Championship,6,2025-09-20,Sheff Utd,Charlton,0:1,on the bench,,,,,,,,,,
2025/26,1031293,Ryan Oné,Championship,7,2025-09-27,Oxford United,Sheff Utd,0:1,on the bench,,,,,,,,,,
2025/26,1031293,Ryan Oné,Championship,8,2025-09-30,Sheff Utd,Southampton,1:2,Not in squad,,,,,,,,,,
2025/26,1031293,Ryan Oné,Championship,9,2025-10-04,Hull City,Sheff Utd,1:0,Not in squad,,,,,,,,,,
2025/26,1031293,Ryan Oné,Championship,10,2025-10-18,Sheff Utd,Watford,1:0,Not in squad,,,,,,,,,,
2025/26,1031293,Ryan Oné,Championship,11,2025-10-21,Blackburn,Sheff Utd,1:3,Not in squad,,,,,,,,,,
2025/26,1031293,Ryan Oné,Championship,12,2025-10-24,Preston,Sheff Utd,3:2,Not in squad,,,,,,,,,,
2025/26,1031293,Ryan Oné,Championship,13,2025-11-01,Sheff Utd,Derby,1:3,,,,,,,,60,,30,
2025/26,1031293,Ryan Oné,Championship,14,2025-11-04,Coventry,Sheff Utd,3:1,on the bench,,,,,,,,,,
2025/26,1031293,Ryan Oné,Championship,15,2025-11-08,Sheff Utd,QPR,0:0,,,,,,,,81,,9,
2025/26,1031293,Ryan Oné,Championship,16,2025-11-23,Sheff Wed,Sheff Utd,0:3,on the bench,,,,,,,,,,
2025/26,1031293,Ryan Oné,Championship,17,2025-11-26,Sheff Utd,Portsmouth,3:0,on the bench,,,,,,,,,,
2025/26,1031293,Ryan Oné,Championship,18,2025-11-29,Leicester,Sheff Utd,2:3,Not in squad,,,,,,,,,,
2025/26,1031293,Ryan Oné,EFL Cup,First Round,2025-08-13,Birmingham,Sheff Utd,2:1,LM,,,,,,,,56,56,
2025/26,1031293,Ryan Oné,UEFA European Under-21 Championship Qualifying,Group 2,2025-09-05,Czechia U21,Scotland U21,2:0,CF,,,,,,,59,,31,
2025/26,1031293,Ryan Oné,UEFA European Under-21 Championship Qualifying,Group 2,2025-09-09,Scotland U21,Portugal U21,0:2,,,,,,,,56,,34,
2025/26,1031293,Ryan Oné,UEFA European Under-21 Championship Qualifying,Group 2,2025-10-09,Scotland U21,Gibraltar U21,12:0,,,,,,,,53,,37,
2025/26,1031293,Ryan Oné,UEFA European Under-21 Championship Qualifying,Group 2,2025-10-14,Azerbaijan U21,Scotland U21,3:3,CF,,,,,,,76,,14,
2025/26,1031293,Ryan Oné,UEFA European Under-21 Championship Qualifying,Group 2,2025-11-15,Gibraltar U21,Scotland U21,0:2,CF,,,,,,,,57,57,
2025/26,1031293,Ryan Oné,UEFA European Under-21 Championship Qualifying,Group 2,2025-11-18,Scotland U21,Bulgaria U21,1:0,Not in squad,,,,,,,,,,
