﻿season,player_id,player_name,competition,journey,date,home_team,away_team,result,position,goals,assists,own_goals,yellow_cards,second_yellow_cards,red_cards,substitutions_on,substitutions_off,minutes_played,transfermarkt_score
2019/20,101118,Joel Robles,LaLiga,1,2019-08-18,Real Betis,Real Valladolid,1:2,GK,,,,,,8,,,8,
2019/20,101118,Joel Robles,LaLiga,2,2019-08-25,Barcelona,Real Betis,5:2,Red card suspension,,,,,,,,,,
2019/20,101118,Joel Robles,LaLiga,3,2019-08-31,Real Betis,CD Leganés,2:1,GK,,,,,,,,,90,
2019/20,101118,Joel Robles,LaLiga,4,2019-09-15,Real Betis,Getafe,1:1,GK,,,,,,,,,90,
2019/20,101118,Joel Robles,LaLiga,5,2019-09-20,CA Osasuna,Real Betis,0:0,GK,,,,,,,,,90,
2019/20,101118,Joel Robles,LaLiga,6,2019-09-24,Real Betis,Levante,3:1,GK,,,,,,,,,90,
2019/20,101118,Joel Robles,LaLiga,7,2019-09-27,Villarreal,Real Betis,5:1,GK,,,,,,,,,90,
2019/20,101118,Joel Robles,LaLiga,8,2019-10-04,Real Betis,SD Eibar,1:1,GK,,,,,,,,,90,
2019/20,101118,Joel Robles,LaLiga,9,2019-10-20,Real Sociedad,Real Betis,3:1,GK,,,,,,,,,90,
2019/20,101118,Joel Robles,LaLiga,10,2019-10-27,Granada CF,Real Betis,1:0,GK,,,,,,,,,90,
2019/20,101118,Joel Robles,LaLiga,11,2019-10-30,Real Betis,Celta de Vigo,2:1,GK,,,,93,,,,,90,
2019/20,101118,Joel Robles,LaLiga,12,2019-11-02,Real Madrid,Real Betis,0:0,GK,,,,64,,,,,90,
2019/20,101118,Joel Robles,LaLiga,13,2019-11-10,Real Betis,Sevilla FC,1:2,GK,,,,,,,,,90,
2019/20,101118,Joel Robles,LaLiga,14,2019-11-23,Real Betis,Valencia,2:1,GK,,,,,,,,,90,
2019/20,101118,Joel Robles,LaLiga,15,2019-11-30,RCD Mallorca,Real Betis,1:2,GK,,,,,,,,,90,
2019/20,101118,Joel Robles,LaLiga,16,2019-12-08,Real Betis,Athletic Club,3:2,GK,,,,,,,,,90,
2019/20,101118,Joel Robles,LaLiga,17,2019-12-15,Espanyol,Real Betis,2:2,GK,,,,,,,,,90,
2019/20,101118,Joel Robles,LaLiga,18,2019-12-22,Real Betis,Atlético,1:2,GK,,,,,,,,,90,
2019/20,101118,Joel Robles,LaLiga,19,2020-01-05,Alavés,Real Betis,1:1,GK,,,,,,,,,90,
2019/20,101118,Joel Robles,LaLiga,20,2020-01-19,Real Betis,Real Sociedad,3:0,GK,,,,,,,,,90,
2019/20,101118,Joel Robles,LaLiga,21,2020-01-26,Getafe,Real Betis,1:0,GK,,,,73,,,,,90,
2019/20,101118,Joel Robles,LaLiga,22,2020-02-02,SD Eibar,Real Betis,1:1,GK,,,,,,,,,90,
2019/20,101118,Joel Robles,LaLiga,23,2020-02-09,Real Betis,Barcelona,2:3,GK,,,,,,,,,90,
2019/20,101118,Joel Robles,LaLiga,24,2020-02-16,CD Leganés,Real Betis,0:0,GK,,,,,,,,,90,
2019/20,101118,Joel Robles,LaLiga,25,2020-02-21,Real Betis,RCD Mallorca,3:3,GK,,,,,,,,,90,
2019/20,101118,Joel Robles,LaLiga,26,2020-02-29,Valencia,Real Betis,2:1,GK,,,,,,,,,90,
2019/20,101118,Joel Robles,LaLiga,27,2020-03-08,Real Betis,Real Madrid,2:1,GK,,,,,,,,,90,
2019/20,101118,Joel Robles,LaLiga,28,2020-06-11,Sevilla FC,Real Betis,2:0,GK,,,,,,,,,90,
2019/20,101118,Joel Robles,LaLiga,29,2020-06-15,Real Betis,Granada CF,2:2,GK,,,,,,,,,90,
2019/20,101118,Joel Robles,LaLiga,30,2020-06-20,Athletic Club,Real Betis,1:0,GK,,,,,,,,,90,
2019/20,101118,Joel Robles,LaLiga,31,2020-06-25,Real Betis,Espanyol,1:0,GK,,,,,,,,,90,
2019/20,101118,Joel Robles,LaLiga,32,2020-06-28,Levante,Real Betis,4:2,GK,,,,,,,,,90,
2020/21,101118,Joel Robles,LaLiga,33,2020-07-01,Real Betis,Villarreal,0:2,GK,,,,,,,,,90,
2020/21,101118,Joel Robles,LaLiga,34,2020-07-04,Celta de Vigo,Real Betis,1:1,GK,,,,,,,,,90,
2020/21,101118,Joel Robles,LaLiga,35,2020-07-08,Real Betis,CA Osasuna,3:0,on the bench,,,,,,,,,,
2020/21,101118,Joel Robles,LaLiga,36,2020-07-11,Atlético,Real Betis,1:0,on the bench,,,,,,,,,,
2020/21,101118,Joel Robles,LaLiga,37,2020-07-16,Real Betis,Alavés,1:2,on the bench,,,,,,,,,,
2020/21,101118,Joel Robles,LaLiga,38,2020-07-19,Real Valladolid,Real Betis,2:0,on the bench,,,,,,,,,,
2019/20,101118,Joel Robles,Copa del Rey,First Round,2019-12-19,CA Antoniano,Real Betis,0:4,on the bench,,,,,,,,,,
2019/20,101118,Joel Robles,Copa del Rey,Second Round,2020-01-11,Portugalete,Real Betis,0:3,GK,,,,,,,,,90,
2019/20,101118,Joel Robles,Copa del Rey,Third Round,2020-01-23,Rayo Vallecano,Real Betis,6:4 on pens,on the bench,,,,,,,,,,
