﻿season,player_id,player_name,competition,journey,date,home_team,away_team,result,position,goals,assists,own_goals,yellow_cards,second_yellow_cards,red_cards,substitutions_on,substitutions_off,minutes_played,transfermarkt_score
2020/21,110867,Jed Steer,Premier League,2,2020-09-21,Aston Villa,Sheff Utd,1:0,on the bench,,,,,,,,,,
2020/21,110867,Jed Steer,Premier League,3,2020-09-28,Fulham,Aston Villa,0:3,on the bench,,,,,,,,,,
2020/21,110867,Jed Steer,Premier League,4,2020-10-04,Aston Villa,Liverpool,7:2,on the bench,,,,,,,,,,
2020/21,110867,Jed Steer,Premier League,5,2020-10-18,Leicester,Aston Villa,0:1,on the bench,,,,,,,,,,
2020/21,110867,Jed Steer,Premier League,6,2020-10-23,Aston Villa,Leeds,0:3,on the bench,,,,,,,,,,
2020/21,110867,Jed Steer,Premier League,7,2020-11-01,Aston Villa,Southampton,3:4,on the bench,,,,,,,,,,
2020/21,110867,Jed Steer,Premier League,8,2020-11-08,Arsenal,Aston Villa,0:3,on the bench,,,,,,,,,,
2020/21,110867,Jed Steer,Premier League,9,2020-11-21,Aston Villa,Brighton,1:2,on the bench,,,,,,,,,,
2020/21,110867,Jed Steer,Premier League,10,2020-11-30,West Ham,Aston Villa,2:1,on the bench,,,,,,,,,,
2020/21,110867,Jed Steer,Premier League,12,2020-12-12,Wolves,Aston Villa,0:1,on the bench,,,,,,,,,,
2020/21,110867,Jed Steer,Premier League,13,2020-12-17,Aston Villa,Burnley,0:0,on the bench,,,,,,,,,,
2020/21,110867,Jed Steer,Premier League,14,2020-12-20,West Brom,Aston Villa,0:3,on the bench,,,,,,,,,,
2020/21,110867,Jed Steer,Premier League,15,2020-12-26,Aston Villa,Crystal Palace,3:0,Not in squad,,,,,,,,,,
2020/21,110867,Jed Steer,Premier League,16,2020-12-28,Chelsea,Aston Villa,1:1,Not in squad,,,,,,,,,,
2020/21,110867,Jed Steer,Premier League,17,2021-01-01,Man Utd,Aston Villa,2:1,Not in squad,,,,,,,,,,
2020/21,110867,Jed Steer,Premier League,1,2021-01-20,Man City,Aston Villa,2:0,Not in squad,,,,,,,,,,
2020/21,110867,Jed Steer,Premier League,11,2021-01-23,Aston Villa,Newcastle,2:0,Not in squad,,,,,,,,,,
2020/21,110867,Jed Steer,Premier League,20,2021-01-27,Burnley,Aston Villa,3:2,Not in squad,,,,,,,,,,
2020/21,110867,Jed Steer,Premier League,21,2021-01-30,Southampton,Aston Villa,0:1,Not in squad,,,,,,,,,,
2020/21,110867,Jed Steer,Premier League,22,2021-02-03,Aston Villa,West Ham,1:3,Not in squad,,,,,,,,,,
2020/21,110867,Jed Steer,Premier League,23,2021-02-06,Aston Villa,Arsenal,1:0,Not in squad,,,,,,,,,,
2020/21,110867,Jed Steer,Premier League,24,2021-02-13,Brighton,Aston Villa,0:0,Not in squad,,,,,,,,,,
2020/21,110867,Jed Steer,Premier League,25,2021-02-21,Aston Villa,Leicester,1:2,Not in squad,,,,,,,,,,
2020/21,110867,Jed Steer,Premier League,26,2021-02-27,Leeds,Aston Villa,0:1,Not in squad,,,,,,,,,,
2020/21,110867,Jed Steer,Premier League,29,2021-03-03,Sheff Utd,Aston Villa,1:0,Not in squad,,,,,,,,,,
2020/21,110867,Jed Steer,Premier League,27,2021-03-06,Aston Villa,Wolves,0:0,Not in squad,,,,,,,,,,
2020/21,110867,Jed Steer,Premier League,28,2021-03-12,Newcastle,Aston Villa,1:1,Not in squad,,,,,,,,,,
2020/21,110867,Jed Steer,Premier League,18,2021-03-21,Aston Villa,Tottenham,0:2,Not in squad,,,,,,,,,,
2020/21,110867,Jed Steer,Premier League,30,2021-04-04,Aston Villa,Fulham,3:1,Not in squad,,,,,,,,,,
2020/21,110867,Jed Steer,Premier League,31,2021-04-10,Liverpool,Aston Villa,2:1,Not in squad,,,,,,,,,,
2020/21,110867,Jed Steer,Premier League,32,2021-04-21,Aston Villa,Man City,1:2,Not in squad,,,,,,,,,,
2020/21,110867,Jed Steer,Premier League,33,2021-04-25,Aston Villa,West Brom,2:2,Not in squad,,,,,,,,,,
2020/21,110867,Jed Steer,Premier League,34,2021-05-01,Everton,Aston Villa,1:2,Not in squad,,,,,,,,,,
2020/21,110867,Jed Steer,Premier League,35,2021-05-09,Aston Villa,Man Utd,1:3,Not in squad,,,,,,,,,,
2020/21,110867,Jed Steer,Premier League,19,2021-05-13,Aston Villa,Everton,0:0,on the bench,,,,,,,,,,
2020/21,110867,Jed Steer,Premier League,36,2021-05-16,Crystal Palace,Aston Villa,3:2,on the bench,,,,,,,,,,
2020/21,110867,Jed Steer,Premier League,37,2021-05-19,Tottenham,Aston Villa,1:2,on the bench,,,,,,,,,,
2020/21,110867,Jed Steer,Premier League,38,2021-05-23,Aston Villa,Chelsea,2:1,Not in squad,,,,,,,,,,
2020/21,110867,Jed Steer,EFL Trophy,group A1,2020-09-08,Sunderland,Aston Villa U23,8:1,Not in squad,,,,,,,,,,
2020/21,110867,Jed Steer,EFL Trophy,group A1,2020-10-06,Fleetwood,Aston Villa U23,3:0,Not in squad,,,,,,,,,,
2020/21,110867,Jed Steer,EFL Trophy,group A1,2020-11-17,Carlisle United,Aston Villa U23,3:1,Not in squad,,,,,,,,,,
2020/21,110867,Jed Steer,FA Cup,Third Round,2021-01-08,Aston Villa,Liverpool,1:4,Not in squad,,,,,,,,,,
2020/21,110867,Jed Steer,EFL Cup,Second Round,2020-09-15,Burton Albion,Aston Villa,1:3,on the bench,,,,,,,,,,
2020/21,110867,Jed Steer,EFL Cup,Third Round,2020-09-24,Bristol City,Aston Villa,0:3,GK,,,,,,,,,90,
2020/21,110867,Jed Steer,EFL Cup,Fourth Round,2020-10-01,Aston Villa,Stoke City,0:1,GK,,,,,,,,,90,
2020/21,110867,Jed Steer,Premier League 2,1,2020-09-14,West Brom U23,Aston Villa U23,3:1,Not in squad,,,,,,,,,,
2020/21,110867,Jed Steer,Premier League 2,2,2020-09-18,Aston Villa U23,Norwich City U23,3:0,Not in squad,,,,,,,,,,
2020/21,110867,Jed Steer,Premier League 2,3,2020-09-25,Aston Villa U23,Reading U23,1:2,Not in squad,,,,,,,,,,
2020/21,110867,Jed Steer,Premier League 2,4,2020-10-02,Palace U23,Aston Villa U23,0:1,Not in squad,,,,,,,,,,
2020/21,110867,Jed Steer,Premier League 2,5,2020-10-19,Wolves U23,Aston Villa U23,1:3,Not in squad,,,,,,,,,,
2020/21,110867,Jed Steer,Premier League 2,7,2020-10-30,Aston Villa U23,Sunderland U23,0:2,Not in squad,,,,,,,,,,
2020/21,110867,Jed Steer,Premier League 2,8,2020-11-09,FC Burnley U23,Aston Villa U23,2:2,Not in squad,,,,,,,,,,
2020/21,110867,Jed Steer,Premier League 2,9,2020-11-23,Stoke City U23,Aston Villa U23,0:2,Not in squad,,,,,,,,,,
2020/21,110867,Jed Steer,Premier League 2,10,2020-11-27,Aston Villa U23,Fulham U23,2:3,Not in squad,,,,,,,,,,
2020/21,110867,Jed Steer,Premier League 2,11,2020-12-13,Leeds United U23,Aston Villa U23,3:2,Not in squad,,,,,,,,,,
2020/21,110867,Jed Steer,Premier League 2,12,2020-12-18,Aston Villa U23,Boro U23,1:1,Not in squad,,,,,,,,,,
2020/21,110867,Jed Steer,Premier League 2,14,2021-01-15,Aston Villa U23,West Brom U23,2:1,Not in squad,,,,,,,,,,
2020/21,110867,Jed Steer,Premier League 2,15,2021-01-22,Norwich City U23,Aston Villa U23,2:3,Not in squad,,,,,,,,,,
2020/21,110867,Jed Steer,Premier League 2,16,2021-01-29,Reading U23,Aston Villa U23,3:1,Not in squad,,,,,,,,,,
2020/21,110867,Jed Steer,Premier League 2,17,2021-02-05,Aston Villa U23,Palace U23,4:4,Not in squad,,,,,,,,,,
2020/21,110867,Jed Steer,Premier League 2,20,2021-03-01,Sunderland U23,Aston Villa U23,2:3,Not in squad,,,,,,,,,,
2020/21,110867,Jed Steer,Premier League 2,21,2021-03-12,Aston Villa U23,FC Burnley U23,2:3,Not in squad,,,,,,,,,,
2020/21,110867,Jed Steer,Premier League 2,22,2021-03-19,Aston Villa U23,Stoke City U23,3:4,Not in squad,,,,,,,,,,
2020/21,110867,Jed Steer,Premier League 2,18,2021-04-02,Aston Villa U23,Wolves U23,4:0,GK,,,,,,,,,90,
2020/21,110867,Jed Steer,Premier League 2,23,2021-04-09,Fulham U23,Aston Villa U23,4:1,Not in squad,,,,,,,,,,
2020/21,110867,Jed Steer,Premier League 2,24,2021-04-16,Aston Villa U23,Leeds United U23,1:2,GK,,,,,,,,,90,
2020/21,110867,Jed Steer,Premier League 2,25,2021-04-23,Boro U23,Aston Villa U23,4:1,Not in squad,,,,,,,,,,
2020/21,110867,Jed Steer,Premier League 2,26,2021-05-02,Aston Villa U23,Newcastle U23,1:1,Not in squad,,,,,,,,,,
2020/21,110867,Jed Steer,Premier League 2,13,2021-05-07,Newcastle U23,Aston Villa U23,1:2,Not in squad,,,,,,,,,,
