﻿season,player_id,player_name,competition,journey,date,home_team,away_team,result,position,goals,assists,own_goals,yellow_cards,second_yellow_cards,red_cards,substitutions_on,substitutions_off,minutes_played,transfermarkt_score
2022/23,1005649,Murillo,CBF Brasileiro U20 - Finals,Quarter-Finals 1st leg,2022-08-15,América-MG U20,Corinthians U20,0:2,CB,,,,,,,,,90,
2022/23,1005649,Murillo,CBF Brasileiro U20 - Finals,Quarter-Finals 2nd leg,2022-08-21,Corinthians U20,América-MG U20,0:2 on pens,CB,,,,,,,,,90,
2022/23,1005649,Murillo,CBF Brasileiro U20 - Finals,Semi-Finals 1st Leg,2022-08-28,Corinthians U20,Flamengo U20,1:0,CB,1,,,,,,,,90,
2022/23,1005649,Murillo,CBF Brasileiro U20 - Finals,Semi-Finals 2nd Leg,2022-09-04,Flamengo U20,Corinthians U20,0:1,CB,,,,,,,,,90,
2022/23,1005649,Murillo,CBF Brasileiro U20 - Finals,Final,2022-09-25,Corinthians U20,Palmeiras U20,0:1,CB,,,,,,,,,90,
2021/22,1005649,Murillo,CBF Brasileiro U20,1,2022-06-05,Corinthians U20,Athletico U20,0:1,CB,,,,48,,,,,90,
2021/22,1005649,Murillo,CBF Brasileiro U20,2,2022-06-21,Inter U20,Corinthians U20,0:5,CB,,,,,,,,,90,
2021/22,1005649,Murillo,CBF Brasileiro U20,3,2022-06-26,Atlético-GO U20,Corinthians U20,1:5,CB,,,,,,,,,90,
2022/23,1005649,Murillo,CBF Brasileiro U20,4,2022-07-03,Corinthians U20,Fluminense U20,1:0,,,,,,,,,,90,
2022/23,1005649,Murillo,CBF Brasileiro U20,5,2022-07-09,Grêmio U20,Corinthians U20,0:0,CB,,,,77,,,,,90,
2022/23,1005649,Murillo,CBF Brasileiro U20,6,2022-07-16,Bragantino U20,Corinthians U20,1:0,CB,,,,,,,,,90,
2022/23,1005649,Murillo,CBF Brasileiro U20,7,2022-07-24,Corinthians U20,Santos U20,1:0,CB,,,,85,,,,,90,
2022/23,1005649,Murillo,CBF Brasileiro U20,8,2022-07-31,Corinthians U20,Vasco U20,1:1,Not in squad,,,,,,,,,,
2022/23,1005649,Murillo,CBF Brasileiro U20,9,2022-08-07,Chapecoense U20,Corinthians U20,1:4,CB,1,,,,,,,,90,
2021/22,1005649,Murillo,Copa São Paulo de Futebol Júnior,Group 15,2022-01-05,Corinthians U20,Resende U20,2:1,,,,,,,,59,,31,
2021/22,1005649,Murillo,Copa São Paulo de Futebol Júnior,Group 15,2022-01-08,River-PI U20,Corinthians U20,0:2,on the bench,,,,,,,,,,
2021/22,1005649,Murillo,Copa São Paulo de Futebol Júnior,Group 15,2022-01-10,São José-SP U20,Corinthians U20,0:2,LB,,,,,,,,,90,
2021/22,1005649,Murillo,Copa São Paulo de Futebol Júnior,First Round,2022-01-13,Corinthians U20,Ituano U20,5:0,on the bench,,,,,,,,,,
2021/22,1005649,Murillo,Copa São Paulo de Futebol Júnior,Second Round,2022-01-15,Corinthians U20,Resende U20,1:2,on the bench,,,,,,,,,,
