﻿season,player_id,player_name,competition,journey,date,home_team,away_team,result,position,goals,assists,own_goals,yellow_cards,second_yellow_cards,red_cards,substitutions_on,substitutions_off,minutes_played,transfermarkt_score
2023/24,1011140,Jack Fletcher,International Friendlies,8,2023-09-06,England U17,Portugal U17,2:3,Not in squad,,,,,,,,,,
2023/24,1011140,Jack Fletcher,International Friendlies,31,2023-09-09,England U17,Morocco U16,6:7 on pens,Not in squad,,,,,,,,,,
2023/24,1011140,Jack Fletcher,International Friendlies,6,2023-09-12,England U17,Spain U17,4:1,Not in squad,,,,,,,,,,
2023/24,1011140,Jack Fletcher,International Friendlies,4,2023-10-11,England U17,Norway U16,3:0,Not in squad,,,,,,,,,,
2023/24,1011140,Jack Fletcher,International Friendlies,11,2023-10-13,England U17,Norway U16,2:2,Not in squad,,,,,,,,,,
2023/24,1011140,Jack Fletcher,UEFA Youth League,Group A,2023-09-20,FC Bayern YL,Man Utd YL,2:0,Not in squad,,,,,,,,,,
2023/24,1011140,Jack Fletcher,UEFA Youth League,Group A,2023-10-03,Man Utd YL,Galatasaray YL,3:0,Not in squad,,,,,,,,,,
2023/24,1011140,Jack Fletcher,UEFA Youth League,Group A,2023-10-24,Man Utd YL,Copenhagen YL,0:1,Not in squad,,,,,,,,,,
2023/24,1011140,Jack Fletcher,UEFA Youth League,Group A,2023-11-08,Copenhagen YL,Man Utd YL,2:2,Not in squad,,,,,,,,,,
2023/24,1011140,Jack Fletcher,UEFA Youth League,Group A,2023-11-29,Galatasaray YL,Man Utd YL,1:0,RM,,,,,,,,,90,
2023/24,1011140,Jack Fletcher,UEFA Youth League,Group A,2023-12-12,Man Utd YL,FC Bayern YL,0:2,Not in squad,,,,,,,,,,
2023/24,1011140,Jack Fletcher,U18 Premier League - Final Stage,Final,2024-05-14,Chelsea U18,Man Utd U18,1:2,AM,,,,,,,,,90,
2023/24,1011140,Jack Fletcher,U18 Premier League,3,2023-08-26,Stoke U18,Man Utd U18,1:4,Not in squad,,,,,,,,,,
2023/24,1011140,Jack Fletcher,U18 Premier League,4,2023-09-16,Man Utd U18,Nottingham U18,2:1,Not in squad,,,,,,,,,,
2023/24,1011140,Jack Fletcher,U18 Premier League,5,2023-09-23,Sunderland U18,Man Utd U18,2:3,Not in squad,,,,,,,,,,
2023/24,1011140,Jack Fletcher,U18 Premier League,6,2023-09-30,Man Utd U18,Newcastle U18,5:1,Not in squad,,,,,,,,,,
2023/24,1011140,Jack Fletcher,U18 Premier League,7,2023-10-07,Man Utd U18,Derby U18,3:1,Not in squad,,,,,,,,,,
2023/24,1011140,Jack Fletcher,U18 Premier League,8,2023-10-28,Leeds U18,Man Utd U18,0:6,AM,1,1,,,,,,,90,
2023/24,1011140,Jack Fletcher,U18 Premier League,10,2023-11-11,Blackburn U18,Man Utd U18,0:3,Not in squad,,,,,,,,,,
2023/24,1011140,Jack Fletcher,U18 Premier League,11,2023-12-02,Man Utd U18,Wolves U18,2:0,Not in squad,,,,,,,,,,
2023/24,1011140,Jack Fletcher,U18 Premier League,12,2023-12-16,Everton U18,Man Utd U18,0:2,AM,,,,,,,,46,45,
2023/24,1011140,Jack Fletcher,U18 Premier League,14,2024-01-13,Newcastle U18,Man Utd U18,1:3,AM,,,,,,,,79,79,
2023/24,1011140,Jack Fletcher,U18 Premier League,2,2024-01-20,Man Utd U18,Man City U18,1:0,AM,,1,,,,,,,90,
2023/24,1011140,Jack Fletcher,U18 Premier League,15,2024-01-27,Man Utd U18,Leeds U18,4:0,Not in squad,,,,,,,,,,
2023/24,1011140,Jack Fletcher,U18 Premier League,13,2024-01-30,Man Utd U18,Liverpool U18,4:3,AM,,,,,,,,,90,
2023/24,1011140,Jack Fletcher,U18 Premier League,16,2024-02-10,Derby U18,Man Utd U18,2:2,Not in squad,,,,,,,,,,
2023/24,1011140,Jack Fletcher,U18 Premier League,17,2024-02-17,Nottingham U18,Man Utd U18,2:2,Not in squad,,,,,,,,,,
2023/24,1011140,Jack Fletcher,U18 Premier League,18,2024-02-24,Man Utd U18,Boro U18,3:0,Not in squad,,,,,,,,,,
2023/24,1011140,Jack Fletcher,U18 Premier League,19,2024-03-09,Man City U18,Man Utd U18,4:1,Not in squad,,,,,,,,,,
2023/24,1011140,Jack Fletcher,U18 Premier League,20,2024-03-16,Man Utd U18,Blackburn U18,5:2,Not in squad,,,,,,,,,,
2023/24,1011140,Jack Fletcher,U18 Premier League,21,2024-04-06,Liverpool U18,Man Utd U18,1:9,,,1,,,,,59,,31,
2023/24,1011140,Jack Fletcher,U18 Premier League,22,2024-04-13,Man Utd U18,Stoke U18,4:2,AM,,1,,,,,,71,71,
2023/24,1011140,Jack Fletcher,U18 Premier League,23,2024-04-16,Wolves U18,Man Utd U18,1:2,AM,,,,,,,,62,62,
2023/24,1011140,Jack Fletcher,U18 Premier League,24,2024-04-27,Man Utd U18,Sunderland U18,1:3,CM,,,,92,,,,,90,
2023/24,1011140,Jack Fletcher,U18 Premier League,25,2024-05-04,Man Utd U18,Everton U18,3:1,AM,,,,32,,,,,90,
2023/24,1011140,Jack Fletcher,2024 UEFA Under-17 Euro,Group D,2024-05-21,France U17,England U17,0:4,CM,,,,,,,,73,73,
2023/24,1011140,Jack Fletcher,2024 UEFA Under-17 Euro,Group D,2024-05-24,Portugal U17,England U17,4:1,,,,,,,,70,,20,
2023/24,1011140,Jack Fletcher,2024 UEFA Under-17 Euro,Group D,2024-05-27,England U17,Spain U17,3:1,CM,,,,,,,,,90,
2023/24,1011140,Jack Fletcher,2024 UEFA Under-17 Euro,Quarter-Finals,2024-05-30,Italy U17,England U17,6:5 on pens,CM,,,,6,,,,46,45,
2023/24,1011140,Jack Fletcher,UEFA European Under-17 Championship qualification,group 9,2023-11-03,England U17,Faroe U17,8:0,CM,1,,,,,,,58,58,
2023/24,1011140,Jack Fletcher,UEFA European Under-17 Championship qualification,group 9,2023-11-06,England U17,Kosovo U17,5:0,on the bench,,,,,,,,,,
2023/24,1011140,Jack Fletcher,UEFA European Under-17 Championship qualification,group 9,2023-11-09,Croatia U17,England U17,1:5,AM,,,,,,,,,90,
2023/24,1011140,Jack Fletcher,UEFA European Under-17 Championship qualification,group B1,2024-03-20,England U17,N. Ireland U17,5:1,Not in squad,,,,,,,,,,
2023/24,1011140,Jack Fletcher,UEFA European Under-17 Championship qualification,group B1,2024-03-23,England U17,Hungary U17,5:0,Not in squad,,,,,,,,,,
2023/24,1011140,Jack Fletcher,UEFA European Under-17 Championship qualification,group B1,2024-03-26,France U17,England U17,2:1,Not in squad,,,,,,,,,,
2023/24,1011140,Jack Fletcher,FA Youth Cup,Third Round,2023-12-19,Man Utd U18,Derby U18,1:0,AM,,,,,,,,,90,
2023/24,1011140,Jack Fletcher,FA Youth Cup,Fourth Round,2024-01-16,Swindon U18,Man Utd U18,2:0,CM,,,,,,,,,90,
