﻿season,player_id,player_name,competition,journey,date,home_team,away_team,result,position,goals,assists,own_goals,yellow_cards,second_yellow_cards,red_cards,substitutions_on,substitutions_off,minutes_played,transfermarkt_score
2023/24,1013690,Elyh Harrison,International Friendlies,6,2023-09-06,Germany U19,England U19,1:0,Not in squad,,,,,,,,,,
2022/23,1013690,Elyh Harrison,International Friendlies,,,,,,,,,,,,,,,,
2023/24,1013690,Elyh Harrison,International Friendlies,6,2023-09-06,France U18,England U18,2:0,Not in squad,,,,,,,,,,
2023/24,1013690,Elyh Harrison,International Friendlies,22,2023-09-08,England U18,Japan U17,0:4,Not in squad,,,,,,,,,,
2022/23,1013690,Elyh Harrison,International Friendlies,,,,,,,,,,,,,,,,
2023/24,1013690,Elyh Harrison,International Friendlies,7,2023-09-09,Switzerland U19,England U19,2:4,Not in squad,,,,,,,,,,
2022/23,1013690,Elyh Harrison,International Friendlies,,,,,,,,,,,,,,,,
2023/24,1013690,Elyh Harrison,International Friendlies,6,2023-09-10,Portugal U18,England U18,2:1,Not in squad,,,,,,,,,,
2023/24,1013690,Elyh Harrison,International Friendlies,10,2023-10-11,England U18,Belgium U18,1:1,on the bench,,,,,,,,,,
2023/24,1013690,Elyh Harrison,International Friendlies,11,2023-10-14,England U18,Morocco U17,1:0,GK,,,,,,,,,90,
2023/24,1013690,Elyh Harrison,International Friendlies,24,2023-10-17,England U18,South Korea U17,1:1,on the bench,,,,,,,,,,
2022/23,1013690,Elyh Harrison,International Friendlies,,,,,,,,,,,,,,,,
2023/24,1013690,Elyh Harrison,International Friendlies,12,2023-11-15,England U19,Romania U19,6:0,on the bench,,,,,,,,,,
2023/24,1013690,Elyh Harrison,International Friendlies,26,2023-11-18,England U19,Japan U18,3:2,on the bench,,,,,,,,,,
2023/24,1013690,Elyh Harrison,International Friendlies,6,2023-11-21,Mexico U18,England U19,1:7,GK,,,,,,,,46,45,
2022/23,1013690,Elyh Harrison,International Friendlies,,,,,,,,,,,,,,,,
2023/24,1013690,Elyh Harrison,International Friendlies,17,2024-03-20,Czechia U18,England U18,1:2,Not in squad,,,,,,,,,,
2022/23,1013690,Elyh Harrison,International Friendlies,,,,,,,,,,,,,,,,
2023/24,1013690,Elyh Harrison,International Friendlies,12,2024-03-21,Morocco U20,England U19,1:1,Not in squad,,,,,,,,,,
2022/23,1013690,Elyh Harrison,International Friendlies,,,,,,,,,,,,,,,,
2023/24,1013690,Elyh Harrison,International Friendlies,4,2024-03-22,England U18,Germany U18,0:0,Not in squad,,,,,,,,,,
2023/24,1013690,Elyh Harrison,International Friendlies,21,2024-03-25,England U18,Netherlands U18,2:1,Not in squad,,,,,,,,,,
2023/24,1013690,Elyh Harrison,International Friendlies,8,2024-05-22,England U18,N. Ireland U18,4:2,GK,,,,,,,,,90,
2023/24,1013690,Elyh Harrison,International Friendlies,9,2024-05-26,England U18,Morocco U18,2:1,on the bench,,,,,,,,,,
2023/24,1013690,Elyh Harrison,UEFA Youth League,Group A,2023-09-20,FC Bayern YL,Man Utd YL,2:0,GK,,,,,,,,,90,
2023/24,1013690,Elyh Harrison,UEFA Youth League,Group A,2023-10-03,Man Utd YL,Galatasaray YL,3:0,GK,,,,,,,,,90,
2023/24,1013690,Elyh Harrison,UEFA Youth League,Group A,2023-10-24,Man Utd YL,Copenhagen YL,0:1,Not in squad,,,,,,,,,,
2023/24,1013690,Elyh Harrison,UEFA Youth League,Group A,2023-11-08,Copenhagen YL,Man Utd YL,2:2,GK,,,,,,,,,90,
2023/24,1013690,Elyh Harrison,UEFA Youth League,Group A,2023-11-29,Galatasaray YL,Man Utd YL,1:0,GK,,,,,,,,,90,
2023/24,1013690,Elyh Harrison,UEFA Youth League,Group A,2023-12-12,Man Utd YL,FC Bayern YL,0:2,GK,,,,,,,,,90,
2023/24,1013690,Elyh Harrison,EFL Trophy,group A5,2023-08-22,Stockport,Man Utd U21,4:6 on pens,GK,,,,,,,,,90,
2023/24,1013690,Elyh Harrison,EFL Trophy,group A5,2023-09-26,Bolton,Man Utd U21,8:1,on the bench,,,,,,,,,,
2023/24,1013690,Elyh Harrison,EFL Trophy,group A5,2023-10-31,Salford,Man Utd U21,4:3,GK,,,,,,,,,90,
2023/24,1013690,Elyh Harrison,U18 Premier League - Final Stage,Final,2024-05-14,Chelsea U18,Man Utd U18,1:2,GK,,,,,,,,,90,
2023/24,1013690,Elyh Harrison,Premier League 2 Playoffs,Round of 16,2024-05-03,Arsenal U21,Man Utd U21,6:2,Not in squad,,,,,,,,,,
2023/24,1013690,Elyh Harrison,U18 Premier League,1,2023-08-12,Boro U18,Man Utd U18,0:4,Not in squad,,,,,,,,,,
2023/24,1013690,Elyh Harrison,U18 Premier League,3,2023-08-26,Stoke U18,Man Utd U18,1:4,Not in squad,,,,,,,,,,
2023/24,1013690,Elyh Harrison,U18 Premier League,4,2023-09-16,Man Utd U18,Nottingham U18,2:1,Not in squad,,,,,,,,,,
2023/24,1013690,Elyh Harrison,U18 Premier League,5,2023-09-23,Sunderland U18,Man Utd U18,2:3,Not in squad,,,,,,,,,,
2023/24,1013690,Elyh Harrison,U18 Premier League,6,2023-09-30,Man Utd U18,Newcastle U18,5:1,GK,,,,,,,,,90,
2023/24,1013690,Elyh Harrison,U18 Premier League,7,2023-10-07,Man Utd U18,Derby U18,3:1,Not in squad,,,,,,,,,,
2023/24,1013690,Elyh Harrison,U18 Premier League,8,2023-10-28,Leeds U18,Man Utd U18,0:6,Not in squad,,,,,,,,,,
2023/24,1013690,Elyh Harrison,U18 Premier League,10,2023-11-11,Blackburn U18,Man Utd U18,0:3,Not in squad,,,,,,,,,,
2023/24,1013690,Elyh Harrison,U18 Premier League,11,2023-12-02,Man Utd U18,Wolves U18,2:0,Not in squad,,,,,,,,,,
2023/24,1013690,Elyh Harrison,U18 Premier League,12,2023-12-16,Everton U18,Man Utd U18,0:2,on the bench,,,,,,,,,,
2023/24,1013690,Elyh Harrison,U18 Premier League,14,2024-01-13,Newcastle U18,Man Utd U18,1:3,Not in squad,,,,,,,,,,
2023/24,1013690,Elyh Harrison,U18 Premier League,2,2024-01-20,Man Utd U18,Man City U18,1:0,GK,,,,,,,,,90,
2023/24,1013690,Elyh Harrison,U18 Premier League,15,2024-01-27,Man Utd U18,Leeds U18,4:0,Not in squad,,,,,,,,,,
2023/24,1013690,Elyh Harrison,U18 Premier League,13,2024-01-30,Man Utd U18,Liverpool U18,4:3,GK,,,,,,,,,90,
2023/24,1013690,Elyh Harrison,U18 Premier League,16,2024-02-10,Derby U18,Man Utd U18,2:2,Not in squad,,,,,,,,,,
2023/24,1013690,Elyh Harrison,U18 Premier League,17,2024-02-17,Nottingham U18,Man Utd U18,2:2,Not in squad,,,,,,,,,,
2023/24,1013690,Elyh Harrison,U18 Premier League,18,2024-02-24,Man Utd U18,Boro U18,3:0,Not in squad,,,,,,,,,,
2023/24,1013690,Elyh Harrison,U18 Premier League,19,2024-03-09,Man City U18,Man Utd U18,4:1,on the bench,,,,,,,,,,
2023/24,1013690,Elyh Harrison,U18 Premier League,20,2024-03-16,Man Utd U18,Blackburn U18,5:2,on the bench,,,,,,,,,,
2023/24,1013690,Elyh Harrison,U18 Premier League,21,2024-04-06,Liverpool U18,Man Utd U18,1:9,GK,,,,,,,,,90,
2023/24,1013690,Elyh Harrison,U18 Premier League,22,2024-04-13,Man Utd U18,Stoke U18,4:2,Not in squad,,,,,,,,,,
2023/24,1013690,Elyh Harrison,U18 Premier League,23,2024-04-16,Wolves U18,Man Utd U18,1:2,GK,,,,,,,,43,43,
2023/24,1013690,Elyh Harrison,U18 Premier League,24,2024-04-27,Man Utd U18,Sunderland U18,1:3,Not in squad,,,,,,,,,,
2023/24,1013690,Elyh Harrison,U18 Premier League,25,2024-05-04,Man Utd U18,Everton U18,3:1,Not in squad,,,,,,,,,,
2023/24,1013690,Elyh Harrison,Premier League 2,1,2023-08-14,Palace U21,Man Utd U21,3:2,Not in squad,,,,,,,,,,
2023/24,1013690,Elyh Harrison,Premier League 2,2,2023-08-18,Man Utd U21,Leeds U21,1:2,GK,,,,,,,,,90,
2023/24,1013690,Elyh Harrison,Premier League 2,3,2023-08-26,Man Utd U21,Stoke U21,10:1,GK,,,,,,,,,90,
2023/24,1013690,Elyh Harrison,Premier League 2,4,2023-09-03,Sunderland U21,Man Utd U21,5:5,GK,,,,,,,,65,65,
2023/24,1013690,Elyh Harrison,Premier League 2,5,2023-09-23,Man Utd U21,Arsenal U21,2:4,GK,,,,,,,,,90,
2023/24,1013690,Elyh Harrison,Premier League 2,6,2023-09-30,Blackburn U21,Man Utd U21,2:5,Not in squad,,,,,,,,,,
2023/24,1013690,Elyh Harrison,Premier League 2,7,2023-10-27,Fulham U21,Man Utd U21,1:1,GK,,,,,,,,,90,
2023/24,1013690,Elyh Harrison,Premier League 2,8,2023-11-04,Man Utd U21,Everton U21,3:1,GK,,,,,,,,,90,
2023/24,1013690,Elyh Harrison,Premier League 2,10,2023-12-16,Man Utd U21,Newcastle U21,3:2,Not in squad,,,,,,,,,,
2023/24,1013690,Elyh Harrison,Premier League 2,11,2024-01-12,Chelsea U21,Man Utd U21,3:2,GK,,,,,,,,,90,
2023/24,1013690,Elyh Harrison,Premier League 2,12,2024-01-27,Man Utd U21,Norwich U21,4:2,Not in squad,,,,,,,,,,
2023/24,1013690,Elyh Harrison,Premier League 2,14,2024-02-19,Man Utd U21,Man City U21,2:1,Not in squad,,,,,,,,,,
2023/24,1013690,Elyh Harrison,Premier League 2,15,2024-03-01,Man Utd U21,Derby U21,2:4,Not in squad,,,,,,,,,,
2023/24,1013690,Elyh Harrison,Premier League 2,16,2024-03-08,Boro U21,Man Utd U21,3:2,GK,,,,,,,,,90,
2023/24,1013690,Elyh Harrison,Premier League 2,17,2024-03-18,West Brom U21,Man Utd U21,0:3,GK,,,,,,,,,90,
2023/24,1013690,Elyh Harrison,Premier League 2,18,2024-04-08,Man Utd U21,Brighton U21,1:1,Not in squad,,,,,,,,,,
2023/24,1013690,Elyh Harrison,Premier League 2,19,2024-04-12,Man Utd U21,Liverpool U21,0:3,GK,,,,,,,,,90,
2023/24,1013690,Elyh Harrison,Premier League 2,9,2024-04-20,Tottenham U21,Man Utd U21,2:2,Not in squad,,,,,,,,,,
2023/24,1013690,Elyh Harrison,Premier League 2,20,2024-04-26,Nottingham U21,Man Utd U21,0:0,GK,,,,,,,,,90,
2023/24,1013690,Elyh Harrison,Premier League 2,13,2024-04-29,Southampton U21,Man Utd U21,3:6,GK,,,,,,,,,90,
2023/24,1013690,Elyh Harrison,UEFA EURO U19 Championship Qualifiers,Group 12,2023-10-11,England U19,Montenegro U19,0:0,Not in squad,,,,,,,,,,
2023/24,1013690,Elyh Harrison,UEFA EURO U19 Championship Qualifiers,Group 12,2023-10-14,England U19,Wales U19,1:1,Not in squad,,,,,,,,,,
2023/24,1013690,Elyh Harrison,UEFA EURO U19 Championship Qualifiers,Group 12,2023-10-17,Austria U19,England U19,0:0,Not in squad,,,,,,,,,,
2023/24,1013690,Elyh Harrison,FA Youth Cup,Third Round,2023-12-19,Man Utd U18,Derby U18,1:0,GK,,,,,,,,,90,
2023/24,1013690,Elyh Harrison,FA Youth Cup,Fourth Round,2024-01-16,Swindon U18,Man Utd U18,2:0,GK,,,,,,,,,90,
