﻿season,player_id,player_name,competition,journey,date,home_team,away_team,result,position,goals,assists,own_goals,yellow_cards,second_yellow_cards,red_cards,substitutions_on,substitutions_off,minutes_played,transfermarkt_score
2022/23,108354,Jordan Ayew,International Friendlies,23,2022-09-23,Brazil,Ghana,3:0,LW,,,,,,,,,90,
2022/23,108354,Jordan Ayew,International Friendlies,32,2022-09-27,Nicaragua,Ghana,0:1,CF,,,,,,,90,,1,
2022/23,108354,Jordan Ayew,International Friendlies,11,2022-11-17,Ghana,Switzerland,2:0,CF,,,,,,,,,90,
2022/23,108354,Jordan Ayew,Premier League,1,2022-08-05,Crystal Palace,Arsenal,0:2,Centre Forward,,,,,,,,,90,
2022/23,108354,Jordan Ayew,Premier League,2,2022-08-15,Liverpool,Crystal Palace,1:1,Centre Forward,,,,,,,,63,63,
2022/23,108354,Jordan Ayew,Premier League,3,2022-08-20,Crystal Palace,Aston Villa,3:1,Centre Forward,,,,,,,,70,70,
2022/23,108354,Jordan Ayew,Premier League,4,2022-08-27,Man City,Crystal Palace,4:2,Centre Forward,,,,,,,,74,74,
2022/23,108354,Jordan Ayew,Premier League,5,2022-08-30,Crystal Palace,Brentford,1:1,Centre Forward,,,,,,,76,,14,
2022/23,108354,Jordan Ayew,Premier League,6,2022-09-03,Newcastle,Crystal Palace,0:0,Centre Forward,,,,,,,,,90,
2022/23,108354,Jordan Ayew,Premier League,9,2022-10-01,Crystal Palace,Chelsea,1:2,Centre Forward,,1,,,,,,,90,
2022/23,108354,Jordan Ayew,Premier League,10,2022-10-09,Crystal Palace,Leeds,2:1,Centre Forward,,,,,,,,65,65,
2022/23,108354,Jordan Ayew,Premier League,11,2022-10-15,Leicester,Crystal Palace,0:0,Centre Forward,,,,,,,,,90,
2022/23,108354,Jordan Ayew,Premier League,12,2022-10-18,Crystal Palace,Wolves,2:1,,,,,,,,80,,10,
2022/23,108354,Jordan Ayew,Premier League,13,2022-10-22,Everton,Crystal Palace,3:0,Centre Forward,,,,,,,,75,75,
2022/23,108354,Jordan Ayew,Premier League,14,2022-10-29,Crystal Palace,Southampton,1:0,Centre Forward,,,,,,,63,,27,
2022/23,108354,Jordan Ayew,Premier League,15,2022-11-06,West Ham,Crystal Palace,1:2,Centre Forward,,,,88,,,,,90,
2022/23,108354,Jordan Ayew,Premier League,16,2022-11-12,Nott'm Forest,Crystal Palace,1:0,Centre Forward,,,,,,,,59,59,
2022/23,108354,Jordan Ayew,Premier League,17,2022-12-26,Crystal Palace,Fulham,0:3,CF,,,,,,,,,90,
2022/23,108354,Jordan Ayew,Premier League,18,2022-12-31,Bournemouth,Crystal Palace,0:2,CF,1,,,,,,,74,74,
2022/23,108354,Jordan Ayew,Premier League,19,2023-01-04,Crystal Palace,Tottenham,0:4,CF,,,,,,,,,90,
2022/23,108354,Jordan Ayew,Premier League,20,2023-01-15,Chelsea,Crystal Palace,1:0,CF,,,,,,,,69,69,
2022/23,108354,Jordan Ayew,Premier League,7,2023-01-18,Crystal Palace,Man Utd,1:1,CF,,,,,,,71,,19,
2022/23,108354,Jordan Ayew,Premier League,21,2023-01-21,Crystal Palace,Newcastle,0:0,Centre Forward,,,,,,,,,90,
2022/23,108354,Jordan Ayew,Premier League,22,2023-02-04,Man Utd,Crystal Palace,2:1,Centre Forward,,,,,,,,73,73,
2022/23,108354,Jordan Ayew,Premier League,23,2023-02-11,Crystal Palace,Brighton,1:1,CF,,,,,,,,,90,
2022/23,108354,Jordan Ayew,Premier League,24,2023-02-18,Brentford,Crystal Palace,1:1,CF,,,,13,,,,,90,
2022/23,108354,Jordan Ayew,Premier League,25,2023-02-25,Crystal Palace,Liverpool,0:0,CF,,,,,,,,,90,
2022/23,108354,Jordan Ayew,Premier League,26,2023-03-04,Aston Villa,Crystal Palace,1:0,Centre Forward,,,,,,,,76,76,
2022/23,108354,Jordan Ayew,Premier League,27,2023-03-11,Crystal Palace,Man City,0:1,LW,,,,,,,,80,80,
2022/23,108354,Jordan Ayew,Premier League,8,2023-03-15,Brighton,Crystal Palace,1:0,,,,,94,,,70,,20,
2022/23,108354,Jordan Ayew,Premier League,28,2023-03-19,Arsenal,Crystal Palace,4:1,,,,,,,,65,,25,
2022/23,108354,Jordan Ayew,Premier League,29,2023-04-01,Crystal Palace,Leicester,2:1,,,1,,,,,45,,45,
2022/23,108354,Jordan Ayew,Premier League,30,2023-04-09,Leeds,Crystal Palace,1:5,LW,2,,,,,,,80,80,
2022/23,108354,Jordan Ayew,Premier League,31,2023-04-15,Southampton,Crystal Palace,0:2,LW,,,,,,,,90,90,
2022/23,108354,Jordan Ayew,Premier League,32,2023-04-22,Crystal Palace,Everton,0:0,LW,,,,,,,,,90,
2022/23,108354,Jordan Ayew,Premier League,33,2023-04-25,Wolves,Crystal Palace,2:0,CF,,,,,,,,,90,
2022/23,108354,Jordan Ayew,Premier League,34,2023-04-29,Crystal Palace,West Ham,4:3,CF,1,,,15,,,,,90,
2022/23,108354,Jordan Ayew,Premier League,35,2023-05-06,Tottenham,Crystal Palace,1:0,CF,,,,73,,,,84,84,
2022/23,108354,Jordan Ayew,Premier League,36,2023-05-13,Crystal Palace,Bournemouth,2:0,CF,,1,,,,,,,90,
2022/23,108354,Jordan Ayew,Premier League,37,2023-05-20,Fulham,Crystal Palace,2:2,LW,,,,,,,,,90,
2022/23,108354,Jordan Ayew,Premier League,38,2023-05-28,Crystal Palace,Nott'm Forest,1:1,LW,,,,,,,,,90,
2022/23,108354,Jordan Ayew,FA Cup,Third Round,2023-01-07,Crystal Palace,Southampton,1:2,Centre Forward,,,,,,,,,90,
2022/23,108354,Jordan Ayew,EFL Cup,Second Round,2022-08-23,Oxford United,Crystal Palace,0:2,,,,,,,,76,,14,
2022/23,108354,Jordan Ayew,EFL Cup,Third Round,2022-11-09,Newcastle,Crystal Palace,3:2 on pens,AM,,,,,,,,78,78,
2022/23,108354,Jordan Ayew,African Nations Championship,Group C,2023-01-15,Madagascar,Ghana,2:1,Not in squad,,,,,,,,,,
2022/23,108354,Jordan Ayew,African Nations Championship,Group C,2023-01-19,Ghana,Sudan,3:1,Not in squad,,,,,,,,,,
2022/23,108354,Jordan Ayew,African Nations Championship,Quarter-Finals,2023-01-28,Niger,Ghana,2:0,Not in squad,,,,,,,,,,
