﻿season,player_id,player_name,competition,journey,date,home_team,away_team,result,position,goals,assists,own_goals,yellow_cards,second_yellow_cards,red_cards,substitutions_on,substitutions_off,minutes_played,transfermarkt_score
2025/26,1045123,Trey Nyoni,UEFA Champions League,Group Stage,2025-09-17,Liverpool,Atlético,3:2,Not in squad,,,,,,,,,,
2025/26,1045123,Trey Nyoni,UEFA Champions League,Group Stage,2025-09-30,Galatasaray,Liverpool,1:0,Not in squad,,,,,,,,,,
2025/26,1045123,Trey Nyoni,UEFA Champions League,Group Stage,2025-10-22,Frankfurt,Liverpool,1:5,Not in squad,,,,,,,,,,
2025/26,1045123,Trey Nyoni,UEFA Champions League,Group Stage,2025-11-04,Liverpool,Real Madrid,1:0,Not in squad,,,,,,,,,,
2025/26,1045123,Trey Nyoni,UEFA Champions League,Group Stage,2025-11-26,Liverpool,PSV,1:4,on the bench,,,,,,,,,,
2025/26,1045123,Trey Nyoni,International Friendlies,1,2025-09-03,England U19,Ukraine U19,2:0,CB,,,,,,,,70,70,
2025/26,1045123,Trey Nyoni,International Friendlies,2,2025-09-06,England U19,Spain U19,3:3,CM,,,,,,,,69,69,
2025/26,1045123,Trey Nyoni,International Friendlies,3,2025-09-09,England U19,Netherlands U19,4:1,,,,,,,,46,,45,
2025/26,1045123,Trey Nyoni,International Friendlies,4,2025-10-11,England U19,Belgium U19,4:1,,,,,,,,67,,23,
2025/26,1045123,Trey Nyoni,International Friendlies,4,2025-10-14,England U19,Wales U19,7:0,CM,1,1,,,,,,66,66,
2025/26,1045123,Trey Nyoni,UEFA Youth League,Group Stage,2025-09-17,Liverpool FC YL,Atlético YL,0:0,DM,,,,,,,,,90,
2025/26,1045123,Trey Nyoni,UEFA Youth League,Group Stage,2025-09-30,Galatasaray YL,Liverpool FC YL,0:2,CM,,,,,,,,,90,
2025/26,1045123,Trey Nyoni,UEFA Youth League,Group Stage,2025-10-22,E. Frankfurt YL,Liverpool FC YL,4:5,DM,,,,,,,,,90,
2025/26,1045123,Trey Nyoni,UEFA Youth League,Group Stage,2025-11-04,Liverpool FC YL,Real Madrid YL,0:4,DM,,,,,,,,,90,
2025/26,1045123,Trey Nyoni,UEFA Youth League,Group Stage,2025-11-26,Liverpool FC YL,Eindhoven YL,1:0,Not in squad,,,,,,,,,,
2025/26,1045123,Trey Nyoni,Premier League,1,2025-08-15,Liverpool,Bournemouth,4:2,on the bench,,,,,,,,,,
2025/26,1045123,Trey Nyoni,Premier League,2,2025-08-25,Newcastle,Liverpool,2:3,Not in squad,,,,,,,,,,
2025/26,1045123,Trey Nyoni,Premier League,3,2025-08-31,Liverpool,Arsenal,1:0,Not in squad,,,,,,,,,,
2025/26,1045123,Trey Nyoni,Premier League,4,2025-09-14,Burnley,Liverpool,0:1,on the bench,,,,,,,,,,
2025/26,1045123,Trey Nyoni,Premier League,5,2025-09-20,Liverpool,Everton,2:1,Not in squad,,,,,,,,,,
2025/26,1045123,Trey Nyoni,Premier League,6,2025-09-27,Crystal Palace,Liverpool,2:1,Not in squad,,,,,,,,,,
2025/26,1045123,Trey Nyoni,Premier League,7,2025-10-04,Chelsea,Liverpool,2:1,Not in squad,,,,,,,,,,
2025/26,1045123,Trey Nyoni,Premier League,8,2025-10-19,Liverpool,Man Utd,1:2,Not in squad,,,,,,,,,,
2025/26,1045123,Trey Nyoni,Premier League,9,2025-10-25,Brentford,Liverpool,3:2,on the bench,,,,,,,,,,
2025/26,1045123,Trey Nyoni,Premier League,10,2025-11-01,Liverpool,Aston Villa,2:0,on the bench,,,,,,,,,,
2025/26,1045123,Trey Nyoni,Premier League,11,2025-11-09,Man City,Liverpool,3:0,Not in squad,,,,,,,,,,
2025/26,1045123,Trey Nyoni,Premier League,12,2025-11-22,Liverpool,Nott'm Forest,0:3,on the bench,,,,,,,,,,
2025/26,1045123,Trey Nyoni,Premier League,13,2025-11-30,West Ham,Liverpool,0:2,on the bench,,,,,,,,,,
2025/26,1045123,Trey Nyoni,Premier League,14,2025-12-03,Liverpool,Sunderland,1:1,on the bench,,,,,,,,,,
2025/26,1045123,Trey Nyoni,Community Shield,Final,2025-08-10,Crystal Palace,Liverpool,5:4 on pens,on the bench,,,,,,,,,,
2025/26,1045123,Trey Nyoni,EFL Trophy,group A8,2025-09-02,Burton Albion,Liverpool U21,2:0,Not in squad,,,,,,,,,,
2025/26,1045123,Trey Nyoni,EFL Trophy,group A8,2025-10-14,Crewe Alexandra,Liverpool U21,2:0,Not in squad,,,,,,,,,,
2025/26,1045123,Trey Nyoni,EFL Trophy,group A8,2025-11-11,Chesterfield,Liverpool U21,12:13 on pens,Not in squad,,,,,,,,,,
2025/26,1045123,Trey Nyoni,EFL Cup,Third Round,2025-09-23,Liverpool,Southampton,2:1,AM,,,,,,,,,90,
2025/26,1045123,Trey Nyoni,EFL Cup,Fourth Round,2025-10-29,Liverpool,Crystal Palace,0:3,CM,,,,,,,,,90,
2025/26,1045123,Trey Nyoni,Premier League 2,1,2025-08-18,Leicester U21,Liverpool U21,4:2,Not in squad,,,,,,,,,,
2025/26,1045123,Trey Nyoni,Premier League 2,2,2025-08-25,Liverpool U21,Burnley U21,2:3,CM,,,,,,,,,90,
2025/26,1045123,Trey Nyoni,Premier League 2,3,2025-08-29,Stoke U21,Liverpool U21,1:2,Not in squad,,,,,,,,,,
2025/26,1045123,Trey Nyoni,Premier League 2,4,2025-09-21,Liverpool U21,Man Utd U21,1:2,Not in squad,,,,,,,,,,
2025/26,1045123,Trey Nyoni,Premier League 2,5,2025-09-27,Ipswich U21,Liverpool U21,3:2,Not in squad,,,,,,,,,,
2025/26,1045123,Trey Nyoni,Premier League 2,6,2025-10-03,Fulham U21,Liverpool U21,1:1,Not in squad,,,,,,,,,,
2025/26,1045123,Trey Nyoni,Premier League 2,7,2025-10-26,Liverpool U21,Everton U21,4:1,Not in squad,,,,,,,,,,
2025/26,1045123,Trey Nyoni,Premier League 2,8,2025-11-01,Liverpool U21,Boro U21,4:2,Not in squad,,,,,,,,,,
2025/26,1045123,Trey Nyoni,Premier League 2,9,2025-11-07,West Ham U21,Liverpool U21,3:0,Not in squad,,,,,,,,,,
2025/26,1045123,Trey Nyoni,UEFA EURO U19 Championship Qualifiers,Group 8,2025-11-12,England U19,Lithuania U19,2:0,CB,,,,,,,,,90,
2025/26,1045123,Trey Nyoni,UEFA EURO U19 Championship Qualifiers,Group 8,2025-11-15,England U19,Latvia U19,7:0,CM,,1,,,,,,68,68,
2025/26,1045123,Trey Nyoni,UEFA EURO U19 Championship Qualifiers,Group 8,2025-11-18,Scotland U19,England U19,0:4,CM,,,,54,,,,69,69,
