﻿season,player_id,player_name,competition,journey,date,home_team,away_team,result,position,goals,assists,own_goals,yellow_cards,second_yellow_cards,red_cards,substitutions_on,substitutions_off,minutes_played,transfermarkt_score
2013/14,102017,Jorginho,UEFA Europa League,Second Round 1st leg,2014-02-20,Swansea,Napoli,0:0,Not in squad,,,,,,,,,,
2013/14,102017,Jorginho,UEFA Europa League,Second Round 2nd leg,2014-02-27,Napoli,Swansea,3:1,Not in squad,,,,,,,,,,
2013/14,102017,Jorginho,UEFA Europa League,last 16 1st leg,2014-03-13,Porto,Napoli,1:0,Not in squad,,,,,,,,,,
2013/14,102017,Jorginho,UEFA Europa League,last 16 2nd leg,2014-03-20,Napoli,Porto,2:2,Not in squad,,,,,,,,,,
2013/14,102017,Jorginho,Serie A,1,2013-08-24,Hellas Verona,AC Milan,2:1,CM,,,,20,,,,,90,
2013/14,102017,Jorginho,Serie A,2,2013-09-01,Roma,Hellas Verona,3:0,CM,,,,,,,,,90,
2013/14,102017,Jorginho,Serie A,3,2013-09-15,Hellas Verona,Sassuolo,2:0,DM,,1,,,,,,,90,
2013/14,102017,Jorginho,Serie A,4,2013-09-22,Juventus,Hellas Verona,2:1,AM,,,,,,,,,90,
2013/14,102017,Jorginho,Serie A,5,2013-09-25,Torino,Hellas Verona,2:2,DM,1,,,,,,,83,83,
2013/14,102017,Jorginho,Serie A,6,2013-09-29,Hellas Verona,AS Livorno,2:1,DM,1,,,75,,,,,90,
2013/14,102017,Jorginho,Serie A,7,2013-10-06,Bologna,Hellas Verona,1:4,CM,1,,,,,,,,90,
2013/14,102017,Jorginho,Serie A,8,2013-10-20,Hellas Verona,Parma,3:2,DM,2,,,,,,,,90,
2013/14,102017,Jorginho,Serie A,9,2013-10-26,Inter,Hellas Verona,4:2,CM,,,,,,,,,90,
2013/14,102017,Jorginho,Serie A,10,2013-10-30,Hellas Verona,Sampdoria,2:0,DM,,,,,,,,,90,
2013/14,102017,Jorginho,Serie A,11,2013-11-03,Hellas Verona,Cagliari,2:1,DM,,,,,,,,,90,
2013/14,102017,Jorginho,Serie A,12,2013-11-10,Genoa,Hellas Verona,2:0,DM,,,,,,,,,90,
2013/14,102017,Jorginho,Serie A,13,2013-11-23,Hellas Verona,Chievo Verona,0:1,CM,,,,84,,,,,90,
2013/14,102017,Jorginho,Serie A,14,2013-12-02,Fiorentina,Hellas Verona,4:3,DM,1,,,,,,,,90,
2013/14,102017,Jorginho,Serie A,15,2013-12-08,Hellas Verona,Atalanta,2:1,CM,1,,,,,,,,90,
2013/14,102017,Jorginho,Serie A,16,2013-12-14,Catania,Hellas Verona,0:0,Fever,,,,,,,,,,
2013/14,102017,Jorginho,Serie A,17,2013-12-22,Hellas Verona,Lazio,4:1,DM,,2,,,,,,87,87,
2013/14,102017,Jorginho,Serie A,18,2014-01-06,Udinese,Hellas Verona,1:3,DM,,,,,,,,,90,
2013/14,102017,Jorginho,Serie A,19,2014-01-12,Hellas Verona,Napoli,0:3,DM,,,,,,,,,90,
2012/13,102017,Jorginho,Serie A,,,,,,,,,,,,,,,,
2013/14,102017,Jorginho,Serie A,20,2014-01-19,Bologna,Napoli,2:2,Not in squad,,,,,,,,,,
2013/14,102017,Jorginho,Serie A,21,2014-01-25,Napoli,Chievo Verona,1:1,,,,,,,,56,,34,
2013/14,102017,Jorginho,Serie A,22,2014-02-02,Atalanta,Napoli,3:0,,,,,,,,71,,19,
2013/14,102017,Jorginho,Serie A,23,2014-02-08,Napoli,AC Milan,3:1,DM,,1,,68,,,,,90,
2013/14,102017,Jorginho,Serie A,24,2014-02-16,Sassuolo,Napoli,0:2,Yellow card suspension,,,,,,,,,,
2013/14,102017,Jorginho,Serie A,25,2014-02-24,Napoli,Genoa,1:1,CM,,,,,,,,80,80,
2013/14,102017,Jorginho,Serie A,26,2014-03-02,AS Livorno,Napoli,1:1,CM,,,,,,,,,90,
2013/14,102017,Jorginho,Serie A,27,2014-03-09,Napoli,Roma,1:0,Not in squad,,,,,,,,,,
2013/14,102017,Jorginho,Serie A,28,2014-03-17,Torino,Napoli,0:1,DM,,,,39,,,,,90,
2013/14,102017,Jorginho,Serie A,29,2014-03-23,Napoli,Fiorentina,0:1,CM,,,,,,,,,90,
2013/14,102017,Jorginho,Serie A,30,2014-03-26,Catania,Napoli,2:4,CM,,,,,,,,,90,
2013/14,102017,Jorginho,Serie A,31,2014-03-30,Napoli,Juventus,2:0,CM,,,,,,,,,90,
2013/14,102017,Jorginho,Serie A,32,2014-04-06,Parma,Napoli,1:0,CM,,,,,,,,,90,
2013/14,102017,Jorginho,Serie A,33,2014-04-13,Napoli,Lazio,4:2,CM,,,,2,,,,83,83,
2013/14,102017,Jorginho,Serie A,34,2014-04-19,Udinese,Napoli,1:1,,,,,76,,,74,,16,
2013/14,102017,Jorginho,Serie A,35,2014-04-26,Inter,Napoli,0:0,DM,,,,,,,,,90,
2013/14,102017,Jorginho,Serie A,36,2014-05-06,Napoli,Cagliari,3:0,on the bench,,,,,,,,,,
2013/14,102017,Jorginho,Serie A,37,2014-05-11,Sampdoria,Napoli,2:5,CM,,,,,,,,,90,
2013/14,102017,Jorginho,Serie A,38,2014-05-18,Napoli,Hellas Verona,5:1,DM,,,,,,,,78,78,
2013/14,102017,Jorginho,Italy Cup,Third Round,2013-08-17,US Palermo,Hellas Verona,0:1,DM,,,,,,,,,90,
2013/14,102017,Jorginho,Italy Cup,Fourth Round,2013-12-05,Sampdoria,Hellas Verona,4:1,Not in squad,,,,,,,,,,
2012/13,102017,Jorginho,Italy Cup,,,,,,,,,,,,,,,,
2013/14,102017,Jorginho,Italy Cup,Quarter-Finals,2014-01-29,Napoli,Lazio,1:0,DM,,,,15,,,,90,90,
2013/14,102017,Jorginho,Italy Cup,Semi-Finals 1st Leg,2014-02-05,Roma,Napoli,3:2,CM,,,,,,,,,90,
2013/14,102017,Jorginho,Italy Cup,Semi-Finals 2nd Leg,2014-02-12,Napoli,Roma,3:0,DM,1,,,,,,,85,85,
2013/14,102017,Jorginho,Italy Cup,Final,2014-05-03,Fiorentina,Napoli,1:3,DM,,,,,,,,,90,
