﻿season,player_id,player_name,competition,journey,date,home_team,away_team,result,position,goals,assists,own_goals,yellow_cards,second_yellow_cards,red_cards,substitutions_on,substitutions_off,minutes_played,transfermarkt_score
2010/11,111195,Joël Veltman,International Friendlies,2,2010-09-03,Netherlands U19,Germany U19,2:2,,,,,,,,47,,43,
2010/11,111195,Joël Veltman,International Friendlies,2,2010-09-07,Greece U19,Netherlands U19,3:1,,,,,,,,,46,45,
2010/11,111195,Joël Veltman,International Friendlies,6,2011-02-09,France U19,Netherlands U19,1:1,,1,,,,,,46,,45,
2010/11,111195,Joël Veltman,International Friendlies,7,2011-03-24,Italy U19,Netherlands U19,1:0,Cruciate ligament injury,,,,,,,,,,
2010/11,111195,Joël Veltman,International Friendlies,8,2011-03-29,Netherlands U19,England U19,3:0,Cruciate ligament injury,,,,,,,,,,
2010/11,111195,Joël Veltman,U19 Division 1 Spring,1,2010-08-25,Ajax U19,Heerenveen U19,4:0,Information not yet available,,,,,,,,,,
2010/11,111195,Joël Veltman,U19 Division 1 Spring,2,2010-08-28,Sparta U19,Ajax U19,4:3,CB,,,,,,,,,90,
2010/11,111195,Joël Veltman,U19 Division 1 Spring,3,2010-09-11,AZ U19,Ajax U19,2:6,CB,,,,,,,,,90,
2010/11,111195,Joël Veltman,U19 Division 1 Spring,4,2010-09-18,Ajax U19,NEC U19,3:0,Information not yet available,,,,,,,,,,
2010/11,111195,Joël Veltman,U19 Division 1 Spring,5,2010-09-25,Gron./Cam. U19,Ajax U19,1:6,Information not yet available,,,,,,,,,,
2010/11,111195,Joël Veltman,U19 Division 1 Spring,6,2010-10-02,Ajax U19,ADO U19,3:0,Information not yet available,,,,,,,,,,
2010/11,111195,Joël Veltman,U19 Division 1 Spring,7,2010-10-16,Ajax U19,Graafschap U19,2:5,CB,,,,,,,,,90,
2010/11,111195,Joël Veltman,U19 Division 1 Spring,8,2010-10-30,Feyenoord U19,Ajax U19,1:1,CB,,,,,,55,,,55,
2010/11,111195,Joël Veltman,U19 Division 1 Spring,9,2010-11-06,Ajax U19,Vit./AGOVV U19,3:0,Information not yet available,,,,,,,,,,
2010/11,111195,Joël Veltman,U19 Division 1 Spring,10,2010-11-13,PSV U19,Ajax U19,3:0,Information not yet available,,,,,,,,,,
2010/11,111195,Joël Veltman,U19 Division 1 Spring,11,2010-11-20,NAC Breda U19,Ajax U19,0:2,CB,,,,,,,,,90,
2010/11,111195,Joël Veltman,U19 Division 1 Spring,12,2010-12-11,Utrecht U19,Ajax U19,0:5,Information not yet available,,,,,,,,,,
2010/11,111195,Joël Veltman,U19 Division 1 Spring,14,2011-01-22,Heerenveen U19,Ajax U19,2:2,CB,,,,,,,,,90,
2010/11,111195,Joël Veltman,U19 Division 1 Spring,15,2011-01-29,Ajax U19,Sparta U19,6:0,CB,,,,,,,,,90,
2010/11,111195,Joël Veltman,U19 Division 1 Spring,16,2011-02-12,Ajax U19,AZ U19,4:2,CB,,,,,,,,,90,
2010/11,111195,Joël Veltman,U19 Division 1 Spring,13,2011-02-26,Ajax U19,FC Twente U19,3:1,Cruciate ligament injury,,,,,,,,,,
2010/11,111195,Joël Veltman,U19 Division 1 Spring,18,2011-03-05,ADO U19,Ajax U19,2:5,Cruciate ligament injury,,,,,,,,,,
2010/11,111195,Joël Veltman,U19 Division 1 Spring,19,2011-03-12,Ajax U19,Gron./Cam. U19,3:0,Cruciate ligament injury,,,,,,,,,,
2010/11,111195,Joël Veltman,U19 Division 1 Spring,20,2011-03-19,Graafschap U19,Ajax U19,0:3,Cruciate ligament injury,,,,,,,,,,
2010/11,111195,Joël Veltman,U19 Division 1 Spring,22,2011-04-02,Ajax U19,Feyenoord U19,0:1,Cruciate ligament injury,,,,,,,,,,
2010/11,111195,Joël Veltman,U19 Division 1 Spring,17,2011-04-06,NEC U19,Ajax U19,1:4,Cruciate ligament injury,,,,,,,,,,
2010/11,111195,Joël Veltman,U19 Division 1 Spring,23,2011-04-09,Vit./AGOVV U19,Ajax U19,1:6,Cruciate ligament injury,,,,,,,,,,
2010/11,111195,Joël Veltman,U19 Division 1 Spring,24,2011-04-16,Ajax U19,PSV U19,4:2,Cruciate ligament injury,,,,,,,,,,
2010/11,111195,Joël Veltman,U19 Division 1 Spring,21,2011-04-21,Ajax U19,NAC Breda U19,2:1,Cruciate ligament injury,,,,,,,,,,
2010/11,111195,Joël Veltman,U19 Division 1 Spring,25,2011-05-07,FC Twente U19,Ajax U19,3:3,Cruciate ligament injury,,,,,,,,,,
2010/11,111195,Joël Veltman,U19 Division 1 Spring,26,2011-05-13,Ajax U19,Utrecht U19,3:0,Cruciate ligament injury,,,,,,,,,,
2010/11,111195,Joël Veltman,European U19 Championship 2010,Group A,2010-07-18,France U19,Netherlands U19,4:1,Not in squad,,,,,,,,,,
2010/11,111195,Joël Veltman,European U19 Championship 2010,Group A,2010-07-21,Netherlands U19,England U19,1:0,Not in squad,,,,,,,,,,
2010/11,111195,Joël Veltman,European U19 Championship 2010,Group A,2010-07-24,Netherlands U19,Austria U19,0:1,Not in squad,,,,,,,,,,
2010/11,111195,Joël Veltman,UEFA EURO U19 Championship Qualifiers,group 9,2010-10-07,Netherlands U19,Slovenia U19,2:0,Not in squad,,,,,,,,,,
2010/11,111195,Joël Veltman,UEFA EURO U19 Championship Qualifiers,group 9,2010-10-09,Netherlands U19,Malta U19,3:0,Information not yet available,,,,,,,,,,
2010/11,111195,Joël Veltman,UEFA EURO U19 Championship Qualifiers,group 9,2010-10-12,Slovakia U19,Netherlands U19,0:2,Not in squad,,,,,,,,,,
2010/11,111195,Joël Veltman,UEFA EURO U19 Championship Qualifiers,group A5,2011-05-19,Netherlands U19,Israel U19,1:1,Cruciate ligament injury,,,,,,,,,,
2010/11,111195,Joël Veltman,UEFA EURO U19 Championship Qualifiers,group A5,2011-05-21,Netherlands U19,Czechia U19,0:1,Cruciate ligament injury,,,,,,,,,,
2010/11,111195,Joël Veltman,UEFA EURO U19 Championship Qualifiers,group A5,2011-05-24,Russia U19,Netherlands U19,1:1,Cruciate ligament injury,,,,,,,,,,
