﻿season,player_id,player_name,competition,journey,date,home_team,away_team,result,position,goals,assists,own_goals,yellow_cards,second_yellow_cards,red_cards,substitutions_on,substitutions_off,minutes_played,transfermarkt_score
2025/26,1067168,Harry Howell,U17 World Cup,Group E,2025-11-04,England U17,Venezuela U17,0:3,Not in squad,,,,,,,,,,
2025/26,1067168,Harry Howell,U17 World Cup,Group E,2025-11-07,England U17,Haiti U17,8:1,Not in squad,,,,,,,,,,
2025/26,1067168,Harry Howell,U17 World Cup,Group E,2025-11-10,Egypt U17,England U17,0:3,Not in squad,,,,,,,,,,
2025/26,1067168,Harry Howell,U17 World Cup,Round of 32,2025-11-15,South Korea U17,England U17,0:2,Not in squad,,,,,,,,,,
2025/26,1067168,Harry Howell,U17 World Cup,Round of 16,2025-11-18,Austria U17,England U17,4:0,Not in squad,,,,,,,,,,
2024/25,1067168,Harry Howell,International Friendlies,12,2024-09-04,Mexico U17,England U17,0:5,,2,,,,,,,,90,
2024/25,1067168,Harry Howell,International Friendlies,2,2024-09-07,England U17,Israel U17,0:0,,,,,,,,75,,15,
2024/25,1067168,Harry Howell,International Friendlies,2,2024-09-10,Germany U17,England U17,1:3,Centre Forward,,2,,,,,,80,80,
2024/25,1067168,Harry Howell,International Friendlies,6,2024-11-15,Belgium U17,England U17,1:1,Not in squad,,,,,,,,,,
2024/25,1067168,Harry Howell,International Friendlies,7,2024-11-18,Belgium U17,England U17,2:1,Not in squad,,,,,,,,,,
2024/25,1067168,Harry Howell,International Friendlies,23,2025-02-20,Netherlands U17,England U17,2:3,Centre Forward,,,,,,,,,90,
2024/25,1067168,Harry Howell,International Friendlies,23,2025-02-23,Netherlands U17,England U17,0:4,on the bench,,,,,,,,,,
2024/25,1067168,Harry Howell,Premier League,1,2024-08-17,Everton,Brighton,0:3,Not in squad,,,,,,,,,,
2024/25,1067168,Harry Howell,Premier League,2,2024-08-24,Brighton,Man Utd,2:1,Not in squad,,,,,,,,,,
2024/25,1067168,Harry Howell,Premier League,3,2024-08-31,Arsenal,Brighton,1:1,Not in squad,,,,,,,,,,
2024/25,1067168,Harry Howell,Premier League,4,2024-09-14,Brighton,Ipswich,0:0,Not in squad,,,,,,,,,,
2024/25,1067168,Harry Howell,Premier League,5,2024-09-22,Brighton,Nott'm Forest,2:2,Not in squad,,,,,,,,,,
2024/25,1067168,Harry Howell,Premier League,6,2024-09-28,Chelsea,Brighton,4:2,Not in squad,,,,,,,,,,
2024/25,1067168,Harry Howell,Premier League,7,2024-10-06,Brighton,Tottenham,3:2,Not in squad,,,,,,,,,,
2024/25,1067168,Harry Howell,Premier League,8,2024-10-19,Newcastle,Brighton,0:1,Not in squad,,,,,,,,,,
2024/25,1067168,Harry Howell,Premier League,9,2024-10-26,Brighton,Wolves,2:2,Not in squad,,,,,,,,,,
2024/25,1067168,Harry Howell,Premier League,10,2024-11-02,Liverpool,Brighton,2:1,Not in squad,,,,,,,,,,
2024/25,1067168,Harry Howell,Premier League,11,2024-11-09,Brighton,Man City,2:1,Not in squad,,,,,,,,,,
2024/25,1067168,Harry Howell,Premier League,12,2024-11-23,Bournemouth,Brighton,1:2,Not in squad,,,,,,,,,,
2024/25,1067168,Harry Howell,Premier League,13,2024-11-29,Brighton,Southampton,1:1,Not in squad,,,,,,,,,,
2024/25,1067168,Harry Howell,Premier League,14,2024-12-05,Fulham,Brighton,3:1,Not in squad,,,,,,,,,,
2024/25,1067168,Harry Howell,Premier League,15,2024-12-08,Leicester,Brighton,2:2,Not in squad,,,,,,,,,,
2024/25,1067168,Harry Howell,Premier League,16,2024-12-15,Brighton,Crystal Palace,1:3,Not in squad,,,,,,,,,,
2024/25,1067168,Harry Howell,Premier League,17,2024-12-21,West Ham,Brighton,1:1,Not in squad,,,,,,,,,,
2024/25,1067168,Harry Howell,Premier League,18,2024-12-27,Brighton,Brentford,0:0,Not in squad,,,,,,,,,,
2024/25,1067168,Harry Howell,Premier League,19,2024-12-30,Aston Villa,Brighton,2:2,Not in squad,,,,,,,,,,
2024/25,1067168,Harry Howell,Premier League,20,2025-01-04,Brighton,Arsenal,1:1,Not in squad,,,,,,,,,,
2024/25,1067168,Harry Howell,Premier League,21,2025-01-16,Ipswich,Brighton,0:2,Not in squad,,,,,,,,,,
2024/25,1067168,Harry Howell,Premier League,22,2025-01-19,Man Utd,Brighton,1:3,Not in squad,,,,,,,,,,
2024/25,1067168,Harry Howell,Premier League,23,2025-01-25,Brighton,Everton,0:1,Not in squad,,,,,,,,,,
2024/25,1067168,Harry Howell,Premier League,24,2025-02-01,Nott'm Forest,Brighton,7:0,Not in squad,,,,,,,,,,
2024/25,1067168,Harry Howell,Premier League,25,2025-02-14,Brighton,Chelsea,3:0,Not in squad,,,,,,,,,,
2024/25,1067168,Harry Howell,Premier League,26,2025-02-22,Southampton,Brighton,0:4,Not in squad,,,,,,,,,,
2024/25,1067168,Harry Howell,Premier League,27,2025-02-25,Brighton,Bournemouth,2:1,Not in squad,,,,,,,,,,
2024/25,1067168,Harry Howell,Premier League,28,2025-03-08,Brighton,Fulham,2:1,Not in squad,,,,,,,,,,
2024/25,1067168,Harry Howell,Premier League,29,2025-03-15,Man City,Brighton,2:2,Not in squad,,,,,,,,,,
2024/25,1067168,Harry Howell,Premier League,30,2025-04-02,Brighton,Aston Villa,0:3,Not in squad,,,,,,,,,,
2024/25,1067168,Harry Howell,Premier League,31,2025-04-05,Crystal Palace,Brighton,2:1,Not in squad,,,,,,,,,,
2024/25,1067168,Harry Howell,Premier League,32,2025-04-12,Brighton,Leicester,2:2,on the bench,,,,,,,,,,
2024/25,1067168,Harry Howell,Premier League,33,2025-04-19,Brentford,Brighton,4:2,Not in squad,,,,,,,,,,
2024/25,1067168,Harry Howell,Premier League,34,2025-04-26,Brighton,West Ham,3:2,Not in squad,,,,,,,,,,
2024/25,1067168,Harry Howell,Premier League,35,2025-05-04,Brighton,Newcastle,1:1,on the bench,,,,,,,,,,
2024/25,1067168,Harry Howell,Premier League,36,2025-05-10,Wolves,Brighton,0:2,on the bench,,,,,,,,,,
2024/25,1067168,Harry Howell,Premier League,37,2025-05-19,Brighton,Liverpool,3:2,,,,,,,,84,,6,
2024/25,1067168,Harry Howell,Premier League,38,2025-05-25,Tottenham,Brighton,1:4,on the bench,,,,,,,,,,
2024/25,1067168,Harry Howell,EFL Trophy,group B2,2024-08-20,Crawley Town,Brighton U21,6:5 on pens,,,,,,,,66,,24,
2024/25,1067168,Harry Howell,EFL Trophy,group B2,2024-09-17,Wycombe,Brighton U21,5:3,CF,2,,,,,,,,90,
2024/25,1067168,Harry Howell,EFL Trophy,group B2,2024-10-29,AFC Wimbledon,Brighton U21,0:3,Not in squad,,,,,,,,,,
2024/25,1067168,Harry Howell,FA Cup,Third Round,2025-01-11,Norwich,Brighton,0:4,Not in squad,,,,,,,,,,
2024/25,1067168,Harry Howell,FA Cup,Fourth Round,2025-02-08,Brighton,Chelsea,2:1,Not in squad,,,,,,,,,,
2024/25,1067168,Harry Howell,FA Cup,Fifth Round,2025-03-02,Newcastle,Brighton,1:2 AET,Not in squad,,,,,,,,,,
2024/25,1067168,Harry Howell,FA Cup,Quarter-Finals,2025-03-29,Brighton,Nott'm Forest,3:4 on pens,Not in squad,,,,,,,,,,
2024/25,1067168,Harry Howell,EFL Cup,Second Round,2024-08-27,Brighton,Crawley Town,4:0,Not in squad,,,,,,,,,,
2024/25,1067168,Harry Howell,EFL Cup,Third Round,2024-09-18,Brighton,Wolves,3:2,Not in squad,,,,,,,,,,
2024/25,1067168,Harry Howell,EFL Cup,Fourth Round,2024-10-30,Brighton,Liverpool,2:3,Not in squad,,,,,,,,,,
2024/25,1067168,Harry Howell,Premier League 2 Playoffs,Round of 16,2025-04-28,Palace U21,Brighton U21,3:1,RM,,,,,,,,76,76,
2024/25,1067168,Harry Howell,U18 Premier League,1,2024-08-17,Chelsea U18,Brighton U18,2:5,Not in squad,,,,,,,,,,
2024/25,1067168,Harry Howell,U18 Premier League,2,2024-08-24,Brighton U18,West Ham U18,1:1,Not in squad,,,,,,,,,,
2024/25,1067168,Harry Howell,U18 Premier League,3,2024-08-31,Spurs U18,Brighton U18,2:2,Not in squad,,,,,,,,,,
2024/25,1067168,Harry Howell,U18 Premier League,4,2024-09-14,Brighton U18,West Brom U18,5:1,Not in squad,,,,,,,,,,
2024/25,1067168,Harry Howell,U18 Premier League,5,2024-09-21,Leicester U18,Brighton U18,0:4,Not in squad,,,,,,,,,,
2024/25,1067168,Harry Howell,U18 Premier League,6,2024-09-28,Brighton U18,Arsenal U18,3:3,Not in squad,,,,,,,,,,
2024/25,1067168,Harry Howell,U18 Premier League,7,2024-10-19,Brighton U18,Norwich U18,1:1,Not in squad,,,,,,,,,,
2024/25,1067168,Harry Howell,U18 Premier League,8,2024-10-26,Aston Villa U18,Brighton U18,1:0,Not in squad,,,,,,,,,,
2024/25,1067168,Harry Howell,U18 Premier League,10,2024-11-09,Fulham U18,Brighton U18,2:0,Not in squad,,,,,,,,,,
2024/25,1067168,Harry Howell,U18 Premier League,11,2024-11-30,Brighton U18,Palace U18,0:2,Not in squad,,,,,,,,,,
2024/25,1067168,Harry Howell,U18 Premier League,13,2024-12-18,Brighton U18,Southampton U18,2:1,Not in squad,,,,,,,,,,
2024/25,1067168,Harry Howell,U18 Premier League,14,2025-01-25,Brighton U18,Chelsea U18,3:4,Not in squad,,,,,,,,,,
2024/25,1067168,Harry Howell,U18 Premier League,15,2025-02-01,West Ham U18,Brighton U18,0:2,Not in squad,,,,,,,,,,
2024/25,1067168,Harry Howell,U18 Premier League,16,2025-02-08,Brighton U18,Spurs U18,3:5,Not in squad,,,,,,,,,,
2024/25,1067168,Harry Howell,U18 Premier League,17,2025-02-15,West Brom U18,Brighton U18,3:0,Not in squad,,,,,,,,,,
2024/25,1067168,Harry Howell,U18 Premier League,18,2025-02-22,Arsenal U18,Brighton U18,2:3,Not in squad,,,,,,,,,,
2024/25,1067168,Harry Howell,U18 Premier League,19,2025-03-01,Brighton U18,Leicester U18,3:4,Not in squad,,,,,,,,,,
2024/25,1067168,Harry Howell,U18 Premier League,20,2025-03-08,Southampton U18,Brighton U18,5:1,Not in squad,,,,,,,,,,
2024/25,1067168,Harry Howell,U18 Premier League,9,2025-03-20,Brighton U18,Reading U18,1:1,Not in squad,,,,,,,,,,
2024/25,1067168,Harry Howell,U18 Premier League,22,2025-03-29,Norwich U18,Brighton U18,4:1,Not in squad,,,,,,,,,,
2024/25,1067168,Harry Howell,U18 Premier League,24,2025-04-05,Reading U18,Brighton U18,3:1,Not in squad,,,,,,,,,,
2024/25,1067168,Harry Howell,U18 Premier League,23,2025-04-12,Brighton U18,Aston Villa U18,1:2,Not in squad,,,,,,,,,,
2024/25,1067168,Harry Howell,U18 Premier League,25,2025-04-26,Brighton U18,Fulham U18,0:2,Not in squad,,,,,,,,,,
2024/25,1067168,Harry Howell,U18 Premier League,26,2025-05-03,Palace U18,Brighton U18,3:3,Not in squad,,,,,,,,,,
2024/25,1067168,Harry Howell,Premier League 2,1,2024-08-16,Brighton U21,West Ham U21,0:2,Centre Forward,,,,,,,,,90,
2024/25,1067168,Harry Howell,Premier League 2,2,2024-08-24,West Brom U21,Brighton U21,0:4,CF,1,,,88,,,,,90,
2024/25,1067168,Harry Howell,Premier League 2,3,2024-08-31,Brighton U21,Wolves U21,1:1,CF,,,,,,,,,90,
2024/25,1067168,Harry Howell,Premier League 2,4,2024-09-20,Nottingham U21,Brighton U21,0:1,AM,1,,,93,,,,,90,
2024/25,1067168,Harry Howell,Premier League 2,5,2024-09-27,Boro U21,Brighton U21,0:3,LM,,,,,,,,80,80,
2024/25,1067168,Harry Howell,Premier League 2,6,2024-10-05,Brighton U21,Palace U21,10:0,,2,,,,,,26,,64,
2024/25,1067168,Harry Howell,Premier League 2,7,2024-10-25,Brighton U21,Derby U21,2:1,Not in squad,,,,,,,,,,
2024/25,1067168,Harry Howell,Premier League 2,8,2024-11-01,Southampton U21,Brighton U21,2:4,,,,,,,,46,,45,
2024/25,1067168,Harry Howell,Premier League 2,9,2024-12-01,Arsenal U21,Brighton U21,1:1,AM,,,,,,,,71,71,
2024/25,1067168,Harry Howell,Premier League 2,10,2024-12-14,Brighton U21,Tottenham U21,5:1,Centre Forward,3,1,,,,,,,90,
2024/25,1067168,Harry Howell,Premier League 2,11,2025-01-13,Man City U21,Brighton U21,2:1,Centre Forward,,1,,,,,,,90,
2024/25,1067168,Harry Howell,Premier League 2,12,2025-01-17,Brighton U21,Leicester U21,1:1,,,,,,,,58,,32,
2024/25,1067168,Harry Howell,Premier League 2,13,2025-01-26,Brighton U21,Man Utd U21,0:1,AM,,,,,,,,84,84,
2024/25,1067168,Harry Howell,Premier League 2,14,2025-02-07,Everton U21,Brighton U21,1:0,Centre Forward,,,,,,,,,90,
2024/25,1067168,Harry Howell,Premier League 2,15,2025-02-14,Norwich U21,Brighton U21,1:1,Centre Forward,,1,,,,,,,90,
2024/25,1067168,Harry Howell,Premier League 2,16,2025-02-23,Brighton U21,Aston Villa U21,1:1,Not in squad,,,,,,,,,,
2024/25,1067168,Harry Howell,Premier League 2,17,2025-03-03,Leeds U21,Brighton U21,1:1,RM,,,,,,,,,90,
2024/25,1067168,Harry Howell,Premier League 2,18,2025-03-14,Brighton U21,Fulham U21,1:3,RM,,,,,,,,,90,
2024/25,1067168,Harry Howell,Premier League 2,19,2025-04-06,Brighton U21,Liverpool U21,2:1,RM,1,1,,63,,,,,90,
2024/25,1067168,Harry Howell,Premier League 2,20,2025-04-14,Reading U21,Brighton U21,2:0,Not in squad,,,,,,,,,,
2024/25,1067168,Harry Howell,2025 UEFA Under-17 Euro,Group B,2025-05-20,England U17,Belgium U17,1:1,Not in squad,,,,,,,,,,
2024/25,1067168,Harry Howell,2025 UEFA Under-17 Euro,Group B,2025-05-23,Italy U17,England U17,4:2,Not in squad,,,,,,,,,,
2024/25,1067168,Harry Howell,2025 UEFA Under-17 Euro,Group B,2025-05-26,Czechia U17,England U17,2:4,RB,1,,,,,,,,90,
2024/25,1067168,Harry Howell,Premier League International Cup U21,Group D,2024-10-18,Brighton U21,RB Leipzig U19,3:0,Centre Forward,,,,61,,,,73,73,
2024/25,1067168,Harry Howell,Premier League International Cup U21,Group D,2024-10-22,Brighton U21,Real Sociedad B,1:0,Not in squad,,,,,,,,,,
2024/25,1067168,Harry Howell,Premier League International Cup U21,Group D,2024-11-26,Brighton U21,RSCA Futures,2:0,RM,,1,,62,,,,78,78,
2024/25,1067168,Harry Howell,Premier League International Cup U21,Group D,2024-12-22,Brighton U21,Sporting B,2:0,,1,,,,,,16,72,56,
2024/25,1067168,Harry Howell,Premier League International Cup U21,Quarter-Finals,2025-02-26,Brighton U21,Bilbao Athletic,1:5,AM,,,,,,,,,90,
2024/25,1067168,Harry Howell,UEFA European Under-17 Championship qualification,Group 1,2024-10-24,England U17,Malta U17,4:0,Centre Forward,,,,17,,,,56,56,
2024/25,1067168,Harry Howell,UEFA European Under-17 Championship qualification,Group 1,2024-10-27,England U17,Latvia U17,4:0,RM,1,,,,,,,61,61,
2024/25,1067168,Harry Howell,UEFA European Under-17 Championship qualification,Group 1,2024-10-30,Sweden U17,England U17,2:4,,,,,,,,61,,29,
2024/25,1067168,Harry Howell,UEFA European Under-17 Championship qualification,group A7,2025-03-19,England U17,Israel U17,2:0,Centre Forward,,,,,,,,,90,
2024/25,1067168,Harry Howell,UEFA European Under-17 Championship qualification,group A7,2025-03-22,England U17,Slovenia U17,3:2,,,,,,,,64,,26,
2024/25,1067168,Harry Howell,UEFA European Under-17 Championship qualification,group A7,2025-03-25,N. Ireland U17,England U17,0:5,,,,,,,,74,,16,
2024/25,1067168,Harry Howell,Premier League Cup,Group G,2024-09-13,Brighton U21,Reading U21,4:0,,1,,,,,,67,,23,
2024/25,1067168,Harry Howell,Premier League Cup,Group G,2024-10-12,Burnley U21,Brighton U21,2:0,RM,,,,,,,,77,77,
2024/25,1067168,Harry Howell,Premier League Cup,Group G,2024-11-08,Brighton U21,Luton U21,1:2,RM,,,,,,,,,90,
2024/25,1067168,Harry Howell,Premier League Cup,Group G,2024-11-20,Reading U21,Brighton U21,2:3,,1,,,,,,63,,27,
2024/25,1067168,Harry Howell,Premier League Cup,Group G,2024-12-07,Brighton U21,Burnley U21,0:0,Not in squad,,,,,,,,,,
2024/25,1067168,Harry Howell,Premier League Cup,Group G,2025-02-04,Luton U21,Brighton U21,3:0,LW,,,,,,,,,90,
2024/25,1067168,Harry Howell,FA Youth Cup,Third Round,2024-12-09,Newcastle U18,Brighton U18,2:1,,1,,,,,,,,90,
2024/25,1067168,Harry Howell,National League Cup,Group A,2024-10-01,Woking,Brighton U21,5:6 on pens,Information not yet available,,,,,,,,,,
2024/25,1067168,Harry Howell,National League Cup,Group A,2024-11-05,Aldershot,Brighton U21,2:3,Information not yet available,,,,,,,,,,
2024/25,1067168,Harry Howell,National League Cup,Group A,2024-12-04,Maidenhead Utd.,Brighton U21,2:1,Information not yet available,,,,,,,,,,
2024/25,1067168,Harry Howell,National League Cup,Group A,2025-01-21,Wealdstone,Brighton U21,0:1,Information not yet available,,,,,,,,,,
2024/25,1067168,Harry Howell,National League Cup,Quarter-Finals,2025-03-11,Braintree,Brighton U21,2:1,Centre Forward,,,,74,,,,,90,
