﻿season,player_id,player_name,competition,journey,date,home_team,away_team,result,position,goals,assists,own_goals,yellow_cards,second_yellow_cards,red_cards,substitutions_on,substitutions_off,minutes_played,transfermarkt_score
2025/26,110864,Sam Johnstone,Premier League,1,2025-08-16,Wolves,Man City,0:4,on the bench,,,,,,,,,,
2025/26,110864,Sam Johnstone,Premier League,2,2025-08-23,Bournemouth,Wolves,1:0,on the bench,,,,,,,,,,
2025/26,110864,Sam Johnstone,Premier League,3,2025-08-30,Wolves,Everton,2:3,on the bench,,,,,,,,,,
2025/26,110864,Sam Johnstone,Premier League,4,2025-09-13,Newcastle,Wolves,1:0,GK,,,,,,,,,90,
2025/26,110864,Sam Johnstone,Premier League,5,2025-09-20,Wolves,Leeds,1:3,on the bench,,,,,,,,,,
2025/26,110864,Sam Johnstone,Premier League,6,2025-09-27,Tottenham,Wolves,1:1,GK,,,,,,,,,90,
2025/26,110864,Sam Johnstone,Premier League,7,2025-10-05,Wolves,Brighton,1:1,GK,,,,,,,,,90,
2025/26,110864,Sam Johnstone,Premier League,8,2025-10-18,Sunderland,Wolves,2:0,GK,,,,,,,,,90,
2025/26,110864,Sam Johnstone,Premier League,9,2025-10-26,Wolves,Burnley,2:3,GK,,,,,,,,,90,
2025/26,110864,Sam Johnstone,Premier League,10,2025-11-01,Fulham,Wolves,3:0,GK,,,,,,,,,90,
2025/26,110864,Sam Johnstone,Premier League,11,2025-11-08,Chelsea,Wolves,3:0,GK,,,,,,,,,90,
2025/26,110864,Sam Johnstone,Premier League,12,2025-11-22,Wolves,Crystal Palace,0:2,GK,,,,,,,,,90,
2025/26,110864,Sam Johnstone,Premier League,13,2025-11-30,Aston Villa,Wolves,1:0,GK,,,,,,,,,90,
2025/26,110864,Sam Johnstone,Premier League,14,2025-12-03,Wolves,Nott'm Forest,0:1,GK,,,,,,,,,90,
2025/26,110864,Sam Johnstone,EFL Cup,Second Round,2025-08-26,Wolves,West Ham,3:2,GK,,,,,,,,,90,
2025/26,110864,Sam Johnstone,EFL Cup,Third Round,2025-09-23,Wolves,Everton,2:0,GK,,,,,,,,,90,
2025/26,110864,Sam Johnstone,EFL Cup,Fourth Round,2025-10-29,Wolves,Chelsea,3:4,Not in squad,,,,,,,,,,
