﻿season,player_id,player_name,competition,journey,date,home_team,away_team,result,position,goals,assists,own_goals,yellow_cards,second_yellow_cards,red_cards,substitutions_on,substitutions_off,minutes_played,transfermarkt_score
2019/20,108725,Chris Wood,International Friendlies,5,2019-11-14,Ireland,New Zealand,3:1,CF,,,,,,,,76,76,
2019/20,108725,Chris Wood,International Friendlies,6,2019-11-17,Lithuania,New Zealand,1:0,Not in squad,,,,,,,,,,
2019/20,108725,Chris Wood,Premier League,1,2019-08-10,Burnley,Southampton,3:0,CF,,,,,,,,,90,
2019/20,108725,Chris Wood,Premier League,2,2019-08-17,Arsenal,Burnley,2:1,CF,,,,,,,,61,61,
2019/20,108725,Chris Wood,Premier League,3,2019-08-25,Wolves,Burnley,1:1,CF,,,,,,,,,90,
2019/20,108725,Chris Wood,Premier League,4,2019-08-31,Burnley,Liverpool,0:3,CF,,,1,,,,,,90,
2019/20,108725,Chris Wood,Premier League,5,2019-09-14,Brighton,Burnley,1:1,CF,,,,,,,,66,66,
2019/20,108725,Chris Wood,Premier League,6,2019-09-21,Burnley,Norwich,2:0,CF,2,,,,,,,,90,
2019/20,108725,Chris Wood,Premier League,7,2019-09-28,Aston Villa,Burnley,2:2,CF,1,,,,,,,,90,
2019/20,108725,Chris Wood,Premier League,8,2019-10-05,Burnley,Everton,1:0,CF,,,,,,,,,90,
2019/20,108725,Chris Wood,Premier League,9,2019-10-19,Leicester,Burnley,2:1,CF,1,,,63,,,,,90,
2019/20,108725,Chris Wood,Premier League,10,2019-10-26,Burnley,Chelsea,2:4,Hamstring injury,,,,,,,,,,
2019/20,108725,Chris Wood,Premier League,11,2019-11-02,Sheff Utd,Burnley,3:0,Hamstring injury,,,,,,,,,,
2019/20,108725,Chris Wood,Premier League,12,2019-11-09,Burnley,West Ham,3:0,CF,1,,,,,,,90,90,
2019/20,108725,Chris Wood,Premier League,13,2019-11-23,Watford,Burnley,0:3,CF,1,,,,,,,75,75,
2019/20,108725,Chris Wood,Premier League,14,2019-11-30,Burnley,Crystal Palace,0:2,CF,,,,,,,,,90,
2019/20,108725,Chris Wood,Premier League,15,2019-12-03,Burnley,Man City,1:4,CF,,,,,,,,59,59,
2019/20,108725,Chris Wood,Premier League,16,2019-12-07,Tottenham,Burnley,5:0,CF,,,,,,,,65,65,
2019/20,108725,Chris Wood,Premier League,17,2019-12-14,Burnley,Newcastle,1:0,CF,1,,,,,,,85,85,
2019/20,108725,Chris Wood,Premier League,18,2019-12-21,Bournemouth,Burnley,0:1,CF,,,,,,,,,90,
2019/20,108725,Chris Wood,Premier League,19,2019-12-26,Everton,Burnley,1:0,CF,,,,,,,,74,74,
2019/20,108725,Chris Wood,Premier League,20,2019-12-28,Burnley,Man Utd,0:2,CF,,,,,,,,,90,
2019/20,108725,Chris Wood,Premier League,21,2020-01-01,Burnley,Aston Villa,1:2,CF,1,,,,,,,,90,
2019/20,108725,Chris Wood,Premier League,22,2020-01-11,Chelsea,Burnley,3:0,CF,,,,,,,,,90,
2019/20,108725,Chris Wood,Premier League,23,2020-01-19,Burnley,Leicester,2:1,CF,1,,,,,,,90,90,
2019/20,108725,Chris Wood,Premier League,24,2020-01-22,Man Utd,Burnley,0:2,CF,1,1,,,,,,,90,
2019/20,108725,Chris Wood,Premier League,25,2020-02-02,Burnley,Arsenal,0:0,CF,,,,,,,,,90,
2019/20,108725,Chris Wood,Premier League,26,2020-02-15,Southampton,Burnley,1:2,CF,,,,,,,,22,22,
2019/20,108725,Chris Wood,Premier League,27,2020-02-22,Burnley,Bournemouth,3:0,Hamstring strain,,,,,,,,,,
2019/20,108725,Chris Wood,Premier League,28,2020-02-29,Newcastle,Burnley,0:0,CF,,,,,,,58,,32,
2019/20,108725,Chris Wood,Premier League,29,2020-03-07,Burnley,Tottenham,1:1,CF,1,,,,,,,,90,
2019/20,108725,Chris Wood,Premier League,30,2020-06-22,Man City,Burnley,5:0,Calf injury,,,,,,,,,,
2019/20,108725,Chris Wood,Premier League,31,2020-06-25,Burnley,Watford,1:0,Calf injury,,,,,,,,,,
2019/20,108725,Chris Wood,Premier League,32,2020-06-29,Crystal Palace,Burnley,0:1,Calf injury,,,,,,,,,,
2020/21,108725,Chris Wood,Premier League,33,2020-07-05,Burnley,Sheff Utd,1:1,CF,,,,,,,69,,21,
2020/21,108725,Chris Wood,Premier League,34,2020-07-08,West Ham,Burnley,0:1,CF,,,,,,,58,,32,
2020/21,108725,Chris Wood,Premier League,35,2020-07-11,Liverpool,Burnley,1:1,CF,,,,,,,,65,65,
2020/21,108725,Chris Wood,Premier League,36,2020-07-15,Burnley,Wolves,1:1,CF,1,,,,,,,,90,
2020/21,108725,Chris Wood,Premier League,37,2020-07-18,Norwich,Burnley,0:2,CF,1,,,,,,,79,79,
2020/21,108725,Chris Wood,Premier League,38,2020-07-26,Burnley,Brighton,1:2,CF,1,,,,,,,,90,
2019/20,108725,Chris Wood,FA Cup,Third Round,2020-01-04,Burnley,Peterborough,4:2,CF,,,,,,,,74,74,
2019/20,108725,Chris Wood,FA Cup,Fourth Round,2020-01-25,Burnley,Norwich,1:2,CF,,,,,,,,65,65,
2019/20,108725,Chris Wood,EFL Cup,Second Round,2019-08-28,Burnley,Sunderland,1:3,,,,,,,,69,,21,
