﻿season,player_id,player_name,competition,journey,date,home_team,away_team,result,position,goals,assists,own_goals,yellow_cards,second_yellow_cards,red_cards,substitutions_on,substitutions_off,minutes_played,transfermarkt_score
2009/10,111195,Joël Veltman,U17 World Cup,Group 3,2009-10-25,Colombia U17,Netherlands U17,2:1,on the bench,,,,,,,,,,
2009/10,111195,Joël Veltman,U17 World Cup,Group 3,2009-10-28,Netherlands U17,The Gambia U17,2:1,on the bench,,,,,,,,,,
2009/10,111195,Joël Veltman,U17 World Cup,Group 3,2009-10-31,Netherlands U17,Iran U17,0:1,on the bench,,,,,,,,,,
2008/09,111195,Joël Veltman,International Friendlies,13,2008-09-20,Italy U17,Netherlands U17,2:1,Information not yet available,,,,,,,,,,
2008/09,111195,Joël Veltman,International Friendlies,3,2008-09-23,Germany U17,Netherlands U17,1:2,Not in squad,,,,,,,,,,
2008/09,111195,Joël Veltman,U17-Europameisterschaft 2009,Group B,2009-05-06,England U17,Netherlands U17,1:1,,,,,,,,41,,40,
2008/09,111195,Joël Veltman,U17-Europameisterschaft 2009,Group B,2009-05-09,Türkiye U17,Netherlands U17,1:2,on the bench,,,,,,,,,,
2008/09,111195,Joël Veltman,U17-Europameisterschaft 2009,Group B,2009-05-12,Netherlands U17,Germany U17,0:2,on the bench,,,,,,,,,,
2008/09,111195,Joël Veltman,U17-Europameisterschaft 2009,Semi-Finals,2009-05-15,Switzerland U17,Netherlands U17,1:2,on the bench,,,,,,,,,,
2008/09,111195,Joël Veltman,U17-Europameisterschaft 2009,Final,2009-05-18,Germany U17,Netherlands U17,2:1 AET,on the bench,,,,,,,,,,
2008/09,111195,Joël Veltman,UEFA European Under-17 Championship qualification,group 9,2008-10-23,Netherlands U17,Cyprus U17,0:0,Information not yet available,,,,,,,,,,
2008/09,111195,Joël Veltman,UEFA European Under-17 Championship qualification,group 9,2008-10-25,Netherlands U17,Latvia U17,3:0,Information not yet available,,,,,,,,,,
2008/09,111195,Joël Veltman,UEFA European Under-17 Championship qualification,group 9,2008-10-28,Italy U17,Netherlands U17,2:5,Not in squad,,,,,,,,,,
2008/09,111195,Joël Veltman,UEFA European Under-17 Championship qualification,group A3,2009-03-19,Netherlands U17,Azerbaijan U17,1:0,Information not yet available,,,,,,,,,,
2008/09,111195,Joël Veltman,UEFA European Under-17 Championship qualification,group A3,2009-03-21,Luxembourg U17,Netherlands U17,0:4,Information not yet available,,,,,,,,,,
2008/09,111195,Joël Veltman,UEFA European Under-17 Championship qualification,group A3,2009-03-24,Netherlands U17,Croatia U17,3:0,Information not yet available,,,,,,,,,,
