﻿season,player_id,player_name,competition,journey,date,home_team,away_team,result,position,goals,assists,own_goals,yellow_cards,second_yellow_cards,red_cards,substitutions_on,substitutions_off,minutes_played,transfermarkt_score
2011/12,101118,Joel Robles,UEFA Europa League,group I,2011-09-15,Atlético,Celtic,2:0,Not in squad,,,,,,,,,,
2011/12,101118,Joel Robles,UEFA Europa League,group I,2011-09-29,Stade Rennais,Atlético,1:1,Not in squad,,,,,,,,,,
2011/12,101118,Joel Robles,UEFA Europa League,group I,2011-10-20,Udinese,Atlético,2:0,on the bench,,,,,,,,,,
2011/12,101118,Joel Robles,UEFA Europa League,group I,2011-11-03,Atlético,Udinese,4:0,Not in squad,,,,,,,,,,
2011/12,101118,Joel Robles,UEFA Europa League,group I,2011-11-30,Celtic,Atlético,0:1,Not in squad,,,,,,,,,,
2011/12,101118,Joel Robles,UEFA Europa League,group I,2011-12-15,Atlético,Stade Rennais,3:1,Not in squad,,,,,,,,,,
2011/12,101118,Joel Robles,UEFA Europa League Qualifying,3rd round 1st leg,2011-07-28,Atlético,Strømsgodset,2:1,GK,,,,,,,,,90,
2011/12,101118,Joel Robles,UEFA Europa League Qualifying,3rd round 2nd leg,2011-08-04,Strømsgodset,Atlético,0:2,GK,,,,,,,,,90,
2011/12,101118,Joel Robles,UEFA Europa League Qualifying,Qualifying Round 1st leg,2011-08-18,Atlético,Vit. Guimarães,2:0,GK,,,,,,,,,90,
2011/12,101118,Joel Robles,UEFA Europa League Qualifying,Qualifying Round 2nd leg,2011-08-25,Vit. Guimarães,Atlético,0:4,on the bench,,,,,,,,,,
2011/12,101118,Joel Robles,International Friendlies,7,2012-02-28,Spain U23,Egypt U23,3:1,GK,,,,,,,46,,45,
2011/12,101118,Joel Robles,LaLiga,2,2011-08-28,Atlético,CA Osasuna,0:0,on the bench,,,,,,,,,,
2011/12,101118,Joel Robles,LaLiga,3,2011-09-10,Valencia,Atlético,1:0,on the bench,,,,,,,,,,
2011/12,101118,Joel Robles,LaLiga,4,2011-09-18,Atlético,Racing,4:0,on the bench,,,,,,,,,,
2011/12,101118,Joel Robles,LaLiga,5,2011-09-21,Atlético,Sporting Gijón,4:0,on the bench,,,,,,,,,,
2011/12,101118,Joel Robles,LaLiga,6,2011-09-24,Barcelona,Atlético,5:0,Not in squad,,,,,,,,,,
2011/12,101118,Joel Robles,LaLiga,7,2011-10-02,Atlético,Sevilla FC,0:0,on the bench,,,,,,,,,,
2011/12,101118,Joel Robles,LaLiga,8,2011-10-15,Granada CF,Atlético,0:0,Not in squad,,,,,,,,,,
2011/12,101118,Joel Robles,LaLiga,9,2011-10-23,Atlético,RCD Mallorca,1:1,Not in squad,,,,,,,,,,
2011/12,101118,Joel Robles,LaLiga,10,2011-10-27,Athletic Club,Atlético,3:0,Not in squad,,,,,,,,,,
2011/12,101118,Joel Robles,LaLiga,11,2011-10-30,Atlético,Real Zaragoza,3:1,Not in squad,,,,,,,,,,
2011/12,101118,Joel Robles,LaLiga,12,2011-11-06,Getafe,Atlético,3:2,on the bench,,,,,,,,,,
2011/12,101118,Joel Robles,LaLiga,13,2011-11-20,Atlético,Levante,3:2,Not in squad,,,,,,,,,,
2011/12,101118,Joel Robles,LaLiga,14,2011-11-26,Real Madrid,Atlético,4:1,Not in squad,,,,,,,,,,
2011/12,101118,Joel Robles,LaLiga,15,2011-12-04,Atlético,Rayo Vallecano,3:1,on the bench,,,,,,,,,,
2011/12,101118,Joel Robles,LaLiga,16,2011-12-11,Espanyol,Atlético,4:2,Not in squad,,,,,,,,,,
2011/12,101118,Joel Robles,LaLiga,17,2011-12-18,Atlético,Real Betis,0:2,Not in squad,,,,,,,,,,
2011/12,101118,Joel Robles,LaLiga,18,2012-01-07,Málaga CF,Atlético,0:0,Not in squad,,,,,,,,,,
2011/12,101118,Joel Robles,LaLiga,19,2012-01-15,Atlético,Villarreal,3:0,Not in squad,,,,,,,,,,
2011/12,101118,Joel Robles,LaLiga,1,2012-01-21,Real Sociedad,Atlético,0:4,Not in squad,,,,,,,,,,
2011/12,101118,Joel Robles,LaLiga,21,2012-01-30,CA Osasuna,Atlético,0:1,Not in squad,,,,,,,,,,
2010/11,101118,Joel Robles,LaLiga,,,,,,,,,,,,,,,,
2011/12,101118,Joel Robles,LaLiga,22,2012-02-05,Real Zaragoza,Rayo Vallecano,1:2,GK,,,,,,,,,90,
2011/12,101118,Joel Robles,LaLiga,23,2012-02-12,Rayo Vallecano,Getafe,2:0,GK,,,,,,,,,90,
2011/12,101118,Joel Robles,LaLiga,24,2012-02-19,Levante,Rayo Vallecano,3:5,GK,,,,,,,,,90,
2011/12,101118,Joel Robles,LaLiga,25,2012-02-26,Rayo Vallecano,Real Madrid,0:1,GK,,,,,,,,,90,
2011/12,101118,Joel Robles,LaLiga,26,2012-03-03,Rayo Vallecano,Racing,4:2,GK,,,,,,,,,90,
2011/12,101118,Joel Robles,LaLiga,27,2012-03-11,Espanyol,Rayo Vallecano,5:1,GK,,1,,75,,,,,90,
2011/12,101118,Joel Robles,LaLiga,28,2012-03-17,Rayo Vallecano,Real Betis,3:0,GK,,,,,,,,,90,
2011/12,101118,Joel Robles,LaLiga,29,2012-03-22,Málaga CF,Rayo Vallecano,4:2,GK,,,,,,,,,90,
2011/12,101118,Joel Robles,LaLiga,30,2012-03-25,Rayo Vallecano,Villarreal,0:2,GK,,,,,,,,,90,
2011/12,101118,Joel Robles,LaLiga,31,2012-04-01,Real Sociedad,Rayo Vallecano,4:0,GK,,,,,,,,,90,
2011/12,101118,Joel Robles,LaLiga,32,2012-04-07,Rayo Vallecano,CA Osasuna,6:0,GK,,,,,,,,,90,
2011/12,101118,Joel Robles,LaLiga,33,2012-04-11,Valencia,Rayo Vallecano,4:1,GK,,,,,,,,,90,
2011/12,101118,Joel Robles,LaLiga,34,2012-04-15,Rayo Vallecano,Atlético,0:1,Not in squad,,,,,,,,,,
2011/12,101118,Joel Robles,LaLiga,35,2012-04-21,Sporting Gijón,Rayo Vallecano,2:1,GK,,,,,,,,,90,
2011/12,101118,Joel Robles,LaLiga,36,2012-04-29,Rayo Vallecano,Barcelona,0:7,on the bench,,,,,,,,,,
2011/12,101118,Joel Robles,LaLiga,20,2012-05-02,RCD Mallorca,Rayo Vallecano,1:0,on the bench,,,,,,,,,,
2011/12,101118,Joel Robles,LaLiga,37,2012-05-05,Sevilla FC,Rayo Vallecano,5:2,on the bench,,,,,,,,,,
2011/12,101118,Joel Robles,LaLiga,38,2012-05-13,Rayo Vallecano,Granada CF,1:0,on the bench,,,,,,,,,,
2011/12,101118,Joel Robles,Copa del Rey,4th round 1st leg,2011-12-08,Albacete,Atlético,2:1,on the bench,,,,,,,,,,
2011/12,101118,Joel Robles,Copa del Rey,4th round 2nd leg,2011-12-21,Atlético,Albacete,0:1,on the bench,,,,,,,,,,
2011/12,101118,Joel Robles,UEFA European Under-21 Championship Qualifying,Group 5,2011-09-01,Georgia U21,Spain U21,2:7,Not in squad,,,,,,,,,,
2011/12,101118,Joel Robles,UEFA European Under-21 Championship Qualifying,Group 5,2011-09-05,Spain U21,Georgia U21,2:0,on the bench,,,,,,,,,,
2011/12,101118,Joel Robles,UEFA European Under-21 Championship Qualifying,Group 5,2011-10-06,Croatia U21,Spain U21,0:2,on the bench,,,,,,,,,,
2011/12,101118,Joel Robles,UEFA European Under-21 Championship Qualifying,Group 5,2011-11-10,Spain U21,Estonia U21,6:0,Not in squad,,,,,,,,,,
2011/12,101118,Joel Robles,UEFA European Under-21 Championship Qualifying,Group 5,2011-11-14,Spain U21,Switzerland U21,3:0,Not in squad,,,,,,,,,,
