﻿season,player_id,player_name,competition,journey,date,home_team,away_team,result,position,goals,assists,own_goals,yellow_cards,second_yellow_cards,red_cards,substitutions_on,substitutions_off,minutes_played,transfermarkt_score
2021/22,1072898,Jili Buyabu,Premier League Cup,Group D,2022-01-06,Sheffield U23,Everton U23,1:3,Information not yet available,,,,,,,,,,
2021/22,1072898,Jili Buyabu,Premier League Cup,Group D,2022-01-28,FC Burnley U23,Sheffield U23,0:1,Information not yet available,,,,,,,,,,
2021/22,1072898,Jili Buyabu,Premier League Cup,Group D,2022-02-13,Sheffield U23,Peterboro. U23,1:0,Information not yet available,,,,,,,,,,
2021/22,1072898,Jili Buyabu,Premier League Cup,Round of 16,2022-03-07,Derby U23,Sheffield U23,4:3 AET,Information not yet available,,,,,,,,,,
