﻿season,player_id,player_name,competition,journey,date,home_team,away_team,result,position,goals,assists,own_goals,yellow_cards,second_yellow_cards,red_cards,substitutions_on,substitutions_off,minutes_played,transfermarkt_score
2024/25,1078163,Ayden Heaven,UEFA Champions League,Group Stage,2024-09-19,Atalanta,Arsenal,0:0,Not in squad,,,,,,,,,,
2024/25,1078163,Ayden Heaven,UEFA Champions League,Group Stage,2024-10-01,Arsenal,PSG,2:0,Not in squad,,,,,,,,,,
2024/25,1078163,Ayden Heaven,UEFA Champions League,Group Stage,2024-10-22,Arsenal,Shakhtar D.,1:0,Not in squad,,,,,,,,,,
2024/25,1078163,Ayden Heaven,UEFA Champions League,Group Stage,2024-11-06,Inter,Arsenal,1:0,Not in squad,,,,,,,,,,
2024/25,1078163,Ayden Heaven,UEFA Champions League,Group Stage,2024-11-26,Sporting,Arsenal,1:5,Not in squad,,,,,,,,,,
2024/25,1078163,Ayden Heaven,UEFA Champions League,Group Stage,2024-12-11,Arsenal,Monaco,3:0,on the bench,,,,,,,,,,
2024/25,1078163,Ayden Heaven,UEFA Champions League,Group Stage,2025-01-22,Arsenal,Dinamo Zagreb,3:0,Not in squad,,,,,,,,,,
2024/25,1078163,Ayden Heaven,UEFA Champions League,Group Stage,2025-01-29,Girona,Arsenal,1:2,Not in squad,,,,,,,,,,
2024/25,1078163,Ayden Heaven,UEFA Europa League,last 16 1st leg,2025-03-06,Real Sociedad,Man Utd,1:1,on the bench,,,,,,,,,,
2024/25,1078163,Ayden Heaven,UEFA Europa League,last 16 2nd leg,2025-03-13,Man Utd,Real Sociedad,4:1,CB,,,,,,,,,90,
2024/25,1078163,Ayden Heaven,UEFA Europa League,Quarter-Finals 1st leg,2025-04-10,Lyon,Man Utd,2:2,Foot injury,,,,,,,,,,
2024/25,1078163,Ayden Heaven,UEFA Europa League,Quarter-Finals 2nd leg,2025-04-17,Man Utd,Lyon,5:4 AET,Foot injury,,,,,,,,,,
2024/25,1078163,Ayden Heaven,UEFA Europa League,Semi-Finals 1st Leg,2025-05-01,Athletic Club,Man Utd,0:3,Foot injury,,,,,,,,,,
2024/25,1078163,Ayden Heaven,UEFA Europa League,Semi-Finals 2nd Leg,2025-05-08,Man Utd,Athletic Club,4:1,Foot injury,,,,,,,,,,
2024/25,1078163,Ayden Heaven,UEFA Europa League,Final,2025-05-21,Tottenham,Man Utd,1:0,on the bench,,,,,,,,,,
2024/25,1078163,Ayden Heaven,International Friendlies,6,2024-09-04,Italy U19,England U19,2:2,,,,,88,,,76,,14,
2024/25,1078163,Ayden Heaven,International Friendlies,2,2024-09-07,Croatia U19,England U19,1:1,CB,,,,,,,,68,68,
2024/25,1078163,Ayden Heaven,International Friendlies,2,2024-09-10,Germany U19,England U19,3:2,on the bench,,,,,,,,,,
2024/25,1078163,Ayden Heaven,International Friendlies,3,2024-10-09,England U19,Portugal U19,1:2,Not in squad,,,,,,,,,,
2024/25,1078163,Ayden Heaven,International Friendlies,4,2024-10-12,Netherlands U19,England U19,1:4,Not in squad,,,,,,,,,,
2024/25,1078163,Ayden Heaven,International Friendlies,37,2024-10-15,England U19,France U19,4:2,Not in squad,,,,,,,,,,
2024/25,1078163,Ayden Heaven,UEFA Youth League,Group Stage,2024-09-19,Atalanta YL,Arsenal YL,4:1,CB,,,,21,,,,,90,
2024/25,1078163,Ayden Heaven,UEFA Youth League,Group Stage,2024-10-01,Arsenal YL,Paris SG YL,1:0,CB,,,,,,,,,90,
2024/25,1078163,Ayden Heaven,UEFA Youth League,Group Stage,2024-10-22,Arsenal YL,Shakhtar YL,0:1,CB,,,,,,,,,90,
2024/25,1078163,Ayden Heaven,UEFA Youth League,Group Stage,2024-11-06,Inter YL,Arsenal YL,4:1,CB,,,,,,,,,90,
2024/25,1078163,Ayden Heaven,UEFA Youth League,Group Stage,2024-11-26,Sporting YL,Arsenal YL,3:0,CB,,,,84,,,,,90,
2024/25,1078163,Ayden Heaven,UEFA Youth League,Group Stage,2024-12-11,Arsenal YL,AS Monaco YL,2:0,Not in squad,,,,,,,,,,
2024/25,1078163,Ayden Heaven,Premier League,1,2024-08-17,Arsenal,Wolves,2:0,Not in squad,,,,,,,,,,
2024/25,1078163,Ayden Heaven,Premier League,2,2024-08-24,Aston Villa,Arsenal,0:2,Not in squad,,,,,,,,,,
2024/25,1078163,Ayden Heaven,Premier League,3,2024-08-31,Arsenal,Brighton,1:1,Not in squad,,,,,,,,,,
2024/25,1078163,Ayden Heaven,Premier League,4,2024-09-15,Tottenham,Arsenal,0:1,on the bench,,,,,,,,,,
2024/25,1078163,Ayden Heaven,Premier League,5,2024-09-22,Man City,Arsenal,2:2,Not in squad,,,,,,,,,,
2024/25,1078163,Ayden Heaven,Premier League,6,2024-09-28,Arsenal,Leicester,4:2,Not in squad,,,,,,,,,,
2024/25,1078163,Ayden Heaven,Premier League,7,2024-10-05,Arsenal,Southampton,3:1,Not in squad,,,,,,,,,,
2024/25,1078163,Ayden Heaven,Premier League,8,2024-10-19,Bournemouth,Arsenal,2:0,Not in squad,,,,,,,,,,
2024/25,1078163,Ayden Heaven,Premier League,9,2024-10-27,Arsenal,Liverpool,2:2,Not in squad,,,,,,,,,,
2024/25,1078163,Ayden Heaven,Premier League,10,2024-11-02,Newcastle,Arsenal,1:0,Not in squad,,,,,,,,,,
2024/25,1078163,Ayden Heaven,Premier League,11,2024-11-10,Chelsea,Arsenal,1:1,Not in squad,,,,,,,,,,
2024/25,1078163,Ayden Heaven,Premier League,12,2024-11-23,Arsenal,Nott'm Forest,3:0,Not in squad,,,,,,,,,,
2024/25,1078163,Ayden Heaven,Premier League,13,2024-11-30,West Ham,Arsenal,2:5,Not in squad,,,,,,,,,,
2024/25,1078163,Ayden Heaven,Premier League,14,2024-12-04,Arsenal,Man Utd,2:0,on the bench,,,,,,,,,,
2024/25,1078163,Ayden Heaven,Premier League,15,2024-12-08,Fulham,Arsenal,1:1,on the bench,,,,,,,,,,
2024/25,1078163,Ayden Heaven,Premier League,16,2024-12-14,Arsenal,Everton,0:0,Not in squad,,,,,,,,,,
2024/25,1078163,Ayden Heaven,Premier League,17,2024-12-21,Crystal Palace,Arsenal,1:5,Not in squad,,,,,,,,,,
2024/25,1078163,Ayden Heaven,Premier League,18,2024-12-27,Arsenal,Ipswich,1:0,Not in squad,,,,,,,,,,
2024/25,1078163,Ayden Heaven,Premier League,19,2025-01-01,Brentford,Arsenal,1:3,Not in squad,,,,,,,,,,
2024/25,1078163,Ayden Heaven,Premier League,20,2025-01-04,Brighton,Arsenal,1:1,Not in squad,,,,,,,,,,
2024/25,1078163,Ayden Heaven,Premier League,21,2025-01-15,Arsenal,Tottenham,2:1,Not in squad,,,,,,,,,,
2024/25,1078163,Ayden Heaven,Premier League,22,2025-01-18,Arsenal,Aston Villa,2:2,Not in squad,,,,,,,,,,
2024/25,1078163,Ayden Heaven,Premier League,23,2025-01-25,Wolves,Arsenal,0:1,Not in squad,,,,,,,,,,
2023/24,1078163,Ayden Heaven,Premier League,,,,,,,,,,,,,,,,
2024/25,1078163,Ayden Heaven,Premier League,24,2025-02-02,Man Utd,Crystal Palace,0:2,Not in squad,,,,,,,,,,
2024/25,1078163,Ayden Heaven,Premier League,25,2025-02-16,Tottenham,Man Utd,1:0,on the bench,,,,,,,,,,
2024/25,1078163,Ayden Heaven,Premier League,26,2025-02-22,Everton,Man Utd,2:2,on the bench,,,,,,,,,,
2024/25,1078163,Ayden Heaven,Premier League,27,2025-02-26,Man Utd,Ipswich,3:2,on the bench,,,,,,,,,,
2024/25,1078163,Ayden Heaven,Premier League,28,2025-03-09,Man Utd,Arsenal,1:1,CB,,,,,,,46,,45,
2024/25,1078163,Ayden Heaven,Premier League,29,2025-03-16,Leicester,Man Utd,0:3,CB,,,,,,,,51,51,
2024/25,1078163,Ayden Heaven,Premier League,30,2025-04-01,Nott'm Forest,Man Utd,1:0,Foot injury,,,,,,,,,,
2024/25,1078163,Ayden Heaven,Premier League,31,2025-04-06,Man Utd,Man City,0:0,Foot injury,,,,,,,,,,
2024/25,1078163,Ayden Heaven,Premier League,32,2025-04-13,Newcastle,Man Utd,4:1,on the bench,,,,,,,,,,
2024/25,1078163,Ayden Heaven,Premier League,33,2025-04-20,Man Utd,Wolves,0:1,Foot injury,,,,,,,,,,
2024/25,1078163,Ayden Heaven,Premier League,34,2025-04-27,Bournemouth,Man Utd,1:1,Foot injury,,,,,,,,,,
2024/25,1078163,Ayden Heaven,Premier League,35,2025-05-04,Brentford,Man Utd,4:3,Foot injury,,,,,,,,,,
2024/25,1078163,Ayden Heaven,Premier League,36,2025-05-11,Man Utd,West Ham,0:2,Foot injury,,,,,,,,,,
2024/25,1078163,Ayden Heaven,Premier League,37,2025-05-16,Chelsea,Man Utd,1:0,,,,,93,,,81,,9,
2024/25,1078163,Ayden Heaven,Premier League,38,2025-05-25,Man Utd,Aston Villa,2:0,CB,,,,,,,,66,66,
2024/25,1078163,Ayden Heaven,EFL Trophy,group B5,2024-09-03,Leyton Orient,Arsenal U21,1:2,Not in squad,,,,,,,,,,
2024/25,1078163,Ayden Heaven,EFL Trophy,group B5,2024-10-08,MK Dons,Arsenal U21,5:3 on pens,Not in squad,,,,,,,,,,
2024/25,1078163,Ayden Heaven,EFL Trophy,group B5,2024-11-12,Colchester Utd.,Arsenal U21,3:0,CB,,,,90,,,,,90,
2024/25,1078163,Ayden Heaven,FA Cup,Third Round,2025-01-12,Arsenal,Man Utd,4:6 on pens,Not in squad,,,,,,,,,,
2023/24,1078163,Ayden Heaven,FA Cup,,,,,,,,,,,,,,,,
2024/25,1078163,Ayden Heaven,FA Cup,Fourth Round,2025-02-07,Man Utd,Leicester,2:1,on the bench,,,,,,,,,,
2024/25,1078163,Ayden Heaven,FA Cup,Fifth Round,2025-03-02,Man Utd,Fulham,4:5 on pens,,,,,,,,90,,30,
2024/25,1078163,Ayden Heaven,EFL Cup,Third Round,2024-09-25,Arsenal,Bolton,5:1,on the bench,,,,,,,,,,
2024/25,1078163,Ayden Heaven,EFL Cup,Fourth Round,2024-10-30,Preston,Arsenal,0:3,,,,,,,,80,,10,
2024/25,1078163,Ayden Heaven,EFL Cup,Quarter-Finals,2024-12-18,Arsenal,Crystal Palace,3:2,Not in squad,,,,,,,,,,
2024/25,1078163,Ayden Heaven,EFL Cup,Semi-Finals 1st Leg,2025-01-07,Arsenal,Newcastle,0:2,Not in squad,,,,,,,,,,
2024/25,1078163,Ayden Heaven,Premier League 2 Playoffs,Round of 16,2025-04-25,Man Utd U21,Everton U21,4:2,Foot injury,,,,,,,,,,
2024/25,1078163,Ayden Heaven,Premier League 2 Playoffs,Quarter-Finals,2025-05-05,Man Utd U21,West Ham U21,4:1,Foot injury,,,,,,,,,,
2024/25,1078163,Ayden Heaven,Premier League 2 Playoffs,Semi-Finals,2025-05-09,Man City U21,Man Utd U21,2:0,Foot injury,,,,,,,,,,
2024/25,1078163,Ayden Heaven,Premier League 2,1,2024-08-16,Arsenal U21,Man Utd U21,4:2,CB,,,,,,,,66,66,
2024/25,1078163,Ayden Heaven,Premier League 2,2,2024-08-23,Wolves U21,Arsenal U21,1:3,CB,,,,,,,,,90,
2024/25,1078163,Ayden Heaven,Premier League 2,3,2024-08-30,Arsenal U21,Aston Villa U21,4:1,CB,,,,,,,,76,76,
2024/25,1078163,Ayden Heaven,Premier League 2,4,2024-09-23,Stoke U21,Arsenal U21,0:1,CB,,,,,,,,46,45,
2024/25,1078163,Ayden Heaven,Premier League 2,5,2024-09-27,Arsenal U21,Liverpool U21,0:3,CB,,,,,,,,,90,
2024/25,1078163,Ayden Heaven,Premier League 2,6,2024-10-05,Arsenal U21,Tottenham U21,2:5,LB,,,,,,,,,90,
2024/25,1078163,Ayden Heaven,Premier League 2,7,2024-10-28,Blackburn U21,Arsenal U21,3:4,Not in squad,,,,,,,,,,
2024/25,1078163,Ayden Heaven,Premier League 2,8,2024-11-01,Chelsea U21,Arsenal U21,2:1,CB,,,,,,,,,90,
2024/25,1078163,Ayden Heaven,Premier League 2,9,2024-12-01,Arsenal U21,Brighton U21,1:1,Not in squad,,,,,,,,,,
2024/25,1078163,Ayden Heaven,Premier League 2,10,2024-12-16,Arsenal U21,Sunderland U21,1:2,CB,,,,,,,,,90,
2024/25,1078163,Ayden Heaven,Premier League 2,12,2025-01-18,Fulham U21,Arsenal U21,6:3,Not in squad,,,,,,,,,,
2024/25,1078163,Ayden Heaven,Premier League 2,13,2025-01-24,Arsenal U21,Nottingham U21,2:0,Not in squad,,,,,,,,,,
2023/24,1078163,Ayden Heaven,Premier League 2,,,,,,,,,,,,,,,,
2024/25,1078163,Ayden Heaven,Premier League 2,14,2025-02-07,Man Utd U21,Tottenham U21,2:0,Not in squad,,,,,,,,,,
2024/25,1078163,Ayden Heaven,Premier League 2,15,2025-02-17,Man Utd U21,Fulham U21,0:1,CB,,,,45,,,,46,45,
2024/25,1078163,Ayden Heaven,Premier League 2,16,2025-02-21,Chelsea U21,Man Utd U21,2:0,Not in squad,,,,,,,,,,
2024/25,1078163,Ayden Heaven,Premier League 2,18,2025-03-14,Man Utd U21,West Brom U21,5:1,Not in squad,,,,,,,,,,
2024/25,1078163,Ayden Heaven,Premier League 2,11,2025-03-28,Leeds U21,Man Utd U21,2:2,Foot injury,,,,,,,,,,
2024/25,1078163,Ayden Heaven,Premier League 2,19,2025-04-07,Man Utd U21,Nottingham U21,3:3,Foot injury,,,,,,,,,,
2024/25,1078163,Ayden Heaven,Premier League 2,17,2025-04-11,Reading U21,Man Utd U21,1:4,Foot injury,,,,,,,,,,
2024/25,1078163,Ayden Heaven,Premier League 2,20,2025-04-14,Wolves U21,Man Utd U21,1:1,Foot injury,,,,,,,,,,
2024/25,1078163,Ayden Heaven,UEFA EURO U19 Championship Qualifiers,Group 3,2024-11-13,England U19,Lithuania U19,1:0,Not in squad,,,,,,,,,,
2024/25,1078163,Ayden Heaven,UEFA EURO U19 Championship Qualifiers,Group 3,2024-11-16,England U19,Bulgaria U19,2:1,Not in squad,,,,,,,,,,
2024/25,1078163,Ayden Heaven,UEFA EURO U19 Championship Qualifiers,Group 3,2024-11-19,Belgium U19,England U19,0:0,Not in squad,,,,,,,,,,
2024/25,1078163,Ayden Heaven,National League Cup,Quarter-Finals,2025-02-25,Sutton Utd,Man Utd U21,3:0,Not in squad,,,,,,,,,,
