﻿season,player_id,player_name,competition,journey,date,home_team,away_team,result,position,goals,assists,own_goals,yellow_cards,second_yellow_cards,red_cards,substitutions_on,substitutions_off,minutes_played,transfermarkt_score
2023/24,1004709,Sam Proctor,UEFA Europa Conference League,Group E,2023-09-21,Legia Warszawa,Aston Villa,3:2,Not in squad,,,,,,,,,,
2023/24,1004709,Sam Proctor,UEFA Europa Conference League,Group E,2023-10-05,Aston Villa,Zrinjski Mostar,1:0,Not in squad,,,,,,,,,,
2023/24,1004709,Sam Proctor,UEFA Europa Conference League,Group E,2023-10-26,AZ Alkmaar,Aston Villa,1:4,Not in squad,,,,,,,,,,
2023/24,1004709,Sam Proctor,UEFA Europa Conference League,Group E,2023-11-09,Aston Villa,AZ Alkmaar,2:1,Not in squad,,,,,,,,,,
2023/24,1004709,Sam Proctor,UEFA Europa Conference League,Group E,2023-11-30,Aston Villa,Legia Warszawa,2:1,Not in squad,,,,,,,,,,
2023/24,1004709,Sam Proctor,UEFA Europa Conference League,Group E,2023-12-14,Zrinjski Mostar,Aston Villa,1:1,Not in squad,,,,,,,,,,
2023/24,1004709,Sam Proctor,UEFA Europa Conference League,last 16 1st leg,2024-03-07,Ajax,Aston Villa,0:0,Not in squad,,,,,,,,,,
2023/24,1004709,Sam Proctor,UEFA Europa Conference League,last 16 2nd leg,2024-03-14,Aston Villa,Ajax,4:0,Not in squad,,,,,,,,,,
2023/24,1004709,Sam Proctor,UEFA Europa Conference League,Quarter-Finals 1st leg,2024-04-11,Aston Villa,Lille,2:1,Not in squad,,,,,,,,,,
2023/24,1004709,Sam Proctor,UEFA Europa Conference League,Quarter-Finals 2nd leg,2024-04-18,Lille,Aston Villa,5:5 on pens,Not in squad,,,,,,,,,,
2023/24,1004709,Sam Proctor,UEFA Europa Conference League,Semi-Finals 1st Leg,2024-05-02,Aston Villa,Olympiacos,2:4,Not in squad,,,,,,,,,,
2023/24,1004709,Sam Proctor,UEFA Europa Conference League,Semi-Finals 2nd Leg,2024-05-09,Olympiacos,Aston Villa,2:0,Not in squad,,,,,,,,,,
2023/24,1004709,Sam Proctor,International Friendlies,6,2023-09-06,France U18,England U18,2:0,on the bench,,,,,,,,,,
2023/24,1004709,Sam Proctor,International Friendlies,22,2023-09-08,England U18,Japan U17,0:4,GK,,,,,,,,,90,
2023/24,1004709,Sam Proctor,International Friendlies,6,2023-09-10,Portugal U18,England U18,2:1,on the bench,,,,,,,,,,
2023/24,1004709,Sam Proctor,International Friendlies,10,2023-10-11,England U18,Belgium U18,1:1,Not in squad,,,,,,,,,,
2023/24,1004709,Sam Proctor,International Friendlies,11,2023-10-14,England U18,Morocco U17,1:0,Not in squad,,,,,,,,,,
2023/24,1004709,Sam Proctor,International Friendlies,24,2023-10-17,England U18,South Korea U17,1:1,Not in squad,,,,,,,,,,
2023/24,1004709,Sam Proctor,International Friendlies,17,2024-03-20,Czechia U18,England U18,1:2,Not in squad,,,,,,,,,,
2023/24,1004709,Sam Proctor,International Friendlies,4,2024-03-22,England U18,Germany U18,0:0,Not in squad,,,,,,,,,,
2023/24,1004709,Sam Proctor,International Friendlies,21,2024-03-25,England U18,Netherlands U18,2:1,Not in squad,,,,,,,,,,
2023/24,1004709,Sam Proctor,International Friendlies,8,2024-05-22,England U18,N. Ireland U18,4:2,on the bench,,,,,,,,,,
2023/24,1004709,Sam Proctor,International Friendlies,9,2024-05-26,England U18,Morocco U18,2:1,,,,,,,,46,,45,
2023/24,1004709,Sam Proctor,UEFA Europa Conference League Qualifikation,Qualifying Round 1st leg,2023-08-23,Hibernian FC,Aston Villa,0:5,Not in squad,,,,,,,,,,
2023/24,1004709,Sam Proctor,UEFA Europa Conference League Qualifikation,Qualifying Round 2nd leg,2023-08-31,Aston Villa,Hibernian FC,3:0,Not in squad,,,,,,,,,,
2023/24,1004709,Sam Proctor,Premier League,1,2023-08-12,Newcastle,Aston Villa,5:1,Not in squad,,,,,,,,,,
2023/24,1004709,Sam Proctor,Premier League,2,2023-08-20,Aston Villa,Everton,4:0,Not in squad,,,,,,,,,,
2023/24,1004709,Sam Proctor,Premier League,3,2023-08-27,Burnley,Aston Villa,1:3,Not in squad,,,,,,,,,,
2023/24,1004709,Sam Proctor,Premier League,4,2023-09-03,Liverpool,Aston Villa,3:0,Not in squad,,,,,,,,,,
2023/24,1004709,Sam Proctor,Premier League,5,2023-09-16,Aston Villa,Crystal Palace,3:1,Not in squad,,,,,,,,,,
2023/24,1004709,Sam Proctor,Premier League,6,2023-09-24,Chelsea,Aston Villa,0:1,Not in squad,,,,,,,,,,
2023/24,1004709,Sam Proctor,Premier League,7,2023-09-30,Aston Villa,Brighton,6:1,Not in squad,,,,,,,,,,
2023/24,1004709,Sam Proctor,Premier League,8,2023-10-08,Wolves,Aston Villa,1:1,Not in squad,,,,,,,,,,
2023/24,1004709,Sam Proctor,Premier League,9,2023-10-22,Aston Villa,West Ham,4:1,Not in squad,,,,,,,,,,
2023/24,1004709,Sam Proctor,Premier League,10,2023-10-29,Aston Villa,Luton,3:1,Not in squad,,,,,,,,,,
2023/24,1004709,Sam Proctor,Premier League,11,2023-11-05,Nott'm Forest,Aston Villa,2:0,Not in squad,,,,,,,,,,
2023/24,1004709,Sam Proctor,Premier League,12,2023-11-12,Aston Villa,Fulham,3:1,Not in squad,,,,,,,,,,
2023/24,1004709,Sam Proctor,Premier League,13,2023-11-26,Tottenham,Aston Villa,1:2,Not in squad,,,,,,,,,,
2023/24,1004709,Sam Proctor,Premier League,14,2023-12-03,Bournemouth,Aston Villa,2:2,Not in squad,,,,,,,,,,
2023/24,1004709,Sam Proctor,Premier League,15,2023-12-06,Aston Villa,Man City,1:0,Not in squad,,,,,,,,,,
2023/24,1004709,Sam Proctor,Premier League,16,2023-12-09,Aston Villa,Arsenal,1:0,Not in squad,,,,,,,,,,
2023/24,1004709,Sam Proctor,Premier League,17,2023-12-17,Brentford,Aston Villa,1:2,on the bench,,,,,,,,,,
2023/24,1004709,Sam Proctor,Premier League,18,2023-12-22,Aston Villa,Sheff Utd,1:1,Not in squad,,,,,,,,,,
2023/24,1004709,Sam Proctor,Premier League,19,2023-12-26,Man Utd,Aston Villa,3:2,on the bench,,,,,,,,,,
2023/24,1004709,Sam Proctor,Premier League,20,2023-12-30,Aston Villa,Burnley,3:2,on the bench,,,,,,,,,,
2023/24,1004709,Sam Proctor,Premier League,21,2024-01-14,Everton,Aston Villa,0:0,Not in squad,,,,,,,,,,
2023/24,1004709,Sam Proctor,Premier League,22,2024-01-30,Aston Villa,Newcastle,1:3,Not in squad,,,,,,,,,,
2023/24,1004709,Sam Proctor,Premier League,23,2024-02-03,Sheff Utd,Aston Villa,0:5,Not in squad,,,,,,,,,,
2023/24,1004709,Sam Proctor,Premier League,24,2024-02-11,Aston Villa,Man Utd,1:2,Not in squad,,,,,,,,,,
2023/24,1004709,Sam Proctor,Premier League,25,2024-02-17,Fulham,Aston Villa,1:2,Not in squad,,,,,,,,,,
2023/24,1004709,Sam Proctor,Premier League,26,2024-02-24,Aston Villa,Nott'm Forest,4:2,Not in squad,,,,,,,,,,
2023/24,1004709,Sam Proctor,Premier League,27,2024-03-02,Luton,Aston Villa,2:3,Not in squad,,,,,,,,,,
2023/24,1004709,Sam Proctor,Premier League,28,2024-03-10,Aston Villa,Tottenham,0:4,Not in squad,,,,,,,,,,
2023/24,1004709,Sam Proctor,Premier League,29,2024-03-17,West Ham,Aston Villa,1:1,Not in squad,,,,,,,,,,
2023/24,1004709,Sam Proctor,Premier League,30,2024-03-30,Aston Villa,Wolves,2:0,Not in squad,,,,,,,,,,
2023/24,1004709,Sam Proctor,Premier League,31,2024-04-03,Man City,Aston Villa,4:1,Not in squad,,,,,,,,,,
2023/24,1004709,Sam Proctor,Premier League,32,2024-04-06,Aston Villa,Brentford,3:3,Not in squad,,,,,,,,,,
2023/24,1004709,Sam Proctor,Premier League,33,2024-04-14,Arsenal,Aston Villa,0:2,Not in squad,,,,,,,,,,
2023/24,1004709,Sam Proctor,Premier League,34,2024-04-21,Aston Villa,Bournemouth,3:1,Not in squad,,,,,,,,,,
2023/24,1004709,Sam Proctor,Premier League,35,2024-04-27,Aston Villa,Chelsea,2:2,Not in squad,,,,,,,,,,
2023/24,1004709,Sam Proctor,Premier League,36,2024-05-05,Brighton,Aston Villa,1:0,Not in squad,,,,,,,,,,
2023/24,1004709,Sam Proctor,Premier League,37,2024-05-13,Aston Villa,Liverpool,3:3,Not in squad,,,,,,,,,,
2023/24,1004709,Sam Proctor,Premier League,38,2024-05-19,Crystal Palace,Aston Villa,5:0,Not in squad,,,,,,,,,,
2023/24,1004709,Sam Proctor,EFL Trophy,group B2,2023-09-19,Sutton Utd,Aston Villa U21,6:7 on pens,Not in squad,,,,,,,,,,
2023/24,1004709,Sam Proctor,EFL Trophy,group B2,2023-10-10,Charlton,Aston Villa U21,4:2,Not in squad,,,,,,,,,,
2023/24,1004709,Sam Proctor,EFL Trophy,group B2,2023-11-07,Crawley Town,Aston Villa U21,3:2,Not in squad,,,,,,,,,,
2023/24,1004709,Sam Proctor,FA Cup,Third Round,2024-01-06,Middlesbrough,Aston Villa,0:1,on the bench,,,,,,,,,,
2023/24,1004709,Sam Proctor,FA Cup,Fourth Round,2024-01-26,Chelsea,Aston Villa,0:0,Not in squad,,,,,,,,,,
2023/24,1004709,Sam Proctor,FA Cup,4th round deciders,2024-02-07,Aston Villa,Chelsea,1:3,Not in squad,,,,,,,,,,
2023/24,1004709,Sam Proctor,EFL Cup,Third Round,2023-09-27,Aston Villa,Everton,1:2,Not in squad,,,,,,,,,,
2023/24,1004709,Sam Proctor,Premier League 2 Playoffs,Round of 16,2024-05-06,Tottenham U21,Aston Villa U21,4:3 AET,Not in squad,,,,,,,,,,
2023/24,1004709,Sam Proctor,U18 Premier League,1,2023-08-12,Aston Villa U18,Spurs U18,4:0,on the bench,,,,,,,,,,
2023/24,1004709,Sam Proctor,U18 Premier League,2,2023-08-19,Southampton U18,Aston Villa U18,0:2,GK,,,,,,,,,90,
2023/24,1004709,Sam Proctor,U18 Premier League,3,2023-08-26,Aston Villa U18,Chelsea U18,1:5,GK,,,,,,,,,90,
2023/24,1004709,Sam Proctor,U18 Premier League,4,2023-09-16,West Ham U18,Aston Villa U18,5:2,GK,,,,,,,,,90,
2023/24,1004709,Sam Proctor,U18 Premier League,5,2023-09-23,Aston Villa U18,West Brom U18,7:1,GK,,,,,,,,,90,
2023/24,1004709,Sam Proctor,U18 Premier League,6,2023-09-30,Leicester U18,Aston Villa U18,3:3,GK,,,,93,,,,,90,
2023/24,1004709,Sam Proctor,U18 Premier League,7,2023-10-07,Aston Villa U18,Reading U18,3:1,GK,,1,,11,,,,,90,
2023/24,1004709,Sam Proctor,U18 Premier League,8,2023-10-28,Fulham U18,Aston Villa U18,7:2,on the bench,,,,,,,,,,
2023/24,1004709,Sam Proctor,U18 Premier League,9,2023-11-04,Norwich U18,Aston Villa U18,0:7,on the bench,,,,,,,,,,
2023/24,1004709,Sam Proctor,U18 Premier League,12,2023-12-16,Palace U18,Aston Villa U18,3:2,Not in squad,,,,,,,,,,
2023/24,1004709,Sam Proctor,U18 Premier League,13,2024-01-06,Aston Villa U18,Arsenal U18,2:3,Not in squad,,,,,,,,,,
2023/24,1004709,Sam Proctor,U18 Premier League,14,2024-01-12,Spurs U18,Aston Villa U18,3:2,GK,,,,,,,,,90,
2023/24,1004709,Sam Proctor,U18 Premier League,15,2024-01-27,Aston Villa U18,Norwich U18,1:4,Not in squad,,,,,,,,,,
2023/24,1004709,Sam Proctor,U18 Premier League,17,2024-02-17,Aston Villa U18,Fulham U18,0:2,GK,,,,,,,,,90,
2023/24,1004709,Sam Proctor,U18 Premier League,18,2024-02-24,Chelsea U18,Aston Villa U18,2:0,Not in squad,,,,,,,,,,
2023/24,1004709,Sam Proctor,U18 Premier League,19,2024-03-09,Aston Villa U18,West Ham U18,2:4,GK,,,,94,,,,,90,
2023/24,1004709,Sam Proctor,U18 Premier League,20,2024-03-16,West Brom U18,Aston Villa U18,2:2,GK,,,,,,,,,90,
2023/24,1004709,Sam Proctor,U18 Premier League,21,2024-04-06,Aston Villa U18,Southampton U18,0:4,Not in squad,,,,,,,,,,
2023/24,1004709,Sam Proctor,U18 Premier League,11,2024-04-18,Aston Villa U18,Brighton U18,0:6,on the bench,,,,,,,,,,
2023/24,1004709,Sam Proctor,U18 Premier League,23,2024-04-20,Arsenal U18,Aston Villa U18,4:2,GK,,,,,,,,,90,
2023/24,1004709,Sam Proctor,U18 Premier League,24,2024-04-27,Aston Villa U18,Palace U18,0:1,GK,,,,,,40,,,40,
2023/24,1004709,Sam Proctor,U18 Premier League,16,2024-05-01,Reading U18,Aston Villa U18,3:2,Not in squad,,,,,,,,,,
2023/24,1004709,Sam Proctor,U18 Premier League,25,2024-05-04,Brighton U18,Aston Villa U18,3:2,Not in squad,,,,,,,,,,
2023/24,1004709,Sam Proctor,U18 Premier League,26,2024-05-11,Aston Villa U18,Leicester U18,2:4,on the bench,,,,,,,,,,
2023/24,1004709,Sam Proctor,Premier League 2,1,2023-08-11,Aston Villa U21,West Brom U21,0:3,Not in squad,,,,,,,,,,
2023/24,1004709,Sam Proctor,Premier League 2,2,2023-08-18,Southampton U21,Aston Villa U21,4:2,on the bench,,,,,,,,,,
2023/24,1004709,Sam Proctor,Premier League 2,3,2023-08-25,Man City U21,Aston Villa U21,4:4,on the bench,,,,,,,,,,
2023/24,1004709,Sam Proctor,Premier League 2,4,2023-09-01,Aston Villa U21,Derby U21,3:1,on the bench,,,,,,,,,,
2023/24,1004709,Sam Proctor,Premier League 2,5,2023-09-24,Blackburn U21,Aston Villa U21,2:3,on the bench,,,,,,,,,,
2023/24,1004709,Sam Proctor,Premier League 2,6,2023-09-29,Aston Villa U21,Sunderland U21,2:3,on the bench,,,,,,,,,,
2023/24,1004709,Sam Proctor,Premier League 2,8,2023-11-03,Brighton U21,Aston Villa U21,2:1,on the bench,,,,,,,,,,
2023/24,1004709,Sam Proctor,Premier League 2,10,2023-12-15,Aston Villa U21,Fulham U21,1:1,GK,,,,,,,,,90,
2023/24,1004709,Sam Proctor,Premier League 2,12,2024-01-27,Tottenham U21,Aston Villa U21,5:3,Not in squad,,,,,,,,,,
2023/24,1004709,Sam Proctor,Premier League 2,13,2024-02-09,Aston Villa U21,Everton U21,2:1,Not in squad,,,,,,,,,,
2023/24,1004709,Sam Proctor,Premier League 2,14,2024-02-16,Aston Villa U21,Boro U21,4:0,Not in squad,,,,,,,,,,
2023/24,1004709,Sam Proctor,Premier League 2,9,2024-02-23,Aston Villa U21,Stoke U21,2:2,Not in squad,,,,,,,,,,
2023/24,1004709,Sam Proctor,Premier League 2,15,2024-03-03,Liverpool U21,Aston Villa U21,0:2,Not in squad,,,,,,,,,,
2023/24,1004709,Sam Proctor,Premier League 2,16,2024-03-11,Palace U21,Aston Villa U21,4:2,Not in squad,,,,,,,,,,
2023/24,1004709,Sam Proctor,Premier League 2,17,2024-03-15,Aston Villa U21,Leicester U21,2:2,on the bench,,,,,,,,,,
2023/24,1004709,Sam Proctor,Premier League 2,18,2024-04-08,Aston Villa U21,Chelsea U21,0:4,Not in squad,,,,,,,,,,
2023/24,1004709,Sam Proctor,Premier League 2,19,2024-04-15,Arsenal U21,Aston Villa U21,3:5,Not in squad,,,,,,,,,,
2023/24,1004709,Sam Proctor,Premier League 2,7,2024-04-19,Nottingham U21,Aston Villa U21,3:0,Not in squad,,,,,,,,,,
2023/24,1004709,Sam Proctor,Premier League 2,20,2024-04-26,Aston Villa U21,Norwich U21,1:4,Not in squad,,,,,,,,,,
2023/24,1004709,Sam Proctor,Premier League 2,11,2024-04-29,Newcastle U21,Aston Villa U21,0:1,Not in squad,,,,,,,,,,
2023/24,1004709,Sam Proctor,Premier League Cup,Group A,2023-09-15,Brighton U21,Aston Villa U21,2:2,Information not yet available,,,,,,,,,,
2023/24,1004709,Sam Proctor,Premier League Cup,Group A,2023-10-06,Aston Villa U21,Hull U21,1:0,Information not yet available,,,,,,,,,,
2023/24,1004709,Sam Proctor,Premier League Cup,Group A,2023-11-13,Swansea U21,Aston Villa U21,3:4,Information not yet available,,,,,,,,,,
2023/24,1004709,Sam Proctor,Premier League Cup,Group A,2023-12-08,Aston Villa U21,Brighton U21,4:0,Information not yet available,,,,,,,,,,
2023/24,1004709,Sam Proctor,Premier League Cup,Group A,2024-01-23,Hull U21,Aston Villa U21,2:3,Information not yet available,,,,,,,,,,
2023/24,1004709,Sam Proctor,Premier League Cup,Group A,2024-02-02,Aston Villa U21,Swansea U21,1:1,Information not yet available,,,,,,,,,,
2023/24,1004709,Sam Proctor,Premier League Cup,Round of 16,2024-02-27,Aston Villa U21,Blackburn U21,6:2,Information not yet available,,,,,,,,,,
2023/24,1004709,Sam Proctor,Premier League Cup,Quarter-Finals,2024-04-02,Aston Villa U21,Tottenham U21,1:3,Information not yet available,,,,,,,,,,
2023/24,1004709,Sam Proctor,FA Youth Cup,Third Round,2023-12-13,Burton U18,Aston Villa U18,3:1,Not in squad,,,,,,,,,,
