﻿season,player_id,player_name,competition,journey,date,home_team,away_team,result,position,goals,assists,own_goals,yellow_cards,second_yellow_cards,red_cards,substitutions_on,substitutions_off,minutes_played,transfermarkt_score
2024/25,1006411,Jaydee Canvot,International Friendlies,1,2024-09-05,Ireland U19,France U19,1:2,,,,,,,,63,,27,
2023/24,1006411,Jaydee Canvot,Coupe Gambardella,First Round,2023-12-10,Angoulême U19,Toulouse U19,10:11 on pens,Not in squad,,,,,,,,,,
2023/24,1006411,Jaydee Canvot,Coupe Gambardella,Second Round,2024-01-14,Toulouse U19,SC Bastia U19,3:0,,,,,,,,,77,77,
2023/24,1006411,Jaydee Canvot,Coupe Gambardella,Third Round,2024-02-04,Paris FC U19,Toulouse U19,1:3,,1,,,,,,,,90,
2023/24,1006411,Jaydee Canvot,Coupe Gambardella,Round of 16,2024-02-25,Versailles U19,Toulouse U19,1:2,,,,,,,,,,90,
2023/24,1006411,Jaydee Canvot,Coupe Gambardella,Quarter-Finals,2024-03-31,Troyes U19,Toulouse U19,6:4 on pens,,,,,,,,,,90,
2023/24,1006411,Jaydee Canvot,Championnat National 2 - Groupe A,1,2023-08-26,Fréjus-St-Raph.,Toulouse B,3:1,Not in squad,,,,,,,,,,
2023/24,1006411,Jaydee Canvot,Championnat National 2 - Groupe A,2,2023-09-02,Toulouse B,FC Chamalières,2:4,Not in squad,,,,,,,,,,
2023/24,1006411,Jaydee Canvot,Championnat National 2 - Groupe A,3,2023-09-09,SC Toulon,Toulouse B,1:0,Not in squad,,,,,,,,,,
2023/24,1006411,Jaydee Canvot,Championnat National 2 - Groupe A,4,2023-09-15,Bourgoin-Jall.,Toulouse B,2:2,Not in squad,,,,,,,,,,
2023/24,1006411,Jaydee Canvot,Championnat National 2 - Groupe A,5,2023-09-22,Toulouse B,Pays de Grasse,0:1,Not in squad,,,,,,,,,,
2023/24,1006411,Jaydee Canvot,Championnat National 2 - Groupe A,6,2023-10-07,Aubagne FC,Toulouse B,2:0,Not in squad,,,,,,,,,,
2023/24,1006411,Jaydee Canvot,Championnat National 2 - Groupe A,7,2023-10-21,Toulouse B,Cannes,0:2,Not in squad,,,,,,,,,,
2023/24,1006411,Jaydee Canvot,Championnat National 2 - Groupe A,8,2023-11-03,Le Puy Foot,Toulouse B,3:1,Not in squad,,,,,,,,,,
2023/24,1006411,Jaydee Canvot,Championnat National 2 - Groupe A,9,2023-11-11,Toulouse B,Hyères 83,1:1,Not in squad,,,,,,,,,,
2023/24,1006411,Jaydee Canvot,Championnat National 2 - Groupe A,10,2023-11-25,Thonon Évian,Toulouse B,4:1,Not in squad,,,,,,,,,,
2023/24,1006411,Jaydee Canvot,Championnat National 2 - Groupe A,11,2023-12-02,Toulouse B,Andrézieux,0:1,Not in squad,,,,,,,,,,
2023/24,1006411,Jaydee Canvot,Championnat National 2 - Groupe A,12,2023-12-16,Jura Sud,Toulouse B,3:2,Not in squad,,,,,,,,,,
2023/24,1006411,Jaydee Canvot,Championnat National 2 - Groupe A,13,2024-01-13,Toulouse B,Olympique Alès,2:2,Not in squad,,,,,,,,,,
2023/24,1006411,Jaydee Canvot,Championnat National 2 - Groupe A,15,2024-02-03,Toulouse B,SC Toulon,1:2,Not in squad,,,,,,,,,,
2023/24,1006411,Jaydee Canvot,Championnat National 2 - Groupe A,14,2024-02-10,FC Chamalières,Toulouse B,1:1,Not in squad,,,,,,,,,,
2023/24,1006411,Jaydee Canvot,Championnat National 2 - Groupe A,16,2024-02-17,Toulouse B,Bourgoin-Jall.,1:1,Not in squad,,,,,,,,,,
2023/24,1006411,Jaydee Canvot,Championnat National 2 - Groupe A,17,2024-02-24,Pays de Grasse,Toulouse B,0:0,Not in squad,,,,,,,,,,
2023/24,1006411,Jaydee Canvot,Championnat National 2 - Groupe A,18,2024-03-09,Toulouse B,Aubagne FC,1:1,Not in squad,,,,,,,,,,
2023/24,1006411,Jaydee Canvot,Championnat National 2 - Groupe A,19,2024-03-16,Cannes,Toulouse B,5:0,Not in squad,,,,,,,,,,
2023/24,1006411,Jaydee Canvot,Championnat National 2 - Groupe A,20,2024-03-23,Toulouse B,Le Puy Foot,1:6,,,,,,,,,60,60,
2023/24,1006411,Jaydee Canvot,Championnat National 2 - Groupe A,21,2024-04-06,Hyères 83,Toulouse B,4:1,Not in squad,,,,,,,,,,
2023/24,1006411,Jaydee Canvot,Championnat National 2 - Groupe A,22,2024-04-13,Toulouse B,Thonon Évian,4:2,Not in squad,,,,,,,,,,
2023/24,1006411,Jaydee Canvot,Championnat National 2 - Groupe A,23,2024-04-19,Andrézieux,Toulouse B,0:0,Not in squad,,,,,,,,,,
2023/24,1006411,Jaydee Canvot,Championnat National 2 - Groupe A,24,2024-04-27,Toulouse B,Jura Sud,0:4,Not in squad,,,,,,,,,,
2023/24,1006411,Jaydee Canvot,Championnat National 2 - Groupe A,25,2024-05-11,Olympique Alès,Toulouse B,2:1,Not in squad,,,,,,,,,,
2023/24,1006411,Jaydee Canvot,Championnat National 2 - Groupe A,26,2024-05-18,Toulouse B,Fréjus-St-Raph.,1:2,,,,,,,27,,,27,
2023/24,1006411,Jaydee Canvot,Championnat National U19 - Groupe D,1,2023-08-26,Colomiers U19,Toulouse U19,0:1,Not in squad,,,,,,,,,,
2023/24,1006411,Jaydee Canvot,Championnat National U19 - Groupe D,2,2023-09-02,Toulouse U19,AS Béziers U19,1:0,Not in squad,,,,,,,,,,
2023/24,1006411,Jaydee Canvot,Championnat National U19 - Groupe D,4,2023-09-16,Toulouse U19,Nizza U19,1:2,Not in squad,,,,,,,,,,
2023/24,1006411,Jaydee Canvot,Championnat National U19 - Groupe D,5,2023-09-24,Ajaccio U19,Toulouse U19,0:2,Not in squad,,,,,,,,,,
2023/24,1006411,Jaydee Canvot,Championnat National U19 - Groupe D,3,2023-09-27,Toulouse U19,Monaco U19,1:2,Not in squad,,,,,,,,,,
2023/24,1006411,Jaydee Canvot,Championnat National U19 - Groupe D,6,2023-10-01,Toulouse U19,St-Étienne U19,0:2,Not in squad,,,,,,,,,,
2023/24,1006411,Jaydee Canvot,Championnat National U19 - Groupe D,7,2023-10-06,GFC Ajaccio U19,Toulouse U19,2:1,Not in squad,,,,,,,,,,
2023/24,1006411,Jaydee Canvot,Championnat National U19 - Groupe D,8,2023-10-14,Toulouse U19,Montpellier U19,0:1,Not in squad,,,,,,,,,,
2023/24,1006411,Jaydee Canvot,Championnat National U19 - Groupe D,10,2023-11-04,Toulouse U19,Marignane G U19,0:0,Not in squad,,,,,,,,,,
2023/24,1006411,Jaydee Canvot,Championnat National U19 - Groupe D,11,2023-11-12,Rodez AF U19,Toulouse U19,1:0,Not in squad,,,,,,,,,,
2023/24,1006411,Jaydee Canvot,Championnat National U19 - Groupe D,12,2023-11-18,SC Air Bel U19,Toulouse U19,2:2,Not in squad,,,,,,,,,,
2023/24,1006411,Jaydee Canvot,Championnat National U19 - Groupe D,13,2023-11-26,Toulouse U19,Marseille U19,2:1,Not in squad,,,,,,,,,,
2023/24,1006411,Jaydee Canvot,Championnat National U19 - Groupe D,14,2023-12-03,AS Béziers U19,Toulouse U19,1:2,Not in squad,,,,,,,,,,
2023/24,1006411,Jaydee Canvot,Championnat National U19 - Groupe D,15,2023-12-17,Monaco U19,Toulouse U19,1:0,Not in squad,,,,,,,,,,
2023/24,1006411,Jaydee Canvot,Championnat National U19 - Groupe D,16,2024-01-21,Nizza U19,Toulouse U19,1:1,,,,,,,,,,90,
2023/24,1006411,Jaydee Canvot,Championnat National U19 - Groupe D,17,2024-01-28,Toulouse U19,Ajaccio U19,0:3,,,,,,,,,87,87,
2023/24,1006411,Jaydee Canvot,Championnat National U19 - Groupe D,18,2024-02-11,St-Étienne U19,Toulouse U19,1:3,,,,,,,,,,90,
2023/24,1006411,Jaydee Canvot,Championnat National U19 - Groupe D,19,2024-02-18,Toulouse U19,GFC Ajaccio U19,2:0,,,,,,,,,,90,
2023/24,1006411,Jaydee Canvot,Championnat National U19 - Groupe D,20,2024-03-10,Montpellier U19,Toulouse U19,3:1,,,,,77,,,,,90,
2023/24,1006411,Jaydee Canvot,Championnat National U19 - Groupe D,21,2024-03-17,Toulouse U19,SC Bastia U19,4:2,,,,,,,,,,90,
2023/24,1006411,Jaydee Canvot,Championnat National U19 - Groupe D,22,2024-03-24,Marignane G U19,Toulouse U19,1:1,Not in squad,,,,,,,,,,
2023/24,1006411,Jaydee Canvot,Championnat National U19 - Groupe D,23,2024-04-07,Toulouse U19,Rodez AF U19,1:2,,,,,,,,,,90,
2023/24,1006411,Jaydee Canvot,Championnat National U19 - Groupe D,24,2024-04-14,Toulouse U19,SC Air Bel U19,3:0,,1,,,,,,,90,90,
2023/24,1006411,Jaydee Canvot,Championnat National U19 - Groupe D,9,2024-04-21,SC Bastia U19,Toulouse U19,3:2,,,,,,,,,,90,
2023/24,1006411,Jaydee Canvot,Championnat National U19 - Groupe D,25,2024-04-28,Marseille U19,Toulouse U19,3:1,,,,,,,,,,90,
2023/24,1006411,Jaydee Canvot,Championnat National U19 - Groupe D,26,2024-05-12,Toulouse U19,Colomiers U19,7:0,,1,,,,,,,,90,
2024/25,1006411,Jaydee Canvot,2024 UEFA Under-19 Euro,Group B,2024-07-16,France U19,Türkiye U19,2:1,Not in squad,,,,,,,,,,
2024/25,1006411,Jaydee Canvot,2024 UEFA Under-19 Euro,Group B,2024-07-19,Denmark U19,France U19,2:4,Not in squad,,,,,,,,,,
2024/25,1006411,Jaydee Canvot,2024 UEFA Under-19 Euro,Group B,2024-07-22,Spain U19,France U19,2:2,Not in squad,,,,,,,,,,
2024/25,1006411,Jaydee Canvot,2024 UEFA Under-19 Euro,Semi-Finals,2024-07-25,France U19,Ukraine U19,1:0,Not in squad,,,,,,,,,,
2024/25,1006411,Jaydee Canvot,2024 UEFA Under-19 Euro,Final,2024-07-28,Spain U19,France U19,2:0,Not in squad,,,,,,,,,,
