﻿season,player_id,player_name,competition,journey,date,home_team,away_team,result,position,goals,assists,own_goals,yellow_cards,second_yellow_cards,red_cards,substitutions_on,substitutions_off,minutes_played,transfermarkt_score
2022/23,1091562,Romelle Donovan,Championship,1,2022-07-30,Luton,Birmingham,0:0,Not in squad,,,,,,,,,,
2022/23,1091562,Romelle Donovan,Championship,2,2022-08-05,Birmingham,Huddersfield,2:1,Not in squad,,,,,,,,,,
2022/23,1091562,Romelle Donovan,Championship,3,2022-08-13,Cardiff,Birmingham,1:0,Not in squad,,,,,,,,,,
2022/23,1091562,Romelle Donovan,Championship,4,2022-08-16,Birmingham,Watford,1:1,Not in squad,,,,,,,,,,
2022/23,1091562,Romelle Donovan,Championship,5,2022-08-20,Birmingham,Wigan,0:1,Not in squad,,,,,,,,,,
2022/23,1091562,Romelle Donovan,Championship,6,2022-08-27,Rotherham,Birmingham,2:0,Not in squad,,,,,,,,,,
2022/23,1091562,Romelle Donovan,Championship,7,2022-08-30,Birmingham,Norwich,1:2,Not in squad,,,,,,,,,,
2022/23,1091562,Romelle Donovan,Championship,8,2022-09-03,Preston,Birmingham,0:1,Not in squad,,,,,,,,,,
2022/23,1091562,Romelle Donovan,Championship,10,2022-09-14,West Brom,Birmingham,2:3,Not in squad,,,,,,,,,,
2022/23,1091562,Romelle Donovan,Championship,11,2022-09-17,Birmingham,Coventry,0:0,Not in squad,,,,,,,,,,
2022/23,1091562,Romelle Donovan,Championship,12,2022-10-01,Sheff Utd,Birmingham,1:1,Not in squad,,,,,,,,,,
2022/23,1091562,Romelle Donovan,Championship,13,2022-10-05,Middlesbrough,Birmingham,1:0,Not in squad,,,,,,,,,,
2022/23,1091562,Romelle Donovan,Championship,14,2022-10-08,Birmingham,Bristol City,3:0,Not in squad,,,,,,,,,,
2022/23,1091562,Romelle Donovan,Championship,15,2022-10-16,Hull City,Birmingham,0:2,Not in squad,,,,,,,,,,
2022/23,1091562,Romelle Donovan,Championship,16,2022-10-19,Birmingham,Burnley,1:1,Not in squad,,,,,,,,,,
2022/23,1091562,Romelle Donovan,Championship,17,2022-10-22,Blackburn,Birmingham,2:1,Not in squad,,,,,,,,,,
2022/23,1091562,Romelle Donovan,Championship,18,2022-10-28,Birmingham,QPR,2:0,Not in squad,,,,,,,,,,
2022/23,1091562,Romelle Donovan,Championship,19,2022-11-02,Birmingham,Millwall,0:0,Not in squad,,,,,,,,,,
2022/23,1091562,Romelle Donovan,Championship,20,2022-11-05,Stoke City,Birmingham,1:2,Not in squad,,,,,,,,,,
2022/23,1091562,Romelle Donovan,Championship,9,2022-11-08,Birmingham,Swansea,2:2,Not in squad,,,,,,,,,,
2022/23,1091562,Romelle Donovan,Championship,21,2022-11-11,Birmingham,Sunderland,1:2,Not in squad,,,,,,,,,,
2022/23,1091562,Romelle Donovan,Championship,22,2022-12-10,Blackpool,Birmingham,0:0,Not in squad,,,,,,,,,,
2022/23,1091562,Romelle Donovan,Championship,23,2022-12-16,Birmingham,Reading,3:2,Not in squad,,,,,,,,,,
2022/23,1091562,Romelle Donovan,Championship,24,2022-12-27,Burnley,Birmingham,3:0,Not in squad,,,,,,,,,,
2022/23,1091562,Romelle Donovan,Championship,25,2022-12-30,Birmingham,Hull City,0:1,Not in squad,,,,,,,,,,
2022/23,1091562,Romelle Donovan,Championship,26,2023-01-02,Birmingham,Middlesbrough,1:3,Not in squad,,,,,,,,,,
2022/23,1091562,Romelle Donovan,Championship,27,2023-01-14,Bristol City,Birmingham,4:2,Not in squad,,,,,,,,,,
2022/23,1091562,Romelle Donovan,Championship,28,2023-01-21,Birmingham,Preston,1:2,Not in squad,,,,,,,,,,
2022/23,1091562,Romelle Donovan,Championship,30,2023-02-04,Swansea,Birmingham,3:4,Not in squad,,,,,,,,,,
2022/23,1091562,Romelle Donovan,Championship,31,2023-02-10,Birmingham,West Brom,2:0,Not in squad,,,,,,,,,,
2022/23,1091562,Romelle Donovan,Championship,32,2023-02-14,Birmingham,Cardiff,0:2,Not in squad,,,,,,,,,,
2022/23,1091562,Romelle Donovan,Championship,33,2023-02-18,Huddersfield,Birmingham,2:1,Not in squad,,,,,,,,,,
2022/23,1091562,Romelle Donovan,Championship,29,2023-02-21,Norwich,Birmingham,3:1,Not in squad,,,,,,,,,,
2022/23,1091562,Romelle Donovan,Championship,34,2023-02-25,Birmingham,Luton,0:1,Not in squad,,,,,,,,,,
2022/23,1091562,Romelle Donovan,Championship,35,2023-03-04,Wigan,Birmingham,1:1,Not in squad,,,,,,,,,,
2022/23,1091562,Romelle Donovan,Championship,36,2023-03-11,Birmingham,Rotherham,2:0,Not in squad,,,,,,,,,,
2022/23,1091562,Romelle Donovan,Championship,37,2023-03-14,Watford,Birmingham,3:0,Not in squad,,,,,,,,,,
2022/23,1091562,Romelle Donovan,Championship,38,2023-03-18,QPR,Birmingham,0:1,Not in squad,,,,,,,,,,
2022/23,1091562,Romelle Donovan,Championship,39,2023-04-01,Birmingham,Blackburn,1:0,Not in squad,,,,,,,,,,
2022/23,1091562,Romelle Donovan,Championship,40,2023-04-07,Reading,Birmingham,1:1,Not in squad,,,,,,,,,,
2022/23,1091562,Romelle Donovan,Championship,41,2023-04-10,Birmingham,Stoke City,0:0,Not in squad,,,,,,,,,,
2022/23,1091562,Romelle Donovan,Championship,42,2023-04-15,Sunderland,Birmingham,2:1,Not in squad,,,,,,,,,,
2022/23,1091562,Romelle Donovan,Championship,43,2023-04-18,Millwall,Birmingham,0:1,Not in squad,,,,,,,,,,
2022/23,1091562,Romelle Donovan,Championship,44,2023-04-22,Birmingham,Blackpool,0:1,Not in squad,,,,,,,,,,
2022/23,1091562,Romelle Donovan,Championship,45,2023-04-29,Coventry,Birmingham,2:0,Not in squad,,,,,,,,,,
2022/23,1091562,Romelle Donovan,Championship,46,2023-05-08,Birmingham,Sheff Utd,1:2,Not in squad,,,,,,,,,,
2022/23,1091562,Romelle Donovan,FA Cup,Third Round,2023-01-17,Forest Green,Birmingham,1:2,on the bench,,,,,,,,,,
2022/23,1091562,Romelle Donovan,FA Cup,Fourth Round,2023-01-28,Blackburn,Birmingham,2:2,on the bench,,,,,,,,,,
2022/23,1091562,Romelle Donovan,FA Cup,4th round deciders,2023-01-31,Birmingham,Blackburn,0:1 AET,on the bench,,,,,,,,,,
2022/23,1091562,Romelle Donovan,EFL Cup,First Round,2022-08-09,Norwich,Birmingham,6:4 on pens,Not in squad,,,,,,,,,,
2022/23,1091562,Romelle Donovan,FA Youth Cup,Third Round,2022-12-19,Birmingham U18,Luton U18,0:6,on the bench,,,,,,,,,,
