﻿season,player_id,player_name,competition,journey,date,home_team,away_team,result,position,goals,assists,own_goals,yellow_cards,second_yellow_cards,red_cards,substitutions_on,substitutions_off,minutes_played,transfermarkt_score
2024/25,1011131,Josh King,International Friendlies,9,2024-09-04,England U18,Portugal U18,2:2,CM,,1,,,,,,77,77,
2023/24,1011131,Josh King,International Friendlies,,,,,,,,,,,,,,,,
2024/25,1011131,Josh King,International Friendlies,6,2024-09-04,Italy U19,England U19,2:2,Not in squad,,,,,,,,,,
2023/24,1011131,Josh King,International Friendlies,,,,,,,,,,,,,,,,
2024/25,1011131,Josh King,International Friendlies,9,2024-09-06,Switzerland U18,England U18,1:1,,,,,,,,65,,25,
2023/24,1011131,Josh King,International Friendlies,,,,,,,,,,,,,,,,
2024/25,1011131,Josh King,International Friendlies,2,2024-09-07,Croatia U19,England U19,1:1,Not in squad,,,,,,,,,,
2023/24,1011131,Josh King,International Friendlies,,,,,,,,,,,,,,,,
2024/25,1011131,Josh King,International Friendlies,2,2024-09-08,France U18,England U18,1:3 on pens,,,,,,,,,46,46,
2023/24,1011131,Josh King,International Friendlies,,,,,,,,,,,,,,,,
2024/25,1011131,Josh King,International Friendlies,2,2024-09-10,Germany U19,England U19,3:2,Not in squad,,,,,,,,,,
2024/25,1011131,Josh King,International Friendlies,3,2024-10-09,England U19,Portugal U19,1:2,CM,,,,,,,74,,16,
2023/24,1011131,Josh King,International Friendlies,,,,,,,,,,,,,,,,
2024/25,1011131,Josh King,International Friendlies,3,2024-10-11,Sweden U18,England U18,2:0,Not in squad,,,,,,,,,,
2023/24,1011131,Josh King,International Friendlies,,,,,,,,,,,,,,,,
2024/25,1011131,Josh King,International Friendlies,4,2024-10-12,Netherlands U19,England U19,1:4,CM,,,,,,,,74,74,
2023/24,1011131,Josh King,International Friendlies,,,,,,,,,,,,,,,,
2024/25,1011131,Josh King,International Friendlies,8,2024-10-14,England U18,Ukraine U19,3:1,Not in squad,,,,,,,,,,
2023/24,1011131,Josh King,International Friendlies,,,,,,,,,,,,,,,,
2024/25,1011131,Josh King,International Friendlies,37,2024-10-15,England U19,France U19,4:2,CM,1,1,,,,,,60,60,
2023/24,1011131,Josh King,International Friendlies,,,,,,,,,,,,,,,,
2024/25,1011131,Josh King,International Friendlies,37,2024-11-15,Poland U18,England U18,3:1,Not in squad,,,,,,,,,,
2024/25,1011131,Josh King,International Friendlies,37,2024-11-18,Germany U18,England U18,1:0,Not in squad,,,,,,,,,,
2024/25,1011131,Josh King,International Friendlies,12,2025-03-20,England U18,Czechia U18,2:2,Not in squad,,,,,,,,,,
2024/25,1011131,Josh King,International Friendlies,12,2025-03-22,France U18,England U18,2:2,Not in squad,,,,,,,,,,
2024/25,1011131,Josh King,International Friendlies,12,2025-03-25,Portugal U18,England U18,0:1,Not in squad,,,,,,,,,,
2024/25,1011131,Josh King,International Friendlies,4,2025-05-25,Morocco U18,England U18,1:3,Not in squad,,,,,,,,,,
2024/25,1011131,Josh King,International Friendlies,5,2025-05-28,England U18,Morocco U18,1:2,Not in squad,,,,,,,,,,
2023/24,1011131,Josh King,International Friendlies,,,,,,,,,,,,,,,,
2024/25,1011131,Josh King,International Friendlies,7,2025-06-06,England U19,Iceland U19,3:1,Not in squad,,,,,,,,,,
2024/25,1011131,Josh King,Premier League,1,2024-08-16,Man Utd,Fulham,1:0,on the bench,,,,,,,,,,
2024/25,1011131,Josh King,Premier League,2,2024-08-24,Fulham,Leicester,2:1,Not in squad,,,,,,,,,,
2024/25,1011131,Josh King,Premier League,3,2024-08-31,Ipswich,Fulham,1:1,Not in squad,,,,,,,,,,
2024/25,1011131,Josh King,Premier League,4,2024-09-14,Fulham,West Ham,1:1,Not in squad,,,,,,,,,,
2024/25,1011131,Josh King,Premier League,5,2024-09-21,Fulham,Newcastle,3:1,Not in squad,,,,,,,,,,
2024/25,1011131,Josh King,Premier League,6,2024-09-28,Nott'm Forest,Fulham,0:1,Not in squad,,,,,,,,,,
2024/25,1011131,Josh King,Premier League,7,2024-10-05,Man City,Fulham,3:2,Not in squad,,,,,,,,,,
2024/25,1011131,Josh King,Premier League,8,2024-10-19,Fulham,Aston Villa,1:3,on the bench,,,,,,,,,,
2024/25,1011131,Josh King,Premier League,9,2024-10-26,Everton,Fulham,1:1,on the bench,,,,,,,,,,
2024/25,1011131,Josh King,Premier League,10,2024-11-04,Fulham,Brentford,2:1,Not in squad,,,,,,,,,,
2024/25,1011131,Josh King,Premier League,11,2024-11-09,Crystal Palace,Fulham,0:2,Not in squad,,,,,,,,,,
2024/25,1011131,Josh King,Premier League,12,2024-11-23,Fulham,Wolves,1:4,on the bench,,,,,,,,,,
2024/25,1011131,Josh King,Premier League,13,2024-12-01,Tottenham,Fulham,1:1,on the bench,,,,,,,,,,
2024/25,1011131,Josh King,Premier League,14,2024-12-05,Fulham,Brighton,3:1,CM,,,,,,,80,,10,
2024/25,1011131,Josh King,Premier League,15,2024-12-08,Fulham,Arsenal,1:1,on the bench,,,,,,,,,,
2024/25,1011131,Josh King,Premier League,16,2024-12-14,Liverpool,Fulham,2:2,on the bench,,,,,,,,,,
2024/25,1011131,Josh King,Premier League,17,2024-12-22,Fulham,Southampton,0:0,AM,,,,,,,,62,62,
2024/25,1011131,Josh King,Premier League,18,2024-12-26,Chelsea,Fulham,1:2,on the bench,,,,,,,,,,
2024/25,1011131,Josh King,Premier League,19,2024-12-29,Fulham,Bournemouth,2:2,CM,,,,,,,90,,1,
2024/25,1011131,Josh King,Premier League,20,2025-01-05,Fulham,Ipswich,2:2,on the bench,,,,,,,,,,
2024/25,1011131,Josh King,Premier League,21,2025-01-14,West Ham,Fulham,3:2,,,,,,,,85,,5,
2024/25,1011131,Josh King,Premier League,22,2025-01-18,Leicester,Fulham,0:2,,,,,,,,90,,1,
2024/25,1011131,Josh King,Premier League,23,2025-01-26,Fulham,Man Utd,0:1,on the bench,,,,,,,,,,
2024/25,1011131,Josh King,Premier League,24,2025-02-01,Newcastle,Fulham,1:2,on the bench,,,,,,,,,,
2024/25,1011131,Josh King,Premier League,25,2025-02-15,Fulham,Nott'm Forest,2:1,on the bench,,,,,,,,,,
2024/25,1011131,Josh King,Premier League,26,2025-02-22,Fulham,Crystal Palace,0:2,Not in squad,,,,,,,,,,
2024/25,1011131,Josh King,Premier League,27,2025-02-25,Wolves,Fulham,1:2,on the bench,,,,,,,,,,
2024/25,1011131,Josh King,Premier League,28,2025-03-08,Brighton,Fulham,2:1,on the bench,,,,,,,,,,
2024/25,1011131,Josh King,Premier League,29,2025-03-16,Fulham,Tottenham,2:0,on the bench,,,,,,,,,,
2024/25,1011131,Josh King,Premier League,30,2025-04-01,Arsenal,Fulham,2:1,Not in squad,,,,,,,,,,
2024/25,1011131,Josh King,Premier League,31,2025-04-06,Fulham,Liverpool,3:2,Not in squad,,,,,,,,,,
2024/25,1011131,Josh King,Premier League,32,2025-04-14,Bournemouth,Fulham,1:0,Not in squad,,,,,,,,,,
2024/25,1011131,Josh King,Premier League,33,2025-04-20,Fulham,Chelsea,1:2,Not in squad,,,,,,,,,,
2024/25,1011131,Josh King,Premier League,34,2025-04-26,Southampton,Fulham,1:2,Not in squad,,,,,,,,,,
2024/25,1011131,Josh King,Premier League,35,2025-05-03,Aston Villa,Fulham,1:0,Not in squad,,,,,,,,,,
2024/25,1011131,Josh King,Premier League,36,2025-05-10,Fulham,Everton,1:3,,,,,,,,83,,7,
2024/25,1011131,Josh King,Premier League,37,2025-05-18,Brentford,Fulham,2:3,CM,,,,,,,66,,24,
2024/25,1011131,Josh King,Premier League,38,2025-05-25,Fulham,Man City,0:2,,,,,,,,73,,17,
2024/25,1011131,Josh King,EFL Trophy,group B1,2024-08-20,Shrewsbury,Fulham U21,1:2,AM,,2,,,,,,90,90,
2024/25,1011131,Josh King,EFL Trophy,group B1,2024-09-17,Walsall,Fulham U21,1:0,Not in squad,,,,,,,,,,
2024/25,1011131,Josh King,EFL Trophy,group B1,2024-10-29,Birmingham,Fulham U21,7:1,AM,,,,,,,,,90,
2024/25,1011131,Josh King,FA Cup,Third Round,2025-01-09,Fulham,Watford,4:1,CM,,,,,,,66,,24,
2024/25,1011131,Josh King,FA Cup,Fourth Round,2025-02-08,Wigan,Fulham,1:2,RM,,,,,,,,86,86,
2024/25,1011131,Josh King,FA Cup,Fifth Round,2025-03-02,Man Utd,Fulham,4:5 on pens,Not in squad,,,,,,,,,,
2024/25,1011131,Josh King,FA Cup,Quarter-Finals,2025-03-29,Fulham,Crystal Palace,0:3,Not in squad,,,,,,,,,,
2024/25,1011131,Josh King,EFL Cup,Second Round,2024-08-27,Birmingham,Fulham,0:2,CM,,,,,,,65,,25,
2024/25,1011131,Josh King,EFL Cup,Third Round,2024-09-17,Preston,Fulham,17:16 on pens,on the bench,,,,,,,,,,
2024/25,1011131,Josh King,Premier League 2 Playoffs,Round of 16,2025-04-28,Fulham U21,Nottingham U21,1:0 AET,CM,,,,,,,,84,84,
2024/25,1011131,Josh King,Premier League 2 Playoffs,Quarter-Finals,2025-05-05,Southampton U21,Fulham U21,5:2,CM,,,,,,,,,90,
2024/25,1011131,Josh King,Premier League 2,2,2024-08-24,Reading U21,Fulham U21,1:5,CM,,1,,,,,,68,68,
2024/25,1011131,Josh King,Premier League 2,3,2024-08-30,Fulham U21,Leicester U21,3:1,CM,1,,,,,,,,90,
2024/25,1011131,Josh King,Premier League 2,4,2024-09-20,Tottenham U21,Fulham U21,1:4,Not in squad,,,,,,,,,,
2024/25,1011131,Josh King,Premier League 2,5,2024-09-27,Fulham U21,Sunderland U21,5:2,DM,1,,,,,,,62,62,
2024/25,1011131,Josh King,Premier League 2,6,2024-10-04,Fulham U21,Chelsea U21,0:6,CM,,,,,,,,83,83,
2024/25,1011131,Josh King,Premier League 2,7,2024-10-25,Stoke U21,Fulham U21,0:1,Not in squad,,,,,,,,,,
2024/25,1011131,Josh King,Premier League 2,8,2024-11-01,West Ham U21,Fulham U21,0:3,Not in squad,,,,,,,,,,
2024/25,1011131,Josh King,Premier League 2,9,2024-11-29,Fulham U21,Leeds U21,2:1,Not in squad,,,,,,,,,,
2024/25,1011131,Josh King,Premier League 2,10,2024-12-13,Fulham U21,Derby U21,4:0,Not in squad,,,,,,,,,,
2024/25,1011131,Josh King,Premier League 2,1,2025-01-06,Palace U21,Fulham U21,0:1,Not in squad,,,,,,,,,,
2024/25,1011131,Josh King,Premier League 2,11,2025-01-10,Southampton U21,Fulham U21,5:0,Not in squad,,,,,,,,,,
2024/25,1011131,Josh King,Premier League 2,12,2025-01-18,Fulham U21,Arsenal U21,6:3,Not in squad,,,,,,,,,,
2024/25,1011131,Josh King,Premier League 2,13,2025-01-27,Aston Villa U21,Fulham U21,3:3,Not in squad,,,,,,,,,,
2024/25,1011131,Josh King,Premier League 2,14,2025-02-10,Fulham U21,Boro U21,2:0,Not in squad,,,,,,,,,,
2024/25,1011131,Josh King,Premier League 2,15,2025-02-17,Man Utd U21,Fulham U21,0:1,Not in squad,,,,,,,,,,
2024/25,1011131,Josh King,Premier League 2,16,2025-02-21,Fulham U21,Everton U21,2:2,Not in squad,,,,,,,,,,
2024/25,1011131,Josh King,Premier League 2,17,2025-03-03,Fulham U21,Nottingham U21,0:1,CM,,,,,,,,81,81,
2024/25,1011131,Josh King,Premier League 2,18,2025-03-14,Brighton U21,Fulham U21,1:3,Not in squad,,,,,,,,,,
2024/25,1011131,Josh King,Premier League 2,19,2025-04-07,Fulham U21,Man City U21,1:1,CM,,,,,,,,79,79,
2024/25,1011131,Josh King,Premier League 2,20,2025-04-14,Blackburn U21,Fulham U21,2:3,Not in squad,,,,,,,,,,
2024/25,1011131,Josh King,Premier League International Cup U21,Group C,2024-09-24,Fulham U21,PSV U21,4:4,Not in squad,,,,,,,,,,
2024/25,1011131,Josh King,Premier League International Cup U21,Group C,2024-11-26,Fulham U21,Sparta Prague B,3:1,CM,,,,,,,,69,69,
2024/25,1011131,Josh King,Premier League International Cup U21,Group C,2024-12-10,Fulham U21,Hertha BSC II,5:3,Not in squad,,,,,,,,,,
2024/25,1011131,Josh King,Premier League International Cup U21,Group C,2025-01-24,Fulham U21,FCN Reserves,1:1,Information not yet available,,,,,,,,,,
2024/25,1011131,Josh King,Premier League International Cup U21,Quarter-Finals,2025-03-17,Fulham U21,Sporting B,2:1,Not in squad,,,,,,,,,,
2024/25,1011131,Josh King,Premier League International Cup U21,Semi-Finals,2025-04-22,Fulham U21,Olymp. Lyon B,0:2,CM,,,,,,,,,90,
2024/25,1011131,Josh King,2025 UEFA Under-19 Euro,Group B,2025-06-14,England U19,Norway U19,2:2,CM,,,,60,,,,82,82,
2024/25,1011131,Josh King,2025 UEFA Under-19 Euro,Group B,2025-06-17,Germany U19,England U19,5:5,CM,1,,,68,,,,77,77,
2024/25,1011131,Josh King,2025 UEFA Under-19 Euro,Group B,2025-06-20,Netherlands U19,England U19,4:2,Not in squad,,,,,,,,,,
2024/25,1011131,Josh King,UEFA EURO U19 Championship Qualifiers,Group 3,2024-11-13,England U19,Lithuania U19,1:0,LM,,,,,,,,71,71,
2024/25,1011131,Josh King,UEFA EURO U19 Championship Qualifiers,Group 3,2024-11-16,England U19,Bulgaria U19,2:1,on the bench,,,,,,,,,,
2024/25,1011131,Josh King,UEFA EURO U19 Championship Qualifiers,Group 3,2024-11-19,Belgium U19,England U19,0:0,LM,,,,,,,,73,73,
2024/25,1011131,Josh King,UEFA EURO U19 Championship Qualifiers,group B7,2025-03-19,Wales U19,England U19,0:2,AM,,,,,,,,68,68,
2024/25,1011131,Josh King,UEFA EURO U19 Championship Qualifiers,group B7,2025-03-22,England U19,Türkiye U19,0:0,,,,,,,,75,,15,
2024/25,1011131,Josh King,UEFA EURO U19 Championship Qualifiers,group B7,2025-03-25,England U19,Portugal U19,1:0,CM,,,,,,,79,,11,
2024/25,1011131,Josh King,National League Cup,Group A,2024-10-01,Maidenhead Utd.,Fulham U21,2:0,Information not yet available,,,,,,,,,,
2024/25,1011131,Josh King,National League Cup,Group A,2024-11-05,Wealdstone,Fulham U21,0:2,Information not yet available,,,,,,,,,,
2024/25,1011131,Josh King,National League Cup,Group A,2024-12-03,Woking,Fulham U21,2:3,Information not yet available,,,,,,,,,,
2024/25,1011131,Josh King,National League Cup,Group A,2025-01-21,Aldershot,Fulham U21,2:1,Information not yet available,,,,,,,,,,
