﻿season,player_id,player_name,competition,journey,date,home_team,away_team,result,position,goals,assists,own_goals,yellow_cards,second_yellow_cards,red_cards,substitutions_on,substitutions_off,minutes_played,transfermarkt_score
2014/15,108725,Chris Wood,International Friendlies,1,2014-09-08,Uzbekistan,New Zealand,3:1,CF,,1,,,,,,,90,
2014/15,108725,Chris Wood,International Friendlies,5,2014-11-14,China,New Zealand,1:1,CF,1,,,,,,,,90,
2014/15,108725,Chris Wood,International Friendlies,6,2014-11-18,Thailand,New Zealand,2:0,CF,,,,,,,,,90,
2014/15,108725,Chris Wood,International Friendlies,7,2015-03-31,South Korea,New Zealand,1:0,CF,,,,,,,,,90,
2014/15,108725,Chris Wood,Premier League,1,2014-08-16,Leicester,Everton,2:2,CF,1,,,,,,78,,12,
2014/15,108725,Chris Wood,Premier League,2,2014-08-23,Chelsea,Leicester,2:0,CF,,,,,,,84,,6,
2014/15,108725,Chris Wood,Premier League,3,2014-08-31,Leicester,Arsenal,1:1,on the bench,,,,,,,,,,
2014/15,108725,Chris Wood,Premier League,4,2014-09-13,Stoke City,Leicester,0:1,on the bench,,,,,,,,,,
2014/15,108725,Chris Wood,Premier League,5,2014-09-21,Leicester,Man Utd,5:3,on the bench,,,,,,,,,,
2014/15,108725,Chris Wood,Premier League,6,2014-09-27,Crystal Palace,Leicester,2:0,Not in squad,,,,,,,,,,
2014/15,108725,Chris Wood,Premier League,7,2014-10-04,Leicester,Burnley,2:2,on the bench,,,,,,,,,,
2014/15,108725,Chris Wood,Premier League,8,2014-10-18,Newcastle,Leicester,1:0,Not in squad,,,,,,,,,,
2014/15,108725,Chris Wood,Premier League,9,2014-10-25,Swansea,Leicester,2:0,on the bench,,,,,,,,,,
2014/15,108725,Chris Wood,Premier League,10,2014-11-01,Leicester,West Brom,0:1,,,,,,,,81,,9,
2014/15,108725,Chris Wood,Premier League,11,2014-11-08,Southampton,Leicester,2:0,,,,,,,,71,,19,
2014/15,108725,Chris Wood,Premier League,12,2014-11-22,Leicester,Sunderland,0:0,,,,,,,,88,,2,
2014/15,108725,Chris Wood,Premier League,13,2014-11-29,QPR,Leicester,3:2,Not in squad,,,,,,,,,,
2014/15,108725,Chris Wood,Premier League,14,2014-12-02,Leicester,Liverpool,1:3,on the bench,,,,,,,,,,
2014/15,108725,Chris Wood,Premier League,15,2014-12-07,Aston Villa,Leicester,2:1,,,,,,,,66,,24,
2014/15,108725,Chris Wood,Premier League,16,2014-12-13,Leicester,Man City,0:1,Not in squad,,,,,,,,,,
2014/15,108725,Chris Wood,Premier League,17,2014-12-20,West Ham,Leicester,2:0,Not in squad,,,,,,,,,,
2014/15,108725,Chris Wood,Premier League,18,2014-12-26,Leicester,Tottenham,1:2,Not in squad,,,,,,,,,,
2014/15,108725,Chris Wood,Premier League,19,2014-12-28,Hull City,Leicester,0:1,CF,,,,,,,55,,35,
2014/15,108725,Chris Wood,Premier League,20,2015-01-01,Liverpool,Leicester,2:2,Not in squad,,,,,,,,,,
2014/15,108725,Chris Wood,Premier League,21,2015-01-10,Leicester,Aston Villa,1:0,on the bench,,,,,,,,,,
2014/15,108725,Chris Wood,Premier League,22,2015-01-17,Leicester,Stoke City,0:1,Not in squad,,,,,,,,,,
2014/15,108725,Chris Wood,Premier League,23,2015-01-31,Man Utd,Leicester,3:1,Not in squad,,,,,,,,,,
2014/15,108725,Chris Wood,Premier League,24,2015-02-07,Leicester,Crystal Palace,0:1,Not in squad,,,,,,,,,,
2014/15,108725,Chris Wood,Premier League,25,2015-02-10,Arsenal,Leicester,2:1,Not in squad,,,,,,,,,,
2014/15,108725,Chris Wood,Premier League,26,2015-02-22,Everton,Leicester,2:2,Not in squad,,,,,,,,,,
2014/15,108725,Chris Wood,Premier League,34,2015-04-25,Burnley,Leicester,0:1,on the bench,,,,,,,,,,
2014/15,108725,Chris Wood,Premier League,27,2015-04-29,Leicester,Chelsea,1:3,on the bench,,,,,,,,,,
2014/15,108725,Chris Wood,Premier League,35,2015-05-02,Leicester,Newcastle,3:0,on the bench,,,,,,,,,,
2014/15,108725,Chris Wood,Premier League,36,2015-05-09,Leicester,Southampton,2:0,Not in squad,,,,,,,,,,
2014/15,108725,Chris Wood,Premier League,37,2015-05-16,Sunderland,Leicester,0:0,on the bench,,,,,,,,,,
2014/15,108725,Chris Wood,Premier League,38,2015-05-24,Leicester,QPR,5:1,on the bench,,,,,,,,,,
2014/15,108725,Chris Wood,Championship,34,2015-03-01,Norwich,Ipswich,2:0,CF,,,,,,,79,,11,
2014/15,108725,Chris Wood,Championship,35,2015-03-04,Leeds,Ipswich,2:1,CF,,,,,,,,72,72,
2014/15,108725,Chris Wood,Championship,36,2015-03-07,Ipswich,Brentford,1:1,CF,,,,,,,64,,26,
2014/15,108725,Chris Wood,Championship,37,2015-03-14,Middlesbrough,Ipswich,4:1,CF,,,,,,,69,,21,
2014/15,108725,Chris Wood,Championship,38,2015-03-17,Ipswich,Bolton,1:0,on the bench,,,,,,,,,,
2014/15,108725,Chris Wood,Championship,39,2015-03-21,Watford,Ipswich,0:1,CF,,,,,,,,74,74,
2014/15,108725,Chris Wood,Championship,40,2015-04-03,Ipswich,Bournemouth,1:1,CF,,,,,,,79,,11,
2014/15,108725,Chris Wood,Championship,41,2015-04-06,Huddersfield,Ipswich,2:1,CF,,,,,,,,46,45,
2014/15,108725,Chris Wood,Championship,42,2015-04-11,Ipswich,Blackpool,3:2,on the bench,,,,,,,,,,
2014/15,108725,Chris Wood,Championship,43,2015-04-14,Ipswich,Cardiff,3:1,on the bench,,,,,,,,,,
2014/15,108725,Chris Wood,Championship,44,2015-04-18,Wolves,Ipswich,1:1,CF,,,,,,,83,,7,
2014/15,108725,Chris Wood,FA Cup,Third Round,2015-01-03,Leicester,Newcastle,1:0,CF,,,,,,,59,,31,
2014/15,108725,Chris Wood,FA Cup,Fourth Round,2015-01-24,Tottenham,Leicester,1:2,Not in squad,,,,,,,,,,
2014/15,108725,Chris Wood,FA Cup,Fifth Round,2015-02-15,Aston Villa,Leicester,2:1,Not in squad,,,,,,,,,,
2014/15,108725,Chris Wood,League Cup,Second Round,2014-08-26,Leicester,Shrewsbury,0:1,CF,,,,,,,,,90,
2014/15,108725,Chris Wood,U21 Premier League,1,2014-08-18,Everton U21,Leicester U21,3:2,Not in squad,,,,,,,,,,
2014/15,108725,Chris Wood,U21 Premier League,3,2014-09-15,Leicester U21,Fulham FC U21,0:2,Not in squad,,,,,,,,,,
2014/15,108725,Chris Wood,U21 Premier League,4,2014-09-19,Norwich U21,Leicester U21,5:0,Not in squad,,,,,,,,,,
2014/15,108725,Chris Wood,U21 Premier League,5,2014-09-27,Leicester U21,Chelsea U21,1:1,Not in squad,,,,,,,,,,
2014/15,108725,Chris Wood,U21 Premier League,6,2014-10-20,Sunderland U21,Leicester U21,1:0,Not in squad,,,,,,,,,,
2014/15,108725,Chris Wood,U21 Premier League,7,2014-10-27,Leicester U21,Man City U21,6:2,Not in squad,,,,,,,,,,
2014/15,108725,Chris Wood,U21 Premier League,8,2014-11-03,Man Utd U21,Leicester U21,2:3,Not in squad,,,,,,,,,,
2014/15,108725,Chris Wood,U21 Premier League,10,2014-12-15,Leicester U21,Southampton U21,3:3,Not in squad,,,,,,,,,,
2014/15,108725,Chris Wood,U21 Premier League,11,2015-01-05,West Ham U21,Leicester U21,1:0,Not in squad,,,,,,,,,,
2014/15,108725,Chris Wood,U21 Premier League,12,2015-01-12,Leicester U21,Everton U21,1:0,CF,1,,,,,,,,90,
2014/15,108725,Chris Wood,U21 Premier League,13,2015-01-26,Tottenham U21,Leicester U21,0:0,Not in squad,,,,,,,,,,
2014/15,108725,Chris Wood,U21 Premier League,14,2015-02-09,Leicester U21,Norwich U21,2:2,Not in squad,,,,,,,,,,
2014/15,108725,Chris Wood,Premier League International Cup U21,Group C,2014-11-18,Leicester U21,Schalke 04 II,2:0,Not in squad,,,,,,,,,,
2014/15,108725,Chris Wood,Premier League International Cup U21,Group C,2014-11-24,Leicester U21,Benfica B,2:0,Not in squad,,,,,,,,,,
2014/15,108725,Chris Wood,Premier League International Cup U21,Group C,2015-02-02,Man City U21,Leicester U21,2:3,Not in squad,,,,,,,,,,
2014/15,108725,Chris Wood,U21 Premier League Cup,Third Round,2014-12-09,Leicester U21,Leeds U21,1:2,Information not yet available,,,,,,,,,,
