﻿season,player_id,player_name,competition,journey,date,home_team,away_team,result,position,goals,assists,own_goals,yellow_cards,second_yellow_cards,red_cards,substitutions_on,substitutions_off,minutes_played,transfermarkt_score
2016/17,110864,Sam Johnstone,UEFA Europa League,Group A,2016-09-15,Feyenoord,Man Utd,1:0,Not in squad,,,,,,,,,,
2016/17,110864,Sam Johnstone,UEFA Europa League,Group A,2016-09-29,Man Utd,Zorya Lugansk,1:0,on the bench,,,,,,,,,,
2016/17,110864,Sam Johnstone,UEFA Europa League,Group A,2016-10-20,Man Utd,Fenerbahçe,4:1,Not in squad,,,,,,,,,,
2016/17,110864,Sam Johnstone,UEFA Europa League,Group A,2016-11-03,Fenerbahçe,Man Utd,2:1,Not in squad,,,,,,,,,,
2016/17,110864,Sam Johnstone,UEFA Europa League,Group A,2016-11-24,Man Utd,Feyenoord,4:0,Not in squad,,,,,,,,,,
2016/17,110864,Sam Johnstone,UEFA Europa League,Group A,2016-12-08,Zorya Lugansk,Man Utd,0:2,Not in squad,,,,,,,,,,
2016/17,110864,Sam Johnstone,Premier League,1,2016-08-14,Bournemouth,Man Utd,1:3,Not in squad,,,,,,,,,,
2016/17,110864,Sam Johnstone,Premier League,2,2016-08-19,Man Utd,Southampton,2:0,Not in squad,,,,,,,,,,
2016/17,110864,Sam Johnstone,Premier League,3,2016-08-27,Hull City,Man Utd,0:1,Not in squad,,,,,,,,,,
2016/17,110864,Sam Johnstone,Premier League,4,2016-09-10,Man Utd,Man City,1:2,Not in squad,,,,,,,,,,
2016/17,110864,Sam Johnstone,Premier League,5,2016-09-18,Watford,Man Utd,3:1,Not in squad,,,,,,,,,,
2016/17,110864,Sam Johnstone,Premier League,6,2016-09-24,Man Utd,Leicester,4:1,Not in squad,,,,,,,,,,
2016/17,110864,Sam Johnstone,Premier League,7,2016-10-02,Man Utd,Stoke City,1:1,Not in squad,,,,,,,,,,
2016/17,110864,Sam Johnstone,Premier League,8,2016-10-17,Liverpool,Man Utd,0:0,Not in squad,,,,,,,,,,
2016/17,110864,Sam Johnstone,Premier League,9,2016-10-23,Chelsea,Man Utd,4:0,Not in squad,,,,,,,,,,
2016/17,110864,Sam Johnstone,Premier League,10,2016-10-29,Man Utd,Burnley,0:0,Not in squad,,,,,,,,,,
2016/17,110864,Sam Johnstone,Premier League,11,2016-11-06,Swansea,Man Utd,1:3,Not in squad,,,,,,,,,,
2016/17,110864,Sam Johnstone,Premier League,12,2016-11-19,Man Utd,Arsenal,1:1,Not in squad,,,,,,,,,,
2016/17,110864,Sam Johnstone,Premier League,13,2016-11-27,Man Utd,West Ham,1:1,Not in squad,,,,,,,,,,
2016/17,110864,Sam Johnstone,Premier League,14,2016-12-04,Everton,Man Utd,1:1,Not in squad,,,,,,,,,,
2016/17,110864,Sam Johnstone,Premier League,15,2016-12-11,Man Utd,Tottenham,1:0,Not in squad,,,,,,,,,,
2016/17,110864,Sam Johnstone,Premier League,16,2016-12-14,Crystal Palace,Man Utd,1:2,Not in squad,,,,,,,,,,
2016/17,110864,Sam Johnstone,Premier League,17,2016-12-17,West Brom,Man Utd,0:2,Not in squad,,,,,,,,,,
2016/17,110864,Sam Johnstone,Premier League,18,2016-12-26,Man Utd,Sunderland,3:1,Not in squad,,,,,,,,,,
2016/17,110864,Sam Johnstone,Premier League,19,2016-12-31,Man Utd,Middlesbrough,2:1,Not in squad,,,,,,,,,,
2016/17,110864,Sam Johnstone,Premier League,20,2017-01-02,West Ham,Man Utd,0:2,Not in squad,,,,,,,,,,
2016/17,110864,Sam Johnstone,Community Shield,Final,2016-08-07,Leicester,Man Utd,1:2,Not in squad,,,,,,,,,,
2016/17,110864,Sam Johnstone,Championship,26,2017-01-14,Wolves,Aston Villa,1:0,GK,,,,,,,,,90,
2016/17,110864,Sam Johnstone,Championship,27,2017-01-21,Aston Villa,Preston,2:2,GK,,,,,,,,,90,
2016/17,110864,Sam Johnstone,Championship,29,2017-01-31,Brentford,Aston Villa,3:0,GK,,,,,,,,,90,
2016/17,110864,Sam Johnstone,Championship,30,2017-02-04,Nott'm Forest,Aston Villa,2:1,GK,,,,,,,,,90,
2016/17,110864,Sam Johnstone,Championship,31,2017-02-11,Aston Villa,Ipswich,0:1,GK,,,,,,,,,90,
2016/17,110864,Sam Johnstone,Championship,32,2017-02-14,Aston Villa,Barnsley,1:3,GK,,,,,,,,,90,
2016/17,110864,Sam Johnstone,Championship,33,2017-02-20,Newcastle,Aston Villa,2:0,GK,,,,,,,,,90,
2016/17,110864,Sam Johnstone,Championship,34,2017-02-25,Aston Villa,Derby,1:0,GK,,,,,,,,,90,
2016/17,110864,Sam Johnstone,Championship,28,2017-02-28,Aston Villa,Bristol City,2:0,GK,,,,,,,,,90,
2016/17,110864,Sam Johnstone,Championship,35,2017-03-04,Rotherham,Aston Villa,0:2,GK,,,,,,,,,90,
2016/17,110864,Sam Johnstone,Championship,36,2017-03-07,Huddersfield,Aston Villa,1:0,GK,,,,,,,,,90,
2016/17,110864,Sam Johnstone,Championship,37,2017-03-11,Aston Villa,Sheff Wed,2:0,GK,,,,,,,,,90,
2016/17,110864,Sam Johnstone,Championship,38,2017-03-18,Wigan,Aston Villa,0:2,GK,,,,,,,,,90,
2016/17,110864,Sam Johnstone,Championship,39,2017-04-01,Aston Villa,Norwich,2:0,GK,,1,,,,,,,90,
2016/17,110864,Sam Johnstone,Championship,40,2017-04-04,Aston Villa,QPR,1:0,GK,,,,,,,,,90,
2016/17,110864,Sam Johnstone,Championship,41,2017-04-08,Burton Albion,Aston Villa,1:1,GK,,,,,,,,,90,
2016/17,110864,Sam Johnstone,Championship,42,2017-04-15,Aston Villa,Reading,1:3,GK,,,,,,,,,90,
2016/17,110864,Sam Johnstone,Championship,43,2017-04-17,Fulham,Aston Villa,3:1,GK,,,,,,,,,90,
2016/17,110864,Sam Johnstone,Championship,44,2017-04-23,Aston Villa,Birmingham,1:0,GK,,,,,,,,,90,
2016/17,110864,Sam Johnstone,Championship,45,2017-04-29,Blackburn,Aston Villa,1:0,GK,,,,,,,,,90,
2016/17,110864,Sam Johnstone,Championship,46,2017-05-07,Aston Villa,Brighton,1:1,GK,,,,,,,,,90,
2016/17,110864,Sam Johnstone,FA Cup,Third Round,2017-01-08,Tottenham,Aston Villa,2:0,GK,,,,,,,,,90,
2016/17,110864,Sam Johnstone,EFL Cup,Third Round,2016-09-21,Northampton,Man Utd,1:3,on the bench,,,,,,,,,,
2016/17,110864,Sam Johnstone,EFL Cup,Fourth Round,2016-10-26,Man Utd,Man City,1:0,Not in squad,,,,,,,,,,
2016/17,110864,Sam Johnstone,EFL Cup,Quarter-Finals,2016-11-30,Man Utd,West Ham,4:1,Not in squad,,,,,,,,,,
2016/17,110864,Sam Johnstone,Premier League 2,1,2016-08-15,Man Utd U23,Leicester U23,1:0,GK,,1,,,,,,,90,
2016/17,110864,Sam Johnstone,Premier League 2,2,2016-08-22,Southampton U23,Man Utd U23,2:0,Not in squad,,,,,,,,,,
2016/17,110864,Sam Johnstone,Premier League 2,3,2016-08-28,Man Utd U23,Chelsea U23,1:1,GK,,,,,,,,,90,
2016/17,110864,Sam Johnstone,Premier League 2,4,2016-09-09,Man City U23,Man Utd U23,1:1,Not in squad,,,,,,,,,,
2016/17,110864,Sam Johnstone,Premier League 2,5,2016-09-19,Man Utd U23,Derby U23,3:2,Not in squad,,,,,,,,,,
2016/17,110864,Sam Johnstone,Premier League 2,6,2016-09-26,Everton U23,Man Utd U23,2:0,GK,,,,,,,,,90,
2016/17,110864,Sam Johnstone,Premier League 2,7,2016-10-18,Man Utd U23,Liverpool U23,1:1,GK,,,,,,,,,90,
2016/17,110864,Sam Johnstone,Premier League 2,8,2016-10-24,Man Utd U23,Arsenal U23,1:0,GK,,,,,,,,,90,
2016/17,110864,Sam Johnstone,Premier League 2,9,2016-10-28,Tottenham U23,Man Utd U23,1:1,Not in squad,,,,,,,,,,
2016/17,110864,Sam Johnstone,Premier League 2,10,2016-11-21,Man Utd U23,Sunderland U23,0:2,Not in squad,,,,,,,,,,
2016/17,110864,Sam Johnstone,Premier League 2,11,2016-11-28,Reading U23,Man Utd U23,2:2,Not in squad,,,,,,,,,,
2016/17,110864,Sam Johnstone,Premier League 2,12,2016-12-09,Chelsea U23,Man Utd U23,3:1,Not in squad,,,,,,,,,,
2016/17,110864,Sam Johnstone,Premier League International Cup U21,Group B,2016-09-13,Man Utd U23,Villarreal CF B,1:0,,,,,,,,,,90,
2016/17,110864,Sam Johnstone,Premier League International Cup U21,Group B,2016-12-15,Man Utd U23,Sparta Prague B,2:0,Not in squad,,,,,,,,,,
2016/17,110864,Sam Johnstone,Premier League International Cup U21,Group B,2016-12-22,Man Utd U23,Boro U23,2:2,,,,,,,,,,90,
