﻿season,player_id,player_name,competition,journey,date,home_team,away_team,result,position,goals,assists,own_goals,yellow_cards,second_yellow_cards,red_cards,substitutions_on,substitutions_off,minutes_played,transfermarkt_score
2024/25,1111589,El Hadji Malick Diouf,UEFA Europa League,Group Stage,2024-09-25,Ludogorets,Slavia Praha,0:2,LM,,,,70,,,,74,74,
2024/25,1111589,El Hadji Malick Diouf,UEFA Europa League,Group Stage,2024-10-03,Slavia Praha,Ajax,1:1,LM,,,,,,,61,,29,
2024/25,1111589,El Hadji Malick Diouf,UEFA Europa League,Group Stage,2024-10-24,Athletic Club,Slavia Praha,1:0,LB,,,,,,,,,90,
2024/25,1111589,El Hadji Malick Diouf,UEFA Europa League,Group Stage,2024-11-07,Frankfurt,Slavia Praha,1:0,LM,,,,,,,,,90,
2024/25,1111589,El Hadji Malick Diouf,UEFA Europa League,Group Stage,2024-11-28,Slavia Praha,Fenerbahçe,1:2,LM,,,,48,,,,,90,
2024/25,1111589,El Hadji Malick Diouf,UEFA Europa League,Group Stage,2024-12-12,Slavia Praha,RSC Anderlecht,1:2,LM,,,,,,,,,90,
2024/25,1111589,El Hadji Malick Diouf,UEFA Europa League,Group Stage,2025-01-23,PAOK,Slavia Praha,2:0,LM,,,,,,,,,90,
2024/25,1111589,El Hadji Malick Diouf,UEFA Europa League,Group Stage,2025-01-30,Slavia Praha,Malmö,2:2,LM,,1,,,,,46,,45,
2024/25,1111589,El Hadji Malick Diouf,International Friendlies,52,2025-06-06,Ireland,Senegal,1:1,,,,,,,,85,,5,
2024/25,1111589,El Hadji Malick Diouf,International Friendlies,8,2025-06-10,England,Senegal,1:3,LB,,,,,,,,,90,
2024/25,1111589,El Hadji Malick Diouf,UEFA Champions League Qualifying,3rd round 1st leg,2024-08-07,Slavia Praha,Union SG,3:1,LM,,,,,,,,83,83,
2024/25,1111589,El Hadji Malick Diouf,UEFA Champions League Qualifying,3rd round 2nd leg,2024-08-13,Union SG,Slavia Praha,0:1,LM,,,,63,,,,82,82,
2024/25,1111589,El Hadji Malick Diouf,UEFA Champions League Qualifying,Qualifying Round 1st leg,2024-08-20,Lille,Slavia Praha,2:0,LM,,,,,,,,,90,
2024/25,1111589,El Hadji Malick Diouf,UEFA Champions League Qualifying,Qualifying Round 2nd leg,2024-08-28,Slavia Praha,Lille,2:1,LM,,,,41,,,,,90,
2024/25,1111589,El Hadji Malick Diouf,Africa Cup of Nations qualification,group L,2024-09-06,Senegal,Burkina Faso,1:1,on the bench,,,,,,,,,,
2024/25,1111589,El Hadji Malick Diouf,Africa Cup of Nations qualification,group L,2024-09-09,Burundi,Senegal,0:1,LB,,,,96,,,90,,1,
2024/25,1111589,El Hadji Malick Diouf,Africa Cup of Nations qualification,group L,2024-10-11,Senegal,Malawi,4:0,on the bench,,,,,,,,,,
2024/25,1111589,El Hadji Malick Diouf,Africa Cup of Nations qualification,group L,2024-10-15,Malawi,Senegal,0:1,LB,,,,,,,,,90,
2024/25,1111589,El Hadji Malick Diouf,Africa Cup of Nations qualification,group L,2024-11-14,Burkina Faso,Senegal,0:1,LB,,,,,,,,,90,
2024/25,1111589,El Hadji Malick Diouf,Africa Cup of Nations qualification,group L,2024-11-19,Senegal,Burundi,2:0,LB,,,,75,,,,,90,
2024/25,1111589,El Hadji Malick Diouf,Chance Liga Championship Group,1,2025-04-26,Sigma Olomouc,Slavia Praha,0:5,on the bench,,,,,,,,,,
2024/25,1111589,El Hadji Malick Diouf,Chance Liga Championship Group,2,2025-05-03,Slavia Praha,Viktoria Plzeň,4:3,LM,,,,,,,72,,18,
2024/25,1111589,El Hadji Malick Diouf,Chance Liga Championship Group,3,2025-05-10,Slavia Praha,Sparta Prague,2:1,LM,,,,,,,58,,32,
2024/25,1111589,El Hadji Malick Diouf,Chance Liga Championship Group,4,2025-05-18,Jablonec,Slavia Praha,3:2,LM,,,,84,,,,,90,
2024/25,1111589,El Hadji Malick Diouf,Chance Liga Championship Group,5,2025-05-24,Slavia Praha,Banik Ostrava,3:0,Yellow card suspension,,,,,,,,,,
2024/25,1111589,El Hadji Malick Diouf,Chance Liga,1,2024-07-21,Slovacko,Slavia Praha,0:0,on the bench,,,,,,,,,,
2024/25,1111589,El Hadji Malick Diouf,Chance Liga,2,2024-07-27,Slavia Praha,C. Budejovice,4:0,LM,,1,,,,,,82,82,
2024/25,1111589,El Hadji Malick Diouf,Chance Liga,3,2024-08-02,Slovan Liberec,Slavia Praha,0:1,LM,1,,,,,,,90,90,
2024/25,1111589,El Hadji Malick Diouf,Chance Liga,4,2024-08-10,Slavia Praha,Sigma Olomouc,2:0,LM,1,,,,,,62,,28,
2024/25,1111589,El Hadji Malick Diouf,Chance Liga,5,2024-08-17,Slavia Praha,Teplice,2:1,LM,,,,74,,,60,,30,
2024/25,1111589,El Hadji Malick Diouf,Chance Liga,7,2024-09-01,Slavia Praha,Pardubice,2:0,LM,1,,,,,,,87,87,
2024/25,1111589,El Hadji Malick Diouf,Chance Liga,6,2024-09-17,Mlada Boleslav,Slavia Praha,0:2,LM,1,,,,,,,80,80,
2024/25,1111589,El Hadji Malick Diouf,Chance Liga,9,2024-09-21,Slavia Praha,Viktoria Plzeň,3:0,LM,,,,,,,,,90,
2024/25,1111589,El Hadji Malick Diouf,Chance Liga,10,2024-09-29,Bohemians 1905,Slavia Praha,0:4,LM,1,,,,,,,,90,
2024/25,1111589,El Hadji Malick Diouf,Chance Liga,11,2024-10-06,Slavia Praha,Sparta Prague,2:1,LM,,1,,72,,,,90,90,
2024/25,1111589,El Hadji Malick Diouf,Chance Liga,12,2024-10-20,Jablonec,Slavia Praha,1:2,LM,,1,,,,,,82,82,
2024/25,1111589,El Hadji Malick Diouf,Chance Liga,13,2024-10-27,Slavia Praha,Dukla Prague,3:0,LM,,,,,,,,79,79,
2024/25,1111589,El Hadji Malick Diouf,Chance Liga,14,2024-11-03,Hradec Kralove,Slavia Praha,1:1,LM,,,,,,,,,90,
2024/25,1111589,El Hadji Malick Diouf,Chance Liga,15,2024-11-10,Slavia Praha,Karvina,5:1,LM,,,,,,,,,90,
2024/25,1111589,El Hadji Malick Diouf,Chance Liga,16,2024-11-24,C. Budejovice,Slavia Praha,0:4,LM,,,,,,,,,90,
2024/25,1111589,El Hadji Malick Diouf,Chance Liga,17,2024-12-01,Slavia Praha,Slovan Liberec,1:0,LM,,,,,,,,80,80,
2024/25,1111589,El Hadji Malick Diouf,Chance Liga,8,2024-12-05,Banik Ostrava,Slavia Praha,0:1,LM,1,,,,,,,,90,
2024/25,1111589,El Hadji Malick Diouf,Chance Liga,18,2024-12-08,Sigma Olomouc,Slavia Praha,1:2,LM,,,,,,,,,90,
2024/25,1111589,El Hadji Malick Diouf,Chance Liga,19,2024-12-15,Teplice,Slavia Praha,1:0,LM,,,,,,,,,90,
2024/25,1111589,El Hadji Malick Diouf,Chance Liga,20,2025-02-02,Slavia Praha,Mlada Boleslav,1:0,LM,,,,,,,,,90,
2024/25,1111589,El Hadji Malick Diouf,Chance Liga,21,2025-02-08,Pardubice,Slavia Praha,0:2,LM,,,,,,,,,90,
2024/25,1111589,El Hadji Malick Diouf,Chance Liga,22,2025-02-16,Slavia Praha,Banik Ostrava,1:0,LM,,,,,,,,,90,
2024/25,1111589,El Hadji Malick Diouf,Chance Liga,23,2025-02-23,Viktoria Plzeň,Slavia Praha,1:3,LM,,,,,,,,,90,
2024/25,1111589,El Hadji Malick Diouf,Chance Liga,24,2025-03-02,Slavia Praha,Bohemians 1905,2:0,LM,1,,,85,,,,,90,
2024/25,1111589,El Hadji Malick Diouf,Chance Liga,25,2025-03-08,Sparta Prague,Slavia Praha,2:0,LM,,,,,,,,18,18,
2024/25,1111589,El Hadji Malick Diouf,Chance Liga,26,2025-03-16,Slavia Praha,Jablonec,3:0,Broken leg,,,,,,,,,,
2024/25,1111589,El Hadji Malick Diouf,Chance Liga,27,2025-03-29,Dukla Prague,Slavia Praha,0:0,Broken leg,,,,,,,,,,
2024/25,1111589,El Hadji Malick Diouf,Chance Liga,28,2025-04-05,Slavia Praha,Hradec Kralove,2:1,Broken leg,,,,,,,,,,
2024/25,1111589,El Hadji Malick Diouf,Chance Liga,29,2025-04-12,Karvina,Slavia Praha,0:4,Ankle injury,,,,,,,,,,
2024/25,1111589,El Hadji Malick Diouf,Chance Liga,30,2025-04-19,Slavia Praha,Slovacko,2:0,Ankle injury,,,,,,,,,,
2024/25,1111589,El Hadji Malick Diouf,MOL Cup,Third Round,2024-10-31,Benatky n/Jiz,Slavia Praha,1:4,Not in squad,,,,,,,,,,
2024/25,1111589,El Hadji Malick Diouf,MOL Cup,Round of 16,2025-02-26,Slavia Praha,SILON Taborsko,1:0 AET,LM,,,,,,,68,,52,
2024/25,1111589,El Hadji Malick Diouf,MOL Cup,Quarter-Finals,2025-04-08,Slavia Praha,Sigma Olomouc,0:1,LB,,,,,,,46,68,23,
