﻿season,player_id,player_name,competition,journey,date,home_team,away_team,result,position,goals,assists,own_goals,yellow_cards,second_yellow_cards,red_cards,substitutions_on,substitutions_off,minutes_played,transfermarkt_score
2022/23,1086375,Gustavo Nunes,CBF Brasileiro U20,4,2022-07-01,Grêmio U20,Vasco U20,0:1,on the bench,,,,,,,,,,
2022/23,1086375,Gustavo Nunes,CBF Brasileiro U20,5,2022-07-09,Grêmio U20,Corinthians U20,0:0,Not in squad,,,,,,,,,,
2022/23,1086375,Gustavo Nunes,CBF Brasileiro U20,6,2022-07-20,Athletico U20,Grêmio U20,3:1,Not in squad,,,,,,,,,,
2022/23,1086375,Gustavo Nunes,CBF Brasileiro U20,7,2022-07-23,Grêmio U20,Inter U20,0:0,Not in squad,,,,,,,,,,
2022/23,1086375,Gustavo Nunes,CBF Brasileiro U20,8,2022-07-30,Bragantino U20,Grêmio U20,3:0,Not in squad,,,,,,,,,,
2022/23,1086375,Gustavo Nunes,CBF Brasileiro U20,9,2022-08-07,Grêmio U20,Santos U20,3:2,Not in squad,,,,,,,,,,
