﻿season,player_id,player_name,competition,journey,date,home_team,away_team,result,position,goals,assists,own_goals,yellow_cards,second_yellow_cards,red_cards,substitutions_on,substitutions_off,minutes_played,transfermarkt_score
2014/15,106987,Marcel Sabitzer,UEFA Europa League,Group D,2014-09-18,Salzburg,Celtic,2:2,LW,,,,,,,,,90,
2014/15,106987,Marcel Sabitzer,UEFA Europa League,Group D,2014-10-02,Astra Giurgiu,Salzburg,1:2,LW,,,,62,,,,,90,
2014/15,106987,Marcel Sabitzer,UEFA Europa League,Group D,2014-10-23,Salzburg,Dinamo Zagreb,4:2,,,,,,,,70,,20,
2014/15,106987,Marcel Sabitzer,UEFA Europa League,Group D,2014-11-06,Dinamo Zagreb,Salzburg,1:5,SS,,,,,,,,32,32,
2014/15,106987,Marcel Sabitzer,UEFA Europa League,Group D,2014-11-27,Celtic,Salzburg,1:3,,,,,,,,76,,14,
2014/15,106987,Marcel Sabitzer,UEFA Europa League,Group D,2014-12-11,Salzburg,Astra Giurgiu,5:1,SS,1,,,55,,,,,90,
2014/15,106987,Marcel Sabitzer,UEFA Europa League,intermediate stage 1st leg,2015-02-19,Villarreal,Salzburg,2:1,Centre Forward,,,,,,,,,90,
2014/15,106987,Marcel Sabitzer,UEFA Europa League,intermediate stage 2nd leg,2015-02-26,Salzburg,Villarreal,1:3,LW,,,,,,,,,90,
2014/15,106987,Marcel Sabitzer,European Qualifiers,Group G,2014-09-08,Austria,Sweden,1:1,on the bench,,,,,,,,,,
2014/15,106987,Marcel Sabitzer,European Qualifiers,Group G,2014-10-09,Moldova,Austria,1:2,Centre Forward,,,,,,,,46,45,
2014/15,106987,Marcel Sabitzer,European Qualifiers,Group G,2014-10-12,Austria,Montenegro,1:0,on the bench,,,,,,,,,,
2014/15,106987,Marcel Sabitzer,European Qualifiers,Group G,2014-11-15,Austria,Russia,1:0,LM,,,,,,,90,,1,
2014/15,106987,Marcel Sabitzer,European Qualifiers,Group G,2015-03-27,Liechtenstein,Austria,0:5,Centre Forward,,1,,,,,72,,18,
2014/15,106987,Marcel Sabitzer,European Qualifiers,Group G,2015-06-14,Russia,Austria,0:1,RM,,,,,,,65,,25,
2015/16,106987,Marcel Sabitzer,European Qualifiers,Group G,2015-09-05,Austria,Moldova,1:0,on the bench,,,,,,,,,,
2015/16,106987,Marcel Sabitzer,European Qualifiers,Group G,2015-09-08,Sweden,Austria,1:4,CF,,,,,,,79,,11,
2015/16,106987,Marcel Sabitzer,European Qualifiers,Group G,2015-10-09,Montenegro,Austria,2:3,SS,1,,,,,,82,,8,
2015/16,106987,Marcel Sabitzer,European Qualifiers,Group G,2015-10-12,Austria,Liechtenstein,3:0,,,,,,,,64,,26,
2014/15,106987,Marcel Sabitzer,International Friendlies,6,2014-11-18,Austria,Brazil,1:2,,,,,,,,53,,37,
2014/15,106987,Marcel Sabitzer,International Friendlies,11,2015-03-31,Austria,Bosnia,1:1,Centre Forward,,,,41,,,,89,89,
2014/15,106987,Marcel Sabitzer,UEFA Champions League Qualifying,3rd round 1st leg,2014-07-30,Qarabağ,Salzburg,2:1,SS,,,,,,,,61,61,
2014/15,106987,Marcel Sabitzer,UEFA Champions League Qualifying,3rd round 2nd leg,2014-08-06,Salzburg,Qarabağ,2:0,SS,,,,,,,79,,11,
2014/15,106987,Marcel Sabitzer,UEFA Champions League Qualifying,Qualifying Round 1st leg,2014-08-19,Salzburg,Malmö,2:1,SS,,,,,,,,85,85,
2014/15,106987,Marcel Sabitzer,UEFA Champions League Qualifying,Qualifying Round 2nd leg,2014-08-27,Malmö,Salzburg,3:0,LW,,,,,,,66,,24,
2014/15,106987,Marcel Sabitzer,Bundesliga,1,2014-07-19,Salzburg,Rapid Vienna,6:1,Centre Forward,,1,,,,,65,,2,25.0
2014/15,106987,Marcel Sabitzer,Bundesliga,2,2014-07-26,Wiener Neustadt,Salzburg,0:5,Centre Forward,1,,,,,,,68,2,68.0
2014/15,106987,Marcel Sabitzer,Bundesliga,3,2014-08-02,SV Ried,Salzburg,0:2,SS,,,,,,,,,3,90.0
2014/15,106987,Marcel Sabitzer,Bundesliga,4,2014-08-10,Salzburg,Grödig,8:0,CF,1,1,,,,,,67,2,67.0
2014/15,106987,Marcel Sabitzer,Bundesliga,5,2014-08-16,Admira Wacker,Salzburg,0:3,SS,1,1,,,,,,,2,90.0
2014/15,106987,Marcel Sabitzer,Bundesliga,6,2014-08-23,Salzburg,SCR Altach,5:0,on the bench,,,,,,,,,,
2014/15,106987,Marcel Sabitzer,Bundesliga,7,2014-08-30,Salzburg,Sturm Graz,2:3,Centre Forward,,2,,,,,,,3,90.0
2014/15,106987,Marcel Sabitzer,Bundesliga,8,2014-09-14,Wolfsberger AC,Salzburg,1:0,LW,,,,,,,,,3,90.0
2014/15,106987,Marcel Sabitzer,Bundesliga,9,2014-09-21,Salzburg,Austria Vienna,2:3,LW,,,,,,,63,,3,27.0
2014/15,106987,Marcel Sabitzer,Bundesliga,10,2014-09-28,Rapid Vienna,Salzburg,1:2,LW,,,,,,,,83,3,83.0
2014/15,106987,Marcel Sabitzer,Bundesliga,11,2014-10-05,Salzburg,Wiener Neustadt,4:1,LW,1,,,,,,,84,3,84.0
2014/15,106987,Marcel Sabitzer,Bundesliga,12,2014-10-18,Salzburg,SV Ried,4:2,CF,2,,,,,,75,,2,15.0
2014/15,106987,Marcel Sabitzer,Bundesliga,13,2014-10-26,Grödig,Salzburg,2:2,SS,1,1,,,,,,,3,90.0
2014/15,106987,Marcel Sabitzer,Bundesliga,14,2014-11-01,Salzburg,Admira Wacker,2:0,CF,,1,,,,,,90,2,90.0
2014/15,106987,Marcel Sabitzer,Bundesliga,15,2014-11-09,SCR Altach,Salzburg,4:1,Centre Forward,,,,87,,,74,,4,16.0
2014/15,106987,Marcel Sabitzer,Bundesliga,16,2014-11-23,Sturm Graz,Salzburg,1:2,CF,,1,,,,,,85,3,85.0
2014/15,106987,Marcel Sabitzer,Bundesliga,17,2014-11-30,Salzburg,Wolfsberger AC,2:2,SS,,1,,,,,59,,3,31.0
2014/15,106987,Marcel Sabitzer,Bundesliga,18,2014-12-06,Austria Vienna,Salzburg,2:4,CF,1,,,,,,,86,3,86.0
2014/15,106987,Marcel Sabitzer,Bundesliga,19,2014-12-14,Salzburg,Rapid Vienna,1:2,LW,1,,,90,,,46,,2,45.0
2014/15,106987,Marcel Sabitzer,Bundesliga,20,2015-02-14,Wiener Neustadt,Salzburg,0:2,SS,,,,,,,,84,3,84.0
2014/15,106987,Marcel Sabitzer,Bundesliga,21,2015-02-22,SV Ried,Salzburg,2:2,CF,,1,,,,,63,,3,27.0
2014/15,106987,Marcel Sabitzer,Bundesliga,22,2015-03-01,Salzburg,Grödig,3:1,LW,2,,,,,,,,2,90.0
2014/15,106987,Marcel Sabitzer,Bundesliga,23,2015-03-04,Admira Wacker,Salzburg,1:4,SS,1,,,,,22,,,3,22.0
2014/15,106987,Marcel Sabitzer,Bundesliga,24,2015-03-07,Salzburg,SCR Altach,0:1,Red card suspension,,,,,,,,,,
2014/15,106987,Marcel Sabitzer,Bundesliga,25,2015-03-15,Salzburg,Sturm Graz,2:1,LW,,,,,,,,,2,90.0
2014/15,106987,Marcel Sabitzer,Bundesliga,26,2015-03-21,Wolfsberger AC,Salzburg,3:2,LW,,,,24,,,,,4,90.0
2014/15,106987,Marcel Sabitzer,Bundesliga,27,2015-04-04,Salzburg,Austria Vienna,3:1,SS,1,,,,,,,88,3,88.0
2014/15,106987,Marcel Sabitzer,Bundesliga,28,2015-04-12,Rapid Vienna,Salzburg,3:3,SS,1,2,,68,,,,,2,90.0
2014/15,106987,Marcel Sabitzer,Bundesliga,29,2015-04-18,Salzburg,Wiener Neustadt,6:0,CF,1,1,,,,,,70,2,70.0
2014/15,106987,Marcel Sabitzer,Bundesliga,30,2015-04-25,Salzburg,SV Ried,2:1,CF,,1,,,,,,71,3,71.0
2014/15,106987,Marcel Sabitzer,Bundesliga,31,2015-05-02,Grödig,Salzburg,0:3,SS,,1,,,,,,85,2,85.0
2014/15,106987,Marcel Sabitzer,Bundesliga,32,2015-05-09,Salzburg,Admira Wacker,4:0,CF,2,,,,,,,,2,90.0
2014/15,106987,Marcel Sabitzer,Bundesliga,33,2015-05-16,SCR Altach,Salzburg,2:2,CF,1,,,,,,,,3,90.0
2014/15,106987,Marcel Sabitzer,Bundesliga,34,2015-05-20,Sturm Graz,Salzburg,0:0,CF,,,,,,,,,3,90.0
2014/15,106987,Marcel Sabitzer,Bundesliga,35,2015-05-24,Salzburg,Wolfsberger AC,3:0,CF,1,1,,,,,,73,2,73.0
2014/15,106987,Marcel Sabitzer,Bundesliga,36,2015-05-31,Austria Vienna,Salzburg,1:1,on the bench,,,,,,,,,,
2014/15,106987,Marcel Sabitzer,ÖFB-Cup,First Round,2014-07-12,1. SC Sollenau,Salzburg,1:10,LW,2,,,,,,73,,17,
2014/15,106987,Marcel Sabitzer,ÖFB-Cup,Second Round,2014-09-24,Wiener Sportklub,Salzburg,1:12,LW,2,2,,,,,,62,62,
2014/15,106987,Marcel Sabitzer,ÖFB-Cup,Round of 16,2014-10-29,FC Wacker,Salzburg,1:2 AET,CF,,2,,,,,,,120,
2014/15,106987,Marcel Sabitzer,ÖFB-Cup,Quarter-Finals,2015-04-08,SCR Altach,Salzburg,0:4,CF,2,,,,,,,66,66,
2014/15,106987,Marcel Sabitzer,ÖFB-Cup,Semi-Finals,2015-04-28,Grödig,Salzburg,0:2,CF,1,1,,,,,,,90,
2014/15,106987,Marcel Sabitzer,ÖFB-Cup,Final,2015-06-03,Austria Vienna,Salzburg,0:2 AET,CF,,,,,,,,80,80,
