﻿season,player_id,player_name,competition,journey,date,home_team,away_team,result,position,goals,assists,own_goals,yellow_cards,second_yellow_cards,red_cards,substitutions_on,substitutions_off,minutes_played,transfermarkt_score
2014/15,111051,Nampalys Mendy,Ligue 1,1,2014-08-09,Nice,Toulouse,3:2,DM,,,,,,,,,90,
2014/15,111051,Nampalys Mendy,Ligue 1,2,2014-08-16,FC Lorient,Nice,0:0,DM,,,,,,,,,90,
2014/15,111051,Nampalys Mendy,Ligue 1,3,2014-08-23,Nice,G. Bordeaux,1:3,DM,,,,,,,,,90,
2014/15,111051,Nampalys Mendy,Ligue 1,4,2014-08-29,Marseille,Nice,4:0,DM,,,,,,,,,90,
2014/15,111051,Nampalys Mendy,Ligue 1,5,2014-09-13,Nice,FC Metz,1:0,DM,,,,,,,,,90,
2014/15,111051,Nampalys Mendy,Ligue 1,6,2014-09-20,FC Nantes,Nice,2:1,DM,,,,,,,,,90,
2014/15,111051,Nampalys Mendy,Ligue 1,7,2014-09-24,Nice,Lille,1:0,DM,,,,,,,,,90,
2014/15,111051,Nampalys Mendy,Ligue 1,8,2014-09-27,Monaco,Nice,0:1,CM,,,,,,,,,90,
2014/15,111051,Nampalys Mendy,Ligue 1,9,2014-10-04,Nice,Montpellier,1:1,DM,,,,,,,,,90,
2014/15,111051,Nampalys Mendy,Ligue 1,10,2014-10-18,Nice,SC Bastia,0:1,DM,,,,,,,,,90,
2014/15,111051,Nampalys Mendy,Ligue 1,11,2014-10-26,Guingamp,Nice,2:7,CM,,,,,,,,,90,
2014/15,111051,Nampalys Mendy,Ligue 1,12,2014-11-01,Nice,Lyon,1:3,DM,,,,29,,,,,90,
2014/15,111051,Nampalys Mendy,Ligue 1,13,2014-11-08,Évian,Nice,1:0,DM,,,,75,,,,,90,
2014/15,111051,Nampalys Mendy,Ligue 1,14,2014-11-22,Nice,Stade Reims,0:0,DM,,,,,,,,,90,
2014/15,111051,Nampalys Mendy,Ligue 1,15,2014-11-29,PSG,Nice,1:0,DM,,,,,,,,,90,
2014/15,111051,Nampalys Mendy,Ligue 1,16,2014-12-03,Nice,Stade Rennais,1:2,DM,,,,,,,,,90,
2014/15,111051,Nampalys Mendy,Ligue 1,17,2014-12-06,SM Caen,Nice,2:3,DM,,,,88,,,,,90,
2014/15,111051,Nampalys Mendy,Ligue 1,18,2014-12-14,Nice,Saint-Étienne,0:0,DM,,,,,,,,,90,
2014/15,111051,Nampalys Mendy,Ligue 1,19,2014-12-19,Lens,Nice,2:0,Not in squad,,,,,,,,,,
2014/15,111051,Nampalys Mendy,Ligue 1,20,2015-01-10,Nice,FC Lorient,3:1,DM,,,,,,,,,90,
2014/15,111051,Nampalys Mendy,Ligue 1,21,2015-01-16,G. Bordeaux,Nice,1:2,DM,,,,,,,,,90,
2014/15,111051,Nampalys Mendy,Ligue 1,22,2015-01-23,Nice,Marseille,2:1,DM,,,,87,,,,,90,
2014/15,111051,Nampalys Mendy,Ligue 1,23,2015-01-31,FC Metz,Nice,0:0,DM,,,,,,,,,90,
2014/15,111051,Nampalys Mendy,Ligue 1,24,2015-02-08,Nice,FC Nantes,0:0,DM,,,,,,,,,90,
2014/15,111051,Nampalys Mendy,Ligue 1,25,2015-02-14,Lille,Nice,0:0,DM,,,,,,,,,90,
2014/15,111051,Nampalys Mendy,Ligue 1,26,2015-02-20,Nice,Monaco,0:1,DM,,,,26,,,,,90,
2014/15,111051,Nampalys Mendy,Ligue 1,27,2015-03-01,Montpellier,Nice,2:1,DM,,,,,,,,,90,
2014/15,111051,Nampalys Mendy,Ligue 1,28,2015-03-07,SC Bastia,Nice,2:1,DM,,,,,,,,,90,
2014/15,111051,Nampalys Mendy,Ligue 1,29,2015-03-13,Nice,Guingamp,1:2,DM,,,,,,,,,90,
2014/15,111051,Nampalys Mendy,Ligue 1,30,2015-03-21,Lyon,Nice,1:2,DM,,,,,,,,,90,
2014/15,111051,Nampalys Mendy,Ligue 1,31,2015-04-04,Nice,Évian,2:2,DM,,,,,,,,,90,
2014/15,111051,Nampalys Mendy,Ligue 1,32,2015-04-12,Stade Reims,Nice,0:1,DM,,,,,,,,,90,
2014/15,111051,Nampalys Mendy,Ligue 1,33,2015-04-18,Nice,PSG,1:3,DM,,,,,,,,,90,
2014/15,111051,Nampalys Mendy,Ligue 1,34,2015-04-25,Stade Rennais,Nice,2:1,DM,,,,,,,,,90,
2014/15,111051,Nampalys Mendy,Ligue 1,35,2015-05-02,Nice,SM Caen,1:1,DM,,,,,,,,,90,
2014/15,111051,Nampalys Mendy,Ligue 1,36,2015-05-10,Saint-Étienne,Nice,5:0,DM,,,,,,,,,90,
2014/15,111051,Nampalys Mendy,Ligue 1,37,2015-05-16,Nice,Lens,2:1,DM,,,,,,,,,90,
2014/15,111051,Nampalys Mendy,Ligue 1,38,2015-05-23,Toulouse,Nice,2:3,Injury to the ankle,,,,,,,,,,
2014/15,111051,Nampalys Mendy,Coupe de France,Sixth Round,2015-01-03,Valenciennes FC,Nice,2:0,DM,,,,,,,,69,69,
2014/15,111051,Nampalys Mendy,Coupe de la Ligue,Third Round,2014-10-29,Nice,FC Metz,5:6 on pens,DM,,,,,,,,,120,
