﻿season,player_id,player_name,competition,journey,date,home_team,away_team,result,position,goals,assists,own_goals,yellow_cards,second_yellow_cards,red_cards,substitutions_on,substitutions_off,minutes_played,transfermarkt_score
2024/25,1063329,Andrés García,UEFA Champions League,Group Stage,2025-01-21,Monaco,Aston Villa,1:0,No eligibility,,,,,,,,,,
2024/25,1063329,Andrés García,UEFA Champions League,Group Stage,2025-01-29,Aston Villa,Celtic,4:2,No eligibility,,,,,,,,,,
2024/25,1063329,Andrés García,UEFA Champions League,last 16 1st leg,2025-03-04,Club Brugge,Aston Villa,1:3,No eligibility,,,,,,,,,,
2024/25,1063329,Andrés García,UEFA Champions League,last 16 2nd leg,2025-03-12,Aston Villa,Club Brugge,3:0,No eligibility,,,,,,,,,,
2024/25,1063329,Andrés García,UEFA Champions League,Quarter-Finals 1st leg,2025-04-09,PSG,Aston Villa,3:1,No eligibility,,,,,,,,,,
2024/25,1063329,Andrés García,UEFA Champions League,Quarter-Finals 2nd leg,2025-04-15,Aston Villa,PSG,3:2,No eligibility,,,,,,,,,,
2024/25,1063329,Andrés García,International Friendlies,12,2025-03-21,Spain U21,Czechia U21,2:2,,,,,,,,46,,45,
2024/25,1063329,Andrés García,International Friendlies,4,2025-03-25,Germany U21,Spain U21,3:1,RB,,,,,,,,75,75,
2024/25,1063329,Andrés García,International Friendlies,7,2025-06-06,Spain U21,Ukraine U21,0:1,Not in squad,,,,,,,,,,
2024/25,1063329,Andrés García,Premier League,23,2025-01-26,Aston Villa,West Ham,1:1,on the bench,,,,,,,,,,
2024/25,1063329,Andrés García,Premier League,24,2025-02-01,Wolves,Aston Villa,2:0,RM,,,,,,,,46,45,
2024/25,1063329,Andrés García,Premier League,25,2025-02-15,Aston Villa,Ipswich,1:1,RB,,,,,,,,,90,
2024/25,1063329,Andrés García,Premier League,29,2025-02-19,Aston Villa,Liverpool,2:2,RB,,,,,,,,67,67,
2024/25,1063329,Andrés García,Premier League,26,2025-02-22,Aston Villa,Chelsea,2:1,RB,,,,,,,70,,20,
2024/25,1063329,Andrés García,Premier League,27,2025-02-25,Crystal Palace,Aston Villa,4:1,RM,,,,,,,,46,45,
2024/25,1063329,Andrés García,Premier League,28,2025-03-08,Brentford,Aston Villa,0:1,on the bench,,,,,,,,,,
2024/25,1063329,Andrés García,Premier League,30,2025-04-02,Brighton,Aston Villa,0:3,on the bench,,,,,,,,,,
2024/25,1063329,Andrés García,Premier League,31,2025-04-05,Aston Villa,Nott'm Forest,2:1,RB,,,,,,,,46,45,
2024/25,1063329,Andrés García,Premier League,32,2025-04-12,Southampton,Aston Villa,0:3,,,,,,,,85,,5,
2024/25,1063329,Andrés García,Premier League,33,2025-04-19,Aston Villa,Newcastle,4:1,on the bench,,,,,,,,,,
2024/25,1063329,Andrés García,Premier League,34,2025-04-22,Man City,Aston Villa,2:1,on the bench,,,,,,,,,,
2024/25,1063329,Andrés García,Premier League,35,2025-05-03,Aston Villa,Fulham,1:0,on the bench,,,,,,,,,,
2024/25,1063329,Andrés García,Premier League,36,2025-05-10,Bournemouth,Aston Villa,0:1,on the bench,,,,,,,,,,
2024/25,1063329,Andrés García,Premier League,37,2025-05-16,Aston Villa,Tottenham,2:0,on the bench,,,,,,,,,,
2024/25,1063329,Andrés García,Premier League,38,2025-05-25,Man Utd,Aston Villa,2:0,on the bench,,,,,,,,,,
2024/25,1063329,Andrés García,Copa del Rey,First Round,2024-11-19,Pontevedra CF,Levante,4:1,,,,,,,,67,,23,
2024/25,1063329,Andrés García,FA Cup,Fourth Round,2025-02-09,Aston Villa,Tottenham,2:1,RB,,,,,,,,,90,
2024/25,1063329,Andrés García,FA Cup,Fifth Round,2025-02-28,Aston Villa,Cardiff,2:0,RB,,,,,,,,,90,
2024/25,1063329,Andrés García,FA Cup,Quarter-Finals,2025-03-30,Preston,Aston Villa,0:3,RB,,,,,,,81,,9,
2024/25,1063329,Andrés García,FA Cup,Semi-Finals,2025-04-26,Crystal Palace,Aston Villa,3:0,on the bench,,,,,,,,,,
2024/25,1063329,Andrés García,LaLiga2,1,2024-08-18,Sporting Gijón,Levante,1:2,RB,,1,,,,,,,90,
2024/25,1063329,Andrés García,LaLiga2,2,2024-08-24,Levante,Cádiz CF,1:1,RB,,,,,,,,,90,
2024/25,1063329,Andrés García,LaLiga2,3,2024-09-02,SD Eibar,Levante,2:2,RB,,,,,,,,,90,
2024/25,1063329,Andrés García,LaLiga2,4,2024-09-08,FC Cartagena,Levante,0:1,RB,,,,,,,,,90,
2024/25,1063329,Andrés García,LaLiga2,5,2024-09-14,Levante,Eldense,3:1,RB,,,,,,,,69,69,
2024/25,1063329,Andrés García,LaLiga2,6,2024-09-21,Real Zaragoza,Levante,2:1,RB,,,,,,,,,90,
2024/25,1063329,Andrés García,LaLiga2,7,2024-09-29,Levante,UD Almería,4:2,RB,,,,,,,,,90,
2024/25,1063329,Andrés García,LaLiga2,8,2024-10-06,Levante,Real Oviedo,0:0,RB,,,,,,,,,90,
2024/25,1063329,Andrés García,LaLiga2,9,2024-10-13,Racing,Levante,1:0,RB,,,,,,,,,90,
2024/25,1063329,Andrés García,LaLiga2,10,2024-10-19,Castellón,Levante,2:0,RB,,,,,,,,,90,
2024/25,1063329,Andrés García,LaLiga2,11,2024-10-24,Levante,Dep. La Coruña,2:1,RB,,,,,,,,,90,
2024/25,1063329,Andrés García,LaLiga2,12,2024-10-27,Granada CF,Levante,1:2,RB,,,,,,,,,90,
2024/25,1063329,Andrés García,LaLiga2,15,2024-11-16,Levante,Elche CF,1:1,RB,,,,,,,,,90,
2024/25,1063329,Andrés García,LaLiga2,16,2024-11-22,Racing Ferrol,Levante,0:0,RB,,,,,,,,,90,
2024/25,1063329,Andrés García,LaLiga2,13,2024-11-27,Levante,Málaga CF,4:2,RB,,1,,55,,,,,90,
2024/25,1063329,Andrés García,LaLiga2,17,2024-12-01,Levante,Burgos CF,3:1,RB,,1,,,,,,,90,
2024/25,1063329,Andrés García,LaLiga2,18,2024-12-06,CD Mirandés,Levante,2:1,RB,1,,,,,,,,90,
2024/25,1063329,Andrés García,LaLiga2,19,2024-12-14,Levante,Córdoba CF,2:2,RB,,,,,,,,,90,
2024/25,1063329,Andrés García,LaLiga2,20,2024-12-17,Albacete,Levante,0:0,RB,,,,,,,,,90,
2024/25,1063329,Andrés García,LaLiga2,21,2024-12-22,Levante,SD Huesca,1:1,RB,1,,,,,,,,90,
2024/25,1063329,Andrés García,LaLiga2,14,2025-01-07,CD Tenerife,Levante,0:3,RB,1,,,,,,,89,89,
2024/25,1063329,Andrés García,LaLiga2,22,2025-01-12,Cádiz CF,Levante,0:0,RB,,,,29,,,,71,71,
2024/25,1063329,Andrés García,LaLiga2,23,2025-01-18,Levante,Granada CF,3:1,Not in squad,,,,,,,,,,
2024/25,1063329,Andrés García,2025 UEFA European Under-21 Championship,Group A,2025-06-11,Slovakia U21,Spain U21,2:3,on the bench,,,,,,,,,,
2024/25,1063329,Andrés García,2025 UEFA European Under-21 Championship,Group A,2025-06-14,Spain U21,Romania U21,2:1,on the bench,,,,,,,,,,
2024/25,1063329,Andrés García,2025 UEFA European Under-21 Championship,Group A,2025-06-17,Spain U21,Italy U21,1:1,LB,,,,,,,,,90,
2024/25,1063329,Andrés García,2025 UEFA European Under-21 Championship,Quarter-Finals,2025-06-21,Spain U21,England U21,1:3,on the bench,,,,,,,,,,
