﻿season,player_id,player_name,competition,journey,date,home_team,away_team,result,position,goals,assists,own_goals,yellow_cards,second_yellow_cards,red_cards,substitutions_on,substitutions_off,minutes_played,transfermarkt_score
2018/19,105470,Alisson,Copa América,Group A,2019-06-15,Brazil,Bolivia,3:0,GK,,,,,,,,,90,
2018/19,105470,Alisson,Copa América,Group A,2019-06-19,Brazil,Venezuela,0:0,GK,,,,,,,,,90,
2018/19,105470,Alisson,Copa América,Group A,2019-06-22,Peru,Brazil,0:5,GK,,,,,,,,,90,
2018/19,105470,Alisson,Copa América,Quarter-Finals,2019-06-28,Brazil,Paraguay,4:3 on pens,GK,,,,,,,,,90,
2019/20,105470,Alisson,Copa América,Semi-Finals,2019-07-03,Brazil,Argentina,2:0,GK,,,,,,,,,90,
2019/20,105470,Alisson,Copa América,Final,2019-07-07,Brazil,Peru,3:1,GK,,,,,,,,,90,
2018/19,105470,Alisson,UEFA Champions League,Group C,2018-09-18,Liverpool,PSG,3:2,GK,,,,,,,,,90,
2018/19,105470,Alisson,UEFA Champions League,Group C,2018-10-03,Napoli,Liverpool,1:0,GK,,,,,,,,,90,
2018/19,105470,Alisson,UEFA Champions League,Group C,2018-10-24,Liverpool,Red Star,4:0,GK,,,,,,,,,90,
2018/19,105470,Alisson,UEFA Champions League,Group C,2018-11-06,Red Star,Liverpool,2:0,GK,,,,,,,,,90,
2018/19,105470,Alisson,UEFA Champions League,Group C,2018-11-28,PSG,Liverpool,2:1,GK,,,,,,,,,90,
2018/19,105470,Alisson,UEFA Champions League,Group C,2018-12-11,Liverpool,Napoli,1:0,GK,,,,,,,,,90,
2018/19,105470,Alisson,UEFA Champions League,last 16 1st leg,2019-02-19,Liverpool,Bayern Munich,0:0,GK,,,,,,,,,90,
2018/19,105470,Alisson,UEFA Champions League,last 16 2nd leg,2019-03-13,Bayern Munich,Liverpool,1:3,GK,,,,,,,,,90,
2018/19,105470,Alisson,UEFA Champions League,Quarter-Finals 1st leg,2019-04-09,Liverpool,Porto,2:0,GK,,,,,,,,,90,
2018/19,105470,Alisson,UEFA Champions League,Quarter-Finals 2nd leg,2019-04-17,Porto,Liverpool,1:4,GK,,,,,,,,,90,
2018/19,105470,Alisson,UEFA Champions League,Semi-Finals 1st Leg,2019-05-01,Barcelona,Liverpool,3:0,GK,,,,,,,,,90,
2018/19,105470,Alisson,UEFA Champions League,Semi-Finals 2nd Leg,2019-05-07,Liverpool,Barcelona,4:0,GK,,,,,,,,,90,
2018/19,105470,Alisson,UEFA Champions League,Final,2019-06-01,Tottenham,Liverpool,0:2,GK,,,,,,,,,90,
2018/19,105470,Alisson,International Friendlies,8,2018-09-08,USA,Brazil,0:2,GK,,,,,,,,,90,
2018/19,105470,Alisson,International Friendlies,8,2018-09-12,Brazil,El Salvador,5:0,on the bench,,,,,,,,,,
2018/19,105470,Alisson,International Friendlies,9,2018-10-12,Saudi Arabia,Brazil,0:2,on the bench,,,,,,,,,,
2018/19,105470,Alisson,International Friendlies,9,2018-10-16,Brazil,Argentina,1:0,GK,,,,,,,,,90,
2018/19,105470,Alisson,International Friendlies,9,2018-11-16,Brazil,Uruguay,1:0,GK,,,,,,,,,90,
2018/19,105470,Alisson,International Friendlies,15,2018-11-20,Brazil,Cameroon,1:0,on the bench,,,,,,,,,,
2018/19,105470,Alisson,International Friendlies,16,2019-03-23,Brazil,Panama,1:1,on the bench,,,,,,,,,,
2018/19,105470,Alisson,International Friendlies,18,2019-03-26,Czechia,Brazil,1:3,GK,,,,,,,,,90,
2018/19,105470,Alisson,International Friendlies,17,2019-06-06,Brazil,Qatar,2:0,Not in squad,,,,,,,,,,
2018/19,105470,Alisson,International Friendlies,17,2019-06-09,Brazil,Honduras,7:0,GK,,,,,,,,,90,
2018/19,105470,Alisson,Premier League,1,2018-08-12,Liverpool,West Ham,4:0,GK,,,,,,,,,90,
2018/19,105470,Alisson,Premier League,2,2018-08-20,Crystal Palace,Liverpool,0:2,GK,,,,,,,,,90,
2018/19,105470,Alisson,Premier League,3,2018-08-25,Liverpool,Brighton,1:0,GK,,,,,,,,,90,
2018/19,105470,Alisson,Premier League,4,2018-09-01,Leicester,Liverpool,1:2,GK,,,,,,,,,90,
2018/19,105470,Alisson,Premier League,5,2018-09-15,Tottenham,Liverpool,1:2,GK,,,,,,,,,90,
2018/19,105470,Alisson,Premier League,6,2018-09-22,Liverpool,Southampton,3:0,GK,,,,,,,,,90,
2018/19,105470,Alisson,Premier League,7,2018-09-29,Chelsea,Liverpool,1:1,GK,,,,,,,,,90,
2018/19,105470,Alisson,Premier League,8,2018-10-07,Liverpool,Man City,0:0,GK,,,,,,,,,90,
2018/19,105470,Alisson,Premier League,9,2018-10-20,Huddersfield,Liverpool,0:1,GK,,,,,,,,,90,
2018/19,105470,Alisson,Premier League,10,2018-10-27,Liverpool,Cardiff,4:1,GK,,,,,,,,,90,
2018/19,105470,Alisson,Premier League,11,2018-11-03,Arsenal,Liverpool,1:1,GK,,,,,,,,,90,
2018/19,105470,Alisson,Premier League,12,2018-11-11,Liverpool,Fulham,2:0,GK,,,,,,,,,90,
2018/19,105470,Alisson,Premier League,13,2018-11-24,Watford,Liverpool,0:3,GK,,,,,,,,,90,
2018/19,105470,Alisson,Premier League,14,2018-12-02,Liverpool,Everton,1:0,GK,,,,,,,,,90,
2018/19,105470,Alisson,Premier League,15,2018-12-05,Burnley,Liverpool,1:3,GK,,,,,,,,,90,
2018/19,105470,Alisson,Premier League,16,2018-12-08,Bournemouth,Liverpool,0:4,GK,,,,,,,,,90,
2018/19,105470,Alisson,Premier League,17,2018-12-16,Liverpool,Man Utd,3:1,GK,,,,,,,,,90,
2018/19,105470,Alisson,Premier League,18,2018-12-21,Wolves,Liverpool,0:2,GK,,,,,,,,,90,
2018/19,105470,Alisson,Premier League,19,2018-12-26,Liverpool,Newcastle,4:0,GK,,,,,,,,,90,
2018/19,105470,Alisson,Premier League,20,2018-12-29,Liverpool,Arsenal,5:1,GK,,,,,,,,,90,
2018/19,105470,Alisson,Premier League,21,2019-01-03,Man City,Liverpool,2:1,GK,,,,,,,,,90,
2018/19,105470,Alisson,Premier League,22,2019-01-12,Brighton,Liverpool,0:1,GK,,,,,,,,,90,
2018/19,105470,Alisson,Premier League,23,2019-01-19,Liverpool,Crystal Palace,4:3,GK,,,,,,,,,90,
2018/19,105470,Alisson,Premier League,24,2019-01-30,Liverpool,Leicester,1:1,GK,,,,,,,,,90,
2018/19,105470,Alisson,Premier League,25,2019-02-04,West Ham,Liverpool,1:1,GK,,,,,,,,,90,
2018/19,105470,Alisson,Premier League,26,2019-02-09,Liverpool,Bournemouth,3:0,GK,,,,,,,,,90,
2018/19,105470,Alisson,Premier League,27,2019-02-24,Man Utd,Liverpool,0:0,GK,,,,,,,,,90,
2018/19,105470,Alisson,Premier League,28,2019-02-27,Liverpool,Watford,5:0,GK,,,,,,,,,90,
2018/19,105470,Alisson,Premier League,29,2019-03-03,Everton,Liverpool,0:0,GK,,,,,,,,,90,
2018/19,105470,Alisson,Premier League,30,2019-03-10,Liverpool,Burnley,4:2,GK,,,,7,,,,,90,
2018/19,105470,Alisson,Premier League,31,2019-03-17,Fulham,Liverpool,1:2,GK,,,,,,,,,90,
2018/19,105470,Alisson,Premier League,32,2019-03-31,Liverpool,Tottenham,2:1,GK,,,,,,,,,90,
2018/19,105470,Alisson,Premier League,33,2019-04-05,Southampton,Liverpool,1:3,GK,,,,,,,,,90,
2018/19,105470,Alisson,Premier League,34,2019-04-14,Liverpool,Chelsea,2:0,GK,,,,,,,,,90,
2018/19,105470,Alisson,Premier League,35,2019-04-21,Cardiff,Liverpool,0:2,GK,,,,,,,,,90,
2018/19,105470,Alisson,Premier League,36,2019-04-26,Liverpool,Huddersfield,5:0,GK,,,,,,,,,90,
2018/19,105470,Alisson,Premier League,37,2019-05-04,Newcastle,Liverpool,2:3,GK,,,,,,,,,90,
2018/19,105470,Alisson,Premier League,38,2019-05-12,Liverpool,Wolves,2:0,GK,,,,,,,,,90,
2018/19,105470,Alisson,FA Cup,Third Round,2019-01-07,Wolves,Liverpool,2:1,Not in squad,,,,,,,,,,
2018/19,105470,Alisson,EFL Cup,Third Round,2018-09-26,Liverpool,Chelsea,1:2,Not in squad,,,,,,,,,,
