﻿season,player_id,player_name,competition,journey,date,home_team,away_team,result,position,goals,assists,own_goals,yellow_cards,second_yellow_cards,red_cards,substitutions_on,substitutions_off,minutes_played,transfermarkt_score
2023/24,1055382,Will Murdock,International Friendlies,8,2024-05-22,England U18,N. Ireland U18,4:2,GK,,,,,,,85,,5,
2023/24,1055382,Will Murdock,International Friendlies,8,2024-05-24,Morocco U18,N. Ireland U18,2:1,on the bench,,,,,,,,,,
2023/24,1055382,Will Murdock,U18 Premier League - Final Stage,Final,2024-05-14,Chelsea U18,Man Utd U18,1:2,Not in squad,,,,,,,,,,
2023/24,1055382,Will Murdock,U18 Premier League,1,2023-08-12,Boro U18,Man Utd U18,0:4,Not in squad,,,,,,,,,,
2023/24,1055382,Will Murdock,U18 Premier League,3,2023-08-26,Stoke U18,Man Utd U18,1:4,Not in squad,,,,,,,,,,
2023/24,1055382,Will Murdock,U18 Premier League,4,2023-09-16,Man Utd U18,Nottingham U18,2:1,Not in squad,,,,,,,,,,
2023/24,1055382,Will Murdock,U18 Premier League,5,2023-09-23,Sunderland U18,Man Utd U18,2:3,Not in squad,,,,,,,,,,
2023/24,1055382,Will Murdock,U18 Premier League,6,2023-09-30,Man Utd U18,Newcastle U18,5:1,Not in squad,,,,,,,,,,
2023/24,1055382,Will Murdock,U18 Premier League,7,2023-10-07,Man Utd U18,Derby U18,3:1,on the bench,,,,,,,,,,
2023/24,1055382,Will Murdock,U18 Premier League,8,2023-10-28,Leeds U18,Man Utd U18,0:6,Not in squad,,,,,,,,,,
2023/24,1055382,Will Murdock,U18 Premier League,10,2023-11-11,Blackburn U18,Man Utd U18,0:3,on the bench,,,,,,,,,,
2023/24,1055382,Will Murdock,U18 Premier League,11,2023-12-02,Man Utd U18,Wolves U18,2:0,on the bench,,,,,,,,,,
2023/24,1055382,Will Murdock,U18 Premier League,12,2023-12-16,Everton U18,Man Utd U18,0:2,Not in squad,,,,,,,,,,
2023/24,1055382,Will Murdock,U18 Premier League,14,2024-01-13,Newcastle U18,Man Utd U18,1:3,Not in squad,,,,,,,,,,
2023/24,1055382,Will Murdock,U18 Premier League,2,2024-01-20,Man Utd U18,Man City U18,1:0,Not in squad,,,,,,,,,,
2023/24,1055382,Will Murdock,U18 Premier League,15,2024-01-27,Man Utd U18,Leeds U18,4:0,Not in squad,,,,,,,,,,
2023/24,1055382,Will Murdock,U18 Premier League,13,2024-01-30,Man Utd U18,Liverpool U18,4:3,Not in squad,,,,,,,,,,
2023/24,1055382,Will Murdock,U18 Premier League,16,2024-02-10,Derby U18,Man Utd U18,2:2,Not in squad,,,,,,,,,,
2023/24,1055382,Will Murdock,U18 Premier League,17,2024-02-17,Nottingham U18,Man Utd U18,2:2,Not in squad,,,,,,,,,,
2023/24,1055382,Will Murdock,U18 Premier League,18,2024-02-24,Man Utd U18,Boro U18,3:0,Not in squad,,,,,,,,,,
2023/24,1055382,Will Murdock,U18 Premier League,19,2024-03-09,Man City U18,Man Utd U18,4:1,Not in squad,,,,,,,,,,
2023/24,1055382,Will Murdock,U18 Premier League,20,2024-03-16,Man Utd U18,Blackburn U18,5:2,Not in squad,,,,,,,,,,
2023/24,1055382,Will Murdock,U18 Premier League,21,2024-04-06,Liverpool U18,Man Utd U18,1:9,Not in squad,,,,,,,,,,
2023/24,1055382,Will Murdock,U18 Premier League,22,2024-04-13,Man Utd U18,Stoke U18,4:2,Not in squad,,,,,,,,,,
2023/24,1055382,Will Murdock,U18 Premier League,23,2024-04-16,Wolves U18,Man Utd U18,1:2,Not in squad,,,,,,,,,,
2023/24,1055382,Will Murdock,U18 Premier League,24,2024-04-27,Man Utd U18,Sunderland U18,1:3,GK,,,,,,,,,90,
2023/24,1055382,Will Murdock,U18 Premier League,25,2024-05-04,Man Utd U18,Everton U18,3:1,on the bench,,,,,,,,,,
2023/24,1055382,Will Murdock,UEFA European Under-17 Championship qualification,Group 11,2023-10-25,N. Ireland U17,Greece U17,0:2,GK,,,,,,,,,90,
2023/24,1055382,Will Murdock,UEFA European Under-17 Championship qualification,Group 11,2023-10-28,Italy U17,N. Ireland U17,0:0,GK,,,,,,,,,90,
2023/24,1055382,Will Murdock,UEFA European Under-17 Championship qualification,Group 11,2023-10-31,San Marino U17,N. Ireland U17,0:4,on the bench,,,,,,,,,,
2023/24,1055382,Will Murdock,UEFA European Under-17 Championship qualification,group B1,2024-03-20,England U17,N. Ireland U17,5:1,GK,,,,,,,,,90,
2023/24,1055382,Will Murdock,UEFA European Under-17 Championship qualification,group B1,2024-03-23,France U17,N. Ireland U17,5:2,on the bench,,,,,,,,,,
2023/24,1055382,Will Murdock,UEFA European Under-17 Championship qualification,group B1,2024-03-26,N. Ireland U17,Hungary U17,3:1,on the bench,,,,,,,,,,
2023/24,1055382,Will Murdock,FA Youth Cup,Third Round,2023-12-19,Man Utd U18,Derby U18,1:0,Not in squad,,,,,,,,,,
2023/24,1055382,Will Murdock,FA Youth Cup,Fourth Round,2024-01-16,Swindon U18,Man Utd U18,2:0,Not in squad,,,,,,,,,,
