﻿season,player_id,player_name,competition,journey,date,home_team,away_team,result,position,goals,assists,own_goals,yellow_cards,second_yellow_cards,red_cards,substitutions_on,substitutions_off,minutes_played,transfermarkt_score
2008/09,104495,Lyle Taylor,EFL Trophy,First Round,2008-09-02,Millwall,Colchester Utd.,0:1,Not in squad,,,,,,,,,,
2008/09,104495,Lyle Taylor,League One,1,2008-08-09,Oldham Athletic,Millwall,4:3,Not in squad,,,,,,,,,,
2008/09,104495,Lyle Taylor,League One,2,2008-08-16,Millwall,Southend United,1:1,Not in squad,,,,,,,,,,
2008/09,104495,Lyle Taylor,League One,3,2008-08-23,Northampton,Millwall,0:0,Not in squad,,,,,,,,,,
2008/09,104495,Lyle Taylor,League One,4,2008-08-30,Millwall,Huddersfield,2:1,Not in squad,,,,,,,,,,
2008/09,104495,Lyle Taylor,League One,5,2008-09-06,Millwall,Hartlepool,2:0,Not in squad,,,,,,,,,,
2008/09,104495,Lyle Taylor,League One,6,2008-09-13,Leicester,Millwall,0:1,Not in squad,,,,,,,,,,
2008/09,104495,Lyle Taylor,League One,7,2008-09-20,Millwall,Cheltenham,2:0,Not in squad,,,,,,,,,,
2008/09,104495,Lyle Taylor,League One,8,2008-09-28,Swindon Town,Millwall,1:2,Not in squad,,,,,,,,,,
2008/09,104495,Lyle Taylor,League One,9,2008-10-04,Millwall,MK Dons,0:4,Not in squad,,,,,,,,,,
2008/09,104495,Lyle Taylor,League One,10,2008-10-11,Tranmere,Millwall,1:3,Not in squad,,,,,,,,,,
2008/09,104495,Lyle Taylor,League One,11,2008-10-18,Millwall,Leeds,3:1,Not in squad,,,,,,,,,,
2008/09,104495,Lyle Taylor,League One,12,2008-10-21,Colchester Utd.,Millwall,1:2,Not in squad,,,,,,,,,,
2008/09,104495,Lyle Taylor,League One,13,2008-10-25,Scunthorpe Utd.,Millwall,3:2,Not in squad,,,,,,,,,,
2008/09,104495,Lyle Taylor,League One,14,2008-10-28,Millwall,Hereford Utd.,1:0,Not in squad,,,,,,,,,,
2008/09,104495,Lyle Taylor,League One,15,2008-11-01,Brighton,Millwall,4:1,Not in squad,,,,,,,,,,
2008/09,104495,Lyle Taylor,League One,16,2008-11-15,Millwall,Stockport,1:0,Not in squad,,,,,,,,,,
2008/09,104495,Lyle Taylor,League One,17,2008-11-22,Leyton Orient,Millwall,0:0,Not in squad,,,,,,,,,,
2008/09,104495,Lyle Taylor,League One,18,2008-11-25,Millwall,Carlisle United,1:0,Not in squad,,,,,,,,,,
2008/09,104495,Lyle Taylor,League One,19,2008-12-06,Millwall,Bristol Rovers,3:2,Not in squad,,,,,,,,,,
2008/09,104495,Lyle Taylor,League One,20,2008-12-13,Walsall,Millwall,1:2,Not in squad,,,,,,,,,,
2008/09,104495,Lyle Taylor,League One,21,2008-12-20,Millwall,Crewe Alexandra,0:0,Not in squad,,,,,,,,,,
2008/09,104495,Lyle Taylor,League One,22,2008-12-26,Peterborough,Millwall,1:0,Not in squad,,,,,,,,,,
2008/09,104495,Lyle Taylor,League One,23,2008-12-28,Millwall,Yeovil Town,1:1,Not in squad,,,,,,,,,,
2008/09,104495,Lyle Taylor,League One,26,2009-01-17,Millwall,Tranmere,1:0,Not in squad,,,,,,,,,,
2008/09,104495,Lyle Taylor,League One,28,2009-01-27,Hereford Utd.,Millwall,0:2,Not in squad,,,,,,,,,,
2008/09,104495,Lyle Taylor,League One,29,2009-01-31,Millwall,Scunthorpe Utd.,1:2,Not in squad,,,,,,,,,,
2008/09,104495,Lyle Taylor,League One,31,2009-02-09,Leeds,Millwall,2:0,Not in squad,,,,,,,,,,
2008/09,104495,Lyle Taylor,League One,32,2009-02-14,Stockport,Millwall,2:2,Not in squad,,,,,,,,,,
2008/09,104495,Lyle Taylor,League One,24,2009-02-17,Millwall,Swindon Town,1:1,Not in squad,,,,,,,,,,
2008/09,104495,Lyle Taylor,League One,33,2009-02-21,Millwall,Brighton,0:1,Not in squad,,,,,,,,,,
2008/09,104495,Lyle Taylor,League One,25,2009-02-24,Cheltenham,Millwall,1:3,Not in squad,,,,,,,,,,
2008/09,104495,Lyle Taylor,League One,34,2009-02-28,Millwall,Oldham Athletic,2:3,Not in squad,,,,,,,,,,
2008/09,104495,Lyle Taylor,League One,35,2009-03-03,Southend United,Millwall,0:1,Not in squad,,,,,,,,,,
2008/09,104495,Lyle Taylor,League One,36,2009-03-07,Huddersfield,Millwall,1:2,Not in squad,,,,,,,,,,
2008/09,104495,Lyle Taylor,League One,37,2009-03-10,Millwall,Northampton,1:0,Not in squad,,,,,,,,,,
2008/09,104495,Lyle Taylor,League One,38,2009-03-14,Millwall,Leicester,0:1,Not in squad,,,,,,,,,,
2008/09,104495,Lyle Taylor,League One,27,2009-03-17,MK Dons,Millwall,0:1,Not in squad,,,,,,,,,,
2008/09,104495,Lyle Taylor,League One,39,2009-03-21,Hartlepool,Millwall,2:3,Not in squad,,,,,,,,,,
2008/09,104495,Lyle Taylor,League One,40,2009-03-28,Crewe Alexandra,Millwall,0:1,Not in squad,,,,,,,,,,
2008/09,104495,Lyle Taylor,League One,30,2009-03-31,Millwall,Colchester Utd.,0:1,Not in squad,,,,,,,,,,
2008/09,104495,Lyle Taylor,League One,41,2009-04-04,Millwall,Walsall,3:1,on the bench,,,,,,,,,,
2008/09,104495,Lyle Taylor,League One,42,2009-04-10,Yeovil Town,Millwall,2:0,Not in squad,,,,,,,,,,
2008/09,104495,Lyle Taylor,League One,43,2009-04-13,Millwall,Peterborough,2:0,Not in squad,,,,,,,,,,
2008/09,104495,Lyle Taylor,League One,44,2009-04-18,Bristol Rovers,Millwall,4:2,Not in squad,,,,,,,,,,
2008/09,104495,Lyle Taylor,League One,45,2009-04-25,Millwall,Leyton Orient,2:1,Not in squad,,,,,,,,,,
2008/09,104495,Lyle Taylor,League One,46,2009-05-02,Carlisle United,Millwall,2:0,Not in squad,,,,,,,,,,
2008/09,104495,Lyle Taylor,Conference Premier,13,2008-10-04,Weymouth FC,Eastbourne,3:2,Not in squad,,,,,,,,,,
2008/09,104495,Lyle Taylor,Conference Premier,14,2008-10-07,Eastbourne,Kettering,1:2,,,,,,,,75,,15,
2008/09,104495,Lyle Taylor,Conference Premier,15,2008-10-12,Eastbourne,Stevenage Bor.,2:1,,1,,,,,,73,,17,
2008/09,104495,Lyle Taylor,Conference Premier,16,2008-10-18,Barrow,Eastbourne,3:1,,,,,,,,,78,78,
2008/09,104495,Lyle Taylor,Conference Premier,17,2008-11-01,Northwich Vic,Eastbourne,1:2,on the bench,,,,,,,,,,
2008/09,104495,Lyle Taylor,Conference Premier,18,2008-11-15,Eastbourne,Woking,0:0,,,,,,,,77,,13,
2008/09,104495,Lyle Taylor,Conference Premier,20,2008-11-22,Rush. & Diamon.,Eastbourne,2:0,on the bench,,,,,,,,,,
2008/09,104495,Lyle Taylor,Conference Premier,21,2008-11-29,Burton Albion,Eastbourne,2:0,Not in squad,,,,,,,,,,
2008/09,104495,Lyle Taylor,Conference Premier,22,2008-12-06,Eastbourne,Northwich Vic,4:1,Not in squad,,,,,,,,,,
2008/09,104495,Lyle Taylor,Conference Premier,23,2008-12-09,Eastbourne,Torquay,4:2,Not in squad,,,,,,,,,,
2008/09,104495,Lyle Taylor,Conference Premier,24,2008-12-20,Wrexham,Eastbourne,5:0,Not in squad,,,,,,,,,,
2008/09,104495,Lyle Taylor,Conference Premier,25,2008-12-26,Eastbourne,Lewes,1:0,Not in squad,,,,,,,,,,
2008/09,104495,Lyle Taylor,Conference Premier,26,2008-12-28,Crawley Town,Eastbourne,1:0,Not in squad,,,,,,,,,,
2008/09,104495,Lyle Taylor,Conference Premier,27,2009-01-01,Lewes,Eastbourne,0:2,Not in squad,,,,,,,,,,
2008/09,104495,Lyle Taylor,Conference Premier,29,2009-01-17,Forest Green,Eastbourne,1:2,Not in squad,,,,,,,,,,
2008/09,104495,Lyle Taylor,Conference Premier,30,2009-01-24,Eastbourne,York City,2:1,Not in squad,,,,,,,,,,
2008/09,104495,Lyle Taylor,Conference Premier,31,2009-01-27,Woking,Eastbourne,0:4,Not in squad,,,,,,,,,,
2008/09,104495,Lyle Taylor,Conference Premier,32,2009-01-31,Eastbourne,Mansfield Town,1:2,Not in squad,,,,,,,,,,
2008/09,104495,Lyle Taylor,Conference Premier,35,2009-02-21,Histon,Eastbourne,3:3,Not in squad,,,,,,,,,,
2008/09,104495,Lyle Taylor,Conference Premier,37,2009-02-28,Kidderminster,Eastbourne,2:0,Not in squad,,,,,,,,,,
2008/09,104495,Lyle Taylor,Conference Premier,28,2009-03-03,Eastbourne,Oxford United,0:3,Not in squad,,,,,,,,,,
2008/09,104495,Lyle Taylor,Conference Premier,38,2009-03-07,Eastbourne,Wrexham,1:0,Not in squad,,,,,,,,,,
2008/09,104495,Lyle Taylor,Conference Premier,39,2009-03-14,Kettering,Eastbourne,0:1,Not in squad,,,,,,,,,,
2008/09,104495,Lyle Taylor,Conference Premier,19,2009-03-17,Eastbourne,Salisbury,0:0,Not in squad,,,,,,,,,,
2008/09,104495,Lyle Taylor,Conference Premier,40,2009-03-21,Eastbourne,Burton Albion,1:2,Not in squad,,,,,,,,,,
2008/09,104495,Lyle Taylor,Conference Premier,40,2009-03-28,Salisbury,Eastbourne,2:0,Not in squad,,,,,,,,,,
2008/09,104495,Lyle Taylor,Conference Premier,34,2009-03-31,Eastbourne,Crawley Town,2:1,Not in squad,,,,,,,,,,
2008/09,104495,Lyle Taylor,Conference Premier,36,2009-04-02,Eastbourne,Ebbsfleet,0:1,Not in squad,,,,,,,,,,
2008/09,104495,Lyle Taylor,Conference Premier,42,2009-04-04,Eastbourne,Weymouth FC,3:0,Not in squad,,,,,,,,,,
2008/09,104495,Lyle Taylor,Conference Premier,33,2009-04-07,Altrincham,Eastbourne,2:2,Not in squad,,,,,,,,,,
2008/09,104495,Lyle Taylor,Conference Premier,43,2009-04-11,Cambridge Utd.,Eastbourne,2:1,Not in squad,,,,,,,,,,
2008/09,104495,Lyle Taylor,Conference Premier,44,2009-04-13,Eastbourne,Grays Athletic,2:1,Not in squad,,,,,,,,,,
2008/09,104495,Lyle Taylor,Conference Premier,45,2009-04-18,York City,Eastbourne,1:0,Not in squad,,,,,,,,,,
2008/09,104495,Lyle Taylor,Conference Premier,46,2009-04-26,Eastbourne,Barrow,0:2,Not in squad,,,,,,,,,,
2008/09,104495,Lyle Taylor,FA Cup,First Round,2008-11-08,Chester City,Millwall,0:3,Not in squad,,,,,,,,,,
2007/08,104495,Lyle Taylor,FA Cup,,,,,,,,,,,,,,,,
2008/09,104495,Lyle Taylor,FA Cup,First Round,2008-11-08,Eastbourne,Barrow,0:0,Information not yet available,,,,,,,,,,
2008/09,104495,Lyle Taylor,FA Cup,First Round 2nd leg,2008-11-18,Barrow,Eastbourne,4:0,Information not yet available,,,,,,,,,,
2007/08,104495,Lyle Taylor,FA Cup,,,,,,,,,,,,,,,,
2008/09,104495,Lyle Taylor,FA Cup,Second Round,2008-11-29,Millwall,Aldershot,3:0,Not in squad,,,,,,,,,,
2008/09,104495,Lyle Taylor,FA Cup,Third Round,2009-01-03,Millwall,Crewe Alexandra,2:2,Not in squad,,,,,,,,,,
2008/09,104495,Lyle Taylor,FA Cup,Third Round Replay,2009-01-13,Crewe Alexandra,Millwall,2:3,Not in squad,,,,,,,,,,
2008/09,104495,Lyle Taylor,FA Cup,Fourth Round,2009-01-24,Hull City,Millwall,2:0,Not in squad,,,,,,,,,,
2008/09,104495,Lyle Taylor,League Cup,First Round,2008-08-12,Millwall,Northampton,0:1,Not in squad,,,,,,,,,,
2008/09,104495,Lyle Taylor,League One Play-Offs,Play Off 1st leg,2009-05-09,Millwall,Leeds,1:0,Not in squad,,,,,,,,,,
2008/09,104495,Lyle Taylor,League One Play-Offs,Play Off 2st leg,2009-05-14,Leeds,Millwall,1:1,Not in squad,,,,,,,,,,
2008/09,104495,Lyle Taylor,League One Play-Offs,Final,2009-05-24,Millwall,Scunthorpe Utd.,2:3,Not in squad,,,,,,,,,,
