﻿season,player_id,player_name,competition,journey,date,home_team,away_team,result,position,goals,assists,own_goals,yellow_cards,second_yellow_cards,red_cards,substitutions_on,substitutions_off,minutes_played,transfermarkt_score
2025/26,1010854,Mathis Amougou,UEFA Conference League,Group Stage,2025-10-02,Slo. Bratislava,R. Strasbourg,1:2,CM,,,,,,,,46,45,
2025/26,1010854,Mathis Amougou,UEFA Conference League,Group Stage,2025-10-23,R. Strasbourg,Jagiellonia,1:1,CM,,,,59,,,,62,62,
2025/26,1010854,Mathis Amougou,UEFA Conference League,Group Stage,2025-11-06,Häcken,R. Strasbourg,1:2,DM,,,,,,,,,90,
2025/26,1010854,Mathis Amougou,UEFA Conference League,Group Stage,2025-11-27,R. Strasbourg,Crystal Palace,2:1,on the bench,,,,,,,,,,
2025/26,1010854,Mathis Amougou,UEFA Conference League Qualifiers,Qualifying Round 1st leg,2025-08-21,R. Strasbourg,Bröndby IF,0:0,Not in squad,,,,,,,,,,
2025/26,1010854,Mathis Amougou,UEFA Conference League Qualifiers,Qualifying Round 2nd leg,2025-08-28,Bröndby IF,R. Strasbourg,2:3,on the bench,,,,,,,,,,
2025/26,1010854,Mathis Amougou,Ligue 1,1,2025-08-17,FC Metz,R. Strasbourg,0:1,Not in squad,,,,,,,,,,
2025/26,1010854,Mathis Amougou,Ligue 1,2,2025-08-24,R. Strasbourg,FC Nantes,1:0,Not in squad,,,,,,,,,,
2025/26,1010854,Mathis Amougou,Ligue 1,3,2025-08-31,Monaco,R. Strasbourg,3:2,DM,,,,,,,,71,71,
2025/26,1010854,Mathis Amougou,Ligue 1,4,2025-09-14,R. Strasbourg,Le Havre AC,1:0,AM,,,,,,,,46,45,
2025/26,1010854,Mathis Amougou,Ligue 1,5,2025-09-21,Paris FC,R. Strasbourg,2:3,,,,,,,,73,,17,
2025/26,1010854,Mathis Amougou,Ligue 1,6,2025-09-26,R. Strasbourg,Marseille,1:2,on the bench,,,,,,,,,,
2025/26,1010854,Mathis Amougou,Ligue 1,7,2025-10-05,R. Strasbourg,Angers SCO,5:0,on the bench,,,,,,,,,,
2025/26,1010854,Mathis Amougou,Ligue 1,8,2025-10-17,PSG,R. Strasbourg,3:3,on the bench,,,,,,,,,,
2025/26,1010854,Mathis Amougou,Ligue 1,9,2025-10-26,Lyon,R. Strasbourg,2:1,on the bench,,,,,,,,,,
2025/26,1010854,Mathis Amougou,Ligue 1,10,2025-10-29,R. Strasbourg,AJ Auxerre,3:0,,,,,,,,62,,28,
2025/26,1010854,Mathis Amougou,Ligue 1,11,2025-11-02,Stade Rennais,R. Strasbourg,4:1,,,,,,,,52,,38,
2025/26,1010854,Mathis Amougou,Ligue 1,12,2025-11-09,R. Strasbourg,Lille,2:0,,,,,,,,90,,1,
2025/26,1010854,Mathis Amougou,Ligue 1,13,2025-11-22,Lens,R. Strasbourg,1:0,,,,,,,,61,,29,
2025/26,1010854,Mathis Amougou,Ligue 1,14,2025-11-30,R. Strasbourg,Stade Brestois,1:2,Not in squad,,,,,,,,,,
