﻿season,player_id,player_name,competition,journey,date,home_team,away_team,result,position,goals,assists,own_goals,yellow_cards,second_yellow_cards,red_cards,substitutions_on,substitutions_off,minutes_played,transfermarkt_score
2022/23,1052892,Jaydan Kamason,U18 Premier League,25,2022-12-17,Man Utd U18,Boro U18,3:0,on the bench,,,,,,,,,,
2022/23,1052892,Jaydan Kamason,U18 Premier League,4,2022-12-20,Man Utd U18,Sunderland U18,1:0,Not in squad,,,,,,,,,,
2022/23,1052892,Jaydan Kamason,U18 Premier League,15,2023-01-14,Blackburn U18,Man Utd U18,2:3,Not in squad,,,,,,,,,,
2022/23,1052892,Jaydan Kamason,U18 Premier League,16,2023-01-21,Man Utd U18,Liverpool U18,3:2,Not in squad,,,,,,,,,,
2022/23,1052892,Jaydan Kamason,U18 Premier League,17,2023-01-28,Wolves U18,Man Utd U18,3:3,,,,,,,,87,,3,
2022/23,1052892,Jaydan Kamason,U18 Premier League,11,2023-02-04,Derby U18,Man Utd U18,1:1,Not in squad,,,,,,,,,,
2022/23,1052892,Jaydan Kamason,U18 Premier League,18,2023-02-11,Man Utd U18,Newcastle U18,3:0,RB,,,,,,,,90,90,
2022/23,1052892,Jaydan Kamason,U18 Premier League,19,2023-02-18,Nottingham U18,Man Utd U18,4:0,RB,,,,,,,,,90,
2022/23,1052892,Jaydan Kamason,U18 Premier League,20,2023-02-25,Man Utd U18,Derby U18,5:2,RM,,,,,,,,,90,
2022/23,1052892,Jaydan Kamason,U18 Premier League,21,2023-03-04,Leeds U18,Man Utd U18,3:3,on the bench,,,,,,,,,,
2022/23,1052892,Jaydan Kamason,U18 Premier League,22,2023-03-18,Man Utd U18,Stoke U18,0:0,Not in squad,,,,,,,,,,
2022/23,1052892,Jaydan Kamason,U18 Premier League,24,2023-04-15,Man Utd U18,Man City U18,1:3,Not in squad,,,,,,,,,,
2022/23,1052892,Jaydan Kamason,U18 Premier League,12,2023-04-18,Man Utd U18,Leeds U18,3:1,RB,,,,,,,,,90,
2022/23,1052892,Jaydan Kamason,U18 Premier League,13,2023-04-21,Boro U18,Man Utd U18,0:2,RM,,,,,,,,62,62,
2022/23,1052892,Jaydan Kamason,U18 Premier League,8,2023-04-25,Man Utd U18,Wolves U18,2:2,RM,,1,,,,,,,90,
2022/23,1052892,Jaydan Kamason,U18 Premier League,26,2023-04-29,Sunderland U18,Man Utd U18,3:4,RB,,1,,,,,,,90,
2022/23,1052892,Jaydan Kamason,U18 Premier League,10,2023-05-02,Man Utd U18,Everton U18,1:1,,,,,,,,67,,23,
2022/23,1052892,Jaydan Kamason,U18 Premier League,23,2023-05-06,Everton U18,Man Utd U18,2:2,RB,1,,,,,,,,90,
2022/23,1052892,Jaydan Kamason,FA Youth Cup,Fourth Round,2023-01-11,Stoke U18,Man Utd U18,1:0,Not in squad,,,,,,,,,,
