﻿season,player_id,player_name,competition,journey,date,home_team,away_team,result,position,goals,assists,own_goals,yellow_cards,second_yellow_cards,red_cards,substitutions_on,substitutions_off,minutes_played,transfermarkt_score
2022/23,1031256,Callum McFarlane,Premier League,1,2022-08-06,Fulham,Liverpool,2:2,Not in squad,,,,,,,,,,
2022/23,1031256,Callum McFarlane,Premier League,2,2022-08-13,Wolves,Fulham,0:0,Not in squad,,,,,,,,,,
2022/23,1031256,Callum McFarlane,Premier League,3,2022-08-20,Fulham,Brentford,3:2,Not in squad,,,,,,,,,,
2022/23,1031256,Callum McFarlane,Premier League,4,2022-08-27,Arsenal,Fulham,2:1,Not in squad,,,,,,,,,,
2022/23,1031256,Callum McFarlane,Premier League,5,2022-08-30,Fulham,Brighton,2:1,Not in squad,,,,,,,,,,
2022/23,1031256,Callum McFarlane,Premier League,6,2022-09-03,Tottenham,Fulham,2:1,Not in squad,,,,,,,,,,
2022/23,1031256,Callum McFarlane,Premier League,8,2022-09-16,Nott'm Forest,Fulham,2:3,Not in squad,,,,,,,,,,
2022/23,1031256,Callum McFarlane,Premier League,9,2022-10-01,Fulham,Newcastle,1:4,Not in squad,,,,,,,,,,
2022/23,1031256,Callum McFarlane,Premier League,10,2022-10-09,West Ham,Fulham,3:1,Not in squad,,,,,,,,,,
2022/23,1031256,Callum McFarlane,Premier League,11,2022-10-15,Fulham,Bournemouth,2:2,Not in squad,,,,,,,,,,
2022/23,1031256,Callum McFarlane,Premier League,12,2022-10-20,Fulham,Aston Villa,3:0,Not in squad,,,,,,,,,,
2022/23,1031256,Callum McFarlane,Premier League,13,2022-10-23,Leeds,Fulham,2:3,Not in squad,,,,,,,,,,
2022/23,1031256,Callum McFarlane,Premier League,14,2022-10-29,Fulham,Everton,0:0,Not in squad,,,,,,,,,,
2022/23,1031256,Callum McFarlane,Premier League,15,2022-11-05,Man City,Fulham,2:1,Not in squad,,,,,,,,,,
2022/23,1031256,Callum McFarlane,Premier League,16,2022-11-13,Fulham,Man Utd,1:2,Not in squad,,,,,,,,,,
2022/23,1031256,Callum McFarlane,Premier League,17,2022-12-26,Crystal Palace,Fulham,0:3,Not in squad,,,,,,,,,,
2022/23,1031256,Callum McFarlane,Premier League,18,2022-12-31,Fulham,Southampton,2:1,Not in squad,,,,,,,,,,
2022/23,1031256,Callum McFarlane,Premier League,19,2023-01-03,Leicester,Fulham,0:1,Not in squad,,,,,,,,,,
2022/23,1031256,Callum McFarlane,Premier League,7,2023-01-12,Fulham,Chelsea,2:1,Not in squad,,,,,,,,,,
2022/23,1031256,Callum McFarlane,Premier League,20,2023-01-15,Newcastle,Fulham,1:0,Not in squad,,,,,,,,,,
2022/23,1031256,Callum McFarlane,Premier League,21,2023-01-23,Fulham,Tottenham,0:1,Not in squad,,,,,,,,,,
2022/23,1031256,Callum McFarlane,Premier League,22,2023-02-03,Chelsea,Fulham,0:0,Not in squad,,,,,,,,,,
2022/23,1031256,Callum McFarlane,Premier League,23,2023-02-11,Fulham,Nott'm Forest,2:0,Not in squad,,,,,,,,,,
2022/23,1031256,Callum McFarlane,Premier League,24,2023-02-18,Brighton,Fulham,0:1,Not in squad,,,,,,,,,,
2022/23,1031256,Callum McFarlane,Premier League,25,2023-02-24,Fulham,Wolves,1:1,Not in squad,,,,,,,,,,
2022/23,1031256,Callum McFarlane,Premier League,26,2023-03-06,Brentford,Fulham,3:2,Not in squad,,,,,,,,,,
2022/23,1031256,Callum McFarlane,Premier League,27,2023-03-12,Fulham,Arsenal,0:3,Not in squad,,,,,,,,,,
2022/23,1031256,Callum McFarlane,Premier League,29,2023-04-01,Bournemouth,Fulham,2:1,Not in squad,,,,,,,,,,
2022/23,1031256,Callum McFarlane,Premier League,30,2023-04-08,Fulham,West Ham,0:1,Not in squad,,,,,,,,,,
2022/23,1031256,Callum McFarlane,Premier League,31,2023-04-15,Everton,Fulham,1:3,Not in squad,,,,,,,,,,
2022/23,1031256,Callum McFarlane,Premier League,32,2023-04-22,Fulham,Leeds,2:1,Not in squad,,,,,,,,,,
2022/23,1031256,Callum McFarlane,Premier League,33,2023-04-25,Aston Villa,Fulham,1:0,Not in squad,,,,,,,,,,
2022/23,1031256,Callum McFarlane,Premier League,34,2023-04-30,Fulham,Man City,1:2,Not in squad,,,,,,,,,,
2022/23,1031256,Callum McFarlane,Premier League,28,2023-05-03,Liverpool,Fulham,1:0,Not in squad,,,,,,,,,,
2022/23,1031256,Callum McFarlane,Premier League,35,2023-05-08,Fulham,Leicester,5:3,Not in squad,,,,,,,,,,
2022/23,1031256,Callum McFarlane,Premier League,36,2023-05-13,Southampton,Fulham,0:2,Not in squad,,,,,,,,,,
2022/23,1031256,Callum McFarlane,Premier League,37,2023-05-20,Fulham,Crystal Palace,2:2,Not in squad,,,,,,,,,,
2022/23,1031256,Callum McFarlane,Premier League,38,2023-05-28,Man Utd,Fulham,2:1,Not in squad,,,,,,,,,,
2022/23,1031256,Callum McFarlane,FA Cup,Third Round,2023-01-07,Hull City,Fulham,0:2,on the bench,,,,,,,,,,
2022/23,1031256,Callum McFarlane,FA Cup,Fourth Round,2023-01-28,Fulham,Sunderland,1:1,Not in squad,,,,,,,,,,
2022/23,1031256,Callum McFarlane,FA Cup,4th round deciders,2023-02-08,Sunderland,Fulham,2:3,Not in squad,,,,,,,,,,
2022/23,1031256,Callum McFarlane,FA Cup,Fifth Round,2023-02-28,Fulham,Leeds,2:0,Not in squad,,,,,,,,,,
2022/23,1031256,Callum McFarlane,FA Cup,Quarter-Finals,2023-03-19,Man Utd,Fulham,3:1,Not in squad,,,,,,,,,,
2022/23,1031256,Callum McFarlane,EFL Cup,Second Round,2022-08-23,Crawley Town,Fulham,2:0,Not in squad,,,,,,,,,,
2022/23,1031256,Callum McFarlane,Premier League 2,1,2022-08-05,Fulham U21,West Ham U21,3:1,,1,,,,,,71,,19,
2022/23,1031256,Callum McFarlane,Premier League 2,2,2022-08-15,Chelsea U21,Fulham U21,0:3,,,,,,,,79,,11,
2022/23,1031256,Callum McFarlane,Premier League 2,3,2022-08-19,Fulham U21,Palace U21,2:2,CF,,,,,,,,70,70,
2022/23,1031256,Callum McFarlane,Premier League 2,4,2022-08-26,Man Utd U21,Fulham U21,2:2,,,,,,,,88,,2,
2022/23,1031256,Callum McFarlane,Premier League 2,5,2022-09-05,Wolves U21,Fulham U21,1:1,,,,,,,,85,,5,
2022/23,1031256,Callum McFarlane,Premier League 2,7,2022-09-17,Man City U21,Fulham U21,1:0,,,,,,,,71,,19,
2022/23,1031256,Callum McFarlane,Premier League 2,8,2022-09-30,Fulham U21,Everton U21,2:0,on the bench,,,,,,,,,,
2022/23,1031256,Callum McFarlane,Premier League 2,9,2022-10-10,Leicester U21,Fulham U21,0:7,,,,,,,,75,,15,
2022/23,1031256,Callum McFarlane,Premier League 2,11,2022-10-22,Tottenham U21,Fulham U21,1:1,,,,,93,,,58,,32,
2022/23,1031256,Callum McFarlane,Premier League 2,12,2022-10-28,Fulham U21,Blackburn U21,3:0,,1,,,,,,67,,23,
2022/23,1031256,Callum McFarlane,Premier League 2,13,2022-11-06,Liverpool U21,Fulham U21,3:1,Not in squad,,,,,,,,,,
2022/23,1031256,Callum McFarlane,Premier League 2,14,2023-01-06,Fulham U21,Man Utd U21,1:2,Not in squad,,,,,,,,,,
2022/23,1031256,Callum McFarlane,Premier League 2,15,2023-01-16,Palace U21,Fulham U21,1:2,CF,,1,,80,,,,84,84,
2022/23,1031256,Callum McFarlane,Premier League 2,16,2023-01-22,Fulham U21,Chelsea U21,2:4,,1,,,,,,46,,45,
2022/23,1031256,Callum McFarlane,Premier League 2,17,2023-01-27,Everton U21,Fulham U21,1:1,CF,,,,,,,,78,78,
2022/23,1031256,Callum McFarlane,Premier League 2,18,2023-02-10,West Ham U21,Fulham U21,1:0,,,,,,,,69,,21,
2022/23,1031256,Callum McFarlane,Premier League 2,19,2023-02-17,Fulham U21,Man City U21,2:2,CF,,1,,,,,,57,57,
2022/23,1031256,Callum McFarlane,Premier League 2,20,2023-02-26,Blackburn U21,Fulham U21,2:3,,,1,,,,,60,,30,
2022/23,1031256,Callum McFarlane,Premier League 2,21,2023-03-03,Fulham U21,Tottenham U21,4:3,on the bench,,,,,,,,,,
2022/23,1031256,Callum McFarlane,Premier League 2,22,2023-03-18,Brighton U21,Fulham U21,1:0,CF,,,,,,,,46,45,
2022/23,1031256,Callum McFarlane,Premier League 2,23,2023-03-31,Fulham U21,Leicester U21,2:2,,,,,,,,83,,7,
2022/23,1031256,Callum McFarlane,Premier League 2,6,2023-04-07,Fulham U21,Arsenal U21,2:1,,,,,,,,84,,6,
2022/23,1031256,Callum McFarlane,Premier League 2,24,2023-04-17,Fulham U21,Wolves U21,2:1,on the bench,,,,,,,,,,
2022/23,1031256,Callum McFarlane,Premier League 2,25,2023-04-21,Arsenal U21,Fulham U21,1:1,Centre Forward,,,,,,,,62,62,
2022/23,1031256,Callum McFarlane,Premier League 2,26,2023-04-30,Fulham U21,Liverpool U21,0:4,,,,,,,,78,,12,
2022/23,1031256,Callum McFarlane,Premier League 2,10,2023-05-05,Fulham U21,Brighton U21,3:2,CM,,,,,,,,46,45,
2022/23,1031256,Callum McFarlane,Premier League International Cup U21,Group A,2022-10-05,Fulham U21,Valencia B,0:0,Information not yet available,,,,,,,,,,
2022/23,1031256,Callum McFarlane,Premier League International Cup U21,Group A,2022-10-18,Fulham U21,Celtic B,4:2,Information not yet available,,,,,,,,,,
2022/23,1031256,Callum McFarlane,Premier League International Cup U21,Group A,2023-01-11,Fulham U21,FC Porto B,3:0,Information not yet available,,,,,,,,,,
2022/23,1031256,Callum McFarlane,Premier League International Cup U21,Group A,2023-02-01,Fulham U21,Wolfsburg U19,2:2,,,,,,,,,,90,
2022/23,1031256,Callum McFarlane,Premier League International Cup U21,Semi-Finals,2023-03-13,Fulham U21,PSV U21,1:2,Information not yet available,,,,,,,,,,
2022/23,1031256,Callum McFarlane,Premier League International Cup U21,Quarter-Finals,2023-03-15,Fulham U21,Sparta Prague B,4:2,CF,,,,,,,82,,8,
2022/23,1031256,Callum McFarlane,Premier League Cup,Group A,2022-09-14,Fulham U21,Hull U21,5:4,Information not yet available,,,,,,,,,,
2022/23,1031256,Callum McFarlane,Premier League Cup,Group A,2022-11-11,Nottingham U21,Fulham U21,0:2,Information not yet available,,,,,,,,,,
2022/23,1031256,Callum McFarlane,Premier League Cup,Group A,2022-11-28,Hull U21,Fulham U21,0:6,Information not yet available,,,,,,,,,,
2022/23,1031256,Callum McFarlane,Premier League Cup,Group A,2022-12-09,Fulham U21,Nottingham U21,3:0,Information not yet available,,,,,,,,,,
2022/23,1031256,Callum McFarlane,Premier League Cup,Group A,2022-12-16,Fulham U21,Charlton U21,4:2,Information not yet available,,,,,,,,,,
2022/23,1031256,Callum McFarlane,Premier League Cup,Group A,2022-12-21,Charlton U21,Fulham U21,1:2,Information not yet available,,,,,,,,,,
2022/23,1031256,Callum McFarlane,Premier League Cup,Round of 16,2023-02-20,Fulham U21,QPR U21,5:0,Information not yet available,,,,,,,,,,
2022/23,1031256,Callum McFarlane,Premier League Cup,Quarter-Finals,2023-03-11,Stoke U21,Fulham U21,1:6,Information not yet available,,,,,,,,,,
2022/23,1031256,Callum McFarlane,Premier League Cup,Semi-Finals,2023-04-27,Fulham U21,Brentford U21,1:2,Information not yet available,,,,,,,,,,
