﻿season,player_id,player_name,competition,journey,date,home_team,away_team,result,position,goals,assists,own_goals,yellow_cards,second_yellow_cards,red_cards,substitutions_on,substitutions_off,minutes_played,transfermarkt_score
2022/23,1031293,Ryan Oné,International Friendlies,18,2023-02-13,Scotland U17,Hungary U17,0:1,,,,,,,,,,80,
2022/23,1031293,Ryan Oné,International Friendlies,17,2023-02-15,Switzerland U17,Scotland U17,4:4,,,,,,,,46,,34,
2022/23,1031293,Ryan Oné,International Friendlies,17,2023-02-17,Scotland U17,Switzerland U17,7:0,on the bench,,,,,,,,,,
2022/23,1031293,Ryan Oné,Scottish FA Cup,Third Round,2022-11-26,Hamilton Acad.,East Kilbride,4:0,,1,,,,,,67,,23,
2022/23,1031293,Ryan Oné,Scottish FA Cup,Fourth Round,2023-01-21,Hamilton Acad.,Ross County,5:3 on pens,on the bench,,,,,,,,,,
2022/23,1031293,Ryan Oné,Scottish FA Cup,Round of 16,2023-02-10,Hamilton Acad.,Heart of Midl.,0:2,,,,,,,,61,,29,
2022/23,1031293,Ryan Oné,Scottish Challenge Cup,Third Round,2022-11-08,Rangers B,Hamilton Acad.,0:3,CF,,,,,,,,87,87,
2022/23,1031293,Ryan Oné,Scottish Challenge Cup,Round of 16,2022-12-10,Hamilton Acad.,Inverness CT,2:0,Centre Forward,,,,,,,,,90,
2022/23,1031293,Ryan Oné,Scottish Challenge Cup,Quarter-Finals,2023-01-10,Hamilton Acad.,Clyde FC,3:2,Centre Forward,,,,,,,,46,45,
2022/23,1031293,Ryan Oné,Scottish Challenge Cup,Semi-Finals,2023-02-07,Hamilton Acad.,Queen o. t. S.,2:1 AET,,1,,,,,,68,,52,
2022/23,1031293,Ryan Oné,Scottish Challenge Cup,Final,2023-03-26,Raith Rovers,Hamilton Acad.,0:1,Not in squad,,,,,,,,,,
2022/23,1031293,Ryan Oné,Viaplay Cup,Group H,2022-07-09,Dundee FC,Hamilton Acad.,3:0,,,,,,,,79,,11,
2022/23,1031293,Ryan Oné,Viaplay Cup,Group H,2022-07-12,Hamilton Acad.,Stranraer,5:2,,,,,,,,66,,24,
2022/23,1031293,Ryan Oné,Viaplay Cup,Group H,2022-07-16,Forfar Athletic,Hamilton Acad.,0:3,,,,,,,,73,,17,
2022/23,1031293,Ryan Oné,Viaplay Cup,Group H,2022-07-23,Hamilton Acad.,Queen's Park,6:4 on pens,,,,,,,,81,,9,
2022/23,1031293,Ryan Oné,Scottish Championship,1,2022-07-30,Hamilton Acad.,Morton,1:1,,,,,,,,90,,1,
2022/23,1031293,Ryan Oné,Scottish Championship,2,2022-08-06,Partick Thistle,Hamilton Acad.,1:1,on the bench,,,,,,,,,,
2022/23,1031293,Ryan Oné,Scottish Championship,3,2022-08-13,Ayr United,Hamilton Acad.,2:2,on the bench,,,,,,,,,,
2022/23,1031293,Ryan Oné,Scottish Championship,4,2022-08-20,Hamilton Acad.,Raith Rovers,0:2,on the bench,,,,,,,,,,
2022/23,1031293,Ryan Oné,Scottish Championship,5,2022-08-27,Hamilton Acad.,Arbroath,1:0,,,,,,,,46,,45,
2022/23,1031293,Ryan Oné,Scottish Championship,6,2022-09-03,Cove Rangers,Hamilton Acad.,2:2,,,,,,,,63,,27,
2022/23,1031293,Ryan Oné,Scottish Championship,8,2022-09-17,Hamilton Acad.,Queen's Park,0:2,,,,,,,,57,,33,
2022/23,1031293,Ryan Oné,Scottish Championship,9,2022-10-01,Hamilton Acad.,Dundee FC,0:2,CF,,,,,,,,,90,
2022/23,1031293,Ryan Oné,Scottish Championship,10,2022-10-08,Morton,Hamilton Acad.,5:0,LW,,,,,,,,57,57,
2022/23,1031293,Ryan Oné,Scottish Championship,11,2022-10-15,Hamilton Acad.,Partick Thistle,1:2,,,,,,,,87,,3,
2022/23,1031293,Ryan Oné,Scottish Championship,7,2022-10-18,Inverness CT,Hamilton Acad.,0:1,,,,,,,,78,,12,
2022/23,1031293,Ryan Oné,Scottish Championship,12,2022-10-22,Arbroath,Hamilton Acad.,1:0,,,,,,,,75,,15,
2022/23,1031293,Ryan Oné,Scottish Championship,13,2022-10-29,Hamilton Acad.,Cove Rangers,4:4,,,,,,,,80,,10,
2022/23,1031293,Ryan Oné,Scottish Championship,14,2022-11-05,Raith Rovers,Hamilton Acad.,3:1,,,,,,,,60,,30,
2022/23,1031293,Ryan Oné,Scottish Championship,15,2022-11-11,Hamilton Acad.,Ayr United,2:3,,,,,,,,87,,3,
2022/23,1031293,Ryan Oné,Scottish Championship,16,2022-11-19,Dundee FC,Hamilton Acad.,1:0,,,,,,,,69,,21,
2022/23,1031293,Ryan Oné,Scottish Championship,17,2022-12-03,Queen's Park,Hamilton Acad.,4:0,,,,,,,,76,,14,
2022/23,1031293,Ryan Oné,Scottish Championship,19,2022-12-23,Cove Rangers,Hamilton Acad.,2:0,,,,,,,,87,,3,
2022/23,1031293,Ryan Oné,Scottish Championship,20,2023-01-02,Hamilton Acad.,Raith Rovers,0:1,CF,,,,,,,29,,61,
2022/23,1031293,Ryan Oné,Scottish Championship,21,2023-01-07,Ayr United,Hamilton Acad.,1:0,Not in squad,,,,,,,,,,
2022/23,1031293,Ryan Oné,Scottish Championship,22,2023-01-14,Hamilton Acad.,Morton,1:0,on the bench,,,,,,,,,,
2022/23,1031293,Ryan Oné,Scottish Championship,23,2023-01-28,Partick Thistle,Hamilton Acad.,0:1,on the bench,,,,,,,,,,
2022/23,1031293,Ryan Oné,Scottish Championship,24,2023-02-04,Hamilton Acad.,Dundee FC,1:1,Not in squad,,,,,,,,,,
2022/23,1031293,Ryan Oné,Scottish Championship,25,2023-02-18,Inverness CT,Hamilton Acad.,0:3,Not in squad,,,,,,,,,,
2022/23,1031293,Ryan Oné,Scottish Championship,18,2023-02-21,Hamilton Acad.,Inverness CT,2:1,Not in squad,,,,,,,,,,
2022/23,1031293,Ryan Oné,Scottish Championship,26,2023-02-25,Hamilton Acad.,Queen's Park,1:4,Not in squad,,,,,,,,,,
2022/23,1031293,Ryan Oné,Scottish Championship,27,2023-03-03,Hamilton Acad.,Arbroath,0:0,,,,,,,,46,,45,
2022/23,1031293,Ryan Oné,Scottish Championship,29,2023-03-18,Hamilton Acad.,Ayr United,0:2,Not in squad,,,,,,,,,,
2022/23,1031293,Ryan Oné,Scottish Championship,31,2023-04-01,Dundee FC,Hamilton Acad.,7:0,Not in squad,,,,,,,,,,
2022/23,1031293,Ryan Oné,Scottish Championship,28,2023-04-04,Raith Rovers,Hamilton Acad.,1:2,Not in squad,,,,,,,,,,
2022/23,1031293,Ryan Oné,Scottish Championship,32,2023-04-08,Hamilton Acad.,Cove Rangers,1:1,Not in squad,,,,,,,,,,
2022/23,1031293,Ryan Oné,Scottish Championship,30,2023-04-11,Morton,Hamilton Acad.,2:0,Not in squad,,,,,,,,,,
2022/23,1031293,Ryan Oné,Scottish Championship,33,2023-04-14,Queen's Park,Hamilton Acad.,1:0,Not in squad,,,,,,,,,,
2022/23,1031293,Ryan Oné,Scottish Championship,35,2023-04-18,Hamilton Acad.,Inverness CT,1:2,Not in squad,,,,,,,,,,
2022/23,1031293,Ryan Oné,Scottish Championship,34,2023-04-22,Hamilton Acad.,Partick Thistle,2:2,Not in squad,,,,,,,,,,
2022/23,1031293,Ryan Oné,Scottish Championship,36,2023-05-05,Arbroath,Hamilton Acad.,0:0,Not in squad,,,,,,,,,,
2022/23,1031293,Ryan Oné,2023 UEFA Under-17 Euro,Group C,2023-05-17,Scotland U17,France U17,1:3,CF,,1,,,,,,71,71,
2022/23,1031293,Ryan Oné,2023 UEFA Under-17 Euro,Group C,2023-05-20,Portugal U17,Scotland U17,2:1,LW,,,,,,,,81,81,
2022/23,1031293,Ryan Oné,2023 UEFA Under-17 Euro,Group C,2023-05-23,Germany U17,Scotland U17,3:0,,,,,,,,46,,45,
2022/23,1031293,Ryan Oné,Scottish Championship Play-offs,Semi-Finals 1st Leg,2023-05-09,Alloa Athletic,Hamilton Acad.,1:0,,,,,,,,86,,4,
2022/23,1031293,Ryan Oné,Scottish Championship Play-offs,Semi-Finals 2nd Leg,2023-05-13,Hamilton Acad.,Alloa Athletic,5:2,on the bench,,,,,,,,,,
2022/23,1031293,Ryan Oné,Scottish Championship Play-offs,final 1st leg,2023-05-17,Airdrieonians,Hamilton Acad.,1:0,Not in squad,,,,,,,,,,
2022/23,1031293,Ryan Oné,Scottish Championship Play-offs,final 2nd leg,2023-05-20,Hamilton Acad.,Airdrieonians,7:7 on pens,Not in squad,,,,,,,,,,
2022/23,1031293,Ryan Oné,UEFA European Under-17 Championship qualification,Group 4,2022-10-19,Scotland U17,Malta U17,6:0,Not in squad,,,,,,,,,,
2022/23,1031293,Ryan Oné,UEFA European Under-17 Championship qualification,Group 4,2022-10-22,Scotland U17,N. Ireland U17,3:0,Not in squad,,,,,,,,,,
2022/23,1031293,Ryan Oné,UEFA European Under-17 Championship qualification,Group 4,2022-10-25,Czechia U17,Scotland U17,5:1,Not in squad,,,,,,,,,,
2022/23,1031293,Ryan Oné,UEFA European Under-17 Championship qualification,group B2,2023-03-22,Scotland U17,Wales U17,2:4,,,,,90,,,57,,33,
2022/23,1031293,Ryan Oné,UEFA European Under-17 Championship qualification,group B2,2023-03-25,Montenegro U17,Scotland U17,1:2,on the bench,,,,,,,,,,
2022/23,1031293,Ryan Oné,UEFA European Under-17 Championship qualification,group B2,2023-03-28,Iceland U17,Scotland U17,0:0,,,,,,,,65,,25,
