﻿season,player_id,player_name,competition,journey,date,home_team,away_team,result,position,goals,assists,own_goals,yellow_cards,second_yellow_cards,red_cards,substitutions_on,substitutions_off,minutes_played,transfermarkt_score
2012/13,108354,Jordan Ayew,UEFA Europa League,Group C,2012-09-20,Fenerbahçe,Marseille,2:2,,,,,85,,,71,,19,
2012/13,108354,Jordan Ayew,UEFA Europa League,Group C,2012-10-04,Marseille,AEL Limassol,5:1,LW,,2,,,,,,,90,
2012/13,108354,Jordan Ayew,UEFA Europa League,Group C,2012-10-25,Mönchengladbach,Marseille,2:0,LW,,,,,,,,,90,
2012/13,108354,Jordan Ayew,UEFA Europa League,Group C,2012-11-08,Marseille,Mönchengladbach,2:2,CF,1,,,,,,,87,87,
2012/13,108354,Jordan Ayew,UEFA Europa League,Group C,2012-11-22,Marseille,Fenerbahçe,0:1,CF,,,,74,,,,,90,
2012/13,108354,Jordan Ayew,UEFA Europa League,Group C,2012-12-06,AEL Limassol,Marseille,3:0,Not in squad,,,,,,,,,,
2012/13,108354,Jordan Ayew,UEFA Europa League Qualifying,3rd round 1st leg,2012-08-02,Eskisehirspor,Marseille,1:1,,,,,,,,72,,18,
2012/13,108354,Jordan Ayew,UEFA Europa League Qualifying,3rd round 2nd leg,2012-08-09,Marseille,Eskisehirspor,3:0,,,,,,,,73,,17,
2012/13,108354,Jordan Ayew,UEFA Europa League Qualifying,Qualifying Round 1st leg,2012-08-23,FC Sheriff,Marseille,1:2,LW,2,,,48,,,,88,88,
2012/13,108354,Jordan Ayew,UEFA Europa League Qualifying,Qualifying Round 2nd leg,2012-08-30,Marseille,FC Sheriff,0:0,Centre Forward,,,,62,,,,,90,
2012/13,108354,Jordan Ayew,Ligue 1,1,2012-08-12,Stade Reims,Marseille,0:1,Centre Forward,,,,94,,,,,90,
2012/13,108354,Jordan Ayew,Ligue 1,2,2012-08-19,Marseille,FC Sochaux,2:0,,,,,,,,84,,6,
2012/13,108354,Jordan Ayew,Ligue 1,3,2012-08-26,Montpellier,Marseille,0:1,,,,,,,,76,,14,
2012/13,108354,Jordan Ayew,Ligue 1,4,2012-09-02,Marseille,Stade Rennais,3:1,Centre Forward,,1,,,,,90,,1,
2012/13,108354,Jordan Ayew,Ligue 1,5,2012-09-16,AS Nancy,Marseille,0:1,Centre Forward,1,,,,,,,,90,
2012/13,108354,Jordan Ayew,Ligue 1,6,2012-09-23,Marseille,Évian,1:0,,,,,,,,60,,30,
2012/13,108354,Jordan Ayew,Ligue 1,7,2012-09-30,Valenciennes FC,Marseille,4:1,,1,,,75,,,64,,26,
2012/13,108354,Jordan Ayew,Ligue 1,8,2012-10-07,Marseille,PSG,2:2,,,,,,,,74,,16,
2012/13,108354,Jordan Ayew,Ligue 1,9,2012-10-21,Troyes,Marseille,1:0,Centre Forward,,,,,,,66,,24,
2012/13,108354,Jordan Ayew,Ligue 1,11,2012-11-04,AC Ajaccio,Marseille,0:2,CF,1,,,,,,66,,24,
2012/13,108354,Jordan Ayew,Ligue 1,12,2012-11-11,Marseille,Nice,2:2,CF,,,,,,,,,90,
2012/13,108354,Jordan Ayew,Ligue 1,13,2012-11-18,G. Bordeaux,Marseille,1:0,Not in squad,,,,,,,,,,
2012/13,108354,Jordan Ayew,Ligue 1,14,2012-11-25,Marseille,Lille,1:0,CF,1,,,,,,,82,82,
2012/13,108354,Jordan Ayew,Ligue 1,10,2012-11-28,Marseille,Lyon,1:4,CF,,,,,,,,,90,
2012/13,108354,Jordan Ayew,Ligue 1,15,2012-12-02,Stade Brestois,Marseille,1:2,CF,,,,73,,,,,90,
2012/13,108354,Jordan Ayew,Ligue 1,16,2012-12-09,Marseille,FC Lorient,0:3,LW,,,,,,,,,90,
2012/13,108354,Jordan Ayew,Ligue 1,17,2012-12-12,SC Bastia,Marseille,1:2,CF,,1,,,,,,,90,
2012/13,108354,Jordan Ayew,Ligue 1,18,2012-12-15,Toulouse,Marseille,0:1,CF,,,,,,,,71,71,
2012/13,108354,Jordan Ayew,Ligue 1,19,2012-12-23,Marseille,Saint-Étienne,1:0,CF,,,,,,,,,90,
2012/13,108354,Jordan Ayew,Ligue 1,20,2013-01-13,FC Sochaux,Marseille,3:1,Centre Forward,1,,,,,,,,90,
2012/13,108354,Jordan Ayew,Ligue 1,21,2013-01-19,Marseille,Montpellier,3:2,Centre Forward,1,,,,,,,,90,
2012/13,108354,Jordan Ayew,Ligue 1,22,2013-01-26,Stade Rennais,Marseille,2:2,Centre Forward,1,,,,,,,,90,
2012/13,108354,Jordan Ayew,Ligue 1,23,2013-02-03,Marseille,AS Nancy,0:1,Centre Forward,,,,,,,,,90,
2012/13,108354,Jordan Ayew,Ligue 1,24,2013-02-10,Évian,Marseille,1:1,,,,,74,75,,73,,2,
2012/13,108354,Jordan Ayew,Ligue 1,25,2013-02-16,Marseille,Valenciennes FC,1:0,Not in squad,,,,,,,,,,
2012/13,108354,Jordan Ayew,Ligue 1,26,2013-02-24,PSG,Marseille,2:0,Not in squad,,,,,,,,,,
2012/13,108354,Jordan Ayew,Ligue 1,27,2013-03-03,Marseille,Troyes,2:1,Centre Forward,,,,,,,,87,87,
2012/13,108354,Jordan Ayew,Ligue 1,28,2013-03-10,Lyon,Marseille,0:0,,,,,,,,74,,16,
2012/13,108354,Jordan Ayew,Ligue 1,29,2013-03-15,Marseille,AC Ajaccio,0:0,CF,,,,,,,71,,19,
2012/13,108354,Jordan Ayew,Ligue 1,30,2013-03-31,Nice,Marseille,0:1,,,,,,,,65,,25,
2012/13,108354,Jordan Ayew,Ligue 1,31,2013-04-05,Marseille,G. Bordeaux,1:0,Centre Forward,,,,,,,,72,72,
2012/13,108354,Jordan Ayew,Ligue 1,32,2013-04-14,Lille,Marseille,0:0,,,,,,,,50,,40,
2012/13,108354,Jordan Ayew,Ligue 1,33,2013-04-20,Marseille,Stade Brestois,1:0,Centre Forward,,,,86,,,,,90,
2012/13,108354,Jordan Ayew,Ligue 1,34,2013-04-27,FC Lorient,Marseille,0:1,Centre Forward,,,,92,,,,,90,
2012/13,108354,Jordan Ayew,Ligue 1,35,2013-05-04,Marseille,SC Bastia,2:1,LW,,,,,,,,,90,
2012/13,108354,Jordan Ayew,Ligue 1,36,2013-05-11,Marseille,Toulouse,2:1,,,,,,,,82,,8,
2012/13,108354,Jordan Ayew,Ligue 1,37,2013-05-18,Saint-Étienne,Marseille,2:0,,,,,,,,63,,27,
2012/13,108354,Jordan Ayew,Ligue 1,38,2013-05-26,Marseille,Stade Reims,0:0,,,,,,,,58,,32,
2012/13,108354,Jordan Ayew,Coupe de France,Sixth Round,2013-01-06,Marseille,Guingamp,2:1 AET,Not in squad,,,,,,,,,,
2012/13,108354,Jordan Ayew,Coupe de France,Seventh Round,2013-01-30,FC Rouen 1899,Marseille,1:2,CF,,,,,,,,,90,
2012/13,108354,Jordan Ayew,Coupe de France,Round of 16,2013-02-27,PSG,Marseille,2:0,,,,,,,,69,,21,
2012/13,108354,Jordan Ayew,Coupe de la Ligue,Round of 16,2012-10-31,PSG,Marseille,2:0,LW,,,,82,,,65,,25,
