﻿season,player_id,player_name,competition,journey,date,home_team,away_team,result,position,goals,assists,own_goals,yellow_cards,second_yellow_cards,red_cards,substitutions_on,substitutions_off,minutes_played,transfermarkt_score
2025/26,1008553,Julian Eyestone,International Friendlies,45,2025-09-05,USA U20,Morocco U20,4:1,Not in squad,,,,,,,,,,
2025/26,1008553,Julian Eyestone,International Friendlies,46,2025-09-07,Morocco U20,USA U20,0:0,Not in squad,,,,,,,,,,
2025/26,1008553,Julian Eyestone,International Friendlies,47,2025-11-15,Costa Rica U20,USA U20,1:2,on the bench,,,,,,,,,,
2025/26,1008553,Julian Eyestone,International Friendlies,48,2025-11-18,Costa Rica U20,USA U20,0:4,Information not yet available,,,,,,,,,,
2025/26,1008553,Julian Eyestone,Premier League Cup,Group E,2025-09-30,Exeter City U21,Brentford U21,1:0,GK,,,,,,,,,90,
2025/26,1008553,Julian Eyestone,Premier League Cup,Group E,2025-10-21,Luton U21,Brentford U21,1:6,Not in squad,,,,,,,,,,
2025/26,1008553,Julian Eyestone,Premier League Cup,Group E,2025-11-24,Brentford U21,Exeter City U21,3:0,Not in squad,,,,,,,,,,
2025/26,1008553,Julian Eyestone,Premier League Cup,Group E,2025-11-28,West Brom U21,Brentford U21,1:0,GK,,,,,,,,,90,
