﻿season,player_id,player_name,competition,journey,date,home_team,away_team,result,position,goals,assists,own_goals,yellow_cards,second_yellow_cards,red_cards,substitutions_on,substitutions_off,minutes_played,transfermarkt_score
2025/26,1080903,Spike Brits,UEFA Youth League,Group Stage,2025-09-18,Man City YL,SSC Napoli YL,2:0,GK,,,,,,,,,90,
2025/26,1080903,Spike Brits,UEFA Youth League,Group Stage,2025-10-01,AS Monaco YL,Man City YL,3:5,GK,,,,,,,,,90,
2025/26,1080903,Spike Brits,UEFA Youth League,Group Stage,2025-10-21,Villarreal YL,Man City YL,2:1,GK,,,,,,,,,90,
2025/26,1080903,Spike Brits,UEFA Youth League,Group Stage,2025-11-05,Man City YL,Dortmund YL,0:3,GK,,,,,,,,,90,
2025/26,1080903,Spike Brits,UEFA Youth League,Group Stage,2025-11-25,Man City YL,Leverkusen YL,6:0,GK,,,,,,,,,90,
2025/26,1080903,Spike Brits,EFL Trophy,group A5,2025-08-26,Oldham Athletic,Man City U21,1:5,GK,,,,,,,,,90,
2025/26,1080903,Spike Brits,EFL Trophy,group A5,2025-09-23,Bolton,Man City U21,3:0,on the bench,,,,,,,,,,
2025/26,1080903,Spike Brits,EFL Trophy,group A5,2025-10-28,Rotherham,Man City U21,4:2,GK,,,,,,,,,90,
2025/26,1080903,Spike Brits,Premier League 2,1,2025-08-18,Chelsea U21,Man City U21,3:1,on the bench,,,,,,,,,,
2025/26,1080903,Spike Brits,Premier League 2,2,2025-08-22,Man City U21,West Ham U21,3:1,on the bench,,,,,,,,,,
2025/26,1080903,Spike Brits,Premier League 2,3,2025-08-31,Man Utd U21,Man City U21,2:1,on the bench,,,,,,,,,,
2025/26,1080903,Spike Brits,Premier League 2,5,2025-09-26,Man City U21,Southampton U21,3:3,GK,,,,,,,,,90,
2025/26,1080903,Spike Brits,Premier League 2,6,2025-10-05,Man City U21,Reading U21,3:0,on the bench,,,,,,,,,,
2025/26,1080903,Spike Brits,Premier League 2,7,2025-10-25,Blackburn U21,Man City U21,2:0,on the bench,,,,,,,,,,
2025/26,1080903,Spike Brits,Premier League 2,8,2025-10-31,Man City U21,Leicester U21,4:0,on the bench,,,,,,,,,,
2025/26,1080903,Spike Brits,Premier League 2,9,2025-11-09,Brighton U21,Man City U21,2:0,on the bench,,,,,,,,,,
2025/26,1080903,Spike Brits,Premier League International Cup U21,Group A,2025-11-28,Man City U21,PSV U21,2:2,on the bench,,,,,,,,,,
