﻿season,player_id,player_name,competition,journey,date,home_team,away_team,result,position,goals,assists,own_goals,yellow_cards,second_yellow_cards,red_cards,substitutions_on,substitutions_off,minutes_played,transfermarkt_score
2025/26,1060087,Charalampos Kostoulas,World Cup qualification Europe,Group C,2025-09-05,Greece,Belarus,5:1,Not in squad,,,,,,,,,,
2025/26,1060087,Charalampos Kostoulas,World Cup qualification Europe,Group C,2025-09-08,Greece,Denmark,0:3,Not in squad,,,,,,,,,,
2025/26,1060087,Charalampos Kostoulas,World Cup qualification Europe,Group C,2025-10-09,Scotland,Greece,3:1,Not in squad,,,,,,,,,,
2025/26,1060087,Charalampos Kostoulas,World Cup qualification Europe,Group C,2025-10-12,Denmark,Greece,3:1,Not in squad,,,,,,,,,,
2025/26,1060087,Charalampos Kostoulas,World Cup qualification Europe,Group C,2025-11-15,Greece,Scotland,3:2,,,,,,,,90,,1,
2025/26,1060087,Charalampos Kostoulas,World Cup qualification Europe,Group C,2025-11-18,Belarus,Greece,0:0,CF,,,,,,,64,,26,
2024/25,1060087,Charalampos Kostoulas,UEFA Europa League,Group Stage,2024-09-26,Lyon,Olympiacos,2:0,,,,,,,,60,,30,
2024/25,1060087,Charalampos Kostoulas,UEFA Europa League,Group Stage,2024-10-03,Olympiacos,Braga,3:0,on the bench,,,,,,,,,,
2024/25,1060087,Charalampos Kostoulas,UEFA Europa League,Group Stage,2024-10-24,Malmö,Olympiacos,0:1,,,,,,,,79,,11,
2024/25,1060087,Charalampos Kostoulas,UEFA Europa League,Group Stage,2024-11-07,Olympiacos,Rangers,1:1,,,,,88,,,86,,4,
2024/25,1060087,Charalampos Kostoulas,UEFA Europa League,Group Stage,2024-11-28,FCSB,Olympiacos,0:0,AM,,,,,,,,77,77,
2024/25,1060087,Charalampos Kostoulas,UEFA Europa League,Group Stage,2024-12-12,Olympiacos,Twente FC,0:0,AM,,,,,,,,82,82,
2024/25,1060087,Charalampos Kostoulas,UEFA Europa League,Group Stage,2025-01-23,Porto,Olympiacos,0:1,AM,,,,,,,,,90,
2024/25,1060087,Charalampos Kostoulas,UEFA Europa League,Group Stage,2025-01-30,Olympiacos,Qarabağ,3:0,AM,,1,,,,,,,90,
2024/25,1060087,Charalampos Kostoulas,UEFA Europa League,last 16 1st leg,2025-03-06,Bodø/Glimt,Olympiacos,3:0,,,,,,,,59,,31,
2024/25,1060087,Charalampos Kostoulas,UEFA Europa League,last 16 2nd leg,2025-03-13,Olympiacos,Bodø/Glimt,2:1,Muscle injury,,,,,,,,,,
2024/25,1060087,Charalampos Kostoulas,International Friendlies,1,2024-10-11,Slovakia U21,Greece U21,2:1,,1,,,,,,46,,45,
2024/25,1060087,Charalampos Kostoulas,International Friendlies,6,2024-11-19,Greece U21,Hungary U21,1:1,Rest,,,,,,,,,,
2024/25,1060087,Charalampos Kostoulas,International Friendlies,10,2025-03-21,Greece U21,Albania U21,0:0,Muscle injury,,,,,,,,,,
2024/25,1060087,Charalampos Kostoulas,International Friendlies,52,2025-03-25,Bulgaria U21,Greece U21,1:1,Muscle injury,,,,,,,,,,
2024/25,1060087,Charalampos Kostoulas,International Friendlies,7,2025-06-04,Serbia U21,Greece U21,2:3,Not in squad,,,,,,,,,,
2024/25,1060087,Charalampos Kostoulas,Kypello Super League U19,Qualifying Round,2025-01-11,Olympiacos U19,Atromitos U19,5:3 on pens,Not in squad,,,,,,,,,,
2024/25,1060087,Charalampos Kostoulas,Kypello Super League U19,Quarter-Finals,2025-03-15,Olympiacos U19,Aris U19,3:0,Muscle injury,,,,,,,,,,
2024/25,1060087,Charalampos Kostoulas,Kypello Super League U19,Semi-Finals,2025-04-12,Olympiacos U19,Volos NPS U19,4:1,Muscle injury,,,,,,,,,,
2024/25,1060087,Charalampos Kostoulas,Kypello Super League U19,Final,2025-05-24,Olympiacos U19,PAOK U19,0:1 AET,Not in squad,,,,,,,,,,
2024/25,1060087,Charalampos Kostoulas,Super League 1,1,2024-08-17,Volos NPS,Olympiacos,0:2,CF,,,,,,,,46,45,
2024/25,1060087,Charalampos Kostoulas,Super League 1,2,2024-08-26,Olympiacos,Kallithea,2:1,Not in squad,,,,,,,,,,
2024/25,1060087,Charalampos Kostoulas,Super League 1,3,2024-08-31,PAS Lamia,Olympiacos,0:3,on the bench,,,,,,,,,,
2024/25,1060087,Charalampos Kostoulas,Super League 1,4,2024-09-15,Olympiacos,Panetolikos,0:0,Not in squad,,,,,,,,,,
2024/25,1060087,Charalampos Kostoulas,Super League 1,5,2024-09-21,Aris Saloniki,Olympiacos,2:1,Not in squad,,,,,,,,,,
2024/25,1060087,Charalampos Kostoulas,Super League 1,6,2024-09-29,Olympiacos,Atromitos,2:0,CF,,,,56,,,,69,69,
2024/25,1060087,Charalampos Kostoulas,Super League 1,7,2024-10-06,Panathinaikos,Olympiacos,0:0,,,,,,,,46,,45,
2024/25,1060087,Charalampos Kostoulas,Super League 1,8,2024-10-20,Olympiacos,APO Levadiakos,2:2,,,,,,,,62,,28,
2024/25,1060087,Charalampos Kostoulas,Super League 1,9,2024-10-27,Asteras Aktor,Olympiacos,1:0,AM,,,,,,,,70,70,
2024/25,1060087,Charalampos Kostoulas,Super League 1,10,2024-11-02,Olympiacos,Panserraikos,2:1,,,,,,,,67,,23,
2024/25,1060087,Charalampos Kostoulas,Super League 1,11,2024-11-10,PAOK,Olympiacos,2:3,Centre Forward,1,,,,,,,65,65,
2024/25,1060087,Charalampos Kostoulas,Super League 1,12,2024-11-24,Olympiacos,AEK Athens,4:1,AM,,1,,45,,,,,90,
2024/25,1060087,Charalampos Kostoulas,Super League 1,13,2024-12-01,OFI Crete FC,Olympiacos,0:2,AM,,,,,,,,85,85,
2024/25,1060087,Charalampos Kostoulas,Super League 1,14,2024-12-07,Olympiacos,Volos NPS,3:0,AM,1,,,,,,,63,63,
2024/25,1060087,Charalampos Kostoulas,Super League 1,15,2024-12-16,Kallithea,Olympiacos,1:1,,1,,,,,,63,,27,
2024/25,1060087,Charalampos Kostoulas,Super League 1,16,2024-12-21,Olympiacos,PAS Lamia,1:0,AM,,,,,,,,82,82,
2024/25,1060087,Charalampos Kostoulas,Super League 1,17,2025-01-06,Panetolikos,Olympiacos,0:2,,,,,,,,71,,19,
2024/25,1060087,Charalampos Kostoulas,Super League 1,18,2025-01-11,Olympiacos,Aris Saloniki,2:1,,2,,,,,,46,,45,
2024/25,1060087,Charalampos Kostoulas,Super League 1,19,2025-01-19,Atromitos,Olympiacos,1:2,AM,,,,,,,,,90,
2024/25,1060087,Charalampos Kostoulas,Super League 1,20,2025-01-26,Olympiacos,Panathinaikos,1:1,,,,,,,,76,,14,
2024/25,1060087,Charalampos Kostoulas,Super League 1,21,2025-02-02,APO Levadiakos,Olympiacos,0:1,AM,,,,,,,,,90,
2024/25,1060087,Charalampos Kostoulas,Super League 1,22,2025-02-09,Olympiacos,Asteras Aktor,1:1,AM,,,,,,,,75,75,
2024/25,1060087,Charalampos Kostoulas,Super League 1,23,2025-02-16,Panserraikos,Olympiacos,0:4,,,,,,,,79,,11,
2024/25,1060087,Charalampos Kostoulas,Super League 1,24,2025-02-23,Olympiacos,PAOK,2:1,AM,1,,,,,,,75,75,
2024/25,1060087,Charalampos Kostoulas,Super League 1,25,2025-03-02,AEK Athens,Olympiacos,0:1,CF,,,,,,,,66,66,
2024/25,1060087,Charalampos Kostoulas,Super League 1,26,2025-03-09,Olympiacos,OFI Crete FC,1:0,Muscle injury,,,,,,,,,,
2024/25,1060087,Charalampos Kostoulas,Super League U19,3,2024-09-01,PAS Lamia U19,Olympiacos U19,1:4,Not in squad,,,,,,,,,,
2024/25,1060087,Charalampos Kostoulas,Super League U19,4,2024-09-15,Olympiacos U19,Panetolikos U19,6:0,CF,2,,,39,,,,73,73,
2024/25,1060087,Charalampos Kostoulas,Super League U19,5,2024-09-21,Aris U19,Olympiacos U19,0:4,CF,3,,,,,,,80,80,
2024/25,1060087,Charalampos Kostoulas,Super League U19,6,2024-09-29,Olympiacos U19,Atromitos U19,2:0,Not in squad,,,,,,,,,,
2024/25,1060087,Charalampos Kostoulas,Super League U19,7,2024-10-06,PAO U19,Olympiacos U19,1:2,Not in squad,,,,,,,,,,
2024/25,1060087,Charalampos Kostoulas,Super League U19,8,2024-10-19,Olympiacos U19,Levadiakos U19,5:0,Not in squad,,,,,,,,,,
2024/25,1060087,Charalampos Kostoulas,Super League U19,9,2024-10-27,Ast.Aktor U19,Olympiacos U19,0:1,Not in squad,,,,,,,,,,
2024/25,1060087,Charalampos Kostoulas,Super League U19,10,2024-11-02,Olympiacos U19,Panserraik. U19,2:1,Not in squad,,,,,,,,,,
2024/25,1060087,Charalampos Kostoulas,Super League U19,12,2024-11-23,Olympiacos U19,AEK Athens U19,2:0,Not in squad,,,,,,,,,,
2024/25,1060087,Charalampos Kostoulas,Super League U19,13,2024-12-01,OFI Crete U19,Olympiacos U19,0:2,Not in squad,,,,,,,,,,
2024/25,1060087,Charalampos Kostoulas,Super League U19,1,2024-12-07,Volos NPS U19,Olympiacos U19,0:4,Not in squad,,,,,,,,,,
2024/25,1060087,Charalampos Kostoulas,Super League U19,2,2024-12-15,Olympiacos U19,Kallithea U19,8:0,Not in squad,,,,,,,,,,
2024/25,1060087,Charalampos Kostoulas,Super League U19,11,2024-12-21,PAOK U19,Olympiacos U19,1:0,Not in squad,,,,,,,,,,
2024/25,1060087,Charalampos Kostoulas,Super League U19,19,2025-01-18,Atromitos U19,Olympiacos U19,0:1,Not in squad,,,,,,,,,,
2024/25,1060087,Charalampos Kostoulas,Super League U19,20,2025-01-26,Olympiacos U19,PAO U19,2:1,Not in squad,,,,,,,,,,
2024/25,1060087,Charalampos Kostoulas,Super League U19,21,2025-02-01,Levadiakos U19,Olympiacos U19,0:3,Not in squad,,,,,,,,,,
2024/25,1060087,Charalampos Kostoulas,Super League U19,22,2025-02-08,Olympiacos U19,Ast.Aktor U19,3:1,Not in squad,,,,,,,,,,
2024/25,1060087,Charalampos Kostoulas,Super League U19,23,2025-02-16,Panserraik. U19,Olympiacos U19,0:0,Not in squad,,,,,,,,,,
2024/25,1060087,Charalampos Kostoulas,Super League U19,24,2025-02-23,Olympiacos U19,PAOK U19,1:1,Not in squad,,,,,,,,,,
2024/25,1060087,Charalampos Kostoulas,Super League U19,26,2025-03-09,Olympiacos U19,OFI Crete U19,2:0,Muscle injury,,,,,,,,,,
2024/25,1060087,Charalampos Kostoulas,Super League U19,14,2025-03-27,Olympiacos U19,Volos NPS U19,5:1,Not in squad,,,,,,,,,,
2024/25,1060087,Charalampos Kostoulas,Super League U19,15,2025-04-06,Kallithea U19,Olympiacos U19,1:4,Muscle injury,,,,,,,,,,
2024/25,1060087,Charalampos Kostoulas,Super League U19,16,2025-04-17,Olympiacos U19,PAS Lamia U19,7:0,Muscle injury,,,,,,,,,,
2024/25,1060087,Charalampos Kostoulas,Super League U19,25,2025-04-26,AEK Athens U19,Olympiacos U19,2:4,Muscle injury,,,,,,,,,,
2024/25,1060087,Charalampos Kostoulas,Super League U19,17,2025-05-04,Panetolikos U19,Olympiacos U19,1:2,Muscle injury,,,,,,,,,,
2024/25,1060087,Charalampos Kostoulas,Super League U19,18,2025-05-10,Olympiacos U19,Aris U19,2:0,Muscle injury,,,,,,,,,,
2024/25,1060087,Charalampos Kostoulas,Kypello Elladas,last 16 1st leg,2024-10-30,Kallithea,Olympiacos,0:1,CF,,,,,,,,63,63,
2024/25,1060087,Charalampos Kostoulas,Kypello Elladas,last 16 2nd leg,2024-12-04,Olympiacos,Kallithea,1:1,,,,,,,,70,,20,
2024/25,1060087,Charalampos Kostoulas,Kypello Elladas,Quarter-Finals 1st leg,2025-01-15,Panathinaikos,Olympiacos,1:1,CF,,,,,,,,87,87,
2024/25,1060087,Charalampos Kostoulas,Kypello Elladas,Quarter-Finals 2nd leg,2025-02-05,Olympiacos,Panathinaikos,1:0,,,,,,,,54,,36,
2024/25,1060087,Charalampos Kostoulas,Kypello Elladas,Semi-Finals 1st Leg,2025-02-26,Olympiacos,AEK Athens,6:0,Rest,,,,,,,,,,
2024/25,1060087,Charalampos Kostoulas,Kypello Elladas,Semi-Finals 2nd Leg,2025-04-02,AEK Athens,Olympiacos,2:0,CF,,,,,,,,68,68,
2024/25,1060087,Charalampos Kostoulas,Kypello Elladas,Final,2025-05-17,OFI Crete FC,Olympiacos,0:2,Muscle injury,,,,,,,,,,
2024/25,1060087,Charalampos Kostoulas,Stoiximan Super League Play-off,1,2025-03-30,Olympiacos,Panathinaikos,4:2,,1,,,,,,65,,25,
2024/25,1060087,Charalampos Kostoulas,Stoiximan Super League Play-off,2,2025-04-06,PAOK,Olympiacos,2:1,Muscle injury,,,,,,,,,,
2024/25,1060087,Charalampos Kostoulas,Stoiximan Super League Play-off,3,2025-04-13,Olympiacos,AEK Athens,1:0,Muscle injury,,,,,,,,,,
2024/25,1060087,Charalampos Kostoulas,Stoiximan Super League Play-off,4,2025-04-27,AEK Athens,Olympiacos,0:2,Muscle injury,,,,,,,,,,
2024/25,1060087,Charalampos Kostoulas,Stoiximan Super League Play-off,5,2025-05-04,Olympiacos,PAOK,4:2,Muscle injury,,,,,,,,,,
2024/25,1060087,Charalampos Kostoulas,Stoiximan Super League Play-off,6,2025-05-11,Panathinaikos,Olympiacos,0:1,Muscle injury,,,,,,,,,,
