﻿season,player_id,player_name,competition,journey,date,home_team,away_team,result,position,goals,assists,own_goals,yellow_cards,second_yellow_cards,red_cards,substitutions_on,substitutions_off,minutes_played,transfermarkt_score
2011/12,110864,Sam Johnstone,International Friendlies,1,2011-09-01,Netherlands U19,England U19,0:0,GK,,,,,,,,,90,
2011/12,110864,Sam Johnstone,International Friendlies,1,2012-02-28,England U19,Czechia U19,2:1,GK,,,,,,,,46,45,
2011/12,110864,Sam Johnstone,Premier Reserve League,1,2011-08-15,Arsenal Res.,Man Utd Res.,2:1,on the bench,,,,,,,,,,
2011/12,110864,Sam Johnstone,Premier Reserve League,2,2011-08-25,Man Utd Res.,Swansea U21,6:0,on the bench,,,,,,,,,,
2011/12,110864,Sam Johnstone,Premier Reserve League,15,2012-01-26,Man Utd Res.,Newcastle Res.,6:0,GK,,,,,,,,,90,
2011/12,110864,Sam Johnstone,Premier Reserve League,16,2012-02-13,Man Utd Res.,Bolton U21,2:1,GK,,,,,,,,,90,
2011/12,110864,Sam Johnstone,Premier Reserve League,17,2012-02-21,Wigan U21,Man Utd Res.,0:0,GK,,,,,,,,,90,
2011/12,110864,Sam Johnstone,Premier Reserve League,3,2012-03-06,West Brom Res.,Man Utd Res.,1:0,on the bench,,,,,,,,,,
2011/12,110864,Sam Johnstone,Premier Reserve League,19,2012-03-12,Blackburn Res.,Man Utd Res.,0:1,GK,,,,,,,,,90,
2011/12,110864,Sam Johnstone,Premier Reserve League,20,2012-03-22,Man Utd Res.,Aston Villa Res.,3:1,GK,,,,,,,,,90,
2011/12,110864,Sam Johnstone,Premier Reserve League,14,2012-03-27,Everton Res.,Man Utd Res.,1:4,on the bench,,,,,,,,,,
2011/12,110864,Sam Johnstone,Premier Reserve League,9,2012-04-16,Newcastle Res.,Man Utd Res.,3:6,GK,,,,,,,,,90,
2011/12,110864,Sam Johnstone,Premier Reserve League,6,2012-04-19,Liverpool Res.,Man Utd Res.,2:2,GK,,,,,,,,,90,
2011/12,110864,Sam Johnstone,Premier Reserve League,21,2012-04-23,Chelsea Res.,Man Utd Res.,1:4,GK,,,,,,,,,90,
2011/12,110864,Sam Johnstone,Premier Reserve League,22,2012-04-26,Man Utd Res.,Wolves Res.,2:0,GK,,,,,,,,,90,
2011/12,110864,Sam Johnstone,Premier Reserve League,18,2012-05-04,Man Utd Res.,Sunderland Res.,0:0,on the bench,,,,,,,,,,
2011/12,110864,Sam Johnstone,Premier Reserve League Play Offs,Final,2012-05-10,Man Utd Res.,Aston Villa Res.,3:1 AET,GK,,,,,,,,,90,
2011/12,110864,Sam Johnstone,EFL Trophy,Second Round,2011-10-04,Scunthorpe Utd.,Oldham Athletic,0:1,,,,,,,,,,90,
2011/12,110864,Sam Johnstone,League One,7,2011-09-10,Scunthorpe Utd.,Sheff Utd,1:1,,,,,,,,,,90,
2011/12,110864,Sam Johnstone,League One,8,2011-09-13,Rochdale,Scunthorpe Utd.,1:0,,,,,,,,,,90,
2011/12,110864,Sam Johnstone,League One,9,2011-09-17,Walsall,Scunthorpe Utd.,2:2,,,,,,,,,,90,
2011/12,110864,Sam Johnstone,League One,10,2011-09-24,Scunthorpe Utd.,Yeovil Town,2:1,,,,,,,,,,90,
2011/12,110864,Sam Johnstone,League One,11,2011-10-01,Stevenage,Scunthorpe Utd.,1:2,,,,,,,,,,90,
2011/12,110864,Sam Johnstone,League One,12,2011-10-08,Scunthorpe Utd.,Leyton Orient,2:3,,,,,,,,,,90,
2011/12,110864,Sam Johnstone,League One,13,2011-10-15,Brentford,Scunthorpe Utd.,0:0,,,,,,,,,,90,
2011/12,110864,Sam Johnstone,League One,14,2011-10-22,MK Dons,Scunthorpe Utd.,0:0,Not in squad,,,,,,,,,,
2011/12,110864,Sam Johnstone,League One,15,2011-10-25,Scunthorpe Utd.,Huddersfield,2:2,Not in squad,,,,,,,,,,
2011/12,110864,Sam Johnstone,League One,16,2011-10-29,Scunthorpe Utd.,Tranmere,4:2,Not in squad,,,,,,,,,,
2011/12,110864,Sam Johnstone,League One,17,2011-11-05,Bournemouth,Scunthorpe Utd.,2:0,Not in squad,,,,,,,,,,
2011/12,110864,Sam Johnstone,League One,18,2011-11-19,Scunthorpe Utd.,Hartlepool,0:2,on the bench,,,,,,,,,,
2011/12,110864,Sam Johnstone,League One,19,2011-11-26,Notts County,Scunthorpe Utd.,3:2,GK,,,,,,,,,90,
2011/12,110864,Sam Johnstone,League One,20,2011-12-10,Scunthorpe Utd.,Carlisle United,1:2,GK,,,,,,,,,90,
2011/12,110864,Sam Johnstone,League One,21,2011-12-17,Exeter City,Scunthorpe Utd.,0:0,GK,,,,,,,,,90,
2011/12,110864,Sam Johnstone,League One,22,2011-12-26,Scunthorpe Utd.,Bury,1:3,GK,,,,,,,,,90,
2011/12,110864,Sam Johnstone,League One,23,2011-12-31,Scunthorpe Utd.,Chesterfield,2:2,GK,,,,22,,,,,90,
2011/12,110864,Sam Johnstone,League One,24,2012-01-02,Hartlepool,Scunthorpe Utd.,1:2,on the bench,,,,,,,,,,
2011/12,110864,Sam Johnstone,FA Cup,First Round,2011-11-12,AFC Wimbledon,Scunthorpe Utd.,0:0,on the bench,,,,,,,,,,
2011/12,110864,Sam Johnstone,FA Cup,First Round Replay,2011-11-22,Scunthorpe Utd.,AFC Wimbledon,0:1,on the bench,,,,,,,,,,
2011/12,110864,Sam Johnstone,UEFA EURO U19 Championship Qualifiers,group A2,2012-05-25,England U19,Slovenia U19,5:0,,,,,,,,,,90,
2011/12,110864,Sam Johnstone,UEFA EURO U19 Championship Qualifiers,group A2,2012-05-27,England U19,Montenegro U19,1:1,GK,,,,,,,,,90,
2011/12,110864,Sam Johnstone,UEFA EURO U19 Championship Qualifiers,group A2,2012-05-30,Switzerland U19,England U19,0:1,GK,,,,,,,,,90,
