﻿season,player_id,player_name,competition,journey,date,home_team,away_team,result,position,goals,assists,own_goals,yellow_cards,second_yellow_cards,red_cards,substitutions_on,substitutions_off,minutes_played,transfermarkt_score
2023/24,1005575,Vitor Reis,U17 World Cup,Group C,2023-11-11,Brazil U17,Iran U17,2:3,CB,,,,,,,,,90,
2023/24,1005575,Vitor Reis,U17 World Cup,Group C,2023-11-14,Brazil U17,N.Caledonia U17,9:0,CB,1,,,,,,,,90,
2023/24,1005575,Vitor Reis,U17 World Cup,Group C,2023-11-17,England U17,Brazil U17,1:2,CB,,,,,,,,,90,
2023/24,1005575,Vitor Reis,U17 World Cup,Round of 16,2023-11-20,Ecuador U17,Brazil U17,1:3,CB,,,,,,,,,90,
2023/24,1005575,Vitor Reis,U17 World Cup,Quarter-Finals,2023-11-24,Brazil U17,Argentina U17,0:3,CB,,,,,,,,,90,
2022/23,1005575,Vitor Reis,U-17 South American Championship,Group A,2023-03-31,Ecuador U17,Brazil U17,2:2,CB,,1,,,,,,,90,
2022/23,1005575,Vitor Reis,U-17 South American Championship,Group A,2023-04-01,Brazil U17,Chile U17,3:0,CB,,,,,,,,,90,
2022/23,1005575,Vitor Reis,U-17 South American Championship,Group A,2023-04-04,Brazil U17,Colombia U17,3:1,CB,,,,,,,,,90,
2022/23,1005575,Vitor Reis,U-17 South American Championship,Group A,2023-04-08,Uruguay U17,Brazil U17,0:3,on the bench,,,,,,,,,,
2022/23,1005575,Vitor Reis,U-17 South American Championship,Group 1,2023-04-11,Brazil U17,Venezuela U17,2:1,RB,,,,,,,,,90,
2022/23,1005575,Vitor Reis,U-17 South American Championship,Group 1,2023-04-14,Brazil U17,Paraguay U17,3:2,CB,,,,,,,,,90,
2022/23,1005575,Vitor Reis,U-17 South American Championship,Group 1,2023-04-18,Ecuador U17,Brazil U17,2:2,CB,,,,,,,,,90,
2022/23,1005575,Vitor Reis,U-17 South American Championship,Group 1,2023-04-20,Chile U17,Brazil U17,0:3,CB,,,,87,,,,,90,
2022/23,1005575,Vitor Reis,U-17 South American Championship,Group 1,2023-04-23,Brazil U17,Argentina U17,3:2,CB,,,,91,,,,,90,
2023/24,1005575,Vitor Reis,U20 Copa Libertadores,Group C,2023-07-03,Palmeiras U20,Huachipato U21,2:2,Not in squad,,,,,,,,,,
2023/24,1005575,Vitor Reis,U20 Copa Libertadores,Group C,2023-07-07,Defensor SC U19,Palmeiras U20,1:2,Not in squad,,,,,,,,,,
2023/24,1005575,Vitor Reis,U20 Copa Libertadores,Group C,2023-07-10,CABJ U20,Palmeiras U20,2:2,Not in squad,,,,,,,,,,
2023/24,1005575,Vitor Reis,CBF Brasileiro U20 - Finals,Quarter-Finals 1st leg,2023-07-21,Botafogo U20,Palmeiras U20,3:3,,,,,,,,72,,18,
2023/24,1005575,Vitor Reis,CBF Brasileiro U20 - Finals,Quarter-Finals 2nd leg,2023-07-25,Palmeiras U20,Botafogo U20,4:0,,,,,,,,58,,32,
2023/24,1005575,Vitor Reis,CBF Brasileiro U20 - Finals,Semi-Finals 1st Leg,2023-08-06,Palmeiras U20,Corinthians U20,5:1,CB,,,,36,,,,,90,
2023/24,1005575,Vitor Reis,CBF Brasileiro U20 - Finals,Semi-Finals 2nd Leg,2023-08-16,Corinthians U20,Palmeiras U20,0:1,CB,,,,,,,,,90,
2023/24,1005575,Vitor Reis,CBF Brasileiro U20 - Finals,Final,2023-09-07,Flamengo U20,Palmeiras U20,3:2 on pens,CB,,,,,,,,,90,
2022/23,1005575,Vitor Reis,CBF Brasileiro U20,9,2023-05-04,São Paulo U20,Palmeiras U20,2:3,on the bench,,,,,,,,,,
