﻿season,player_id,player_name,competition,journey,date,home_team,away_team,result,position,goals,assists,own_goals,yellow_cards,second_yellow_cards,red_cards,substitutions_on,substitutions_off,minutes_played,transfermarkt_score
2012/13,102017,Jorginho,Italy Cup,Second Round,2012-08-12,Virtus Entella,Hellas Verona,2:3,CM,,,,,,,,82,82,
2012/13,102017,Jorginho,Italy Cup,Third Round,2012-08-18,Genoa,Hellas Verona,2:5 on pens,CM,,,,,,,,,120,
2012/13,102017,Jorginho,Italy Cup,Fourth Round,2012-11-27,US Palermo,Hellas Verona,1:2,Not in squad,,,,,,,,,,
2012/13,102017,Jorginho,Italy Cup,Round of 16,2012-12-18,Inter,Hellas Verona,2:0,CM,,,,,,,,,90,
2012/13,102017,Jorginho,Serie B,1,2012-08-24,Modena,Hellas Verona,1:1,CM,,,,,,,,,90,
2012/13,102017,Jorginho,Serie B,2,2012-09-01,Hellas Verona,Spezia Calcio,1:1,CM,,,,,,,,,90,
2012/13,102017,Jorginho,Serie B,3,2012-09-08,Hellas Verona,Reggina,2:0,AM,,,,,,,,,90,
2012/13,102017,Jorginho,Serie B,4,2012-09-15,Vicenza,Hellas Verona,2:3,DM,,,,,,,,,90,
2012/13,102017,Jorginho,Serie B,5,2012-09-21,Hellas Verona,Novara,1:1,CM,,,,,,,,,90,
2012/13,102017,Jorginho,Serie B,6,2012-09-25,Varese,Hellas Verona,0:3,DM,,,,,,,,,90,
2012/13,102017,Jorginho,Serie B,7,2012-09-29,Hellas Verona,Bari,1:0,DM,,,,50,,,,,90,
2012/13,102017,Jorginho,Serie B,8,2012-10-05,Padova,Hellas Verona,2:1,DM,,,,,,,,,90,
2012/13,102017,Jorginho,Serie B,9,2012-10-14,Hellas Verona,Grosseto,2:0,CM,,,,,,,,,90,
2012/13,102017,Jorginho,Serie B,10,2012-10-20,AS Livorno,Hellas Verona,0:2,DM,,,,,,,,,90,
2012/13,102017,Jorginho,Serie B,11,2012-10-27,Hellas Verona,Virtus Lanciano,2:0,DM,,,,,,,,,90,
2012/13,102017,Jorginho,Serie B,12,2012-10-30,Crotone,Hellas Verona,3:3,DM,,,,,,,,,90,
2012/13,102017,Jorginho,Serie B,13,2012-11-05,Hellas Verona,Sassuolo,1:0,CM,,,,,,,,,90,
2012/13,102017,Jorginho,Serie B,14,2012-11-10,Ternana,Hellas Verona,0:2,CM,,,,,,,,,90,
2012/13,102017,Jorginho,Serie B,15,2012-11-16,Hellas Verona,Cesena,1:1,CM,,,,68,,,,,90,
2012/13,102017,Jorginho,Serie B,16,2012-11-24,Cittadella,Hellas Verona,2:1,DM,,,,,,,,,90,
2012/13,102017,Jorginho,Serie B,17,2012-12-01,Brescia,Hellas Verona,2:0,CM,,,,11,67,,,,67,
2012/13,102017,Jorginho,Serie B,18,2012-12-08,Hellas Verona,Ascoli,3:1,Not in squad,,,,,,,,,,
2012/13,102017,Jorginho,Serie B,19,2012-12-15,Pro Vercelli,Hellas Verona,0:0,CM,,,,,,,,,90,
2012/13,102017,Jorginho,Serie B,20,2012-12-23,Hellas Verona,Juve Stabia,1:0,CM,,,,,,,,,90,
2012/13,102017,Jorginho,Serie B,21,2012-12-26,FC Empoli,Hellas Verona,1:1,DM,,,,,,,,,90,
2012/13,102017,Jorginho,Serie B,22,2012-12-30,Hellas Verona,Modena,3:1,DM,1,,,,,,,,90,
2012/13,102017,Jorginho,Serie B,23,2013-01-26,Spezia Calcio,Hellas Verona,0:1,DM,,,,,,,67,,23,
2012/13,102017,Jorginho,Serie B,24,2013-02-01,Reggina,Hellas Verona,1:1,CM,,,,,,,,,90,
2012/13,102017,Jorginho,Serie B,25,2013-02-09,Hellas Verona,Vicenza,0:1,DM,,,,,,,,,90,
2012/13,102017,Jorginho,Serie B,26,2013-02-17,Novara,Hellas Verona,1:0,CM,,,,,,,,,90,
2012/13,102017,Jorginho,Serie B,27,2013-02-23,Hellas Verona,Varese,2:0,CM,,,,,,,,,90,
2012/13,102017,Jorginho,Serie B,28,2013-02-27,Bari,Hellas Verona,0:2,CM,,,,,,,,,90,
2012/13,102017,Jorginho,Serie B,29,2013-03-04,Hellas Verona,Padova,0:2,CM,,,,,,,,,90,
2012/13,102017,Jorginho,Serie B,30,2013-03-09,Grosseto,Hellas Verona,0:2,CM,,,,,,,,,90,
2012/13,102017,Jorginho,Serie B,31,2013-03-15,Hellas Verona,AS Livorno,1:1,CM,,,,77,,,,,90,
2012/13,102017,Jorginho,Serie B,32,2013-03-19,Virtus Lanciano,Hellas Verona,1:2,CM,,,,,,,,,90,
2012/13,102017,Jorginho,Serie B,33,2013-03-24,Hellas Verona,Crotone,3:2,CM,,,,,,,,,90,
2012/13,102017,Jorginho,Serie B,34,2013-03-28,Sassuolo,Hellas Verona,1:1,CM,,,,,,,,,90,
2012/13,102017,Jorginho,Serie B,35,2013-04-06,Hellas Verona,Ternana,2:1,DM,,,,,,,,,90,
2012/13,102017,Jorginho,Serie B,36,2013-04-12,Cesena,Hellas Verona,0:0,DM,,,,,,,,,90,
2012/13,102017,Jorginho,Serie B,37,2013-04-16,Hellas Verona,Cittadella,0:0,DM,,,,,,,,,90,
2012/13,102017,Jorginho,Serie B,38,2013-04-22,Hellas Verona,Brescia,4:2,CM,1,,,,,,,,90,
2012/13,102017,Jorginho,Serie B,39,2013-04-27,Ascoli,Hellas Verona,0:5,DM,,1,,,,,,68,68,
2012/13,102017,Jorginho,Serie B,40,2013-05-03,Hellas Verona,Pro Vercelli,3:1,CM,,,,,,,,,90,
2012/13,102017,Jorginho,Serie B,41,2013-05-11,Juve Stabia,Hellas Verona,0:3,DM,,1,,,,,,,90,
2012/13,102017,Jorginho,Serie B,42,2013-05-18,Hellas Verona,FC Empoli,0:0,DM,,,,,,,,,90,
