﻿season,player_id,player_name,competition,journey,date,home_team,away_team,result,position,goals,assists,own_goals,yellow_cards,second_yellow_cards,red_cards,substitutions_on,substitutions_off,minutes_played,transfermarkt_score
2012/13,104495,Lyle Taylor,Scottish FA Cup,Fourth Round,2012-12-01,Stenhousemuir,Falkirk,0:1,CF,,,,,,,,90,90,
2012/13,104495,Lyle Taylor,Scottish FA Cup,Round of 16,2013-02-02,Falkirk,Forfar Athletic,4:1,CF,2,,,,,,,,90,
2012/13,104495,Lyle Taylor,Scottish FA Cup,Quarter-Finals,2013-03-02,Hamilton Acad.,Falkirk,1:2,CF,,,,94,,,,90,90,
2012/13,104495,Lyle Taylor,Scottish FA Cup,Semi-Finals,2013-04-13,Hibernian FC,Falkirk,4:3 AET,CF,,2,,,,,,,90,
2012/13,104495,Lyle Taylor,Ramsdens Cup,First Round,2012-07-28,Falkirk,Stirling Albion,3:0,CF,2,1,,29,,,,,90,
2012/13,104495,Lyle Taylor,Ramsdens Cup,Round of 16,2012-08-21,Falkirk,Rangers,0:1,CF,,,,,,,,,90,
2012/13,104495,Lyle Taylor,Scottish Communities League Cup,First Round,2012-08-04,Falkirk,Elgin City,2:0,CF,1,,,,,,,,90,
2012/13,104495,Lyle Taylor,Scottish Communities League Cup,Second Round,2012-08-30,Rangers,Falkirk,3:0,CF,,,,,,,,,90,
2012/13,104495,Lyle Taylor,Scottish Championship,1,2012-08-11,Partick Thistle,Falkirk,3:1,CF,1,,,,,,,,90,
2012/13,104495,Lyle Taylor,Scottish Championship,2,2012-08-18,Falkirk,Raith Rovers,0:2,CF,,,,,,,,,90,
2012/13,104495,Lyle Taylor,Scottish Championship,3,2012-08-25,Morton,Falkirk,1:2,CF,1,,,,,,,,90,
2012/13,104495,Lyle Taylor,Scottish Championship,4,2012-09-02,Falkirk,Livingston FC,1:2,CF,,,,,,,,,90,
2012/13,104495,Lyle Taylor,Scottish Championship,5,2012-09-15,Hamilton Acad.,Falkirk,1:1,CF,1,,,40,,,,,90,
2012/13,104495,Lyle Taylor,Scottish Championship,6,2012-09-22,Falkirk,Airdrie United,1:1,CF,,,,,,,,,90,
2012/13,104495,Lyle Taylor,Scottish Championship,7,2012-09-29,Cowdenbeath,Falkirk,1:1,CF,,,,,,,,,90,
2012/13,104495,Lyle Taylor,Scottish Championship,8,2012-10-06,Falkirk,Dunfermline A.,2:2,CF,2,,,,,,,,90,
2012/13,104495,Lyle Taylor,Scottish Championship,9,2012-10-20,Dumbarton,Falkirk,0:2,CF,1,,,,,,,88,88,
2012/13,104495,Lyle Taylor,Scottish Championship,10,2012-10-27,Falkirk,Partick Thistle,0:0,CF,,,,,,,,,90,
2012/13,104495,Lyle Taylor,Scottish Championship,11,2012-11-10,Raith Rovers,Falkirk,2:1,CF,,1,,,,,,,90,
2012/13,104495,Lyle Taylor,Scottish Championship,12,2012-11-17,Livingston FC,Falkirk,2:1,CF,,,,,,,,,90,
2012/13,104495,Lyle Taylor,Scottish Championship,13,2012-11-24,Falkirk,Hamilton Acad.,2:1,CF,,,,,,,,,90,
2012/13,104495,Lyle Taylor,Scottish Championship,15,2012-12-15,Falkirk,Cowdenbeath,2:0,CF,1,,,,,,,90,90,
2012/13,104495,Lyle Taylor,Scottish Championship,14,2012-12-22,Airdrie United,Falkirk,1:4,CF,3,,,69,,,,,90,
2012/13,104495,Lyle Taylor,Scottish Championship,16,2012-12-26,Dunfermline A.,Falkirk,0:1,CF,,1,,,,,,,90,
2012/13,104495,Lyle Taylor,Scottish Championship,17,2012-12-29,Falkirk,Dumbarton,3:4,CF,3,,,,,,,,90,
2012/13,104495,Lyle Taylor,Scottish Championship,19,2013-01-05,Hamilton Acad.,Falkirk,1:1,CF,1,,,,,,,,90,
2012/13,104495,Lyle Taylor,Scottish Championship,20,2013-01-12,Falkirk,Morton,0:1,CF,,,,,,,,,90,
2012/13,104495,Lyle Taylor,Scottish Championship,21,2013-01-19,Partick Thistle,Falkirk,4:1,CF,1,,,,,,,,90,
2012/13,104495,Lyle Taylor,Scottish Championship,22,2013-01-26,Falkirk,Airdrie United,4:3,CF,2,,,82,,,,,90,
2012/13,104495,Lyle Taylor,Scottish Championship,23,2013-02-09,Cowdenbeath,Falkirk,4:1,CF,1,,,,,,,,90,
2012/13,104495,Lyle Taylor,Scottish Championship,24,2013-02-16,Falkirk,Dunfermline A.,1:0,CF,,,,,,,,,90,
2012/13,104495,Lyle Taylor,Scottish Championship,18,2013-02-19,Falkirk,Livingston FC,2:0,CF,2,,,,,,,,90,
2012/13,104495,Lyle Taylor,Scottish Championship,25,2013-02-23,Dumbarton,Falkirk,0:2,CF,,1,,,,,,89,89,
2012/13,104495,Lyle Taylor,Scottish Championship,26,2013-03-05,Falkirk,Raith Rovers,1:1,CF,,,,,,,,46,45,
2012/13,104495,Lyle Taylor,Scottish Championship,27,2013-03-09,Morton,Falkirk,2:0,CF,,,,,,,,,90,
2012/13,104495,Lyle Taylor,Scottish Championship,29,2013-03-23,Falkirk,Hamilton Acad.,0:2,CF,,,,,,,,77,77,
2012/13,104495,Lyle Taylor,Scottish Championship,32,2013-03-27,Dunfermline A.,Falkirk,0:2,CF,1,1,,,,,,,90,
2012/13,104495,Lyle Taylor,Scottish Championship,30,2013-03-30,Airdrie United,Falkirk,0:1,CF,1,,,15,67,,,,67,
2012/13,104495,Lyle Taylor,Scottish Championship,28,2013-04-02,Livingston FC,Falkirk,1:2,Not in squad,,,,,,,,,,
2012/13,104495,Lyle Taylor,Scottish Championship,31,2013-04-06,Falkirk,Cowdenbeath,4:0,Not in squad,,,,,,,,,,
2012/13,104495,Lyle Taylor,Scottish Championship,33,2013-04-16,Falkirk,Dumbarton,1:3,CF,1,,,,,,,,90,
2012/13,104495,Lyle Taylor,Scottish Championship,34,2013-04-20,Falkirk,Partick Thistle,0:2,CF,,,,,,,,,90,
2012/13,104495,Lyle Taylor,Scottish Championship,35,2013-04-27,Raith Rovers,Falkirk,0:0,CF,,,,,,,,,90,
2012/13,104495,Lyle Taylor,Scottish Championship,36,2013-05-04,Falkirk,Morton,4:1,CF,1,1,,,,,,,90,
