﻿season,player_id,player_name,competition,journey,date,home_team,away_team,result,position,goals,assists,own_goals,yellow_cards,second_yellow_cards,red_cards,substitutions_on,substitutions_off,minutes_played,transfermarkt_score
2023/24,1080392,Fletcher Holman,Premier League,21,2024-01-22,Brighton,Wolves,0:0,Not in squad,,,,,,,,,,
2023/24,1080392,Fletcher Holman,Premier League,22,2024-02-01,Wolves,Man Utd,3:4,Not in squad,,,,,,,,,,
2023/24,1080392,Fletcher Holman,Premier League,23,2024-02-04,Chelsea,Wolves,2:4,Not in squad,,,,,,,,,,
2023/24,1080392,Fletcher Holman,Premier League,24,2024-02-10,Wolves,Brentford,0:2,Not in squad,,,,,,,,,,
2023/24,1080392,Fletcher Holman,Premier League,25,2024-02-17,Tottenham,Wolves,1:2,Not in squad,,,,,,,,,,
2023/24,1080392,Fletcher Holman,Premier League,26,2024-02-25,Wolves,Sheff Utd,1:0,Not in squad,,,,,,,,,,
2023/24,1080392,Fletcher Holman,Premier League,27,2024-03-02,Newcastle,Wolves,3:0,Not in squad,,,,,,,,,,
2023/24,1080392,Fletcher Holman,Premier League,28,2024-03-09,Wolves,Fulham,2:1,Not in squad,,,,,,,,,,
2023/24,1080392,Fletcher Holman,Premier League,30,2024-03-30,Aston Villa,Wolves,2:0,on the bench,,,,,,,,,,
2023/24,1080392,Fletcher Holman,Premier League,31,2024-04-02,Burnley,Wolves,1:1,Not in squad,,,,,,,,,,
2023/24,1080392,Fletcher Holman,Premier League,32,2024-04-06,Wolves,West Ham,1:2,Not in squad,,,,,,,,,,
2023/24,1080392,Fletcher Holman,Premier League,33,2024-04-13,Nott'm Forest,Wolves,2:2,Not in squad,,,,,,,,,,
2023/24,1080392,Fletcher Holman,Premier League,34,2024-04-20,Wolves,Arsenal,0:2,on the bench,,,,,,,,,,
2023/24,1080392,Fletcher Holman,Premier League,29,2024-04-24,Wolves,Bournemouth,0:1,on the bench,,,,,,,,,,
2023/24,1080392,Fletcher Holman,Premier League,35,2024-04-27,Wolves,Luton,2:1,Not in squad,,,,,,,,,,
2023/24,1080392,Fletcher Holman,Premier League,36,2024-05-04,Man City,Wolves,5:1,Not in squad,,,,,,,,,,
2023/24,1080392,Fletcher Holman,Premier League,37,2024-05-11,Wolves,Crystal Palace,1:3,Not in squad,,,,,,,,,,
2023/24,1080392,Fletcher Holman,Premier League,38,2024-05-19,Liverpool,Wolves,2:0,Not in squad,,,,,,,,,,
2023/24,1080392,Fletcher Holman,National League South,1,2023-08-05,Eastbourne,Hampton & Rich.,1:0,Not in squad,,,,,,,,,,
2023/24,1080392,Fletcher Holman,National League South,2,2023-08-12,Farnborough,Eastbourne,1:1,Not in squad,,,,,,,,,,
2023/24,1080392,Fletcher Holman,National League South,3,2023-08-14,Aveley,Eastbourne,2:0,on the bench,,,,,,,,,,
2023/24,1080392,Fletcher Holman,National League South,4,2023-08-19,Eastbourne,Bath City,1:2,Not in squad,,,,,,,,,,
2023/24,1080392,Fletcher Holman,National League South,5,2023-08-26,Eastbourne,Truro City FC,0:1,on the bench,,,,,,,,,,
2023/24,1080392,Fletcher Holman,National League South,6,2023-08-28,Chelmsford,Eastbourne,1:0,,,,,,,,68,,22,
2023/24,1080392,Fletcher Holman,National League South,7,2023-09-02,Eastbourne,Weston-super-M.,2:1,Not in squad,,,,,,,,,,
2023/24,1080392,Fletcher Holman,National League South,8,2023-09-06,Havant & Water.,Eastbourne,1:2,,1,,,,,,70,,20,
2023/24,1080392,Fletcher Holman,National League South,9,2023-09-09,Yeovil Town,Eastbourne,3:2,,,,,,,,,46,45,
2023/24,1080392,Fletcher Holman,National League South,10,2023-09-23,Eastbourne,Welling Utd.,2:2,,,,,71,,,67,,23,
2023/24,1080392,Fletcher Holman,National League South,40,2023-09-30,Taunton Town,Eastbourne,2:1,,,,,,,,70,,20,
2023/24,1080392,Fletcher Holman,National League South,11,2023-10-07,St Albans City,Eastbourne,2:3,on the bench,,,,,,,,,,
2023/24,1080392,Fletcher Holman,National League South,13,2023-10-21,Weymouth FC,Eastbourne,3:1,,1,,,,,,59,,31,
2023/24,1080392,Fletcher Holman,National League South,14,2023-10-24,Eastbourne,Dartford,1:1,,1,,,,,,,,90,
2023/24,1080392,Fletcher Holman,National League South,15,2023-10-28,Eastbourne,Slough,3:3,,,,,,,,,70,70,
2023/24,1080392,Fletcher Holman,National League South,16,2023-11-04,Chippenham,Eastbourne,4:2,,1,,,,,,,,90,
2023/24,1080392,Fletcher Holman,National League South,17,2023-11-07,Maidstone,Eastbourne,2:0,,,,,,,,,,90,
2023/24,1080392,Fletcher Holman,National League South,18,2023-11-11,Eastbourne,Braintree,3:1,,1,,,,,,,,90,
2023/24,1080392,Fletcher Holman,National League South,19,2023-11-14,Eastbourne,Tonbridge,0:3,,,,,,,,,,90,
2023/24,1080392,Fletcher Holman,National League South,20,2023-11-21,Dover Athletic,Eastbourne,1:1,,,,,,,,,,90,
2023/24,1080392,Fletcher Holman,National League South,21,2023-11-25,Hemel,Eastbourne,1:0,,,,,,,,,,90,
2023/24,1080392,Fletcher Holman,National League South,12,2023-11-28,Eastbourne,Torquay,1:4,,,,,,,,,46,45,
2023/24,1080392,Fletcher Holman,National League South,23,2023-12-16,Welling Utd.,Eastbourne,0:2,on the bench,,,,,,,,,,
2023/24,1080392,Fletcher Holman,National League South,24,2023-12-23,Eastbourne,Yeovil Town,0:1,,,,,,,,67,,23,
2023/24,1080392,Fletcher Holman,National League South,25,2023-12-26,Worthing,Eastbourne,3:0,,,,,,,,,,90,
2023/24,1080392,Fletcher Holman,National League South,26,2024-01-01,Eastbourne,Worthing,0:4,Not in squad,,,,,,,,,,
2023/24,1080392,Fletcher Holman,National League South,27,2024-01-06,Torquay,Eastbourne,2:2,Not in squad,,,,,,,,,,
2023/24,1080392,Fletcher Holman,FA Cup,Third Round Replay,2024-01-16,Wolves,Brentford,3:2 AET,Not in squad,,,,,,,,,,
2023/24,1080392,Fletcher Holman,FA Cup,Fourth Round,2024-01-28,West Brom,Wolves,0:2,Not in squad,,,,,,,,,,
2023/24,1080392,Fletcher Holman,FA Cup,Fifth Round,2024-02-28,Wolves,Brighton,1:0,Not in squad,,,,,,,,,,
2023/24,1080392,Fletcher Holman,FA Cup,Quarter-Finals,2024-03-16,Wolves,Coventry,2:3,on the bench,,,,,,,,,,
2023/24,1080392,Fletcher Holman,Premier League 2 Playoffs,Round of 16,2024-05-06,Sunderland U21,Wolves U21,4:1,,,,,,,,83,,7,
2023/24,1080392,Fletcher Holman,Premier League 2,11,2024-01-12,Norwich U21,Wolves U21,3:4,,1,,,,,,63,,27,
2023/24,1080392,Fletcher Holman,Premier League 2,12,2024-01-26,Wolves U21,Arsenal U21,2:1,Not in squad,,,,,,,,,,
2023/24,1080392,Fletcher Holman,Premier League 2,13,2024-02-11,Man City U21,Wolves U21,3:3,,,,,,,,84,,6,
2023/24,1080392,Fletcher Holman,Premier League 2,14,2024-02-19,Wolves U21,West Brom U21,3:0,,,,,,,,82,,8,
2023/24,1080392,Fletcher Holman,Premier League 2,15,2024-03-04,Wolves U21,Newcastle U21,2:2,,,,,,,,67,,23,
2023/24,1080392,Fletcher Holman,Premier League 2,16,2024-03-11,Derby U21,Wolves U21,1:2,CF,1,,,,,,,81,81,
2023/24,1080392,Fletcher Holman,Premier League 2,17,2024-03-15,Everton U21,Wolves U21,0:2,Not in squad,,,,,,,,,,
2023/24,1080392,Fletcher Holman,Premier League 2,18,2024-04-08,Wolves U21,Sunderland U21,1:2,,,,,,,,70,,20,
2023/24,1080392,Fletcher Holman,Premier League 2,19,2024-04-15,Tottenham U21,Wolves U21,5:1,CF,1,,,,,,,74,74,
2023/24,1080392,Fletcher Holman,Premier League 2,20,2024-04-29,Wolves U21,Brighton U21,1:1,CF,1,,,,,,,78,78,
2023/24,1080392,Fletcher Holman,Premier League International Cup U21,Group A,2024-01-17,Wolves U21,Hertha BSC II,0:0,Information not yet available,,,,,,,,,,
2023/24,1080392,Fletcher Holman,Premier League International Cup U21,Quarter-Finals,2024-02-26,Palace U21,Wolves U21,3:0,Information not yet available,,,,,,,,,,
2023/24,1080392,Fletcher Holman,Premier League Cup,Group C,2024-01-22,Bournemouth U21,Wolves U21,5:1,Information not yet available,,,,,,,,,,
2023/24,1080392,Fletcher Holman,Premier League Cup,Group C,2024-02-05,Charlton U21,Wolves U21,0:2,Information not yet available,,,,,,,,,,
