﻿season,player_id,player_name,competition,journey,date,home_team,away_team,result,position,goals,assists,own_goals,yellow_cards,second_yellow_cards,red_cards,substitutions_on,substitutions_off,minutes_played,transfermarkt_score
2024/25,1012534,Yankuba Minteh,International Friendlies,45,2025-06-06,Equat. Guinea,The Gambia,1:2,Information not yet available,,,,,,,,,,
2024/25,1012534,Yankuba Minteh,International Friendlies,46,2025-06-09,Uganda,The Gambia,1:1,Not in squad,,,,,,,,,,
2024/25,1012534,Yankuba Minteh,Africa Cup of Nations qualification,Group A,2024-09-04,Comoros,The Gambia,1:1,Centre Forward,,,,63,,,,,90,
2024/25,1012534,Yankuba Minteh,Africa Cup of Nations qualification,Group A,2024-09-08,The Gambia,Tunisia,1:2,Centre Forward,,1,,,,,,,90,
2024/25,1012534,Yankuba Minteh,Africa Cup of Nations qualification,Group A,2024-10-11,Madagascar,The Gambia,1:1,LW,1,,,,,,,,90,
2024/25,1012534,Yankuba Minteh,Africa Cup of Nations qualification,Group A,2024-10-14,The Gambia,Madagascar,1:0,Centre Forward,,1,,,,,,82,82,
2024/25,1012534,Yankuba Minteh,Africa Cup of Nations qualification,Group A,2024-11-15,The Gambia,Comoros,1:2,CF,,,,,,,46,,45,
2024/25,1012534,Yankuba Minteh,Africa Cup of Nations qualification,Group A,2024-11-18,Tunisia,The Gambia,0:1,Centre Forward,,,,,,,,64,64,
2024/25,1012534,Yankuba Minteh,Premier League,1,2024-08-17,Everton,Brighton,0:3,Centre Forward,,1,,,,,,45,45,
2024/25,1012534,Yankuba Minteh,Premier League,2,2024-08-24,Brighton,Man Utd,2:1,Centre Forward,,,,,,,,90,90,
2024/25,1012534,Yankuba Minteh,Premier League,3,2024-08-31,Arsenal,Brighton,1:1,Centre Forward,,,,70,,,,72,72,
2024/25,1012534,Yankuba Minteh,Premier League,4,2024-09-14,Brighton,Ipswich,0:0,Centre Forward,,,,47,,,,68,68,
2024/25,1012534,Yankuba Minteh,Premier League,5,2024-09-22,Brighton,Nott'm Forest,2:2,Centre Forward,,,,,,,62,,28,
2024/25,1012534,Yankuba Minteh,Premier League,6,2024-09-28,Chelsea,Brighton,4:2,Centre Forward,,,,,,,71,,19,
2024/25,1012534,Yankuba Minteh,Premier League,7,2024-10-06,Brighton,Tottenham,3:2,Centre Forward,1,,,,,,,87,87,
2024/25,1012534,Yankuba Minteh,Premier League,8,2024-10-19,Newcastle,Brighton,0:1,Muscle injury,,,,,,,,,,
2024/25,1012534,Yankuba Minteh,Premier League,9,2024-10-26,Brighton,Wolves,2:2,Muscle injury,,,,,,,,,,
2024/25,1012534,Yankuba Minteh,Premier League,10,2024-11-02,Liverpool,Brighton,2:1,Muscle injury,,,,,,,,,,
2024/25,1012534,Yankuba Minteh,Premier League,11,2024-11-09,Brighton,Man City,2:1,Muscle injury,,,,,,,,,,
2024/25,1012534,Yankuba Minteh,Premier League,12,2024-11-23,Bournemouth,Brighton,1:2,Not in squad,,,,,,,,,,
2024/25,1012534,Yankuba Minteh,Premier League,13,2024-11-29,Brighton,Southampton,1:1,Centre Forward,,,,,,,88,,2,
2024/25,1012534,Yankuba Minteh,Premier League,14,2024-12-05,Fulham,Brighton,3:1,LW,,,,,,,80,,10,
2024/25,1012534,Yankuba Minteh,Premier League,15,2024-12-08,Leicester,Brighton,2:2,Centre Forward,1,,,,,,70,,20,
2024/25,1012534,Yankuba Minteh,Premier League,16,2024-12-15,Brighton,Crystal Palace,1:3,Centre Forward,,,,,,,,72,72,
2024/25,1012534,Yankuba Minteh,Premier League,17,2024-12-21,West Ham,Brighton,1:1,Centre Forward,,,,,,,68,,22,
2024/25,1012534,Yankuba Minteh,Premier League,18,2024-12-27,Brighton,Brentford,0:0,Centre Forward,,,,,,,67,,23,
2024/25,1012534,Yankuba Minteh,Premier League,19,2024-12-30,Aston Villa,Brighton,2:2,Centre Forward,,,,,,,58,,32,
2024/25,1012534,Yankuba Minteh,Premier League,20,2025-01-04,Brighton,Arsenal,1:1,Centre Forward,,,,82,,,46,,45,
2024/25,1012534,Yankuba Minteh,Premier League,21,2025-01-16,Ipswich,Brighton,0:2,Centre Forward,,,,,,,63,,27,
2024/25,1012534,Yankuba Minteh,Premier League,22,2025-01-19,Man Utd,Brighton,1:3,Centre Forward,1,1,,43,,,,69,69,
2024/25,1012534,Yankuba Minteh,Premier League,23,2025-01-25,Brighton,Everton,0:1,Centre Forward,,,,,,,74,,16,
2024/25,1012534,Yankuba Minteh,Premier League,24,2025-02-01,Nott'm Forest,Brighton,7:0,Centre Forward,,,,,,,,,90,
2024/25,1012534,Yankuba Minteh,Premier League,25,2025-02-14,Brighton,Chelsea,3:0,RB,2,,,81,,,,89,89,
2024/25,1012534,Yankuba Minteh,Premier League,26,2025-02-22,Southampton,Brighton,0:4,Centre Forward,,1,,,,,,,90,
2024/25,1012534,Yankuba Minteh,Premier League,27,2025-02-25,Brighton,Bournemouth,2:1,Centre Forward,,,,,,,,,90,
2024/25,1012534,Yankuba Minteh,Premier League,28,2025-03-08,Brighton,Fulham,2:1,Centre Forward,,,,,,,,76,76,
2024/25,1012534,Yankuba Minteh,Premier League,29,2025-03-15,Man City,Brighton,2:2,Centre Forward,,,,,,,,83,83,
2024/25,1012534,Yankuba Minteh,Premier League,30,2025-04-02,Brighton,Aston Villa,0:3,on the bench,,,,,,,,,,
2024/25,1012534,Yankuba Minteh,Premier League,31,2025-04-05,Crystal Palace,Brighton,2:1,Centre Forward,,1,,,,,,72,72,
2024/25,1012534,Yankuba Minteh,Premier League,32,2025-04-12,Brighton,Leicester,2:2,Centre Forward,,,,,,,,70,70,
2024/25,1012534,Yankuba Minteh,Premier League,33,2025-04-19,Brentford,Brighton,4:2,Centre Forward,,,,,,,,65,65,
2024/25,1012534,Yankuba Minteh,Premier League,34,2025-04-26,Brighton,West Ham,3:2,Centre Forward,,,,,,,62,,28,
2024/25,1012534,Yankuba Minteh,Premier League,35,2025-05-04,Brighton,Newcastle,1:1,Centre Forward,1,,,,,,,90,90,
2024/25,1012534,Yankuba Minteh,Premier League,36,2025-05-10,Wolves,Brighton,0:2,LW,,,,,,,,80,80,
2024/25,1012534,Yankuba Minteh,Premier League,37,2025-05-19,Brighton,Liverpool,3:2,Centre Forward,,,,,,,,84,84,
2024/25,1012534,Yankuba Minteh,Premier League,38,2025-05-25,Tottenham,Brighton,1:4,Centre Forward,,,,,,,,90,90,
2024/25,1012534,Yankuba Minteh,FA Cup,Third Round,2025-01-11,Norwich,Brighton,0:4,RM,,1,,,,,,71,71,
2024/25,1012534,Yankuba Minteh,FA Cup,Fourth Round,2025-02-08,Brighton,Chelsea,2:1,Centre Forward,,,,,,,,,90,
2024/25,1012534,Yankuba Minteh,FA Cup,Fifth Round,2025-03-02,Newcastle,Brighton,1:2 AET,RM,1,,,,,,,69,69,
2024/25,1012534,Yankuba Minteh,FA Cup,Quarter-Finals,2025-03-29,Brighton,Nott'm Forest,3:4 on pens,Centre Forward,,,,,,,,,120,
2024/25,1012534,Yankuba Minteh,EFL Cup,Second Round,2024-08-27,Brighton,Crawley Town,4:0,Not in squad,,,,,,,,,,
2024/25,1012534,Yankuba Minteh,EFL Cup,Third Round,2024-09-18,Brighton,Wolves,3:2,Centre Forward,,,,,,,,82,82,
2024/25,1012534,Yankuba Minteh,EFL Cup,Fourth Round,2024-10-30,Brighton,Liverpool,2:3,Muscle injury,,,,,,,,,,
