﻿season,player_id,player_name,competition,journey,date,home_team,away_team,result,position,goals,assists,own_goals,yellow_cards,second_yellow_cards,red_cards,substitutions_on,substitutions_off,minutes_played,transfermarkt_score
2022/23,105470,Alisson,UEFA Champions League,Group A,2022-09-07,Napoli,Liverpool,4:1,GK,,,,,,,,,90,
2022/23,105470,Alisson,UEFA Champions League,Group A,2022-09-13,Liverpool,Ajax,2:1,GK,,,,,,,,,90,
2022/23,105470,Alisson,UEFA Champions League,Group A,2022-10-04,Liverpool,Rangers,2:0,GK,,,,,,,,,90,
2022/23,105470,Alisson,UEFA Champions League,Group A,2022-10-12,Rangers,Liverpool,1:7,GK,,,,,,,,,90,
2022/23,105470,Alisson,UEFA Champions League,Group A,2022-10-26,Ajax,Liverpool,0:3,GK,,,,,,,,,90,
2022/23,105470,Alisson,UEFA Champions League,Group A,2022-11-01,Liverpool,Napoli,2:0,GK,,,,,,,,,90,
2022/23,105470,Alisson,UEFA Champions League,last 16 1st leg,2023-02-21,Liverpool,Real Madrid,2:5,GK,,,,,,,,,90,
2022/23,105470,Alisson,UEFA Champions League,last 16 2nd leg,2023-03-15,Real Madrid,Liverpool,1:0,GK,,,,,,,,,90,
2022/23,105470,Alisson,International Friendlies,23,2022-09-23,Brazil,Ghana,3:0,GK,,,,,,,,,90,
2022/23,105470,Alisson,International Friendlies,1,2022-09-27,Brazil,Tunisia,5:1,GK,,,,,,,,,90,
2022/23,105470,Alisson,International Friendlies,5,2023-03-25,Morocco,Brazil,2:1,Not in squad,,,,,,,,,,
2022/23,105470,Alisson,International Friendlies,9,2023-06-17,Brazil,Guinea,4:1,on the bench,,,,,,,,,,
2022/23,105470,Alisson,International Friendlies,10,2023-06-20,Brazil,Senegal,2:4,on the bench,,,,,,,,,,
2022/23,105470,Alisson,Premier League,1,2022-08-06,Fulham,Liverpool,2:2,GK,,,,,,,,,90,
2022/23,105470,Alisson,Premier League,2,2022-08-15,Liverpool,Crystal Palace,1:1,GK,,,,,,,,,90,
2022/23,105470,Alisson,Premier League,3,2022-08-22,Man Utd,Liverpool,2:1,GK,,,,,,,,,90,
2022/23,105470,Alisson,Premier League,4,2022-08-27,Liverpool,Bournemouth,9:0,GK,,,,,,,,,90,
2022/23,105470,Alisson,Premier League,5,2022-08-31,Liverpool,Newcastle,2:1,GK,,,,,,,,,90,
2022/23,105470,Alisson,Premier League,6,2022-09-03,Everton,Liverpool,0:0,GK,,,,,,,,,90,
2022/23,105470,Alisson,Premier League,9,2022-10-01,Liverpool,Brighton,3:3,GK,,,,,,,,,90,
2022/23,105470,Alisson,Premier League,10,2022-10-09,Arsenal,Liverpool,3:2,GK,,,,,,,,,90,
2022/23,105470,Alisson,Premier League,11,2022-10-16,Liverpool,Man City,1:0,GK,,1,,,,,,,90,
2022/23,105470,Alisson,Premier League,12,2022-10-19,Liverpool,West Ham,1:0,GK,,,,,,,,,90,
2022/23,105470,Alisson,Premier League,13,2022-10-22,Nott'm Forest,Liverpool,1:0,GK,,,,,,,,,90,
2022/23,105470,Alisson,Premier League,14,2022-10-29,Liverpool,Leeds,1:2,GK,,,,,,,,,90,
2022/23,105470,Alisson,Premier League,15,2022-11-06,Tottenham,Liverpool,1:2,GK,,,,,,,,,90,
2022/23,105470,Alisson,Premier League,16,2022-11-12,Liverpool,Southampton,3:1,GK,,,,,,,,,90,
2022/23,105470,Alisson,Premier League,17,2022-12-26,Aston Villa,Liverpool,1:3,GK,,,,,,,,,90,
2022/23,105470,Alisson,Premier League,18,2022-12-30,Liverpool,Leicester,2:1,GK,,,,,,,,,90,
2022/23,105470,Alisson,Premier League,19,2023-01-02,Brentford,Liverpool,3:1,GK,,,,,,,,,90,
2022/23,105470,Alisson,Premier League,20,2023-01-14,Brighton,Liverpool,3:0,GK,,,,,,,,,90,
2022/23,105470,Alisson,Premier League,21,2023-01-21,Liverpool,Chelsea,0:0,GK,,,,,,,,,90,
2022/23,105470,Alisson,Premier League,22,2023-02-04,Wolves,Liverpool,3:0,GK,,,,,,,,,90,
2022/23,105470,Alisson,Premier League,23,2023-02-13,Liverpool,Everton,2:0,GK,,,,,,,,,90,
2022/23,105470,Alisson,Premier League,24,2023-02-18,Newcastle,Liverpool,0:2,GK,,,,,,,,,90,
2022/23,105470,Alisson,Premier League,25,2023-02-25,Crystal Palace,Liverpool,0:0,GK,,,,,,,,,90,
2022/23,105470,Alisson,Premier League,7,2023-03-01,Liverpool,Wolves,2:0,GK,,,,,,,,,90,
2022/23,105470,Alisson,Premier League,26,2023-03-05,Liverpool,Man Utd,7:0,GK,,,,,,,,,90,
2022/23,105470,Alisson,Premier League,27,2023-03-11,Bournemouth,Liverpool,1:0,GK,,,,,,,,,90,
2022/23,105470,Alisson,Premier League,29,2023-04-01,Man City,Liverpool,4:1,GK,,,,,,,,,90,
2022/23,105470,Alisson,Premier League,8,2023-04-04,Chelsea,Liverpool,0:0,GK,,,,,,,,,90,
2022/23,105470,Alisson,Premier League,30,2023-04-09,Liverpool,Arsenal,2:2,GK,,,,,,,,,90,
2022/23,105470,Alisson,Premier League,31,2023-04-17,Leeds,Liverpool,1:6,GK,,,,,,,,,90,
2022/23,105470,Alisson,Premier League,32,2023-04-22,Liverpool,Nott'm Forest,3:2,GK,,,,,,,,,90,
2022/23,105470,Alisson,Premier League,33,2023-04-26,West Ham,Liverpool,1:2,GK,,,,,,,,,90,
2022/23,105470,Alisson,Premier League,34,2023-04-30,Liverpool,Tottenham,4:3,GK,,,,,,,,,90,
2022/23,105470,Alisson,Premier League,28,2023-05-03,Liverpool,Fulham,1:0,GK,,,,,,,,,90,
2022/23,105470,Alisson,Premier League,35,2023-05-06,Liverpool,Brentford,1:0,GK,,,,77,,,,,90,
2022/23,105470,Alisson,Premier League,36,2023-05-15,Leicester,Liverpool,0:3,GK,,,,,,,,,90,
2022/23,105470,Alisson,Premier League,37,2023-05-20,Liverpool,Aston Villa,1:1,GK,,,,,,,,,90,
2022/23,105470,Alisson,Premier League,38,2023-05-28,Southampton,Liverpool,4:4,Not in squad,,,,,,,,,,
2022/23,105470,Alisson,Community Shield,Final,2022-07-30,Liverpool,Man City,3:1,Not in squad,,,,,,,,,,
2022/23,105470,Alisson,FA Cup,Third Round,2023-01-07,Liverpool,Wolves,2:2,GK,,,,,,,,,90,
2022/23,105470,Alisson,FA Cup,Third Round Replay,2023-01-17,Wolves,Liverpool,0:1,on the bench,,,,,,,,,,
2022/23,105470,Alisson,FA Cup,Fourth Round,2023-01-29,Brighton,Liverpool,2:1,GK,,,,,,,,,90,
2022/23,105470,Alisson,EFL Cup,Third Round,2022-11-09,Liverpool,Derby,3:2 on pens,Not in squad,,,,,,,,,,
2022/23,105470,Alisson,EFL Cup,Fourth Round,2022-12-22,Man City,Liverpool,3:2,Not in squad,,,,,,,,,,
