﻿season,player_id,player_name,competition,journey,date,home_team,away_team,result,position,goals,assists,own_goals,yellow_cards,second_yellow_cards,red_cards,substitutions_on,substitutions_off,minutes_played,transfermarkt_score
2023/24,1031258,Bradley Moonan,EFL Trophy,group A8,2023-09-19,Doncaster,Everton U21,2:0,CB,,,,,,,,,90,
2023/24,1031258,Bradley Moonan,EFL Trophy,group A8,2023-09-26,Burton Albion,Everton U21,2:0,,,,,,,,64,,26,
2023/24,1031258,Bradley Moonan,EFL Trophy,group A8,2023-11-07,Mansfield Town,Everton U21,0:1,Not in squad,,,,,,,,,,
2023/24,1031258,Bradley Moonan,U18 Premier League,4,2023-09-16,Everton U18,Stoke U18,1:2,CB,,,,64,,,,,90,
2023/24,1031258,Bradley Moonan,U18 Premier League,5,2023-09-23,Liverpool U18,Everton U18,2:1,CB,,,,,,,,,90,
2023/24,1031258,Bradley Moonan,U18 Premier League,6,2023-09-30,Everton U18,Sunderland U18,3:0,CB,,,,,,,,67,67,
2023/24,1031258,Bradley Moonan,U18 Premier League,14,2023-10-07,Everton U18,Man City U18,0:0,CB,,,,,,,,90,90,
2023/24,1031258,Bradley Moonan,U18 Premier League,8,2023-10-28,Everton U18,Derby U18,1:3,Not in squad,,,,,,,,,,
2023/24,1031258,Bradley Moonan,U18 Premier League,9,2023-11-04,Everton U18,Leeds U18,0:3,Not in squad,,,,,,,,,,
2023/24,1031258,Bradley Moonan,U18 Premier League,12,2023-12-16,Everton U18,Man Utd U18,0:2,Not in squad,,,,,,,,,,
2023/24,1031258,Bradley Moonan,U18 Premier League,15,2024-01-27,Stoke U18,Everton U18,1:4,CB,,,,,,,,,90,
2023/24,1031258,Bradley Moonan,U18 Premier League,26,2024-02-03,Everton U18,Nottingham U18,1:0,CM,,,,,,,,,90,
2023/24,1031258,Bradley Moonan,U18 Premier League,16,2024-02-10,Everton U18,Boro U18,0:1,CB,,,,,,,,46,45,
2023/24,1031258,Bradley Moonan,U18 Premier League,17,2024-02-17,Sunderland U18,Everton U18,0:2,Not in squad,,,,,,,,,,
2023/24,1031258,Bradley Moonan,U18 Premier League,18,2024-02-24,Everton U18,Blackburn U18,1:3,Not in squad,,,,,,,,,,
2023/24,1031258,Bradley Moonan,U18 Premier League,20,2024-03-02,Wolves U18,Everton U18,1:1,CB,,,,,,,,,90,
2023/24,1031258,Bradley Moonan,U18 Premier League,13,2024-03-05,Blackburn U18,Everton U18,0:2,Not in squad,,,,,,,,,,
2023/24,1031258,Bradley Moonan,U18 Premier League,19,2024-03-09,Leeds U18,Everton U18,1:4,Not in squad,,,,,,,,,,
2023/24,1031258,Bradley Moonan,U18 Premier League,22,2024-04-13,Everton U18,Liverpool U18,2:2,CB,,,,69,,,,,90,
2023/24,1031258,Bradley Moonan,U18 Premier League,23,2024-04-20,Derby U18,Everton U18,2:0,CB,,,,55,,,,,90,
2023/24,1031258,Bradley Moonan,U18 Premier League,7,2024-04-30,Man City U18,Everton U18,1:1,,,,,48,65,,,,65,
2023/24,1031258,Bradley Moonan,U18 Premier League,25,2024-05-04,Man Utd U18,Everton U18,3:1,Not in squad,,,,,,,,,,
2023/24,1031258,Bradley Moonan,U18 Premier League,11,2024-05-12,Nottingham U18,Everton U18,3:2,CB,1,,,,,,,,90,
2023/24,1031258,Bradley Moonan,U18 Premier League,24,2024-05-18,Everton U18,Newcastle U18,8:0,CB,,,,,,,,,90,
2023/24,1031258,Bradley Moonan,Premier League 2,1,2023-08-14,Liverpool U21,Everton U21,4:0,CB,,,,,,,,,90,
2023/24,1031258,Bradley Moonan,Premier League 2,2,2023-08-18,Boro U21,Everton U21,2:2,CB,,,,,,,,,90,
2023/24,1031258,Bradley Moonan,Premier League 2,3,2023-08-25,Everton U21,Brighton U21,0:4,CB,,,,,,,,,90,
2023/24,1031258,Bradley Moonan,Premier League 2,4,2023-09-01,West Ham U21,Everton U21,3:1,CB,,,,51,,,,,90,
2023/24,1031258,Bradley Moonan,Premier League 2,5,2023-09-22,Everton U21,Norwich U21,2:1,,,,,,,,79,,11,
2023/24,1031258,Bradley Moonan,Premier League 2,6,2023-09-29,Everton U21,Arsenal U21,1:1,,1,,,,,,64,,26,
2023/24,1031258,Bradley Moonan,Premier League 2,7,2023-10-29,Newcastle U21,Everton U21,1:0,Not in squad,,,,,,,,,,
2023/24,1031258,Bradley Moonan,Premier League 2,8,2023-11-04,Man Utd U21,Everton U21,3:1,Not in squad,,,,,,,,,,
2023/24,1031258,Bradley Moonan,Premier League 2,9,2023-12-04,Everton U21,Southampton U21,5:0,Not in squad,,,,,,,,,,
2023/24,1031258,Bradley Moonan,Premier League 2,10,2023-12-15,Everton U21,West Brom U21,1:3,,,,,,,,61,,29,
2023/24,1031258,Bradley Moonan,Premier League 2,12,2024-01-29,Everton U21,Man City U21,1:1,Not in squad,,,,,,,,,,
2023/24,1031258,Bradley Moonan,Premier League 2,13,2024-02-09,Aston Villa U21,Everton U21,2:1,,,,,,,,68,,22,
2023/24,1031258,Bradley Moonan,Premier League 2,14,2024-02-19,Everton U21,Nottingham U21,1:2,on the bench,,,,,,,,,,
2023/24,1031258,Bradley Moonan,Premier League 2,15,2024-03-02,Tottenham U21,Everton U21,1:2,Not in squad,,,,,,,,,,
2023/24,1031258,Bradley Moonan,Premier League 2,16,2024-03-08,Everton U21,Leicester U21,4:3,on the bench,,,,,,,,,,
2023/24,1031258,Bradley Moonan,Premier League 2,17,2024-03-15,Everton U21,Wolves U21,0:2,Not in squad,,,,,,,,,,
2023/24,1031258,Bradley Moonan,Premier League 2,18,2024-04-08,Palace U21,Everton U21,0:0,Not in squad,,,,,,,,,,
2023/24,1031258,Bradley Moonan,Premier League 2,19,2024-04-12,Everton U21,Blackburn U21,2:3,Not in squad,,,,,,,,,,
2023/24,1031258,Bradley Moonan,Premier League 2,11,2024-04-22,Leeds U21,Everton U21,1:1,Not in squad,,,,,,,,,,
2023/24,1031258,Bradley Moonan,Premier League 2,20,2024-04-29,Derby U21,Everton U21,3:0,Not in squad,,,,,,,,,,
2023/24,1031258,Bradley Moonan,Premier League International Cup U21,Group C,2023-11-22,Everton U21,Bilbao Athletic,1:0,Information not yet available,,,,,,,,,,
2023/24,1031258,Bradley Moonan,Premier League International Cup U21,Group C,2023-11-28,Everton U21,Monaco U21,4:2,Information not yet available,,,,,,,,,,
2023/24,1031258,Bradley Moonan,Premier League International Cup U21,Group C,2023-12-19,Everton U21,Feyenoord U21,0:0,Information not yet available,,,,,,,,,,
2023/24,1031258,Bradley Moonan,Premier League International Cup U21,Group C,2024-01-24,Everton U21,Benfica B,2:1,Information not yet available,,,,,,,,,,
2023/24,1031258,Bradley Moonan,Premier League International Cup U21,Quarter-Finals,2024-02-26,Everton U21,Fulham U21,3:1,Information not yet available,,,,,,,,,,
2023/24,1031258,Bradley Moonan,Premier League International Cup U21,Semi-Finals,2024-04-16,Palace U21,Everton U21,4:2,Information not yet available,,,,,,,,,,
2023/24,1031258,Bradley Moonan,FA Youth Cup,Third Round,2023-12-12,Everton U18,Stockport U18,4:1,on the bench,,,,,,,,,,
2023/24,1031258,Bradley Moonan,FA Youth Cup,Fourth Round,2024-01-21,Everton U18,Chelsea U18,0:2,,,,,,,,,,90,
