﻿season,player_id,player_name,competition,journey,date,home_team,away_team,result,position,goals,assists,own_goals,yellow_cards,second_yellow_cards,red_cards,substitutions_on,substitutions_off,minutes_played,transfermarkt_score
2018/19,106987,Marcel Sabitzer,Bundesliga,1,2018-08-26,Dortmund,Leipzig,4:1,Centre Forward,,,1,,,,,46,4,45.0
2018/19,106987,Marcel Sabitzer,Bundesliga,2,2018-09-02,Leipzig,F. Düsseldorf,1:1,Centre Forward,,1,,,,,54,,3,36.0
2018/19,106987,Marcel Sabitzer,Bundesliga,3,2018-09-15,Leipzig,Hannover 96,3:2,AM,,,,93,,,74,,3,16.0
2018/19,106987,Marcel Sabitzer,Bundesliga,4,2018-09-23,Frankfurt,Leipzig,1:1,Centre Forward,,,,,,,,,3,90.0
2018/19,106987,Marcel Sabitzer,Bundesliga,5,2018-09-26,Leipzig,Stuttgart,2:0,Centre Forward,,,,,,,,,3,90.0
2018/19,106987,Marcel Sabitzer,Bundesliga,6,2018-09-29,Hoffenheim,Leipzig,1:2,AM,,,,22,,,,,3,90.0
2018/19,106987,Marcel Sabitzer,Bundesliga,7,2018-10-07,Leipzig,1.FC Nuremberg,6:0,RM,2,,,,,,,,1,90.0
2018/19,106987,Marcel Sabitzer,Bundesliga,8,2018-10-20,Augsburg,Leipzig,0:0,Centre Forward,,,,93,,,86,,,4.0
2018/19,106987,Marcel Sabitzer,Bundesliga,9,2018-10-28,Leipzig,FC Schalke 04,0:0,LW,,,,,,,,,3,90.0
2018/19,106987,Marcel Sabitzer,Bundesliga,10,2018-11-03,Hertha BSC,Leipzig,0:3,RM,,,,22,,,,,2,90.0
2018/19,106987,Marcel Sabitzer,Bundesliga,11,2018-11-11,Leipzig,Leverkusen,3:0,CM,,1,,,,,,88,2,88.0
2018/19,106987,Marcel Sabitzer,Bundesliga,12,2018-11-24,Wolfsburg,Leipzig,1:0,Muscle injury,,,,,,,,,,
2018/19,106987,Marcel Sabitzer,Bundesliga,13,2018-12-02,Leipzig,Mönchengladbach,2:0,RM,,1,,,,,,,2,90.0
2018/19,106987,Marcel Sabitzer,Bundesliga,14,2018-12-08,Freiburg,Leipzig,3:0,RM,,,,,,,,84,4,84.0
2018/19,106987,Marcel Sabitzer,Bundesliga,15,2018-12-16,Leipzig,Mainz,4:1,AM,,,,42,,,,,3,90.0
2018/19,106987,Marcel Sabitzer,Bundesliga,16,2018-12-19,Bayern Munich,Leipzig,1:0,Yellow card suspension,,,,,,,,,,
2018/19,106987,Marcel Sabitzer,Bundesliga,17,2018-12-22,Leipzig,Werder Bremen,3:2,Centre Forward,,,,,,,,,3,90.0
2018/19,106987,Marcel Sabitzer,Bundesliga,18,2019-01-19,Leipzig,Dortmund,0:1,Centre Forward,,,,,,,,,3,90.0
2018/19,106987,Marcel Sabitzer,Bundesliga,19,2019-01-27,F. Düsseldorf,Leipzig,0:4,Centre Forward,,1,,,,,,85,3,85.0
2018/19,106987,Marcel Sabitzer,Bundesliga,20,2019-02-01,Hannover 96,Leipzig,0:3,Centre Forward,,,,,,,,,2,90.0
2018/19,106987,Marcel Sabitzer,Bundesliga,21,2019-02-09,Leipzig,Frankfurt,0:0,AM,,,,83,,,,90,2,90.0
2018/19,106987,Marcel Sabitzer,Bundesliga,22,2019-02-16,Stuttgart,Leipzig,1:3,Centre Forward,1,,,24,,,,,2,90.0
2018/19,106987,Marcel Sabitzer,Bundesliga,23,2019-02-25,Leipzig,Hoffenheim,1:1,AM,,,,,,,,,3,90.0
2018/19,106987,Marcel Sabitzer,Bundesliga,24,2019-03-02,1.FC Nuremberg,Leipzig,0:1,Centre Forward,,,,52,,,,90,3,90.0
2018/19,106987,Marcel Sabitzer,Bundesliga,25,2019-03-09,Leipzig,Augsburg,0:0,Centre Forward,,,,,,,,,3,90.0
2018/19,106987,Marcel Sabitzer,Bundesliga,26,2019-03-16,FC Schalke 04,Leipzig,0:1,RM,,,,,,,,,3,90.0
2018/19,106987,Marcel Sabitzer,Bundesliga,27,2019-03-30,Leipzig,Hertha BSC,5:0,AM,,,,,,,75,,3,15.0
2018/19,106987,Marcel Sabitzer,Bundesliga,28,2019-04-06,Leverkusen,Leipzig,2:4,CF,1,,,,,,,,2,90.0
2018/19,106987,Marcel Sabitzer,Bundesliga,29,2019-04-13,Leipzig,Wolfsburg,2:0,AM,,1,,,,,,,2,90.0
2018/19,106987,Marcel Sabitzer,Bundesliga,30,2019-04-20,Mönchengladbach,Leipzig,1:2,AM,,,,,,,,,3,90.0
2018/19,106987,Marcel Sabitzer,Bundesliga,31,2019-04-27,Leipzig,Freiburg,2:1,AM,,,,67,,,,,3,90.0
2018/19,106987,Marcel Sabitzer,Bundesliga,32,2019-05-03,Mainz,Leipzig,3:3,Not in squad,,,,,,,,,,
2018/19,106987,Marcel Sabitzer,Bundesliga,33,2019-05-11,Leipzig,Bayern Munich,0:0,RM,,,,,,,,,3,90.0
2018/19,106987,Marcel Sabitzer,Bundesliga,34,2019-05-18,Werder Bremen,Leipzig,2:1,on the bench,,,,,,,,,,
2018/19,106987,Marcel Sabitzer,UEFA Europa League,Group B,2018-09-20,Leipzig,Salzburg,2:3,Centre Forward,,,,,,,,,90,
2018/19,106987,Marcel Sabitzer,UEFA Europa League,Group B,2018-10-04,Rosenborg,Leipzig,1:3,Centre Forward,,,,,,,80,,10,
2018/19,106987,Marcel Sabitzer,UEFA Europa League,Group B,2018-10-25,Leipzig,Celtic,2:0,Centre Forward,,1,,,,,,61,61,
2018/19,106987,Marcel Sabitzer,UEFA Europa League,Group B,2018-11-08,Celtic,Leipzig,2:1,AM,,,,63,,,,,90,
2018/19,106987,Marcel Sabitzer,UEFA Europa League,Group B,2018-11-29,Salzburg,Leipzig,1:0,Muscle injury,,,,,,,,,,
2018/19,106987,Marcel Sabitzer,UEFA Europa League,Group B,2018-12-13,Leipzig,Rosenborg,1:1,Centre Forward,,,,,,,69,,21,
2018/19,106987,Marcel Sabitzer,DFB-Pokal,First Round,2018-08-19,Viktoria Köln,Leipzig,1:3,Not in squad,,,,,,,,,,
2018/19,106987,Marcel Sabitzer,DFB-Pokal,Second Round,2018-10-31,Leipzig,Hoffenheim,2:0,AM,,,,,,,,90,90,
2018/19,106987,Marcel Sabitzer,DFB-Pokal,Round of 16,2019-02-06,Leipzig,Wolfsburg,1:0,Centre Forward,,,,,,,,,90,
2018/19,106987,Marcel Sabitzer,DFB-Pokal,Quarter-Finals,2019-04-02,Augsburg,Leipzig,1:2 AET,RM,,,,,,,,,120,
2018/19,106987,Marcel Sabitzer,DFB-Pokal,Semi-Finals,2019-04-23,Hamburg,Leipzig,1:3,RM,,,,,,,,90,90,
2018/19,106987,Marcel Sabitzer,DFB-Pokal,Final,2019-05-25,Leipzig,Bayern Munich,0:3,Centre Forward,,,,,,,,,90,
2018/19,106987,Marcel Sabitzer,UEFA Europa League Qualifying,Second Round 1st leg,2018-07-26,Leipzig,Häcken,4:0,Not in squad,,,,,,,,,,
2018/19,106987,Marcel Sabitzer,UEFA Europa League Qualifying,Second Round 2nd leg,2018-08-02,Häcken,Leipzig,1:1,Not in squad,,,,,,,,,,
2018/19,106987,Marcel Sabitzer,UEFA Europa League Qualifying,3rd round 1st leg,2018-08-09,Leipzig,CS U Craiova,3:1,,,,,,,,62,,28,
2018/19,106987,Marcel Sabitzer,UEFA Europa League Qualifying,3rd round 2nd leg,2018-08-16,CS U Craiova,Leipzig,1:1,Centre Forward,1,,,19,,,,64,64,
2018/19,106987,Marcel Sabitzer,UEFA Europa League Qualifying,Qualifying Round 1st leg,2018-08-23,Zorya Lugansk,Leipzig,0:0,Not in squad,,,,,,,,,,
2018/19,106987,Marcel Sabitzer,UEFA Europa League Qualifying,Qualifying Round 2nd leg,2018-08-30,Leipzig,Zorya Lugansk,3:2,Centre Forward,,,,,,,,,90,
2018/19,106987,Marcel Sabitzer,European Qualifiers,Group G,2019-03-21,Austria,Poland,0:1,AM,,,,,,,,,90,
2018/19,106987,Marcel Sabitzer,European Qualifiers,Group G,2019-03-24,Israel,Austria,4:2,LW,,1,,,,,,,90,
2018/19,106987,Marcel Sabitzer,European Qualifiers,Group G,2019-06-07,Austria,Slovenia,1:0,AM,,,,,,,,71,71,
2018/19,106987,Marcel Sabitzer,European Qualifiers,Group G,2019-06-10,Macedonia,Austria,1:4,LW,,2,,,,,,90,90,
2019/20,106987,Marcel Sabitzer,European Qualifiers,Group G,2019-09-06,Austria,Latvia,6:0,AM,1,1,,,,,,,90,
2019/20,106987,Marcel Sabitzer,European Qualifiers,Group G,2019-09-09,Poland,Austria,0:0,SS,,,,33,,,,,90,
2019/20,106987,Marcel Sabitzer,European Qualifiers,Group G,2019-10-10,Austria,Israel,3:1,SS,1,,,,,,,,90,
2019/20,106987,Marcel Sabitzer,European Qualifiers,Group G,2019-10-13,Slovenia,Austria,0:1,AM,,,,90,,,,90,90,
2019/20,106987,Marcel Sabitzer,European Qualifiers,Group G,2019-11-16,Austria,Macedonia,2:1,AM,,1,,,,,,,90,
2019/20,106987,Marcel Sabitzer,European Qualifiers,Group G,2019-11-19,Latvia,Austria,1:0,Not in squad,,,,,,,,,,
2018/19,106987,Marcel Sabitzer,International Friendlies,4,2018-09-06,Austria,Sweden,2:0,,,,,,,,66,,24,
2018/19,106987,Marcel Sabitzer,International Friendlies,7,2018-10-16,Denmark,Austria,2:0,Centre Forward,,,,,,,,46,45,
2018/19,106987,Marcel Sabitzer,UEFA Nations League B,Group 3,2018-09-11,Bosnia,Austria,1:0,,,,,,,,72,,18,
2018/19,106987,Marcel Sabitzer,UEFA Nations League B,Group 3,2018-10-12,Austria,N. Ireland,1:0,LW,,,,,,,,75,75,
2018/19,106987,Marcel Sabitzer,UEFA Nations League B,Group 3,2018-11-15,Austria,Bosnia,0:0,Muscle injury,,,,,,,,,,
2018/19,106987,Marcel Sabitzer,UEFA Nations League B,Group 3,2018-11-18,N. Ireland,Austria,1:2,Muscle injury,,,,,,,,,,
