﻿season,player_id,player_name,competition,journey,date,home_team,away_team,result,position,goals,assists,own_goals,yellow_cards,second_yellow_cards,red_cards,substitutions_on,substitutions_off,minutes_played,transfermarkt_score
2025/26,1078163,Ayden Heaven,International Friendlies,2,2025-09-05,England U20,Italy U20,1:2,CB,,,,,,,,65,65,
2025/26,1078163,Ayden Heaven,International Friendlies,5,2025-11-14,England U20,Japan U22,1:1,Not in squad,,,,,,,,,,
2025/26,1078163,Ayden Heaven,Premier League,1,2025-08-17,Man Utd,Arsenal,0:1,on the bench,,,,,,,,,,
2025/26,1078163,Ayden Heaven,Premier League,2,2025-08-24,Fulham,Man Utd,1:1,CB,,,,,,,87,,3,
2025/26,1078163,Ayden Heaven,Premier League,3,2025-08-30,Man Utd,Burnley,3:2,on the bench,,,,,,,,,,
2025/26,1078163,Ayden Heaven,Premier League,4,2025-09-14,Man City,Man Utd,3:0,on the bench,,,,,,,,,,
2025/26,1078163,Ayden Heaven,Premier League,5,2025-09-20,Man Utd,Chelsea,2:1,on the bench,,,,,,,,,,
2025/26,1078163,Ayden Heaven,Premier League,6,2025-09-27,Brentford,Man Utd,3:1,on the bench,,,,,,,,,,
2025/26,1078163,Ayden Heaven,Premier League,7,2025-10-04,Man Utd,Sunderland,2:0,on the bench,,,,,,,,,,
2025/26,1078163,Ayden Heaven,Premier League,8,2025-10-19,Liverpool,Man Utd,1:2,on the bench,,,,,,,,,,
2025/26,1078163,Ayden Heaven,Premier League,9,2025-10-25,Man Utd,Brighton,4:2,,,1,,,,,65,,25,
2025/26,1078163,Ayden Heaven,Premier League,10,2025-11-01,Nott'm Forest,Man Utd,2:2,on the bench,,,,,,,,,,
2025/26,1078163,Ayden Heaven,Premier League,11,2025-11-08,Tottenham,Man Utd,2:2,on the bench,,,,,,,,,,
2025/26,1078163,Ayden Heaven,Premier League,12,2025-11-24,Man Utd,Everton,0:1,on the bench,,,,,,,,,,
2025/26,1078163,Ayden Heaven,Premier League,13,2025-11-30,Crystal Palace,Man Utd,1:2,on the bench,,,,,,,,,,
2025/26,1078163,Ayden Heaven,EFL Trophy,group A4,2025-09-30,Lincoln City,Man Utd U21,3:0,Not in squad,,,,,,,,,,
2025/26,1078163,Ayden Heaven,EFL Trophy,group A4,2025-10-21,Barnsley,Man Utd U21,5:2,Not in squad,,,,,,,,,,
2025/26,1078163,Ayden Heaven,EFL Trophy,group A4,2025-11-04,Notts County,Man Utd U21,0:2,Not in squad,,,,,,,,,,
2025/26,1078163,Ayden Heaven,EFL Cup,Second Round,2025-08-27,Grimsby Town,Man Utd,14:13 on pens,CB,,,,,,,,64,64,
2025/26,1078163,Ayden Heaven,Premier League 2,1,2025-08-18,Boro U21,Man Utd U21,0:1,Not in squad,,,,,,,,,,
2025/26,1078163,Ayden Heaven,Premier League 2,2,2025-08-22,Man Utd U21,Norwich U21,4:2,Not in squad,,,,,,,,,,
2025/26,1078163,Ayden Heaven,Premier League 2,3,2025-08-31,Man Utd U21,Man City U21,2:1,Not in squad,,,,,,,,,,
2025/26,1078163,Ayden Heaven,Premier League 2,4,2025-09-21,Liverpool U21,Man Utd U21,1:2,Not in squad,,,,,,,,,,
2025/26,1078163,Ayden Heaven,Premier League 2,5,2025-09-27,Man Utd U21,Palace U21,4:1,Not in squad,,,,,,,,,,
2025/26,1078163,Ayden Heaven,Premier League 2,6,2025-10-03,Everton U21,Man Utd U21,1:2,Not in squad,,,,,,,,,,
2025/26,1078163,Ayden Heaven,Premier League 2,7,2025-10-25,Man Utd U21,Tottenham U21,4:1,Not in squad,,,,,,,,,,
2025/26,1078163,Ayden Heaven,Premier League 2,8,2025-10-31,Man Utd U21,Blackburn U21,0:4,Not in squad,,,,,,,,,,
2025/26,1078163,Ayden Heaven,Premier League International Cup U21,Group D,2025-09-24,Man Utd U21,Bilbao Athletic,2:1,Not in squad,,,,,,,,,,
2025/26,1078163,Ayden Heaven,Premier League International Cup U21,Group D,2025-12-02,Man Utd U21,RSCA Futures,1:4,Not in squad,,,,,,,,,,
2025/26,1078163,Ayden Heaven,U20 Elite League,Group 1,2025-10-10,England U20,Switzerland U20,0:1,CB,,,,,,,,46,45,
2025/26,1078163,Ayden Heaven,National League Cup,Group A,2025-09-16,Brackley,Man Utd U21,2:1,Not in squad,,,,,,,,,,
2025/26,1078163,Ayden Heaven,National League Cup,Group A,2025-10-28,Rochdale,Man Utd U21,0:2,Not in squad,,,,,,,,,,
2025/26,1078163,Ayden Heaven,National League Cup,Group A,2025-11-25,Solihull Moors,Man Utd U21,4:1,CB,,,,,,,,66,66,
