﻿season,player_id,player_name,competition,journey,date,home_team,away_team,result,position,goals,assists,own_goals,yellow_cards,second_yellow_cards,red_cards,substitutions_on,substitutions_off,minutes_played,transfermarkt_score
2011/12,111051,Nampalys Mendy,International Friendlies,6,2012-05-30,France U23,Türkiye U23,0:1,DM,,,,,,,,,90,
2010/11,111051,Nampalys Mendy,International Friendlies,,,,,,,,,,,,,,,,
2011/12,111051,Nampalys Mendy,International Friendlies,6,2012-06-01,France U20,Netherlands U20,2:3,DM,,,,,,,41,,49,
2011/12,111051,Nampalys Mendy,Coupe de France,First Round,2011-11-19,Olympique Alès,Monaco,0:5,Not in squad,,,,,,,,,,
2011/12,111051,Nampalys Mendy,Coupe de France,Second Round,2011-12-10,Tour SaintClair,Monaco,0:2,Not in squad,,,,,,,,,,
2011/12,111051,Nampalys Mendy,Coupe de France,Third Round,2012-01-09,Angers SCO,Monaco,4:3,Not in squad,,,,,,,,,,
2011/12,111051,Nampalys Mendy,Coupe de la Ligue,First Round,2011-07-23,CS Sedan,Monaco,4:1,,,,,,,,,,90,
2011/12,111051,Nampalys Mendy,CFA - Groupe C,1,2011-08-13,ES Uzès PdG,Monaco B,0:0,Not in squad,,,,,,,,,,
2011/12,111051,Nampalys Mendy,CFA - Groupe C,2,2011-08-21,Monaco B,Le Pontet,2:3,Not in squad,,,,,,,,,,
2011/12,111051,Nampalys Mendy,CFA - Groupe C,3,2011-08-28,G. Bordeaux B,Monaco B,1:0,Not in squad,,,,,,,,,,
2011/12,111051,Nampalys Mendy,CFA - Groupe C,4,2011-09-04,Monaco B,Gap,1:0,Not in squad,,,,,,,,,,
2011/12,111051,Nampalys Mendy,CFA - Groupe C,5,2011-09-10,RCO Agde,Monaco B,1:2,Not in squad,,,,,,,,,,
2011/12,111051,Nampalys Mendy,CFA - Groupe C,6,2011-09-18,Monaco B,Mont-de-Marsan,1:0,Not in squad,,,,,,,,,,
2011/12,111051,Nampalys Mendy,CFA - Groupe C,7,2011-09-24,US Albi,Monaco B,3:4,Not in squad,,,,,,,,,,
2011/12,111051,Nampalys Mendy,CFA - Groupe C,8,2011-10-09,Monaco B,Saint-Étienne B,1:1,Not in squad,,,,,,,,,,
2011/12,111051,Nampalys Mendy,CFA - Groupe C,9,2011-10-22,Hyères FC,Monaco B,4:1,Not in squad,,,,,,,,,,
2011/12,111051,Nampalys Mendy,CFA - Groupe C,10,2011-11-06,Monaco B,AS Béziers,2:0,Not in squad,,,,,,,,,,
2011/12,111051,Nampalys Mendy,CFA - Groupe C,11,2011-11-12,GS Consolat M.,Monaco B,2:2,Not in squad,,,,,,,,,,
2011/12,111051,Nampalys Mendy,CFA - Groupe C,12,2011-11-26,Pau FC,Monaco B,3:2,Not in squad,,,,,,,,,,
2011/12,111051,Nampalys Mendy,CFA - Groupe C,13,2011-12-04,Monaco B,US Marignane,2:0,Not in squad,,,,,,,,,,
2011/12,111051,Nampalys Mendy,CFA - Groupe C,14,2011-12-17,Rodez AF,Monaco B,0:0,Not in squad,,,,,,,,,,
2011/12,111051,Nampalys Mendy,CFA - Groupe C,15,2012-01-15,Monaco B,Tarbes Pyrénées,0:1,Not in squad,,,,,,,,,,
2011/12,111051,Nampalys Mendy,CFA - Groupe C,16,2012-01-28,Cannes,Monaco B,3:0,,,,,,,,,73,73,
2011/12,111051,Nampalys Mendy,CFA - Groupe C,19,2012-02-19,Monaco B,G. Bordeaux B,3:1,,,,,78,,,,,90,
2011/12,111051,Nampalys Mendy,CFA - Groupe C,17,2012-02-22,Monaco B,US Colomiers,0:1,Not in squad,,,,,,,,,,
2011/12,111051,Nampalys Mendy,CFA - Groupe C,20,2012-02-25,Gap,Monaco B,1:4,Not in squad,,,,,,,,,,
2011/12,111051,Nampalys Mendy,CFA - Groupe C,21,2012-03-04,Monaco B,RCO Agde,0:2,Not in squad,,,,,,,,,,
2011/12,111051,Nampalys Mendy,CFA - Groupe C,22,2012-03-10,Mont-de-Marsan,Monaco B,1:2,Not in squad,,,,,,,,,,
2011/12,111051,Nampalys Mendy,CFA - Groupe C,23,2012-03-18,Monaco B,US Albi,0:1,Not in squad,,,,,,,,,,
2011/12,111051,Nampalys Mendy,CFA - Groupe C,18,2012-03-21,Le Pontet,Monaco B,2:3,Not in squad,,,,,,,,,,
2011/12,111051,Nampalys Mendy,CFA - Groupe C,24,2012-03-25,Saint-Étienne B,Monaco B,4:0,Not in squad,,,,,,,,,,
2011/12,111051,Nampalys Mendy,CFA - Groupe C,25,2012-04-01,Monaco B,Hyères FC,4:1,Not in squad,,,,,,,,,,
2011/12,111051,Nampalys Mendy,CFA - Groupe C,26,2012-04-07,AS Béziers,Monaco B,0:4,Not in squad,,,,,,,,,,
2011/12,111051,Nampalys Mendy,CFA - Groupe C,27,2012-04-15,Monaco B,GS Consolat M.,5:0,Not in squad,,,,,,,,,,
2011/12,111051,Nampalys Mendy,CFA - Groupe C,28,2012-04-22,Monaco B,Pau FC,0:2,Not in squad,,,,,,,,,,
2011/12,111051,Nampalys Mendy,CFA - Groupe C,29,2012-04-28,US Marignane,Monaco B,3:0,Not in squad,,,,,,,,,,
2011/12,111051,Nampalys Mendy,CFA - Groupe C,30,2012-05-06,Monaco B,Rodez AF,1:0,Not in squad,,,,,,,,,,
2011/12,111051,Nampalys Mendy,CFA - Groupe C,31,2012-05-12,Tarbes Pyrénées,Monaco B,2:3,Not in squad,,,,,,,,,,
2011/12,111051,Nampalys Mendy,CFA - Groupe C,32,2012-05-20,Monaco B,Cannes,0:0,Not in squad,,,,,,,,,,
2011/12,111051,Nampalys Mendy,CFA - Groupe C,33,2012-05-26,US Colomiers,Monaco B,2:3,Not in squad,,,,,,,,,,
2011/12,111051,Nampalys Mendy,CFA - Groupe C,34,2012-06-02,Monaco B,ES Uzès PdG,4:1,Not in squad,,,,,,,,,,
2011/12,111051,Nampalys Mendy,Ligue 2,1,2011-08-01,Monaco,US Boulogne,0:0,DM,,,,,,,,,90,
2011/12,111051,Nampalys Mendy,Ligue 2,2,2011-08-06,Troyes,Monaco,1:1,DM,,,,,,,,,90,
2011/12,111051,Nampalys Mendy,Ligue 2,3,2011-08-15,Monaco,Stade Reims,1:2,DM,,,,,,,,73,73,
2011/12,111051,Nampalys Mendy,Ligue 2,4,2011-08-19,Monaco,Amiens SC,1:1,DM,,,,,,70,,,70,
2011/12,111051,Nampalys Mendy,Ligue 2,5,2011-08-29,Lens,Monaco,2:2,Not in squad,,,,,,,,,,
2011/12,111051,Nampalys Mendy,Ligue 2,6,2011-09-09,Monaco,Angers SCO,1:3,,,,,,,,74,,16,
2011/12,111051,Nampalys Mendy,Ligue 2,7,2011-09-16,SC Bastia,Monaco,1:1,CM,,,,,,,,,90,
2011/12,111051,Nampalys Mendy,Ligue 2,8,2011-09-19,Monaco,AC Arles-Avignon,1:0,CM,,,,,,,,,90,
2011/12,111051,Nampalys Mendy,Ligue 2,9,2011-09-23,Stade Lavallois,Monaco,1:0,CM,,,,92,,,,,90,
2011/12,111051,Nampalys Mendy,Ligue 2,10,2011-09-30,Monaco,CS Sedan,2:2,CM,,,,,,,,,90,
2011/12,111051,Nampalys Mendy,Ligue 2,11,2011-10-17,Guingamp,Monaco,4:0,DM,,,,,,,,60,60,
2011/12,111051,Nampalys Mendy,Ligue 2,12,2011-10-21,Monaco,Tours FC,0:0,CM,,,,,,,,,90,
2011/12,111051,Nampalys Mendy,Ligue 2,13,2011-10-28,LB Châteauroux,Monaco,2:1,CM,,,,,,,,,90,
2011/12,111051,Nampalys Mendy,Ligue 2,14,2011-11-05,Monaco,Le Mans FC,2:2,CM,,,,,,,,,90,
2011/12,111051,Nampalys Mendy,Ligue 2,15,2011-11-25,FC Nantes,Monaco,3:0,Not in squad,,,,,,,,,,
2011/12,111051,Nampalys Mendy,Ligue 2,16,2011-12-02,Monaco,FC Metz,0:2,Not in squad,,,,,,,,,,
2011/12,111051,Nampalys Mendy,Ligue 2,17,2011-12-17,Le Havre AC,Monaco,2:2,Not in squad,,,,,,,,,,
2011/12,111051,Nampalys Mendy,Ligue 2,18,2011-12-20,Monaco,Clermont Foot,0:0,Not in squad,,,,,,,,,,
2011/12,111051,Nampalys Mendy,Ligue 2,19,2012-01-14,FC Istres,Monaco,0:1,Not in squad,,,,,,,,,,
2011/12,111051,Nampalys Mendy,Ligue 2,20,2012-01-18,Amiens SC,Monaco,1:2,Not in squad,,,,,,,,,,
2011/12,111051,Nampalys Mendy,Ligue 2,21,2012-01-30,Monaco,Lens,2:2,Not in squad,,,,,,,,,,
2011/12,111051,Nampalys Mendy,Ligue 2,23,2012-02-13,Monaco,SC Bastia,0:1,,,,,,,,85,,5,
2011/12,111051,Nampalys Mendy,Ligue 2,24,2012-02-17,AC Arles-Avignon,Monaco,2:1,Not in squad,,,,,,,,,,
2011/12,111051,Nampalys Mendy,Ligue 2,25,2012-02-24,Monaco,Stade Lavallois,2:1,DM,,,,,,,,,90,
2011/12,111051,Nampalys Mendy,Ligue 2,26,2012-03-02,CS Sedan,Monaco,2:2,DM,,,,,,,,58,58,
2011/12,111051,Nampalys Mendy,Ligue 2,22,2012-03-06,Angers SCO,Monaco,1:2,,,,,,,,46,,45,
2011/12,111051,Nampalys Mendy,Ligue 2,27,2012-03-09,Monaco,Guingamp,1:0,,,,,,,,77,,13,
2011/12,111051,Nampalys Mendy,Ligue 2,28,2012-03-16,Tours FC,Monaco,0:0,,,,,,,,60,,30,
2011/12,111051,Nampalys Mendy,Ligue 2,29,2012-03-23,Monaco,LB Châteauroux,2:1,,,,,,,,76,,14,
2011/12,111051,Nampalys Mendy,Ligue 2,30,2012-03-30,Le Mans FC,Monaco,0:1,CM,,,,,,,73,,17,
2011/12,111051,Nampalys Mendy,Ligue 2,31,2012-04-06,Monaco,FC Nantes,2:1,CM,,,,,,,58,,32,
2011/12,111051,Nampalys Mendy,Ligue 2,32,2012-04-13,FC Metz,Monaco,0:2,CM,,,,,,,65,,25,
2011/12,111051,Nampalys Mendy,Ligue 2,33,2012-04-20,Monaco,Le Havre AC,1:0,CM,,,,,,,85,,5,
2011/12,111051,Nampalys Mendy,Ligue 2,34,2012-04-27,Clermont Foot,Monaco,1:0,CM,,,,,,,83,,7,
2011/12,111051,Nampalys Mendy,Ligue 2,35,2012-05-01,Monaco,FC Istres,3:2,on the bench,,,,,,,,,,
2011/12,111051,Nampalys Mendy,Ligue 2,36,2012-05-07,Stade Reims,Monaco,2:0,DM,,,,,,,,74,74,
2011/12,111051,Nampalys Mendy,Ligue 2,37,2012-05-11,Monaco,Troyes,0:2,DM,,,,,,,61,,29,
2011/12,111051,Nampalys Mendy,Ligue 2,38,2012-05-18,US Boulogne,Monaco,1:2,DM,,,,,,,,,90,
