﻿season,player_id,player_name,competition,journey,date,home_team,away_team,result,position,goals,assists,own_goals,yellow_cards,second_yellow_cards,red_cards,substitutions_on,substitutions_off,minutes_played,transfermarkt_score
2024/25,1108471,Landon Emenalo,UEFA Conference League,Group Stage,2024-10-03,Chelsea,KAA Gent,4:2,Not in squad,,,,,,,,,,
2024/25,1108471,Landon Emenalo,UEFA Conference League,Group Stage,2024-10-24,Panathinaikos,Chelsea,1:4,Not in squad,,,,,,,,,,
2024/25,1108471,Landon Emenalo,UEFA Conference League,Group Stage,2024-11-07,Chelsea,FC Noah,8:0,Not in squad,,,,,,,,,,
2024/25,1108471,Landon Emenalo,UEFA Conference League,Group Stage,2024-11-28,Heidenheim,Chelsea,0:2,Not in squad,,,,,,,,,,
2024/25,1108471,Landon Emenalo,UEFA Conference League,Group Stage,2024-12-12,FC Astana,Chelsea,1:3,Not in squad,,,,,,,,,,
2024/25,1108471,Landon Emenalo,UEFA Conference League,Group Stage,2024-12-19,Chelsea,Shamrock Rovers,5:1,Not in squad,,,,,,,,,,
2024/25,1108471,Landon Emenalo,UEFA Conference League,last 16 1st leg,2025-03-06,Copenhagen,Chelsea,1:2,Not in squad,,,,,,,,,,
2024/25,1108471,Landon Emenalo,UEFA Conference League,last 16 2nd leg,2025-03-13,Chelsea,Copenhagen,1:0,Not in squad,,,,,,,,,,
2024/25,1108471,Landon Emenalo,UEFA Conference League,Quarter-Finals 1st leg,2025-04-10,Legia Warszawa,Chelsea,0:3,Not in squad,,,,,,,,,,
2024/25,1108471,Landon Emenalo,UEFA Conference League,Quarter-Finals 2nd leg,2025-04-17,Chelsea,Legia Warszawa,1:2,on the bench,,,,,,,,,,
2024/25,1108471,Landon Emenalo,UEFA Conference League,Semi-Finals 1st Leg,2025-05-01,Djurgården,Chelsea,1:4,Not in squad,,,,,,,,,,
2024/25,1108471,Landon Emenalo,UEFA Conference League,Semi-Finals 2nd Leg,2025-05-08,Chelsea,Djurgården,1:0,Not in squad,,,,,,,,,,
2024/25,1108471,Landon Emenalo,UEFA Conference League,Final,2025-05-28,Real Betis,Chelsea,1:4,Not in squad,,,,,,,,,,
2024/25,1108471,Landon Emenalo,International Friendlies,12,2024-09-04,Mexico U17,England U17,0:5,Not in squad,,,,,,,,,,
2024/25,1108471,Landon Emenalo,International Friendlies,2,2024-09-07,England U17,Israel U17,0:0,Not in squad,,,,,,,,,,
2024/25,1108471,Landon Emenalo,International Friendlies,2,2024-09-10,Germany U17,England U17,1:3,Not in squad,,,,,,,,,,
2024/25,1108471,Landon Emenalo,International Friendlies,6,2024-11-15,Belgium U17,England U17,1:1,,,,,,,,74,,16,
2024/25,1108471,Landon Emenalo,International Friendlies,7,2024-11-18,Belgium U17,England U17,2:1,CB,,,,,,,,62,62,
2024/25,1108471,Landon Emenalo,International Friendlies,23,2025-02-20,Netherlands U17,England U17,2:3,Not in squad,,,,,,,,,,
2024/25,1108471,Landon Emenalo,International Friendlies,23,2025-02-23,Netherlands U17,England U17,0:4,Not in squad,,,,,,,,,,
2024/25,1108471,Landon Emenalo,FIFA Club World Cup,Group D,2025-06-16,Chelsea,LAFC,2:0,Not in squad,,,,,,,,,,
2024/25,1108471,Landon Emenalo,FIFA Club World Cup,Group D,2025-06-20,Flamengo,Chelsea,3:1,Not in squad,,,,,,,,,,
2024/25,1108471,Landon Emenalo,FIFA Club World Cup,Group D,2025-06-25,Esperance,Chelsea,0:3,Not in squad,,,,,,,,,,
2024/25,1108471,Landon Emenalo,FIFA Club World Cup,Round of 16,2025-06-28,Benfica,Chelsea,1:4 AET,Not in squad,,,,,,,,,,
2024/25,1108471,Landon Emenalo,UEFA Conference League Qualifiers,Qualifying Round 1st leg,2024-08-22,Chelsea,Servette FC,2:0,Not in squad,,,,,,,,,,
2024/25,1108471,Landon Emenalo,UEFA Conference League Qualifiers,Qualifying Round 2nd leg,2024-08-29,Servette FC,Chelsea,2:1,Not in squad,,,,,,,,,,
2024/25,1108471,Landon Emenalo,Premier League,1,2024-08-18,Chelsea,Man City,0:2,Not in squad,,,,,,,,,,
2024/25,1108471,Landon Emenalo,Premier League,2,2024-08-25,Wolves,Chelsea,2:6,Not in squad,,,,,,,,,,
2024/25,1108471,Landon Emenalo,Premier League,3,2024-09-01,Chelsea,Crystal Palace,1:1,Not in squad,,,,,,,,,,
2024/25,1108471,Landon Emenalo,Premier League,4,2024-09-14,Bournemouth,Chelsea,0:1,Not in squad,,,,,,,,,,
2024/25,1108471,Landon Emenalo,Premier League,5,2024-09-21,West Ham,Chelsea,0:3,Not in squad,,,,,,,,,,
2024/25,1108471,Landon Emenalo,Premier League,6,2024-09-28,Chelsea,Brighton,4:2,Not in squad,,,,,,,,,,
2024/25,1108471,Landon Emenalo,Premier League,7,2024-10-06,Chelsea,Nott'm Forest,1:1,Not in squad,,,,,,,,,,
2024/25,1108471,Landon Emenalo,Premier League,8,2024-10-20,Liverpool,Chelsea,2:1,Not in squad,,,,,,,,,,
2024/25,1108471,Landon Emenalo,Premier League,9,2024-10-27,Chelsea,Newcastle,2:1,Not in squad,,,,,,,,,,
2024/25,1108471,Landon Emenalo,Premier League,10,2024-11-03,Man Utd,Chelsea,1:1,Not in squad,,,,,,,,,,
2024/25,1108471,Landon Emenalo,Premier League,11,2024-11-10,Chelsea,Arsenal,1:1,Not in squad,,,,,,,,,,
2024/25,1108471,Landon Emenalo,Premier League,12,2024-11-23,Leicester,Chelsea,1:2,Not in squad,,,,,,,,,,
2024/25,1108471,Landon Emenalo,Premier League,13,2024-12-01,Chelsea,Aston Villa,3:0,Not in squad,,,,,,,,,,
2024/25,1108471,Landon Emenalo,Premier League,14,2024-12-04,Southampton,Chelsea,1:5,Not in squad,,,,,,,,,,
2024/25,1108471,Landon Emenalo,Premier League,15,2024-12-08,Tottenham,Chelsea,3:4,Not in squad,,,,,,,,,,
2024/25,1108471,Landon Emenalo,Premier League,16,2024-12-15,Chelsea,Brentford,2:1,Not in squad,,,,,,,,,,
2024/25,1108471,Landon Emenalo,Premier League,17,2024-12-22,Everton,Chelsea,0:0,Not in squad,,,,,,,,,,
2024/25,1108471,Landon Emenalo,Premier League,18,2024-12-26,Chelsea,Fulham,1:2,Not in squad,,,,,,,,,,
2024/25,1108471,Landon Emenalo,Premier League,19,2024-12-30,Ipswich,Chelsea,2:0,Not in squad,,,,,,,,,,
2024/25,1108471,Landon Emenalo,Premier League,20,2025-01-04,Crystal Palace,Chelsea,1:1,Not in squad,,,,,,,,,,
2024/25,1108471,Landon Emenalo,Premier League,21,2025-01-14,Chelsea,Bournemouth,2:2,Not in squad,,,,,,,,,,
2024/25,1108471,Landon Emenalo,Premier League,22,2025-01-20,Chelsea,Wolves,3:1,Not in squad,,,,,,,,,,
2024/25,1108471,Landon Emenalo,Premier League,23,2025-01-25,Man City,Chelsea,3:1,Not in squad,,,,,,,,,,
2024/25,1108471,Landon Emenalo,Premier League,24,2025-02-03,Chelsea,West Ham,2:1,Not in squad,,,,,,,,,,
2024/25,1108471,Landon Emenalo,Premier League,25,2025-02-14,Brighton,Chelsea,3:0,Not in squad,,,,,,,,,,
2024/25,1108471,Landon Emenalo,Premier League,26,2025-02-22,Aston Villa,Chelsea,2:1,Not in squad,,,,,,,,,,
2024/25,1108471,Landon Emenalo,Premier League,27,2025-02-25,Chelsea,Southampton,4:0,Not in squad,,,,,,,,,,
2024/25,1108471,Landon Emenalo,Premier League,28,2025-03-09,Chelsea,Leicester,1:0,Not in squad,,,,,,,,,,
2024/25,1108471,Landon Emenalo,Premier League,29,2025-03-16,Arsenal,Chelsea,1:0,Not in squad,,,,,,,,,,
2024/25,1108471,Landon Emenalo,Premier League,30,2025-04-03,Chelsea,Tottenham,1:0,Not in squad,,,,,,,,,,
2024/25,1108471,Landon Emenalo,Premier League,31,2025-04-06,Brentford,Chelsea,0:0,Not in squad,,,,,,,,,,
2024/25,1108471,Landon Emenalo,Premier League,32,2025-04-13,Chelsea,Ipswich,2:2,Not in squad,,,,,,,,,,
2024/25,1108471,Landon Emenalo,Premier League,33,2025-04-20,Fulham,Chelsea,1:2,Not in squad,,,,,,,,,,
2024/25,1108471,Landon Emenalo,Premier League,34,2025-04-26,Chelsea,Everton,1:0,Not in squad,,,,,,,,,,
2024/25,1108471,Landon Emenalo,Premier League,35,2025-05-04,Chelsea,Liverpool,3:1,Not in squad,,,,,,,,,,
2024/25,1108471,Landon Emenalo,Premier League,36,2025-05-11,Newcastle,Chelsea,2:0,Not in squad,,,,,,,,,,
2024/25,1108471,Landon Emenalo,Premier League,37,2025-05-16,Chelsea,Man Utd,1:0,Not in squad,,,,,,,,,,
2024/25,1108471,Landon Emenalo,Premier League,38,2025-05-25,Nott'm Forest,Chelsea,0:1,Not in squad,,,,,,,,,,
2024/25,1108471,Landon Emenalo,EFL Trophy,group B3,2024-09-24,Bromley,Chelsea U21,2:3,Not in squad,,,,,,,,,,
2024/25,1108471,Landon Emenalo,EFL Trophy,group B3,2024-10-29,Charlton,Chelsea U21,3:0,Not in squad,,,,,,,,,,
2024/25,1108471,Landon Emenalo,EFL Trophy,group B3,2024-11-05,Cambridge Utd.,Chelsea U21,1:0,Not in squad,,,,,,,,,,
2024/25,1108471,Landon Emenalo,FA Cup,Third Round,2025-01-11,Chelsea,Morecambe FC,5:0,Not in squad,,,,,,,,,,
2024/25,1108471,Landon Emenalo,FA Cup,Fourth Round,2025-02-08,Brighton,Chelsea,2:1,Not in squad,,,,,,,,,,
2024/25,1108471,Landon Emenalo,EFL Cup,Third Round,2024-09-24,Chelsea,Barrow,5:0,Not in squad,,,,,,,,,,
2024/25,1108471,Landon Emenalo,EFL Cup,Fourth Round,2024-10-30,Newcastle,Chelsea,2:0,Not in squad,,,,,,,,,,
2024/25,1108471,Landon Emenalo,Premier League 2 Playoffs,Round of 16,2025-04-26,Chelsea U21,Wolves U21,4:0,CB,,,,,,,,,90,
2024/25,1108471,Landon Emenalo,Premier League 2 Playoffs,Quarter-Finals,2025-05-02,Palace U21,Chelsea U21,6:0,CB,,,,,,,,,90,
2024/25,1108471,Landon Emenalo,U18 Premier League,1,2024-08-17,Chelsea U18,Brighton U18,2:5,Not in squad,,,,,,,,,,
2024/25,1108471,Landon Emenalo,U18 Premier League,2,2024-08-24,Arsenal U18,Chelsea U18,1:0,DM,,,,,,,,80,80,
2024/25,1108471,Landon Emenalo,U18 Premier League,3,2024-08-31,Chelsea U18,Leicester U18,2:5,DM,1,,,,,,,,90,
2024/25,1108471,Landon Emenalo,U18 Premier League,5,2024-09-21,Chelsea U18,Aston Villa U18,6:2,DM,,,,,,,,84,84,
2024/25,1108471,Landon Emenalo,U18 Premier League,6,2024-09-28,West Ham U18,Chelsea U18,2:3,DM,,,,76,,,,,90,
2024/25,1108471,Landon Emenalo,U18 Premier League,7,2024-10-19,Chelsea U18,Reading U18,1:2,DM,,,,,,,,,90,
2024/25,1108471,Landon Emenalo,U18 Premier League,8,2024-10-26,Southampton U18,Chelsea U18,2:1,Not in squad,,,,,,,,,,
2024/25,1108471,Landon Emenalo,U18 Premier League,9,2024-11-02,Chelsea U18,Fulham U18,2:1,DM,,,,28,,,,75,75,
2024/25,1108471,Landon Emenalo,U18 Premier League,10,2024-11-09,Norwich U18,Chelsea U18,1:3,CB,,,,,,,,,90,
2024/25,1108471,Landon Emenalo,U18 Premier League,11,2024-11-30,Chelsea U18,Spurs U18,3:3,DM,,,,,,,,,90,
2024/25,1108471,Landon Emenalo,U18 Premier League,12,2024-12-17,Palace U18,Chelsea U18,4:2,CB,,,,26,,,,,90,
2024/25,1108471,Landon Emenalo,U18 Premier League,13,2025-01-11,Chelsea U18,West Brom U18,4:1,CB,,,,,,,,,90,
2024/25,1108471,Landon Emenalo,U18 Premier League,14,2025-01-25,Brighton U18,Chelsea U18,3:4,Not in squad,,,,,,,,,,
2024/25,1108471,Landon Emenalo,U18 Premier League,16,2025-02-08,Leicester U18,Chelsea U18,1:3,Not in squad,,,,,,,,,,
2024/25,1108471,Landon Emenalo,U18 Premier League,18,2025-02-22,Chelsea U18,West Ham U18,2:2,Not in squad,,,,,,,,,,
2024/25,1108471,Landon Emenalo,U18 Premier League,19,2025-03-01,Aston Villa U18,Chelsea U18,1:2,Not in squad,,,,,,,,,,
2024/25,1108471,Landon Emenalo,U18 Premier League,20,2025-03-08,West Brom U18,Chelsea U18,2:4,Not in squad,,,,,,,,,,
2024/25,1108471,Landon Emenalo,U18 Premier League,15,2025-03-11,Chelsea U18,Arsenal U18,2:3,DM,,1,,,,,,,90,
2024/25,1108471,Landon Emenalo,U18 Premier League,21,2025-03-15,Chelsea U18,Palace U18,1:0,Not in squad,,,,,,,,,,
2024/25,1108471,Landon Emenalo,U18 Premier League,22,2025-04-01,Reading U18,Chelsea U18,0:2,Not in squad,,,,,,,,,,
2024/25,1108471,Landon Emenalo,U18 Premier League,23,2025-04-12,Chelsea U18,Southampton U18,4:3,DM,,,,,,,,60,60,
2024/25,1108471,Landon Emenalo,U18 Premier League,24,2025-04-15,Fulham U18,Chelsea U18,1:0,Not in squad,,,,,,,,,,
2024/25,1108471,Landon Emenalo,U18 Premier League,25,2025-04-26,Chelsea U18,Norwich U18,5:1,Not in squad,,,,,,,,,,
2024/25,1108471,Landon Emenalo,U18 Premier League,26,2025-05-03,Spurs U18,Chelsea U18,0:0,Not in squad,,,,,,,,,,
2024/25,1108471,Landon Emenalo,Premier League 2,1,2024-08-16,Chelsea U21,Tottenham U21,1:2,Not in squad,,,,,,,,,,
2024/25,1108471,Landon Emenalo,Premier League 2,2,2024-08-23,Chelsea U21,Everton U21,1:1,Not in squad,,,,,,,,,,
2024/25,1108471,Landon Emenalo,Premier League 2,3,2024-09-01,Boro U21,Chelsea U21,1:3,Not in squad,,,,,,,,,,
2024/25,1108471,Landon Emenalo,Premier League 2,4,2024-09-21,Chelsea U21,West Brom U21,1:2,Not in squad,,,,,,,,,,
2024/25,1108471,Landon Emenalo,Premier League 2,5,2024-09-27,West Ham U21,Chelsea U21,3:2,Not in squad,,,,,,,,,,
2024/25,1108471,Landon Emenalo,Premier League 2,6,2024-10-04,Fulham U21,Chelsea U21,0:6,Not in squad,,,,,,,,,,
2024/25,1108471,Landon Emenalo,Premier League 2,7,2024-10-25,Chelsea U21,Leicester U21,3:1,Not in squad,,,,,,,,,,
2024/25,1108471,Landon Emenalo,Premier League 2,8,2024-11-01,Chelsea U21,Arsenal U21,2:1,Not in squad,,,,,,,,,,
2024/25,1108471,Landon Emenalo,Premier League 2,9,2024-11-29,Derby U21,Chelsea U21,2:6,Not in squad,,,,,,,,,,
2024/25,1108471,Landon Emenalo,Premier League 2,10,2024-12-16,Newcastle U21,Chelsea U21,3:2,Not in squad,,,,,,,,,,
2024/25,1108471,Landon Emenalo,Premier League 2,11,2025-01-13,Chelsea U21,Reading U21,3:0,Not in squad,,,,,,,,,,
2024/25,1108471,Landon Emenalo,Premier League 2,12,2025-01-17,Nottingham U21,Chelsea U21,2:4,Not in squad,,,,,,,,,,
2024/25,1108471,Landon Emenalo,Premier League 2,13,2025-01-24,Chelsea U21,Southampton U21,0:2,,,,,90,,,69,,21,
2024/25,1108471,Landon Emenalo,Premier League 2,14,2025-02-07,Chelsea U21,Leeds U21,1:1,CB,,,,,,,,,90,
2024/25,1108471,Landon Emenalo,Premier League 2,15,2025-02-16,Liverpool U21,Chelsea U21,0:3,,,,,,,,62,,28,
2024/25,1108471,Landon Emenalo,Premier League 2,16,2025-02-21,Chelsea U21,Man Utd U21,2:0,CB,,,,,,,,,90,
2024/25,1108471,Landon Emenalo,Premier League 2,17,2025-02-28,Man City U21,Chelsea U21,5:0,CB,,,,,,,,,90,
2024/25,1108471,Landon Emenalo,Premier League 2,18,2025-03-14,Norwich U21,Chelsea U21,1:3,CB,,1,,,,,,46,45,
2024/25,1108471,Landon Emenalo,Premier League 2,19,2025-04-04,Chelsea U21,Aston Villa U21,4:1,,,1,,,,,,,90,
2024/25,1108471,Landon Emenalo,Premier League 2,20,2025-04-14,Palace U21,Chelsea U21,2:4,DM,,,,,,,,,90,
2024/25,1108471,Landon Emenalo,2025 UEFA Under-17 Euro,Group B,2025-05-20,England U17,Belgium U17,1:1,DM,,,,,,,64,,26,
2024/25,1108471,Landon Emenalo,2025 UEFA Under-17 Euro,Group B,2025-05-23,Italy U17,England U17,4:2,on the bench,,,,,,,,,,
2024/25,1108471,Landon Emenalo,2025 UEFA Under-17 Euro,Group B,2025-05-26,Czechia U17,England U17,2:4,on the bench,,,,,,,,,,
2024/25,1108471,Landon Emenalo,Premier League International Cup U21,Group D,2024-08-28,Chelsea U21,RB Leipzig U19,2:4,Information not yet available,,,,,,,,,,
2024/25,1108471,Landon Emenalo,Premier League International Cup U21,Group D,2024-10-01,Chelsea U21,RSCA Futures,4:0,Not in squad,,,,,,,,,,
2024/25,1108471,Landon Emenalo,Premier League International Cup U21,Group D,2024-11-26,Chelsea U21,Real Sociedad B,2:1,Information not yet available,,,,,,,,,,
2024/25,1108471,Landon Emenalo,Premier League International Cup U21,Group D,2025-01-07,Chelsea U21,Sporting B,1:2,Information not yet available,,,,,,,,,,
2024/25,1108471,Landon Emenalo,UEFA European Under-17 Championship qualification,Group 1,2024-10-24,England U17,Malta U17,4:0,DM,,1,,,,,,,90,
2024/25,1108471,Landon Emenalo,UEFA European Under-17 Championship qualification,Group 1,2024-10-27,England U17,Latvia U17,4:0,,,,,,,,46,,45,
2024/25,1108471,Landon Emenalo,UEFA European Under-17 Championship qualification,Group 1,2024-10-30,Sweden U17,England U17,2:4,DM,,,,,,,,,90,
2024/25,1108471,Landon Emenalo,UEFA European Under-17 Championship qualification,group A7,2025-03-19,England U17,Israel U17,2:0,Not in squad,,,,,,,,,,
2024/25,1108471,Landon Emenalo,UEFA European Under-17 Championship qualification,group A7,2025-03-22,England U17,Slovenia U17,3:2,Not in squad,,,,,,,,,,
2024/25,1108471,Landon Emenalo,UEFA European Under-17 Championship qualification,group A7,2025-03-25,N. Ireland U17,England U17,0:5,Not in squad,,,,,,,,,,
2024/25,1108471,Landon Emenalo,Premier League Cup,group I,2024-09-15,Chelsea U21,Brentford U21,6:3,Not in squad,,,,,,,,,,
2024/25,1108471,Landon Emenalo,Premier League Cup,group I,2024-10-21,Bournemouth U21,Chelsea U21,1:4,Not in squad,,,,,,,,,,
2024/25,1108471,Landon Emenalo,Premier League Cup,group I,2024-11-08,Derby U21,Chelsea U21,4:3,Not in squad,,,,,,,,,,
2024/25,1108471,Landon Emenalo,Premier League Cup,group I,2024-12-21,Chelsea U21,Bournemouth U21,2:1,Not in squad,,,,,,,,,,
2024/25,1108471,Landon Emenalo,Premier League Cup,group I,2025-01-27,Brentford U21,Chelsea U21,2:2,CB,,,,,,,,,90,
2024/25,1108471,Landon Emenalo,Premier League Cup,group I,2025-01-31,Chelsea U21,Derby U21,2:1,on the bench,,,,,,,,,,
2024/25,1108471,Landon Emenalo,Premier League Cup,Round of 16,2025-03-07,Chelsea U21,Ipswich U21,2:1,CB,,,,,,,,,90,
2024/25,1108471,Landon Emenalo,Premier League Cup,Quarter-Finals,2025-04-07,Burnley U21,Chelsea U21,2:0,CB,,,,,,,,,90,
2024/25,1108471,Landon Emenalo,FA Youth Cup,Third Round,2024-12-13,Leicester U18,Chelsea U18,2:3,CB,,,,,,,,,90,
2024/25,1108471,Landon Emenalo,FA Youth Cup,Fourth Round,2025-01-15,Chelsea U18,Merstham U18,7:1,CB,,,,,,,,,90,
2024/25,1108471,Landon Emenalo,FA Youth Cup,Fifth Round,2025-02-12,Man Utd U18,Chelsea U18,5:1,CB,,,,,,,,,90,
