﻿season,player_id,player_name,competition,journey,date,home_team,away_team,result,position,goals,assists,own_goals,yellow_cards,second_yellow_cards,red_cards,substitutions_on,substitutions_off,minutes_played,transfermarkt_score
2022/23,106987,Marcel Sabitzer,Bundesliga,1,2022-08-05,Frankfurt,Bayern Munich,1:6,CM,,,,,,,,57,2,57.0
2022/23,106987,Marcel Sabitzer,Bundesliga,2,2022-08-14,Bayern Munich,Wolfsburg,2:0,CM,,,,,,,,,2,90.0
2022/23,106987,Marcel Sabitzer,Bundesliga,3,2022-08-21,VfL Bochum,Bayern Munich,0:7,CM,,,,,,,,61,2,61.0
2022/23,106987,Marcel Sabitzer,Bundesliga,4,2022-08-27,Bayern Munich,Mönchengladbach,1:1,CM,,,,63,,,,68,3,68.0
2022/23,106987,Marcel Sabitzer,Bundesliga,5,2022-09-03,Union Berlin,Bayern Munich,1:1,CM,,,,,,,,,2,90.0
2022/23,106987,Marcel Sabitzer,Bundesliga,6,2022-09-10,Bayern Munich,Stuttgart,2:2,on the bench,,,,,,,,,,
2022/23,106987,Marcel Sabitzer,Bundesliga,7,2022-09-17,Augsburg,Bayern Munich,1:0,CM,,,,,,,69,,3,21.0
2022/23,106987,Marcel Sabitzer,Bundesliga,8,2022-09-30,Bayern Munich,Leverkusen,4:0,CM,,,,,,,,65,3,65.0
2022/23,106987,Marcel Sabitzer,Bundesliga,9,2022-10-08,Dortmund,Bayern Munich,2:2,CM,,,,2,,,,46,3,45.0
2022/23,106987,Marcel Sabitzer,Bundesliga,10,2022-10-16,Bayern Munich,Freiburg,5:0,CM,1,,,,,,76,,,14.0
2022/23,106987,Marcel Sabitzer,Bundesliga,11,2022-10-22,Hoffenheim,Bayern Munich,0:2,CM,,,,,,,70,,3,20.0
2022/23,106987,Marcel Sabitzer,Bundesliga,12,2022-10-29,Bayern Munich,Mainz,6:2,CM,,1,,,,,60,,3,30.0
2022/23,106987,Marcel Sabitzer,Bundesliga,13,2022-11-05,Hertha BSC,Bayern Munich,2:3,CM,,,,,,,78,,,12.0
2022/23,106987,Marcel Sabitzer,Bundesliga,14,2022-11-08,Bayern Munich,Werder Bremen,6:1,LB,,,,,,,57,,3,33.0
2022/23,106987,Marcel Sabitzer,Bundesliga,15,2022-11-12,FC Schalke 04,Bayern Munich,0:2,CM,,,,,,,72,,3,18.0
2022/23,106987,Marcel Sabitzer,Bundesliga,16,2023-01-20,Leipzig,Bayern Munich,1:1,on the bench,,,,,,,,,,
2022/23,106987,Marcel Sabitzer,Bundesliga,17,2023-01-24,Bayern Munich,1.FC Köln,1:1,on the bench,,,,,,,,,,
2022/23,106987,Marcel Sabitzer,Bundesliga,18,2023-01-28,Bayern Munich,Frankfurt,1:1,,,,,,,,90,,,1.0
2022/23,106987,Marcel Sabitzer,UEFA Champions League,Group C,2022-09-07,Inter,Bayern Munich,0:2,CM,,,,,,,,61,61,
2022/23,106987,Marcel Sabitzer,UEFA Champions League,Group C,2022-09-13,Bayern Munich,Barcelona,2:0,CM,,,,19,,,,46,45,
2022/23,106987,Marcel Sabitzer,UEFA Champions League,Group C,2022-10-04,Bayern Munich,Viktoria Plzeň,5:0,CM,,,,,,,72,,18,
2022/23,106987,Marcel Sabitzer,UEFA Champions League,Group C,2022-10-12,Viktoria Plzeň,Bayern Munich,2:4,AM,,,,90,,,70,,20,
2022/23,106987,Marcel Sabitzer,UEFA Champions League,Group C,2022-10-26,Barcelona,Bayern Munich,0:3,CM,,,,,,,46,,45,
2022/23,106987,Marcel Sabitzer,UEFA Champions League,Group C,2022-11-01,Bayern Munich,Inter,2:0,CM,,,,38,,,,,90,
2022/23,106987,Marcel Sabitzer,UEFA Europa League,intermediate stage 1st leg,2023-02-16,Barcelona,Man Utd,2:2,Not in squad,,,,,,,,,,
2022/23,106987,Marcel Sabitzer,UEFA Europa League,intermediate stage 2nd leg,2023-02-23,Man Utd,Barcelona,2:1,on the bench,,,,,,,,,,
2022/23,106987,Marcel Sabitzer,UEFA Europa League,last 16 1st leg,2023-03-09,Man Utd,Real Betis,4:1,unknown injury,,,,,,,,,,
2022/23,106987,Marcel Sabitzer,UEFA Europa League,last 16 2nd leg,2023-03-16,Real Betis,Man Utd,0:1,CM,,,,,,,60,,30,
2022/23,106987,Marcel Sabitzer,UEFA Europa League,Quarter-Finals 1st leg,2023-04-13,Man Utd,Sevilla FC,2:2,AM,2,,,,,,,,90,
2022/23,106987,Marcel Sabitzer,UEFA Europa League,Quarter-Finals 2nd leg,2023-04-20,Sevilla FC,Man Utd,3:0,AM,,,,,,,,68,68,
2022/23,106987,Marcel Sabitzer,DFB-Pokal,First Round,2022-08-31,Viktoria Köln,Bayern Munich,0:5,CM,,,,,,,80,,10,
2022/23,106987,Marcel Sabitzer,DFB-Pokal,Second Round,2022-10-19,Augsburg,Bayern Munich,2:5,CM,,,,,,,85,,5,
2022/23,106987,Marcel Sabitzer,European Qualifiers,Group F,2023-03-24,Austria,Azerbaijan,4:1,CM,2,1,,,,,,74,74,
2022/23,106987,Marcel Sabitzer,European Qualifiers,Group F,2023-03-27,Austria,Estonia,2:1,on the bench,,,,,,,,,,
2022/23,106987,Marcel Sabitzer,European Qualifiers,Group F,2023-06-17,Belgium,Austria,1:1,,,,,,,,60,,30,
2022/23,106987,Marcel Sabitzer,European Qualifiers,Group F,2023-06-20,Austria,Sweden,2:0,,,,,,,,59,,31,
2023/24,106987,Marcel Sabitzer,European Qualifiers,Group F,2023-09-12,Sweden,Austria,1:3,LM,,1,,,,,,,90,
2023/24,106987,Marcel Sabitzer,European Qualifiers,Group F,2023-10-13,Austria,Belgium,2:3,,1,,,,,,79,,11,
2023/24,106987,Marcel Sabitzer,European Qualifiers,Group F,2023-10-16,Azerbaijan,Austria,0:1,,1,,,93,,,46,,45,
2023/24,106987,Marcel Sabitzer,European Qualifiers,Group F,2023-11-16,Estonia,Austria,0:2,LW,,,,,,,,89,89,
2022/23,106987,Marcel Sabitzer,DFL-Supercup,Final,2022-07-30,Leipzig,Bayern Munich,3:5,CM,,,,,,,,,90,
2022/23,106987,Marcel Sabitzer,International Friendlies,5,2022-11-16,Andorra,Austria,0:1,AM,,1,,,,,,,90,
2022/23,106987,Marcel Sabitzer,International Friendlies,5,2022-11-20,Austria,Italy,2:0,LM,,,,,,,,,90,
2021/22,106987,Marcel Sabitzer,UEFA Nations League A,Group 1,2022-06-03,Croatia,Austria,0:3,AM,1,,,,,,,,90,
2021/22,106987,Marcel Sabitzer,UEFA Nations League A,Group 1,2022-06-06,Austria,Denmark,1:2,,,,,,,,46,,45,
2021/22,106987,Marcel Sabitzer,UEFA Nations League A,Group 1,2022-06-10,Austria,France,1:1,LM,,,,89,,,,,90,
2021/22,106987,Marcel Sabitzer,UEFA Nations League A,Group 1,2022-06-13,Denmark,Austria,2:0,Centre Forward,,,,,,,,,90,
2022/23,106987,Marcel Sabitzer,UEFA Nations League A,Group 1,2022-09-22,France,Austria,2:0,RM,,,,,,,,69,69,
2022/23,106987,Marcel Sabitzer,UEFA Nations League A,Group 1,2022-09-25,Austria,Croatia,1:3,LM,,1,,52,,,,,90,
2022/23,106987,Marcel Sabitzer,Premier League,22,2023-02-04,Man Utd,Crystal Palace,2:1,DM,,,,,,,81,,9,
2022/23,106987,Marcel Sabitzer,Premier League,8,2023-02-08,Man Utd,Leeds,2:2,CM,,,,80,,,,82,82,
2022/23,106987,Marcel Sabitzer,Premier League,23,2023-02-12,Leeds,Man Utd,0:2,CM,,,,,,,,,90,
2022/23,106987,Marcel Sabitzer,Premier League,24,2023-02-19,Man Utd,Leicester,3:0,CM,,,,,,,,80,80,
2022/23,106987,Marcel Sabitzer,Premier League,26,2023-03-05,Liverpool,Man Utd,7:0,CM,,,,,,,77,,13,
2022/23,106987,Marcel Sabitzer,Premier League,27,2023-03-12,Man Utd,Southampton,0:0,unknown injury,,,,,,,,,,
2022/23,106987,Marcel Sabitzer,Premier League,29,2023-04-02,Newcastle,Man Utd,2:0,CM,,,,,,,,,90,
2022/23,106987,Marcel Sabitzer,Premier League,25,2023-04-05,Man Utd,Brentford,1:0,AM,,1,,,,,,71,71,
2022/23,106987,Marcel Sabitzer,Premier League,30,2023-04-08,Man Utd,Everton,2:0,CM,,,,,,,,76,76,
2022/23,106987,Marcel Sabitzer,Premier League,31,2023-04-16,Nott'm Forest,Man Utd,0:2,Groin problems,,,,,,,,,,
2022/23,106987,Marcel Sabitzer,Premier League,33,2023-04-27,Tottenham,Man Utd,2:2,on the bench,,,,,,,,,,
2022/23,106987,Marcel Sabitzer,Premier League,34,2023-04-30,Man Utd,Aston Villa,1:0,CM,,,,,,,,86,86,
2022/23,106987,Marcel Sabitzer,Premier League,28,2023-05-04,Brighton,Man Utd,1:0,AM,,,,,,,76,,14,
2022/23,106987,Marcel Sabitzer,Premier League,35,2023-05-07,West Ham,Man Utd,1:0,CM,,,,,,,74,,16,
2022/23,106987,Marcel Sabitzer,Premier League,36,2023-05-13,Man Utd,Wolves,2:0,Meniscus injury,,,,,,,,,,
2022/23,106987,Marcel Sabitzer,Premier League,37,2023-05-20,Bournemouth,Man Utd,0:1,Meniscus injury,,,,,,,,,,
2022/23,106987,Marcel Sabitzer,Premier League,32,2023-05-25,Man Utd,Chelsea,4:1,Meniscus injury,,,,,,,,,,
2022/23,106987,Marcel Sabitzer,Premier League,38,2023-05-28,Man Utd,Fulham,2:1,Meniscus injury,,,,,,,,,,
2022/23,106987,Marcel Sabitzer,FA Cup,Fifth Round,2023-03-01,Man Utd,West Ham,3:1,CM,,,,,,,,86,86,
2022/23,106987,Marcel Sabitzer,FA Cup,Quarter-Finals,2023-03-19,Man Utd,Fulham,3:1,CM,1,,,,,,,,90,
2022/23,106987,Marcel Sabitzer,FA Cup,Semi-Finals,2023-04-23,Brighton,Man Utd,6:7 on pens,AM,,,,,,,90,,30,
2022/23,106987,Marcel Sabitzer,FA Cup,Final,2023-06-03,Man City,Man Utd,2:1,Meniscus injury,,,,,,,,,,
2022/23,106987,Marcel Sabitzer,EFL Cup,Semi-Finals 2nd Leg,2023-02-01,Man Utd,Nott'm Forest,2:0,Not in squad,,,,,,,,,,
2022/23,106987,Marcel Sabitzer,EFL Cup,Final,2023-02-26,Man Utd,Newcastle,2:0,DM,,,,,,,70,,20,
