﻿season,player_id,player_name,competition,journey,date,home_team,away_team,result,position,goals,assists,own_goals,yellow_cards,second_yellow_cards,red_cards,substitutions_on,substitutions_off,minutes_played,transfermarkt_score
2025/26,104124,Michail Antonio,EFL Trophy,group B4,2025-09-16,MK Dons,West Ham U21,1:5,Not in squad,,,,,,,,,,
2025/26,104124,Michail Antonio,EFL Trophy,group B4,2025-09-30,Reading,West Ham U21,3:1,Not in squad,,,,,,,,,,
2025/26,104124,Michail Antonio,EFL Trophy,group B4,2025-10-28,Swindon Town,West Ham U21,2:3,Not in squad,,,,,,,,,,
2025/26,104124,Michail Antonio,Premier League 2,1,2025-08-18,West Ham U21,Nottingham U21,0:1,CF,,,,,,,,73,73,
2025/26,104124,Michail Antonio,Premier League 2,2,2025-08-22,Man City U21,West Ham U21,3:1,CF,,,,,,,,61,61,
2025/26,104124,Michail Antonio,Premier League 2,3,2025-08-29,Sunderland U21,West Ham U21,2:4,Not in squad,,,,,,,,,,
2025/26,104124,Michail Antonio,Premier League 2,4,2025-09-19,West Ham U21,Birmingham U21,3:0,Not in squad,,,,,,,,,,
2025/26,104124,Michail Antonio,Premier League 2,5,2025-09-26,West Ham U21,Brighton U21,3:3,Not in squad,,,,,,,,,,
2025/26,104124,Michail Antonio,Premier League 2,6,2025-10-04,Arsenal U21,West Ham U21,2:2,Not in squad,,,,,,,,,,
2025/26,104124,Michail Antonio,Premier League 2,7,2025-10-24,West Ham U21,Aston Villa U21,1:0,Not in squad,,,,,,,,,,
2025/26,104124,Michail Antonio,Premier League 2,8,2025-11-03,Wolves U21,West Ham U21,1:1,Not in squad,,,,,,,,,,
2025/26,104124,Michail Antonio,Premier League 2,9,2025-11-07,West Ham U21,Liverpool U21,3:0,Not in squad,,,,,,,,,,
2025/26,104124,Michail Antonio,Premier League International Cup U21,Group D,2025-12-03,West Ham U21,Bilbao Athletic,0:4,Not in squad,,,,,,,,,,
2025/26,104124,Michail Antonio,National League Cup,Group C,2025-08-13,Woking,West Ham U21,0:2,Not in squad,,,,,,,,,,
2025/26,104124,Michail Antonio,National League Cup,Group C,2025-10-21,Sutton Utd,West Ham U21,6:7 on pens,Not in squad,,,,,,,,,,
2025/26,104124,Michail Antonio,National League Cup,Group C,2025-11-25,Truro City FC,West Ham U21,0:3,Not in squad,,,,,,,,,,
