﻿season,player_id,player_name,competition,journey,date,home_team,away_team,result,position,goals,assists,own_goals,yellow_cards,second_yellow_cards,red_cards,substitutions_on,substitutions_off,minutes_played,transfermarkt_score
2018/19,104495,Lyle Taylor,EFL Trophy,group B7,2018-09-04,Charlton,AFC Wimbledon,4:6 on pens,Not in squad,,,,,,,,,,
2018/19,104495,Lyle Taylor,EFL Trophy,group B7,2018-10-09,Stevenage,Charlton,0:8,Not in squad,,,,,,,,,,
2018/19,104495,Lyle Taylor,EFL Trophy,group B7,2018-11-13,Charlton,Swansea U23,0:1,Not in squad,,,,,,,,,,
2018/19,104495,Lyle Taylor,League One,1,2018-08-04,Sunderland,Charlton,2:1,CF,1,,,,,,,,90,
2018/19,104495,Lyle Taylor,League One,2,2018-08-11,Charlton,Shrewsbury,2:1,CF,1,,,,,,,,90,
2018/19,104495,Lyle Taylor,League One,3,2018-08-18,Accrington,Charlton,1:1,CF,,,,29,,,,,90,
2018/19,104495,Lyle Taylor,League One,4,2018-08-21,Charlton,Peterborough,0:1,CF,,,,78,,,,,90,
2018/19,104495,Lyle Taylor,League One,5,2018-08-25,Charlton,Fleetwood,0:0,CF,,,,,,,,,90,
2018/19,104495,Lyle Taylor,League One,6,2018-09-01,Southend United,Charlton,1:2,CF,1,,,58,,,,,90,
2018/19,104495,Lyle Taylor,League One,7,2018-09-08,Charlton,Wycombe,3:2,CF,1,,,,,,,90,90,
2018/19,104495,Lyle Taylor,League One,8,2018-09-15,Bradford,Charlton,0:2,CF,1,,,,,,,,90,
2018/19,104495,Lyle Taylor,League One,9,2018-09-22,Charlton,Plymouth,2:1,CF,,,,,,,,,90,
2018/19,104495,Lyle Taylor,League One,10,2018-09-29,Luton,Charlton,2:2,CF,,,,,,,,,90,
2018/19,104495,Lyle Taylor,League One,11,2018-10-02,Scunthorpe Utd.,Charlton,5:3,CF,1,2,,,,,,,90,
2018/19,104495,Lyle Taylor,League One,12,2018-10-06,Charlton,Coventry,1:2,CF,1,,,,,,,,90,
2018/19,104495,Lyle Taylor,League One,14,2018-10-20,Charlton,Barnsley,2:0,CF,,1,,,,,,,90,
2018/19,104495,Lyle Taylor,League One,15,2018-10-23,Charlton,Oxford United,1:1,CF,1,,,,,,,,90,
2018/19,104495,Lyle Taylor,League One,16,2018-10-27,Rochdale,Charlton,1:0,CF,,,,,,,,,90,
2018/19,104495,Lyle Taylor,League One,17,2018-11-03,Charlton,Doncaster,2:0,CF,,1,,,,,,62,62,
2018/19,104495,Lyle Taylor,League One,13,2018-11-06,Walsall,Charlton,0:2,CF,1,,,73,,,,,90,
2018/19,104495,Lyle Taylor,League One,19,2018-11-24,Charlton,Bristol Rovers,3:1,Not in squad,,,,,,,,,,
2018/19,104495,Lyle Taylor,League One,20,2018-11-27,Burton Albion,Charlton,1:2,CF,,,,,,,,,90,
2018/19,104495,Lyle Taylor,League One,21,2018-12-08,Blackpool,Charlton,2:1,CF,,,,54,,,,,90,
2018/19,104495,Lyle Taylor,League One,18,2018-12-11,Portsmouth,Charlton,1:2,CF,,2,,,,,,,90,
2018/19,104495,Lyle Taylor,League One,22,2018-12-15,Charlton,AFC Wimbledon,2:0,CF,1,,,64,,,,,90,
2018/19,104495,Lyle Taylor,League One,23,2018-12-22,Charlton,Gillingham,2:0,CF,,,,,,,,79,79,
2018/19,104495,Lyle Taylor,League One,24,2018-12-26,Coventry,Charlton,2:1,CF,,,,84,,,,,90,
2018/19,104495,Lyle Taylor,League One,25,2018-12-29,Barnsley,Charlton,2:1,CF,,,,,,,,,90,
2018/19,104495,Lyle Taylor,League One,26,2019-01-01,Charlton,Walsall,2:1,CF,1,,,,,,,,90,
2018/19,104495,Lyle Taylor,League One,27,2019-01-05,Charlton,Sunderland,1:1,CF,,1,,,,,,,90,
2018/19,104495,Lyle Taylor,League One,28,2019-01-12,Shrewsbury,Charlton,0:3,CF,1,1,,,,,,,90,
2018/19,104495,Lyle Taylor,League One,29,2019-01-19,Charlton,Accrington,1:0,CF,,,,,,82,,,82,
2018/19,104495,Lyle Taylor,League One,30,2019-01-26,Peterborough,Charlton,0:0,Not in squad,,,,,,,,,,
2018/19,104495,Lyle Taylor,League One,31,2019-02-02,Fleetwood,Charlton,1:0,Not in squad,,,,,,,,,,
2018/19,104495,Lyle Taylor,League One,32,2019-02-09,Charlton,Southend United,1:1,Not in squad,,,,,,,,,,
2018/19,104495,Lyle Taylor,League One,33,2019-02-16,Charlton,Blackpool,0:0,CF,,,,41,,,,,90,
2018/19,104495,Lyle Taylor,League One,34,2019-02-23,AFC Wimbledon,Charlton,1:2,CF,,,,,,,,,90,
2018/19,104495,Lyle Taylor,League One,35,2019-03-02,Doncaster,Charlton,1:1,CF,,,,,,,,,90,
2018/19,104495,Lyle Taylor,League One,36,2019-03-09,Charlton,Portsmouth,2:1,CF,1,,,,,,,,90,
2018/19,104495,Lyle Taylor,League One,37,2019-03-12,Charlton,Burton Albion,2:1,CF,1,1,,,,,,,90,
2018/19,104495,Lyle Taylor,League One,38,2019-03-16,Bristol Rovers,Charlton,0:0,CF,,,,76,,,,,90,
2018/19,104495,Lyle Taylor,League One,40,2019-03-30,Charlton,Bradford,1:0,CF,1,,,,,,,,90,
2018/19,104495,Lyle Taylor,League One,41,2019-04-06,Plymouth,Charlton,0:2,CF,1,,,,,,,,90,
2018/19,104495,Lyle Taylor,League One,39,2019-04-09,Wycombe,Charlton,0:1,CF,,,,,,,,,90,
2018/19,104495,Lyle Taylor,League One,42,2019-04-13,Charlton,Luton,3:1,CF,2,,,31,,,,,90,
2018/19,104495,Lyle Taylor,League One,43,2019-04-19,Oxford United,Charlton,2:1,CF,1,,,,,,,,90,
2018/19,104495,Lyle Taylor,League One,44,2019-04-22,Charlton,Scunthorpe Utd.,4:0,CF,1,1,,,,,,,90,
2018/19,104495,Lyle Taylor,League One,45,2019-04-27,Gillingham,Charlton,0:2,Not in squad,,,,,,,,,,
2018/19,104495,Lyle Taylor,League One,46,2019-05-04,Charlton,Rochdale,4:0,CF,1,1,,,,,,83,83,
2018/19,104495,Lyle Taylor,FA Cup,First Round,2018-11-11,Mansfield Town,Charlton,1:1,Not in squad,,,,,,,,,,
2018/19,104495,Lyle Taylor,FA Cup,First Round Replay,2018-11-20,Charlton,Mansfield Town,5:0,CF,3,,,55,,,,,90,
2018/19,104495,Lyle Taylor,FA Cup,Second Round,2018-12-01,Charlton,Doncaster,0:2,Not in squad,,,,,,,,,,
2018/19,104495,Lyle Taylor,EFL Cup,First Round,2018-08-14,MK Dons,Charlton,3:0,Not in squad,,,,,,,,,,
2018/19,104495,Lyle Taylor,CONCACAF Nations League Qualifikation,Group A,2018-09-09,Montserrat,El Salvador,1:2,Not in squad,,,,,,,,,,
2018/19,104495,Lyle Taylor,CONCACAF Nations League Qualifikation,Group A,2018-10-15,Montserrat,Belize,1:0,CF,,,,32,,,,,90,
2018/19,104495,Lyle Taylor,CONCACAF Nations League Qualifikation,Group A,2018-11-17,Aruba,Montserrat,0:2,CF,,1,,,,,,,90,
2018/19,104495,Lyle Taylor,CONCACAF Nations League Qualifikation,Group A,2019-03-23,Cayman Islands,Montserrat,1:2,CF,,,,,,,,,90,
2018/19,104495,Lyle Taylor,League One Play-Offs,Semi-Finals 1st Leg,2019-05-12,Doncaster,Charlton,1:2,CF,1,1,,,,,,,90,
2018/19,104495,Lyle Taylor,League One Play-Offs,Semi-Finals 2nd Leg,2019-05-17,Charlton,Doncaster,6:6 on pens,CF,,,,,,,,,120,
2018/19,104495,Lyle Taylor,League One Play-Offs,Final,2019-05-26,Charlton,Sunderland,2:1,CF,,1,,,,,,,90,
