﻿season,player_id,player_name,competition,journey,date,home_team,away_team,result,position,goals,assists,own_goals,yellow_cards,second_yellow_cards,red_cards,substitutions_on,substitutions_off,minutes_played,transfermarkt_score
2024/25,1004708,Josh Acheampong,UEFA Conference League,Group Stage,2024-10-03,Chelsea,KAA Gent,4:2,Not in squad,,,,,,,,,,
2024/25,1004708,Josh Acheampong,UEFA Conference League,Group Stage,2024-10-24,Panathinaikos,Chelsea,1:4,Not in squad,,,,,,,,,,
2024/25,1004708,Josh Acheampong,UEFA Conference League,Group Stage,2024-11-07,Chelsea,FC Noah,8:0,Not in squad,,,,,,,,,,
2024/25,1004708,Josh Acheampong,UEFA Conference League,Group Stage,2024-11-28,Heidenheim,Chelsea,0:2,Not in squad,,,,,,,,,,
2024/25,1004708,Josh Acheampong,UEFA Conference League,Group Stage,2024-12-12,FC Astana,Chelsea,1:3,RB,,,,,,,,,90,
2024/25,1004708,Josh Acheampong,UEFA Conference League,Group Stage,2024-12-19,Chelsea,Shamrock Rovers,5:1,RB,,,,,,,,,90,
2024/25,1004708,Josh Acheampong,UEFA Conference League,last 16 1st leg,2025-03-06,Copenhagen,Chelsea,1:2,on the bench,,,,,,,,,,
2024/25,1004708,Josh Acheampong,UEFA Conference League,last 16 2nd leg,2025-03-13,Chelsea,Copenhagen,1:0,LB,,,,,,,,46,45,
2024/25,1004708,Josh Acheampong,UEFA Conference League,Quarter-Finals 1st leg,2025-04-10,Legia Warszawa,Chelsea,0:3,RB,,,,,,,,,90,
2024/25,1004708,Josh Acheampong,UEFA Conference League,Quarter-Finals 2nd leg,2025-04-17,Chelsea,Legia Warszawa,1:2,RB,,,,,,,,,90,
2024/25,1004708,Josh Acheampong,UEFA Conference League,Semi-Finals 1st Leg,2025-05-01,Djurgården,Chelsea,1:4,RB,,,,,,,,,90,
2024/25,1004708,Josh Acheampong,UEFA Conference League,Semi-Finals 2nd Leg,2025-05-08,Chelsea,Djurgården,1:0,LB,,,,,,,,,90,
2024/25,1004708,Josh Acheampong,UEFA Conference League,Final,2025-05-28,Real Betis,Chelsea,1:4,on the bench,,,,,,,,,,
2024/25,1004708,Josh Acheampong,International Friendlies,6,2024-09-04,Italy U19,England U19,2:2,CB,,,,,,,,68,68,
2024/25,1004708,Josh Acheampong,International Friendlies,2,2024-09-07,Croatia U19,England U19,1:1,,,,,,,,78,,12,
2024/25,1004708,Josh Acheampong,International Friendlies,2,2024-09-10,Germany U19,England U19,3:2,CB,,,,,,,,,90,
2024/25,1004708,Josh Acheampong,International Friendlies,3,2024-10-09,England U19,Portugal U19,1:2,Not in squad,,,,,,,,,,
2024/25,1004708,Josh Acheampong,International Friendlies,4,2024-10-12,Netherlands U19,England U19,1:4,Not in squad,,,,,,,,,,
2024/25,1004708,Josh Acheampong,International Friendlies,37,2024-10-15,England U19,France U19,4:2,Not in squad,,,,,,,,,,
2024/25,1004708,Josh Acheampong,International Friendlies,7,2025-06-06,England U19,Iceland U19,3:1,Not in squad,,,,,,,,,,
2024/25,1004708,Josh Acheampong,FIFA Club World Cup,Group D,2025-06-16,Chelsea,LAFC,2:0,on the bench,,,,,,,,,,
2024/25,1004708,Josh Acheampong,FIFA Club World Cup,Group D,2025-06-20,Flamengo,Chelsea,3:1,on the bench,,,,,,,,,,
2024/25,1004708,Josh Acheampong,FIFA Club World Cup,Group D,2025-06-25,Esperance,Chelsea,0:3,RB,,,,,,,,,90,
2024/25,1004708,Josh Acheampong,FIFA Club World Cup,Round of 16,2025-06-28,Benfica,Chelsea,1:4 AET,on the bench,,,,,,,,,,
2025/26,1004708,Josh Acheampong,FIFA Club World Cup,Quarter-Finals,2025-07-05,Palmeiras,Chelsea,1:2,on the bench,,,,,,,,,,
2025/26,1004708,Josh Acheampong,FIFA Club World Cup,Semi-Finals,2025-07-08,Fluminense,Chelsea,0:2,on the bench,,,,,,,,,,
2025/26,1004708,Josh Acheampong,FIFA Club World Cup,Final,2025-07-13,Chelsea,PSG,3:0,on the bench,,,,,,,,,,
2024/25,1004708,Josh Acheampong,UEFA Conference League Qualifiers,Qualifying Round 1st leg,2024-08-22,Chelsea,Servette FC,2:0,Not in squad,,,,,,,,,,
2024/25,1004708,Josh Acheampong,UEFA Conference League Qualifiers,Qualifying Round 2nd leg,2024-08-29,Servette FC,Chelsea,2:1,on the bench,,,,,,,,,,
2024/25,1004708,Josh Acheampong,Premier League,1,2024-08-18,Chelsea,Man City,0:2,Not in squad,,,,,,,,,,
2024/25,1004708,Josh Acheampong,Premier League,2,2024-08-25,Wolves,Chelsea,2:6,Not in squad,,,,,,,,,,
2024/25,1004708,Josh Acheampong,Premier League,3,2024-09-01,Chelsea,Crystal Palace,1:1,Not in squad,,,,,,,,,,
2024/25,1004708,Josh Acheampong,Premier League,4,2024-09-14,Bournemouth,Chelsea,0:1,Not in squad,,,,,,,,,,
2024/25,1004708,Josh Acheampong,Premier League,5,2024-09-21,West Ham,Chelsea,0:3,Not in squad,,,,,,,,,,
2024/25,1004708,Josh Acheampong,Premier League,6,2024-09-28,Chelsea,Brighton,4:2,Not in squad,,,,,,,,,,
2024/25,1004708,Josh Acheampong,Premier League,7,2024-10-06,Chelsea,Nott'm Forest,1:1,Not in squad,,,,,,,,,,
2024/25,1004708,Josh Acheampong,Premier League,8,2024-10-20,Liverpool,Chelsea,2:1,Not in squad,,,,,,,,,,
2024/25,1004708,Josh Acheampong,Premier League,9,2024-10-27,Chelsea,Newcastle,2:1,Not in squad,,,,,,,,,,
2024/25,1004708,Josh Acheampong,Premier League,10,2024-11-03,Man Utd,Chelsea,1:1,Not in squad,,,,,,,,,,
2024/25,1004708,Josh Acheampong,Premier League,11,2024-11-10,Chelsea,Arsenal,1:1,Not in squad,,,,,,,,,,
2024/25,1004708,Josh Acheampong,Premier League,12,2024-11-23,Leicester,Chelsea,1:2,Not in squad,,,,,,,,,,
2024/25,1004708,Josh Acheampong,Premier League,13,2024-12-01,Chelsea,Aston Villa,3:0,Not in squad,,,,,,,,,,
2024/25,1004708,Josh Acheampong,Premier League,14,2024-12-04,Southampton,Chelsea,1:5,Not in squad,,,,,,,,,,
2024/25,1004708,Josh Acheampong,Premier League,15,2024-12-08,Tottenham,Chelsea,3:4,Not in squad,,,,,,,,,,
2024/25,1004708,Josh Acheampong,Premier League,16,2024-12-15,Chelsea,Brentford,2:1,on the bench,,,,,,,,,,
2024/25,1004708,Josh Acheampong,Premier League,17,2024-12-22,Everton,Chelsea,0:0,on the bench,,,,,,,,,,
2024/25,1004708,Josh Acheampong,Premier League,18,2024-12-26,Chelsea,Fulham,1:2,on the bench,,,,,,,,,,
2024/25,1004708,Josh Acheampong,Premier League,19,2024-12-30,Ipswich,Chelsea,2:0,on the bench,,,,,,,,,,
2024/25,1004708,Josh Acheampong,Premier League,20,2025-01-04,Crystal Palace,Chelsea,1:1,CB,,,,,,,,,90,
2024/25,1004708,Josh Acheampong,Premier League,21,2025-01-14,Chelsea,Bournemouth,2:2,CB,,,,,,,,71,71,
2024/25,1004708,Josh Acheampong,Premier League,22,2025-01-20,Chelsea,Wolves,3:1,on the bench,,,,,,,,,,
2024/25,1004708,Josh Acheampong,Premier League,23,2025-01-25,Man City,Chelsea,3:1,on the bench,,,,,,,,,,
2024/25,1004708,Josh Acheampong,Premier League,24,2025-02-03,Chelsea,West Ham,2:1,on the bench,,,,,,,,,,
2024/25,1004708,Josh Acheampong,Premier League,25,2025-02-14,Brighton,Chelsea,3:0,on the bench,,,,,,,,,,
2024/25,1004708,Josh Acheampong,Premier League,26,2025-02-22,Aston Villa,Chelsea,2:1,on the bench,,,,,,,,,,
2024/25,1004708,Josh Acheampong,Premier League,27,2025-02-25,Chelsea,Southampton,4:0,,,,,,,,83,,7,
2024/25,1004708,Josh Acheampong,Premier League,28,2025-03-09,Chelsea,Leicester,1:0,,,,,96,,,89,,1,
2024/25,1004708,Josh Acheampong,Premier League,29,2025-03-16,Arsenal,Chelsea,1:0,on the bench,,,,,,,,,,
2024/25,1004708,Josh Acheampong,Premier League,30,2025-04-03,Chelsea,Tottenham,1:0,on the bench,,,,,,,,,,
2024/25,1004708,Josh Acheampong,Premier League,31,2025-04-06,Brentford,Chelsea,0:0,on the bench,,,,,,,,,,
2024/25,1004708,Josh Acheampong,Premier League,32,2025-04-13,Chelsea,Ipswich,2:2,on the bench,,,,,,,,,,
2024/25,1004708,Josh Acheampong,Premier League,33,2025-04-20,Fulham,Chelsea,1:2,on the bench,,,,,,,,,,
2024/25,1004708,Josh Acheampong,Premier League,34,2025-04-26,Chelsea,Everton,1:0,on the bench,,,,,,,,,,
2024/25,1004708,Josh Acheampong,Premier League,35,2025-05-04,Chelsea,Liverpool,3:1,on the bench,,,,,,,,,,
2024/25,1004708,Josh Acheampong,Premier League,36,2025-05-11,Newcastle,Chelsea,2:0,on the bench,,,,,,,,,,
2024/25,1004708,Josh Acheampong,Premier League,37,2025-05-16,Chelsea,Man Utd,1:0,on the bench,,,,,,,,,,
2024/25,1004708,Josh Acheampong,Premier League,38,2025-05-25,Nott'm Forest,Chelsea,0:1,on the bench,,,,,,,,,,
2024/25,1004708,Josh Acheampong,EFL Trophy,group B3,2024-09-24,Bromley,Chelsea U21,2:3,Not in squad,,,,,,,,,,
2024/25,1004708,Josh Acheampong,EFL Trophy,group B3,2024-10-29,Charlton,Chelsea U21,3:0,Not in squad,,,,,,,,,,
2024/25,1004708,Josh Acheampong,EFL Trophy,group B3,2024-11-05,Cambridge Utd.,Chelsea U21,1:0,Not in squad,,,,,,,,,,
2024/25,1004708,Josh Acheampong,FA Cup,Third Round,2025-01-11,Chelsea,Morecambe FC,5:0,on the bench,,,,,,,,,,
2024/25,1004708,Josh Acheampong,FA Cup,Fourth Round,2025-02-08,Brighton,Chelsea,2:1,on the bench,,,,,,,,,,
2024/25,1004708,Josh Acheampong,EFL Cup,Third Round,2024-09-24,Chelsea,Barrow,5:0,RB,,,,,,,63,,27,
2024/25,1004708,Josh Acheampong,EFL Cup,Fourth Round,2024-10-30,Newcastle,Chelsea,2:0,Not in squad,,,,,,,,,,
2024/25,1004708,Josh Acheampong,Premier League 2 Playoffs,Round of 16,2025-04-26,Chelsea U21,Wolves U21,4:0,Not in squad,,,,,,,,,,
2024/25,1004708,Josh Acheampong,Premier League 2 Playoffs,Quarter-Finals,2025-05-02,Palace U21,Chelsea U21,6:0,Not in squad,,,,,,,,,,
2024/25,1004708,Josh Acheampong,Premier League 2,1,2024-08-16,Chelsea U21,Tottenham U21,1:2,RB,,,,,,,,71,71,
2024/25,1004708,Josh Acheampong,Premier League 2,2,2024-08-23,Chelsea U21,Everton U21,1:1,RB,,1,,,,,,,90,
2024/25,1004708,Josh Acheampong,Premier League 2,3,2024-09-01,Boro U21,Chelsea U21,1:3,RB,,,,,,,,,90,
2024/25,1004708,Josh Acheampong,Premier League 2,4,2024-09-21,Chelsea U21,West Brom U21,1:2,Not in squad,,,,,,,,,,
2024/25,1004708,Josh Acheampong,Premier League 2,5,2024-09-27,West Ham U21,Chelsea U21,3:2,on the bench,,,,,,,,,,
2024/25,1004708,Josh Acheampong,Premier League 2,6,2024-10-04,Fulham U21,Chelsea U21,0:6,Not in squad,,,,,,,,,,
2024/25,1004708,Josh Acheampong,Premier League 2,7,2024-10-25,Chelsea U21,Leicester U21,3:1,Not in squad,,,,,,,,,,
2024/25,1004708,Josh Acheampong,Premier League 2,8,2024-11-01,Chelsea U21,Arsenal U21,2:1,Not in squad,,,,,,,,,,
2024/25,1004708,Josh Acheampong,Premier League 2,9,2024-11-29,Derby U21,Chelsea U21,2:6,,,,,,,,68,,22,
2024/25,1004708,Josh Acheampong,Premier League 2,10,2024-12-16,Newcastle U21,Chelsea U21,3:2,Not in squad,,,,,,,,,,
2024/25,1004708,Josh Acheampong,Premier League 2,11,2025-01-13,Chelsea U21,Reading U21,3:0,Not in squad,,,,,,,,,,
2024/25,1004708,Josh Acheampong,Premier League 2,12,2025-01-17,Nottingham U21,Chelsea U21,2:4,Not in squad,,,,,,,,,,
2024/25,1004708,Josh Acheampong,Premier League 2,13,2025-01-24,Chelsea U21,Southampton U21,0:2,Not in squad,,,,,,,,,,
2024/25,1004708,Josh Acheampong,Premier League 2,14,2025-02-07,Chelsea U21,Leeds U21,1:1,Not in squad,,,,,,,,,,
2024/25,1004708,Josh Acheampong,Premier League 2,15,2025-02-16,Liverpool U21,Chelsea U21,0:3,CB,,,,,,,,,90,
2024/25,1004708,Josh Acheampong,Premier League 2,16,2025-02-21,Chelsea U21,Man Utd U21,2:0,Not in squad,,,,,,,,,,
2024/25,1004708,Josh Acheampong,Premier League 2,17,2025-02-28,Man City U21,Chelsea U21,5:0,Not in squad,,,,,,,,,,
2024/25,1004708,Josh Acheampong,Premier League 2,18,2025-03-14,Norwich U21,Chelsea U21,1:3,Not in squad,,,,,,,,,,
2024/25,1004708,Josh Acheampong,Premier League 2,19,2025-04-04,Chelsea U21,Aston Villa U21,4:1,Not in squad,,,,,,,,,,
2024/25,1004708,Josh Acheampong,Premier League 2,20,2025-04-14,Palace U21,Chelsea U21,2:4,Not in squad,,,,,,,,,,
2024/25,1004708,Josh Acheampong,Premier League International Cup U21,Group D,2024-08-28,Chelsea U21,RB Leipzig U19,2:4,Information not yet available,,,,,,,,,,
2024/25,1004708,Josh Acheampong,Premier League International Cup U21,Group D,2024-10-01,Chelsea U21,RSCA Futures,4:0,Not in squad,,,,,,,,,,
2024/25,1004708,Josh Acheampong,Premier League International Cup U21,Group D,2024-11-26,Chelsea U21,Real Sociedad B,2:1,Information not yet available,,,,,,,,,,
2024/25,1004708,Josh Acheampong,Premier League International Cup U21,Group D,2025-01-07,Chelsea U21,Sporting B,1:2,Information not yet available,,,,,,,,,,
2024/25,1004708,Josh Acheampong,2025 UEFA Under-19 Euro,Group B,2025-06-14,England U19,Norway U19,2:2,Not in squad,,,,,,,,,,
2024/25,1004708,Josh Acheampong,2025 UEFA Under-19 Euro,Group B,2025-06-17,Germany U19,England U19,5:5,Not in squad,,,,,,,,,,
2024/25,1004708,Josh Acheampong,2025 UEFA Under-19 Euro,Group B,2025-06-20,Netherlands U19,England U19,4:2,Not in squad,,,,,,,,,,
2024/25,1004708,Josh Acheampong,U20 Elite League,Group Stage,2024-09-06,Türkiye U20,England U20,1:1,Not in squad,,,,,,,,,,
2024/25,1004708,Josh Acheampong,U20 Elite League,Group Stage,2024-09-10,England U20,Romania U20,2:0,Not in squad,,,,,,,,,,
2024/25,1004708,Josh Acheampong,U20 Elite League,Group Stage,2024-10-10,Italy U20,England U20,1:2,,,,,,,,80,,10,
2024/25,1004708,Josh Acheampong,U20 Elite League,Group Stage,2024-10-14,England U20,Czechia U20,3:0,RB,,,,,,,,65,65,
2024/25,1004708,Josh Acheampong,U20 Elite League,Group Stage,2024-11-15,England U20,Germany U20,4:0,Not in squad,,,,,,,,,,
2024/25,1004708,Josh Acheampong,U20 Elite League,Group Stage,2024-11-19,Poland U20,England U20,1:1,Not in squad,,,,,,,,,,
2024/25,1004708,Josh Acheampong,UEFA EURO U19 Championship Qualifiers,Group 3,2024-11-13,England U19,Lithuania U19,1:0,,,,,,,,90,,1,
2024/25,1004708,Josh Acheampong,UEFA EURO U19 Championship Qualifiers,Group 3,2024-11-16,England U19,Bulgaria U19,2:1,CB,,,,,,,,90,90,
2024/25,1004708,Josh Acheampong,UEFA EURO U19 Championship Qualifiers,Group 3,2024-11-19,Belgium U19,England U19,0:0,CB,,,,58,,,,63,63,
2024/25,1004708,Josh Acheampong,UEFA EURO U19 Championship Qualifiers,group B7,2025-03-19,Wales U19,England U19,0:2,CB,,1,,,,,,,90,
2024/25,1004708,Josh Acheampong,UEFA EURO U19 Championship Qualifiers,group B7,2025-03-22,England U19,Türkiye U19,0:0,on the bench,,,,,,,,,,
2024/25,1004708,Josh Acheampong,UEFA EURO U19 Championship Qualifiers,group B7,2025-03-25,England U19,Portugal U19,1:0,CB,,,,,,,,,90,
2024/25,1004708,Josh Acheampong,Premier League Cup,group I,2024-09-15,Chelsea U21,Brentford U21,6:3,CB,,,,,,,,,90,
2024/25,1004708,Josh Acheampong,Premier League Cup,group I,2024-10-21,Bournemouth U21,Chelsea U21,1:4,Not in squad,,,,,,,,,,
2024/25,1004708,Josh Acheampong,Premier League Cup,group I,2024-11-08,Derby U21,Chelsea U21,4:3,Not in squad,,,,,,,,,,
2024/25,1004708,Josh Acheampong,Premier League Cup,group I,2024-12-21,Chelsea U21,Bournemouth U21,2:1,Not in squad,,,,,,,,,,
2024/25,1004708,Josh Acheampong,Premier League Cup,group I,2025-01-27,Brentford U21,Chelsea U21,2:2,Not in squad,,,,,,,,,,
2024/25,1004708,Josh Acheampong,Premier League Cup,group I,2025-01-31,Chelsea U21,Derby U21,2:1,Not in squad,,,,,,,,,,
2024/25,1004708,Josh Acheampong,Premier League Cup,Round of 16,2025-03-07,Chelsea U21,Ipswich U21,2:1,Not in squad,,,,,,,,,,
2024/25,1004708,Josh Acheampong,Premier League Cup,Quarter-Finals,2025-04-07,Burnley U21,Chelsea U21,2:0,Not in squad,,,,,,,,,,
