﻿season,player_id,player_name,competition,journey,date,home_team,away_team,result,position,goals,assists,own_goals,yellow_cards,second_yellow_cards,red_cards,substitutions_on,substitutions_off,minutes_played,transfermarkt_score
2012/13,108725,Chris Wood,International Friendlies,16,2012-11-14,China,New Zealand,1:1,CF,1,,,,,,,70,70,
2012/13,108725,Chris Wood,Premier League,20,2012-12-29,Man Utd,West Brom,2:0,Not in squad,,,,,,,,,,
2012/13,108725,Chris Wood,Championship,6,2012-09-18,Millwall,Cardiff,0:2,,,,,,,,57,,33,
2012/13,108725,Chris Wood,Championship,7,2012-09-22,Millwall,Brighton,1:2,CF,1,,,,,,,,90,
2012/13,108725,Chris Wood,Championship,8,2012-09-29,Burnley,Millwall,2:2,CF,,,,,,,,,90,
2012/13,108725,Chris Wood,Championship,9,2012-10-02,Bristol City,Millwall,1:1,CF,,,,,,,,67,67,
2012/13,108725,Chris Wood,Championship,10,2012-10-06,Millwall,Bolton,2:1,CF,,,,,,,,73,73,
2012/13,108725,Chris Wood,Championship,11,2012-10-20,Crystal Palace,Millwall,2:2,CF,,1,,,,,,83,83,
2012/13,108725,Chris Wood,Championship,12,2012-10-23,Millwall,Birmingham,3:3,CF,2,,,,,,,,90,
2012/13,108725,Chris Wood,Championship,13,2012-10-27,Millwall,Huddersfield,4:0,CF,2,1,,,,,,,90,
2012/13,108725,Chris Wood,Championship,14,2012-11-03,Nott'm Forest,Millwall,1:4,CF,1,,,,,,,,90,
2012/13,108725,Chris Wood,Championship,15,2012-11-06,Watford,Millwall,0:0,CF,,,,,,,,,90,
2012/13,108725,Chris Wood,Championship,16,2012-11-10,Millwall,Derby,2:1,CF,,,,,,,,,90,
2012/13,108725,Chris Wood,Championship,17,2012-11-18,Millwall,Leeds,1:0,CF,1,,,,,,,,90,
2012/13,108725,Chris Wood,Championship,18,2012-11-24,Blackburn,Millwall,0:2,CF,1,,,,,,,,90,
2012/13,108725,Chris Wood,Championship,19,2012-11-27,Wolves,Millwall,0:1,CF,,1,,,,,,,90,
2012/13,108725,Chris Wood,Championship,20,2012-12-01,Millwall,Charlton,0:0,CF,,,,,,,,,90,
2012/13,108725,Chris Wood,Championship,21,2012-12-08,Ipswich,Millwall,3:0,CF,,,,34,,,,,90,
2012/13,108725,Chris Wood,Championship,22,2012-12-15,Millwall,Leicester,1:0,CF,,,,,,,,79,79,
2012/13,108725,Chris Wood,Championship,24,2012-12-18,Brighton,Millwall,2:2,CF,2,,,,,,,88,88,
2012/13,108725,Chris Wood,Championship,23,2012-12-22,Millwall,Barnsley,1:2,CF,1,,,,,,,,90,
2011/12,108725,Chris Wood,Championship,,,,,,,,,,,,,,,,
2012/13,108725,Chris Wood,Championship,26,2013-01-01,Leicester,Huddersfield,6:1,CF,2,1,,,,,,,90,
2012/13,108725,Chris Wood,Championship,27,2013-01-12,Bristol City,Leicester,0:4,CF,3,,,,,,,61,61,
2012/13,108725,Chris Wood,Championship,28,2013-01-18,Leicester,Middlesbrough,1:0,CF,,1,,,,,,,90,
2012/13,108725,Chris Wood,Championship,30,2013-01-31,Leicester,Wolves,2:1,CF,,,,,,,,,90,
2012/13,108725,Chris Wood,Championship,31,2013-02-09,Peterborough,Leicester,2:1,Not in squad,,,,,,,,,,
2012/13,108725,Chris Wood,Championship,33,2013-02-19,Leicester,Charlton,1:2,CF,1,,,,,,,,90,
2012/13,108725,Chris Wood,Championship,34,2013-02-23,Blackpool,Leicester,0:0,CF,,,,,,,,,90,
2012/13,108725,Chris Wood,Championship,32,2013-02-26,Leicester,Blackburn,3:0,CF,1,,,,,,,87,87,
2012/13,108725,Chris Wood,Championship,35,2013-03-02,Ipswich,Leicester,1:0,CF,,,,,,,,,90,
2012/13,108725,Chris Wood,Championship,36,2013-03-05,Leicester,Leeds,1:1,CF,,,,,,,,,90,
2012/13,108725,Chris Wood,Championship,37,2013-03-09,Leicester,Sheff Wed,0:1,CF,,,,,,,,,90,
2012/13,108725,Chris Wood,Championship,29,2013-03-12,Cardiff,Leicester,1:1,CF,,,,,,,,89,89,
2012/13,108725,Chris Wood,Championship,38,2013-03-16,Derby,Leicester,2:1,CF,,,,,,,,69,69,
2012/13,108725,Chris Wood,Championship,39,2013-03-29,Leicester,Millwall,0:1,CF,,,,,,,,83,83,
2012/13,108725,Chris Wood,Championship,40,2013-04-01,Barnsley,Leicester,2:0,CF,,,,,,,,60,60,
2012/13,108725,Chris Wood,Championship,41,2013-04-06,Brighton,Leicester,1:1,CF,,,,,,,73,,17,
2012/13,108725,Chris Wood,Championship,42,2013-04-12,Leicester,Birmingham,2:2,CF,,,,,,,,87,87,
2012/13,108725,Chris Wood,Championship,43,2013-04-16,Leicester,Bolton,3:2,CF,1,1,,,,,,,90,
2012/13,108725,Chris Wood,Championship,44,2013-04-20,Crystal Palace,Leicester,2:2,CF,1,,,,,,,,90,
2012/13,108725,Chris Wood,Championship,45,2013-04-26,Leicester,Watford,1:2,CF,,,,,,,,,90,
2012/13,108725,Chris Wood,Championship,46,2013-05-04,Nott'm Forest,Leicester,2:3,CF,,1,,,,,,,90,
2012/13,108725,Chris Wood,FA Cup,Third Round,2013-01-05,Leicester,Burton Albion,2:0,CF,1,,,,,,,63,63,
2012/13,108725,Chris Wood,FA Cup,Fourth Round,2013-01-26,Huddersfield,Leicester,1:1,,1,,,,,,60,,30,
2012/13,108725,Chris Wood,FA Cup,4th round deciders,2013-02-12,Leicester,Huddersfield,1:2,Not in squad,,,,,,,,,,
2012/13,108725,Chris Wood,Championship Play-Offs,Semi-Finals 1st Leg,2013-05-09,Leicester,Watford,1:0,CF,,,,,,,,63,63,
2012/13,108725,Chris Wood,Championship Play-Offs,Semi-Finals 2nd Leg,2013-05-12,Watford,Leicester,3:1,CF,,,,34,,,,61,61,
2012/13,108725,Chris Wood,U21 Premier League,1,2012-08-19,West Brom U21,Everton U21,3:1,CF,1,,,,,,,,90,
2012/13,108725,Chris Wood,U21 Premier League,2,2012-08-24,Reading U21,West Brom U21,6:1,CF,,,,,,,,,90,
2012/13,108725,Chris Wood,U21 Premier League,3,2012-09-03,West Brom U21,Blackburn U21,2:2,Not in squad,,,,,,,,,,
2012/13,108725,Chris Wood,U21 Premier League,4,2012-09-16,West Brom U21,West Ham U21,1:1,Not in squad,,,,,,,,,,
