﻿season,player_id,player_name,competition,journey,date,home_team,away_team,result,position,goals,assists,own_goals,yellow_cards,second_yellow_cards,red_cards,substitutions_on,substitutions_off,minutes_played,transfermarkt_score
2023/24,1004679,Zach Marsh,EFL Trophy,group B3,2023-09-19,Wycombe,Palace U21,1:0,Not in squad,,,,,,,,,,
2023/24,1004679,Zach Marsh,EFL Trophy,group B3,2023-11-07,AFC Wimbledon,Palace U21,2:0,Not in squad,,,,,,,,,,
2023/24,1004679,Zach Marsh,EFL Trophy,group B3,2023-11-14,Stevenage,Palace U21,5:2,,,,,,,,86,,4,
2023/24,1004679,Zach Marsh,Premier League 2 Playoffs,Round of 16,2024-05-05,Liverpool U21,Palace U21,3:2,Not in squad,,,,,,,,,,
2023/24,1004679,Zach Marsh,U18 Premier League,1,2023-08-12,Palace U18,Southampton U18,5:0,CF,3,1,,,,,,,90,
2023/24,1004679,Zach Marsh,U18 Premier League,2,2023-08-19,Chelsea U18,Palace U18,2:1,CF,,,,,,,,,90,
2023/24,1004679,Zach Marsh,U18 Premier League,3,2023-08-26,Palace U18,Reading U18,2:1,CF,,2,,,,,,,90,
2023/24,1004679,Zach Marsh,U18 Premier League,4,2023-09-16,Leicester U18,Palace U18,1:1,CF,,,,,,,,,90,
2023/24,1004679,Zach Marsh,U18 Premier League,5,2023-09-23,Fulham U18,Palace U18,4:3,CF,3,,,,,,,,90,
2023/24,1004679,Zach Marsh,U18 Premier League,6,2023-09-30,Palace U18,Brighton U18,3:3,CF,,1,,82,,,,,90,
2023/24,1004679,Zach Marsh,U18 Premier League,8,2023-10-28,Palace U18,Arsenal U18,3:3,CF,2,,,,,,,87,87,
2023/24,1004679,Zach Marsh,U18 Premier League,9,2023-11-04,Spurs U18,Palace U18,2:5,CF,3,,,68,,,,,90,
2023/24,1004679,Zach Marsh,U18 Premier League,10,2023-11-11,Palace U18,West Brom U18,2:1,CF,,,,92,,,,,90,
2023/24,1004679,Zach Marsh,U18 Premier League,12,2023-12-16,Palace U18,Aston Villa U18,3:2,CF,1,,,38,,,,66,66,
2023/24,1004679,Zach Marsh,U18 Premier League,13,2024-01-06,West Ham U18,Palace U18,5:4,CF,3,,,,,,,,90,
2023/24,1004679,Zach Marsh,U18 Premier League,14,2024-01-13,Palace U18,Leicester U18,1:1,CF,1,,,,,,,,90,
2023/24,1004679,Zach Marsh,U18 Premier League,15,2024-01-27,Palace U18,Fulham U18,4:2,Not in squad,,,,,,,,,,
2023/24,1004679,Zach Marsh,U18 Premier League,17,2024-02-17,Brighton U18,Palace U18,4:2,Not in squad,,,,,,,,,,
2023/24,1004679,Zach Marsh,U18 Premier League,19,2024-03-09,Palace U18,Chelsea U18,0:1,Not in squad,,,,,,,,,,
2023/24,1004679,Zach Marsh,U18 Premier League,20,2024-03-16,Arsenal U18,Palace U18,8:3,Not in squad,,,,,,,,,,
2023/24,1004679,Zach Marsh,U18 Premier League,11,2024-03-19,Norwich U18,Palace U18,1:4,Not in squad,,,,,,,,,,
2023/24,1004679,Zach Marsh,U18 Premier League,16,2024-03-30,West Brom U18,Palace U18,1:2,Not in squad,,,,,,,,,,
2023/24,1004679,Zach Marsh,U18 Premier League,21,2024-04-06,Palace U18,Norwich U18,3:1,Not in squad,,,,,,,,,,
2023/24,1004679,Zach Marsh,U18 Premier League,22,2024-04-13,Southampton U18,Palace U18,0:3,Not in squad,,,,,,,,,,
2023/24,1004679,Zach Marsh,U18 Premier League,23,2024-04-20,Palace U18,Spurs U18,1:1,Not in squad,,,,,,,,,,
2023/24,1004679,Zach Marsh,U18 Premier League,24,2024-04-27,Aston Villa U18,Palace U18,0:1,Not in squad,,,,,,,,,,
2023/24,1004679,Zach Marsh,U18 Premier League,25,2024-05-07,Palace U18,West Ham U18,1:4,Not in squad,,,,,,,,,,
2023/24,1004679,Zach Marsh,U18 Premier League,26,2024-05-11,Reading U18,Palace U18,0:3,Not in squad,,,,,,,,,,
2023/24,1004679,Zach Marsh,Premier League 2,1,2023-08-14,Palace U21,Man Utd U21,3:2,Not in squad,,,,,,,,,,
2023/24,1004679,Zach Marsh,Premier League 2,2,2023-08-20,Reading U21,Palace U21,2:0,Not in squad,,,,,,,,,,
2023/24,1004679,Zach Marsh,Premier League 2,3,2023-08-28,Palace U21,Fulham U21,2:5,Not in squad,,,,,,,,,,
2023/24,1004679,Zach Marsh,Premier League 2,4,2023-09-01,Wolves U21,Palace U21,3:2,Not in squad,,,,,,,,,,
2023/24,1004679,Zach Marsh,Premier League 2,5,2023-09-23,Nottingham U21,Palace U21,4:3,Not in squad,,,,,,,,,,
2023/24,1004679,Zach Marsh,Premier League 2,6,2023-10-01,Palace U21,Liverpool U21,2:4,Not in squad,,,,,,,,,,
2023/24,1004679,Zach Marsh,Premier League 2,7,2023-10-30,Palace U21,West Brom U21,3:0,Not in squad,,,,,,,,,,
2023/24,1004679,Zach Marsh,Premier League 2,8,2023-11-03,Leeds U21,Palace U21,1:7,Not in squad,,,,,,,,,,
2023/24,1004679,Zach Marsh,Premier League 2,9,2023-12-02,Man City U21,Palace U21,0:3,Not in squad,,,,,,,,,,
2023/24,1004679,Zach Marsh,Premier League 2,10,2023-12-18,Palace U21,West Ham U21,1:5,,,,,,,,85,,5,
2023/24,1004679,Zach Marsh,Premier League 2,11,2024-01-14,Blackburn U21,Palace U21,3:3,Not in squad,,,,,,,,,,
2023/24,1004679,Zach Marsh,Premier League 2,12,2024-01-26,Palace U21,Brighton U21,2:1,CF,,,,,,,,81,81,
2023/24,1004679,Zach Marsh,Premier League 2,14,2024-02-19,Leicester U21,Palace U21,1:1,Not in squad,,,,,,,,,,
2023/24,1004679,Zach Marsh,Premier League 2,15,2024-03-04,Stoke U21,Palace U21,1:3,Not in squad,,,,,,,,,,
2023/24,1004679,Zach Marsh,Premier League 2,16,2024-03-11,Palace U21,Aston Villa U21,4:2,Not in squad,,,,,,,,,,
2023/24,1004679,Zach Marsh,Premier League 2,17,2024-03-15,Southampton U21,Palace U21,4:0,Not in squad,,,,,,,,,,
2023/24,1004679,Zach Marsh,Premier League 2,18,2024-04-08,Palace U21,Everton U21,0:0,Not in squad,,,,,,,,,,
2023/24,1004679,Zach Marsh,Premier League 2,19,2024-04-12,Palace U21,Chelsea U21,2:2,Not in squad,,,,,,,,,,
2023/24,1004679,Zach Marsh,Premier League 2,20,2024-04-26,Boro U21,Palace U21,2:3,Not in squad,,,,,,,,,,
2023/24,1004679,Zach Marsh,Premier League 2,13,2024-04-29,Palace U21,Tottenham U21,5:0,Not in squad,,,,,,,,,,
2023/24,1004679,Zach Marsh,Premier League International Cup U21,Group C,2023-09-27,Palace U21,Bilbao Athletic,1:1,Information not yet available,,,,,,,,,,
2023/24,1004679,Zach Marsh,Premier League International Cup U21,Group C,2023-10-24,Palace U21,Monaco U21,3:1,Information not yet available,,,,,,,,,,
2023/24,1004679,Zach Marsh,Premier League International Cup U21,Group C,2023-12-06,Palace U21,Benfica B,2:1,Information not yet available,,,,,,,,,,
2023/24,1004679,Zach Marsh,Premier League International Cup U21,Group C,2024-01-17,Palace U21,Feyenoord U21,1:1,Information not yet available,,,,,,,,,,
2023/24,1004679,Zach Marsh,Premier League International Cup U21,Quarter-Finals,2024-02-26,Palace U21,Wolves U21,3:0,Information not yet available,,,,,,,,,,
2023/24,1004679,Zach Marsh,Premier League International Cup U21,Semi-Finals,2024-04-16,Palace U21,Everton U21,4:2,Information not yet available,,,,,,,,,,
2023/24,1004679,Zach Marsh,Premier League International Cup U21,Final,2024-05-15,Palace U21,PSV U21,1:0,Information not yet available,,,,,,,,,,
2023/24,1004679,Zach Marsh,Premier League Cup,Group H,2023-09-15,Boro U21,Palace U21,2:6,Information not yet available,,,,,,,,,,
2023/24,1004679,Zach Marsh,Premier League Cup,Group H,2023-11-10,Palace U21,Ipswich U21,2:4,Information not yet available,,,,,,,,,,
2023/24,1004679,Zach Marsh,Premier League Cup,Group H,2023-11-24,Birmingham U21,Palace U21,1:4,Information not yet available,,,,,,,,,,
2023/24,1004679,Zach Marsh,Premier League Cup,Group H,2023-12-11,Palace U21,Boro U21,0:4,Information not yet available,,,,,,,,,,
2023/24,1004679,Zach Marsh,Premier League Cup,Group H,2024-01-22,Palace U21,Birmingham U21,3:0,Information not yet available,,,,,,,,,,
2023/24,1004679,Zach Marsh,Premier League Cup,Group H,2024-02-05,Ipswich U21,Palace U21,0:1,Information not yet available,,,,,,,,,,
2023/24,1004679,Zach Marsh,Premier League Cup,Round of 16,2024-03-01,Palace U21,Leicester U21,3:2,Information not yet available,,,,,,,,,,
2023/24,1004679,Zach Marsh,Premier League Cup,Quarter-Finals,2024-04-04,Fulham U21,Palace U21,3:0,Information not yet available,,,,,,,,,,
2023/24,1004679,Zach Marsh,FA Youth Cup,Third Round,2023-12-07,Plymouth U18,Palace U18,1:2,CF,,,,,,,,,90,
2023/24,1004679,Zach Marsh,FA Youth Cup,Fourth Round,2024-01-16,Hull U18,Palace U18,0:5,CF,2,,,,,,,,90,
2023/24,1004679,Zach Marsh,FA Youth Cup,Fifth Round,2024-02-08,Palace U18,Chelsea U18,1:2,CF,,,,,,,,12,12,
