﻿season,player_id,player_name,competition,journey,date,home_team,away_team,result,position,goals,assists,own_goals,yellow_cards,second_yellow_cards,red_cards,substitutions_on,substitutions_off,minutes_played,transfermarkt_score
2023/24,110864,Sam Johnstone,International Friendlies,7,2023-09-12,Scotland,England,1:3,on the bench,,,,,,,,,,
2023/24,110864,Sam Johnstone,International Friendlies,24,2023-10-13,England,Australia,1:0,GK,,,,,,,,,90,
2023/24,110864,Sam Johnstone,International Friendlies,4,2024-03-23,England,Brazil,0:1,on the bench,,,,,,,,,,
2023/24,110864,Sam Johnstone,International Friendlies,15,2024-03-26,England,Belgium,2:2,Elbow injury,,,,,,,,,,
2023/24,110864,Sam Johnstone,International Friendlies,45,2024-06-03,England,Bosnia,3:0,Elbow injury,,,,,,,,,,
2023/24,110864,Sam Johnstone,International Friendlies,10,2024-06-07,England,Iceland,0:1,Elbow injury,,,,,,,,,,
2023/24,110864,Sam Johnstone,Premier League,1,2023-08-12,Sheff Utd,Crystal Palace,0:1,GK,,,,,,,,,90,
2023/24,110864,Sam Johnstone,Premier League,2,2023-08-21,Crystal Palace,Arsenal,0:1,GK,,,,,,,,,90,
2023/24,110864,Sam Johnstone,Premier League,3,2023-08-26,Brentford,Crystal Palace,1:1,GK,,,,,,,,,90,
2023/24,110864,Sam Johnstone,Premier League,4,2023-09-03,Crystal Palace,Wolves,3:2,GK,,,,,,,,,90,
2023/24,110864,Sam Johnstone,Premier League,5,2023-09-16,Aston Villa,Crystal Palace,3:1,GK,,,,,,,,,90,
2023/24,110864,Sam Johnstone,Premier League,6,2023-09-23,Crystal Palace,Fulham,0:0,GK,,,,,,,,,90,
2023/24,110864,Sam Johnstone,Premier League,7,2023-09-30,Man Utd,Crystal Palace,0:1,GK,,,,,,,,,90,
2023/24,110864,Sam Johnstone,Premier League,8,2023-10-07,Crystal Palace,Nott'm Forest,0:0,GK,,,,,,,,,90,
2023/24,110864,Sam Johnstone,Premier League,9,2023-10-21,Newcastle,Crystal Palace,4:0,GK,,,,,,,,,90,
2023/24,110864,Sam Johnstone,Premier League,10,2023-10-27,Crystal Palace,Tottenham,1:2,GK,,,,,,,,,90,
2023/24,110864,Sam Johnstone,Premier League,11,2023-11-04,Burnley,Crystal Palace,0:2,GK,,,,,,,,,90,
2023/24,110864,Sam Johnstone,Premier League,12,2023-11-11,Crystal Palace,Everton,2:3,GK,,,,,,,,,90,
2023/24,110864,Sam Johnstone,Premier League,13,2023-11-25,Luton,Crystal Palace,2:1,GK,,,,,,,,,90,
2023/24,110864,Sam Johnstone,Premier League,14,2023-12-03,West Ham,Crystal Palace,1:1,GK,,,,,,,,,90,
2023/24,110864,Sam Johnstone,Premier League,15,2023-12-06,Crystal Palace,Bournemouth,0:2,GK,,,,,,,,,90,
2023/24,110864,Sam Johnstone,Premier League,16,2023-12-09,Crystal Palace,Liverpool,1:2,GK,,,,,,,,87,87,
2023/24,110864,Sam Johnstone,Premier League,17,2023-12-16,Man City,Crystal Palace,2:2,Calf injury,,,,,,,,,,
2023/24,110864,Sam Johnstone,Premier League,18,2023-12-21,Crystal Palace,Brighton,1:1,Calf injury,,,,,,,,,,
2023/24,110864,Sam Johnstone,Premier League,19,2023-12-27,Chelsea,Crystal Palace,2:1,Calf injury,,,,,,,,,,
2023/24,110864,Sam Johnstone,Premier League,20,2023-12-30,Crystal Palace,Brentford,3:1,Calf injury,,,,,,,,,,
2023/24,110864,Sam Johnstone,Premier League,21,2024-01-20,Arsenal,Crystal Palace,5:0,on the bench,,,,,,,,,,
2023/24,110864,Sam Johnstone,Premier League,22,2024-01-30,Crystal Palace,Sheff Utd,3:2,on the bench,,,,,,,,,,
2023/24,110864,Sam Johnstone,Premier League,23,2024-02-03,Brighton,Crystal Palace,4:1,on the bench,,,,,,,,,,
2023/24,110864,Sam Johnstone,Premier League,24,2024-02-12,Crystal Palace,Chelsea,1:3,on the bench,,,,,,,,,,
2023/24,110864,Sam Johnstone,Premier League,25,2024-02-19,Everton,Crystal Palace,1:1,GK,,,,,,,,,90,
2023/24,110864,Sam Johnstone,Premier League,26,2024-02-24,Crystal Palace,Burnley,3:0,GK,,,,,,,,,90,
2023/24,110864,Sam Johnstone,Premier League,27,2024-03-02,Tottenham,Crystal Palace,3:1,GK,,,,75,,,,,90,
2023/24,110864,Sam Johnstone,Premier League,28,2024-03-09,Crystal Palace,Luton,1:1,GK,,,,,,,,,90,
2023/24,110864,Sam Johnstone,Premier League,30,2024-03-30,Nott'm Forest,Crystal Palace,1:1,Elbow injury,,,,,,,,,,
2023/24,110864,Sam Johnstone,Premier League,31,2024-04-02,Bournemouth,Crystal Palace,1:0,Elbow injury,,,,,,,,,,
2023/24,110864,Sam Johnstone,Premier League,32,2024-04-06,Crystal Palace,Man City,2:4,Elbow injury,,,,,,,,,,
2023/24,110864,Sam Johnstone,Premier League,33,2024-04-14,Liverpool,Crystal Palace,0:1,Elbow injury,,,,,,,,,,
2023/24,110864,Sam Johnstone,Premier League,34,2024-04-21,Crystal Palace,West Ham,5:2,Elbow injury,,,,,,,,,,
2023/24,110864,Sam Johnstone,Premier League,29,2024-04-24,Crystal Palace,Newcastle,2:0,Elbow injury,,,,,,,,,,
2023/24,110864,Sam Johnstone,Premier League,35,2024-04-27,Fulham,Crystal Palace,1:1,Elbow injury,,,,,,,,,,
2023/24,110864,Sam Johnstone,Premier League,36,2024-05-06,Crystal Palace,Man Utd,4:0,Elbow injury,,,,,,,,,,
2023/24,110864,Sam Johnstone,Premier League,37,2024-05-11,Wolves,Crystal Palace,1:3,Elbow injury,,,,,,,,,,
2023/24,110864,Sam Johnstone,Premier League,38,2024-05-19,Crystal Palace,Aston Villa,5:0,Elbow injury,,,,,,,,,,
2023/24,110864,Sam Johnstone,FA Cup,Third Round,2024-01-04,Crystal Palace,Everton,0:0,Calf injury,,,,,,,,,,
2023/24,110864,Sam Johnstone,FA Cup,Third Round Replay,2024-01-17,Everton,Crystal Palace,1:0,GK,,,,,,,,,90,
2023/24,110864,Sam Johnstone,EFL Cup,Second Round,2023-08-29,Plymouth,Crystal Palace,2:4,GK,,,,,,,,,90,
2023/24,110864,Sam Johnstone,EFL Cup,Third Round,2023-09-26,Man Utd,Crystal Palace,3:0,GK,,,,,,,19,,71,
2023/24,110864,Sam Johnstone,EURO 2024,Group C,2024-06-16,Serbia,England,0:1,Elbow injury,,,,,,,,,,
2023/24,110864,Sam Johnstone,EURO 2024,Group C,2024-06-20,Denmark,England,1:1,Elbow injury,,,,,,,,,,
2023/24,110864,Sam Johnstone,EURO 2024,Group C,2024-06-25,England,Slovenia,0:0,Elbow injury,,,,,,,,,,
2023/24,110864,Sam Johnstone,EURO 2024,Round of 16,2024-06-30,England,Slovakia,2:1 AET,Elbow injury,,,,,,,,,,
2024/25,110864,Sam Johnstone,EURO 2024,Quarter-Finals,2024-07-06,England,Switzerland,6:4 on pens,Elbow injury,,,,,,,,,,
2024/25,110864,Sam Johnstone,EURO 2024,Semi-Finals,2024-07-10,Netherlands,England,1:2,Elbow injury,,,,,,,,,,
2024/25,110864,Sam Johnstone,EURO 2024,Final,2024-07-14,Spain,England,2:1,Not in squad,,,,,,,,,,
