﻿season,player_id,player_name,competition,journey,date,home_team,away_team,result,position,goals,assists,own_goals,yellow_cards,second_yellow_cards,red_cards,substitutions_on,substitutions_off,minutes_played,transfermarkt_score
2022/23,1005649,Murillo,Copa Libertadores,Group E,2023-04-07,Liverpool FC,Corinthians,0:3,on the bench,,,,,,,,,,
2022/23,1005649,Murillo,Copa Libertadores,Group E,2023-04-20,Corinthians,Argentinos Jrs.,0:1,on the bench,,,,,,,,,,
2022/23,1005649,Murillo,Copa Libertadores,Group E,2023-05-03,Corinthians,Independiente,1:2,CB,,,,,,,,,90,
2022/23,1005649,Murillo,Copa Libertadores,Group E,2023-05-25,Argentinos Jrs.,Corinthians,0:0,CB,,,,84,,,,,90,
2022/23,1005649,Murillo,Copa Libertadores,Group E,2023-06-08,Independiente,Corinthians,3:0,CB,,,,,,,,,90,
2022/23,1005649,Murillo,Copa Libertadores,Group E,2023-06-29,Corinthians,Liverpool FC,3:0,CB,,,,,,,,,90,
2022/23,1005649,Murillo,Campeonato Brasileiro Série A,1,2023-04-16,Corinthians,Cruzeiro,2:1,on the bench,,,,,,,,,,
2022/23,1005649,Murillo,Campeonato Brasileiro Série A,2,2023-04-24,Goiás,Corinthians,3:1,on the bench,,,,,,,,,,
2022/23,1005649,Murillo,Campeonato Brasileiro Série A,3,2023-04-29,Palmeiras,Corinthians,2:1,CB,,,,,,,,,90,
2022/23,1005649,Murillo,Campeonato Brasileiro Série A,4,2023-05-09,Corinthians,Fortaleza,1:1,CB,,,,76,,,,,90,
2022/23,1005649,Murillo,Campeonato Brasileiro Série A,5,2023-05-12,Botafogo,Corinthians,3:0,CB,,,,,,,,,90,
2022/23,1005649,Murillo,Campeonato Brasileiro Série A,6,2023-05-14,Corinthians,São Paulo,1:1,CB,,,,,,,,,90,
2022/23,1005649,Murillo,Campeonato Brasileiro Série A,7,2023-05-21,Flamengo,Corinthians,1:0,CB,,,,,,,,,90,
2022/23,1005649,Murillo,Campeonato Brasileiro Série A,8,2023-05-28,Corinthians,Fluminense,2:0,CB,,,,,,,,,90,
2022/23,1005649,Murillo,Campeonato Brasileiro Série A,9,2023-06-03,América-MG,Corinthians,2:0,CB,,,,,,,,86,86,
2022/23,1005649,Murillo,Campeonato Brasileiro Série A,10,2023-06-10,Corinthians,Cuiabá-MT,1:1,CB,,,,,,,,,90,
2022/23,1005649,Murillo,Campeonato Brasileiro Série A,11,2023-06-22,Santos,Corinthians,0:2,Not in squad,,,,,,,,,,
2022/23,1005649,Murillo,Campeonato Brasileiro Série A,12,2023-06-24,Athletico-PR,Corinthians,1:0,on the bench,,,,,,,,,,
2023/24,1005649,Murillo,Campeonato Brasileiro Série A,13,2023-07-02,Corinthians,RB Bragantino,0:1,CB,,,,,,,,,90,
2023/24,1005649,Murillo,Campeonato Brasileiro Série A,14,2023-07-08,Atlético-MG,Corinthians,0:1,CB,,,,68,,,,,90,
2023/24,1005649,Murillo,Campeonato Brasileiro Série A,16,2023-07-22,EC Bahia,Corinthians,0:0,CB,,,,90,,,,,90,
2023/24,1005649,Murillo,Campeonato Brasileiro Série A,17,2023-07-29,Corinthians,Vasco da Gama,3:1,Yellow card suspension,,,,,,,,,,
2023/24,1005649,Murillo,Campeonato Brasileiro Série A,18,2023-08-05,Internacional,Corinthians,2:2,CB,,,,,,,,,90,
2023/24,1005649,Murillo,Campeonato Brasileiro Série A,19,2023-08-13,Corinthians,Coritiba FC,3:1,CB,,,1,,,,,,90,
2023/24,1005649,Murillo,Campeonato Brasileiro Série A,20,2023-08-20,Cruzeiro,Corinthians,1:1,Not in squad,,,,,,,,,,
2023/24,1005649,Murillo,Campeonato Brasileiro Série A,21,2023-08-27,Corinthians,Goiás,1:1,on the bench,,,,,,,,,,
2023/24,1005649,Murillo,CBF Brasileiro U20 - Finals,Quarter-Finals 1st leg,2023-07-20,Grêmio U20,Corinthians U20,1:2,Not in squad,,,,,,,,,,
2023/24,1005649,Murillo,CBF Brasileiro U20 - Finals,Quarter-Finals 2nd leg,2023-07-28,Corinthians U20,Grêmio U20,2:1,Not in squad,,,,,,,,,,
2023/24,1005649,Murillo,CBF Brasileiro U20 - Finals,Semi-Finals 1st Leg,2023-08-06,Palmeiras U20,Corinthians U20,5:1,Not in squad,,,,,,,,,,
2023/24,1005649,Murillo,CBF Brasileiro U20 - Finals,Semi-Finals 2nd Leg,2023-08-16,Corinthians U20,Palmeiras U20,0:1,Not in squad,,,,,,,,,,
2022/23,1005649,Murillo,CBF Brasileiro U20,1,2023-03-04,Corinthians U20,Flamengo U20,4:0,Not in squad,,,,,,,,,,
2022/23,1005649,Murillo,CBF Brasileiro U20,2,2023-03-10,Inter U20,Corinthians U20,2:2,Not in squad,,,,,,,,,,
2022/23,1005649,Murillo,CBF Brasileiro U20,3,2023-03-16,Corinthians U20,Bragantino U20,4:1,Not in squad,,,,,,,,,,
2022/23,1005649,Murillo,CBF Brasileiro U20,4,2023-03-22,Ceará U20,Corinthians U20,2:1,Not in squad,,,,,,,,,,
2022/23,1005649,Murillo,CBF Brasileiro U20,5,2023-03-30,Corinthians U20,Cuiabá U20,2:1,Not in squad,,,,,,,,,,
2022/23,1005649,Murillo,CBF Brasileiro U20,6,2023-04-07,Fluminense U20,Corinthians U20,2:2,Not in squad,,,,,,,,,,
2022/23,1005649,Murillo,CBF Brasileiro U20,7,2023-04-14,Corinthians U20,América-MG U20,2:1,Not in squad,,,,,,,,,,
2022/23,1005649,Murillo,CBF Brasileiro U20,8,2023-04-27,Corinthians U20,Botafogo U20,1:0,Not in squad,,,,,,,,,,
2022/23,1005649,Murillo,CBF Brasileiro U20,9,2023-05-04,Atlético-MG U20,Corinthians U20,2:2,Not in squad,,,,,,,,,,
2023/24,1005649,Murillo,Copa Sudamericana,intermediate stage 1st leg,2023-07-12,Corinthians,Universitario,1:0,Not in squad,,,,,,,,,,
2023/24,1005649,Murillo,Copa Sudamericana,intermediate stage 2nd leg,2023-07-19,Universitario,Corinthians,1:2,CB,,,,88,,,,,90,
2023/24,1005649,Murillo,Copa Sudamericana,last 16 1st leg,2023-08-02,Corinthians,Newell's,2:1,CB,,,,,,,,,90,
2023/24,1005649,Murillo,Copa Sudamericana,last 16 2nd leg,2023-08-09,Newell's,Corinthians,0:0,on the bench,,,,,,,,,,
2023/24,1005649,Murillo,Copa Sudamericana,Quarter-Finals 1st leg,2023-08-23,Corinthians,Estudiantes LP,1:0,CB,,,,,,,,,90,
2023/24,1005649,Murillo,Copa Sudamericana,Quarter-Finals 2nd leg,2023-08-30,Estudiantes LP,Corinthians,2:3 on pens,Not in squad,,,,,,,,,,
2022/23,1005649,Murillo,Copa do Brasil,3rd round 1st leg,2023-04-13,Remo,Corinthians,2:0,on the bench,,,,,,,,,,
2022/23,1005649,Murillo,Copa do Brasil,3rd round 2nd leg,2023-04-27,Corinthians,Remo,7:4 on pens,,,,,,,,71,,19,
2022/23,1005649,Murillo,Copa do Brasil,last 16 1st leg,2023-05-18,Atlético-MG,Corinthians,2:0,CB,,,,,,,,,90,
2022/23,1005649,Murillo,Copa do Brasil,last 16 2nd leg,2023-06-01,Corinthians,Atlético-MG,5:1 on pens,CB,,,,,,,,90,90,
2023/24,1005649,Murillo,Copa do Brasil,Quarter-Finals 1st leg,2023-07-06,América-MG,Corinthians,1:0,CB,,,,,,,,,90,
2023/24,1005649,Murillo,Copa do Brasil,Quarter-Finals 2nd leg,2023-07-15,Corinthians,América-MG,6:3 on pens,CB,,,,,,,,,90,
2023/24,1005649,Murillo,Copa do Brasil,Semi-Finals 1st Leg,2023-07-26,Corinthians,São Paulo,2:1,CB,,,,,,,,,90,
2023/24,1005649,Murillo,Copa do Brasil,Semi-Finals 2nd Leg,2023-08-17,São Paulo,Corinthians,2:0,CB,,,,68,,,,,90,
2022/23,1005649,Murillo,Campeonato Paulista,1,2023-01-15,RB Bragantino,Corinthians,1:0,Not in squad,,,,,,,,,,
2022/23,1005649,Murillo,Campeonato Paulista,2,2023-01-18,Corinthians,Água Santa-SP,3:0,Not in squad,,,,,,,,,,
2022/23,1005649,Murillo,Campeonato Paulista,3,2023-01-21,Inter Limeira,Corinthians,0:0,on the bench,,,,,,,,,,
2022/23,1005649,Murillo,Campeonato Paulista,4,2023-01-25,Corinthians,Guarani,2:1,Not in squad,,,,,,,,,,
2022/23,1005649,Murillo,Campeonato Paulista,5,2023-01-29,São Paulo,Corinthians,1:2,on the bench,,,,,,,,,,
2022/23,1005649,Murillo,Campeonato Paulista,6,2023-02-05,Corinthians,Botafogo-SP,2:0,Not in squad,,,,,,,,,,
2022/23,1005649,Murillo,Campeonato Paulista,7,2023-02-10,São Bernardo,Corinthians,2:0,on the bench,,,,,,,,,,
2022/23,1005649,Murillo,Campeonato Paulista,8,2023-02-12,Portuguesa,Corinthians,0:0,on the bench,,,,,,,,,,
2022/23,1005649,Murillo,Campeonato Paulista,9,2023-02-17,Corinthians,Palmeiras,2:2,Not in squad,,,,,,,,,,
2022/23,1005649,Murillo,Campeonato Paulista,10,2023-02-19,Corinthians,Mirassol-SP,3:0,Not in squad,,,,,,,,,,
2022/23,1005649,Murillo,Campeonato Paulista,11,2023-02-26,Santos,Corinthians,2:2,Not in squad,,,,,,,,,,
2022/23,1005649,Murillo,Campeonato Paulista,12,2023-03-04,Corinthians,Santo André,3:1,Not in squad,,,,,,,,,,
2022/23,1005649,Murillo,Campeonato Paulista - Série A1 - Fase final,Quarter-Finals,2023-03-12,Corinthians,Ituano,7:8 on pens,Not in squad,,,,,,,,,,
2022/23,1005649,Murillo,Copa São Paulo de Futebol Júnior,Group 12,2023-01-04,Corinthians U20,Zumbi-AL U20,4:0,CB,,,,,,,,,90,
2022/23,1005649,Murillo,Copa São Paulo de Futebol Júnior,Group 12,2023-01-07,Fast U20,Corinthians U20,1:3,CB,,,,,,,,,90,
2022/23,1005649,Murillo,Copa São Paulo de Futebol Júnior,Group 12,2023-01-10,Ferroviária U20,Corinthians U20,0:4,Not in squad,,,,,,,,,,
2022/23,1005649,Murillo,Copa São Paulo de Futebol Júnior,First Round,2023-01-13,Corinthians U20,Comercial U20,1:0,CB,,,,,,,,,90,
2022/23,1005649,Murillo,Copa São Paulo de Futebol Júnior,Second Round,2023-01-14,Sport U20,Corinthians U20,2:1,CB,,,,,,,,85,85,
