﻿season,player_id,player_name,competition,journey,date,home_team,away_team,result,position,goals,assists,own_goals,yellow_cards,second_yellow_cards,red_cards,substitutions_on,substitutions_off,minutes_played,transfermarkt_score
2023/24,1111589,El Hadji Malick Diouf,UEFA Europa League,last 16 1st leg,2024-03-07,AC Milan,Slavia Praha,4:2,LB,,,,,,26,,,26,
2023/24,1111589,El Hadji Malick Diouf,UEFA Europa League,last 16 2nd leg,2024-03-14,Slavia Praha,AC Milan,1:3,Red card suspension,,,,,,,,,,
2023/24,1111589,El Hadji Malick Diouf,Fortuna Liga Championship Group,1,2024-05-04,Slavia Praha,Banik Ostrava,5:0,Not in squad,,,,,,,,,,
2023/24,1111589,El Hadji Malick Diouf,Fortuna Liga Championship Group,2,2024-05-11,Sparta Prague,Slavia Praha,0:0,on the bench,,,,,,,,,,
2023/24,1111589,El Hadji Malick Diouf,Fortuna Liga Championship Group,3,2024-05-15,Slavia Praha,Viktoria Plzeň,3:0,Not in squad,,,,,,,,,,
2023/24,1111589,El Hadji Malick Diouf,Fortuna Liga Championship Group,4,2024-05-18,Slovacko,Slavia Praha,1:2,on the bench,,,,,,,,,,
2023/24,1111589,El Hadji Malick Diouf,Fortuna Liga Championship Group,5,2024-05-26,Slavia Praha,Mlada Boleslav,4:0,LM,,,,,,,71,,19,
2023/24,1111589,El Hadji Malick Diouf,Fortuna Liga,20,2024-02-11,Slavia Praha,Jablonec,4:3,on the bench,,,,,,,,,,
2023/24,1111589,El Hadji Malick Diouf,Fortuna Liga,17,2024-02-14,Zlin,Slavia Praha,1:1,on the bench,,,,,,,,,,
2023/24,1111589,El Hadji Malick Diouf,Fortuna Liga,21,2024-02-18,Karvina,Slavia Praha,0:3,LM,1,,,,,,,,90,
2023/24,1111589,El Hadji Malick Diouf,Fortuna Liga,22,2024-02-25,Slavia Praha,Pardubice,3:0,LM,,,,,,,,63,63,
2023/24,1111589,El Hadji Malick Diouf,Fortuna Liga,23,2024-03-03,Sparta Prague,Slavia Praha,0:0,LM,,,,,,,46,,45,
2023/24,1111589,El Hadji Malick Diouf,Fortuna Liga,24,2024-03-10,Slavia Praha,Teplice,4:0,LB,,,,,,,,,90,
2023/24,1111589,El Hadji Malick Diouf,Fortuna Liga,25,2024-03-17,Slavia Praha,Slovan Liberec,3:0,LB,,,,,,,,46,45,
2023/24,1111589,El Hadji Malick Diouf,Fortuna Liga,26,2024-03-30,Slovacko,Slavia Praha,1:3,on the bench,,,,,,,,,,
2023/24,1111589,El Hadji Malick Diouf,Fortuna Liga,27,2024-04-06,Slavia Praha,Bohemians 1905,2:1,on the bench,,,,,,,,,,
2023/24,1111589,El Hadji Malick Diouf,Fortuna Liga,28,2024-04-14,Viktoria Plzeň,Slavia Praha,1:0,LB,,,,,,,66,,24,
2023/24,1111589,El Hadji Malick Diouf,Fortuna Liga,29,2024-04-21,Slavia Praha,Sigma Olomouc,2:2,Not in squad,,,,,,,,,,
2023/24,1111589,El Hadji Malick Diouf,Fortuna Liga,30,2024-04-28,Hradec Kralove,Slavia Praha,1:2,Not in squad,,,,,,,,,,
2023/24,1111589,El Hadji Malick Diouf,MOL Cup,Quarter-Finals,2024-02-28,Slavia Praha,Sparta Prague,2:3 AET,LM,1,,,,,,,114,114,
2023/24,1111589,El Hadji Malick Diouf,Ceska fotbalova liga - Promotion Playoff,final 1st leg,2024-06-12,Velvary,Slavia Prague B,0:0,Not in squad,,,,,,,,,,
2023/24,1111589,El Hadji Malick Diouf,Ceska fotbalova liga - Promotion Playoff,final 2nd leg,2024-06-15,Slavia Prague B,Velvary,2:1,Not in squad,,,,,,,,,,
2023/24,1111589,El Hadji Malick Diouf,Ceska fotbalova liga,16,2024-03-03,Slavia Prague B,Admira Prague,3:0,Not in squad,,,,,,,,,,
2023/24,1111589,El Hadji Malick Diouf,Ceska fotbalova liga,17,2024-03-09,Kraluv Dvur,Slavia Prague B,0:4,Not in squad,,,,,,,,,,
2023/24,1111589,El Hadji Malick Diouf,Ceska fotbalova liga,18,2024-03-17,Slavia Prague B,Loko Vltavin,3:0,Not in squad,,,,,,,,,,
2023/24,1111589,El Hadji Malick Diouf,Ceska fotbalova liga,20,2024-03-31,Slavia Prague B,Robstav,7:0,Not in squad,,,,,,,,,,
2023/24,1111589,El Hadji Malick Diouf,Ceska fotbalova liga,21,2024-04-07,Vikt. Plzen B,Slavia Prague B,2:1,Not in squad,,,,,,,,,,
2023/24,1111589,El Hadji Malick Diouf,Ceska fotbalova liga,22,2024-04-14,Slavia Prague B,Karlovy Vary,1:1,Not in squad,,,,,,,,,,
2023/24,1111589,El Hadji Malick Diouf,Ceska fotbalova liga,23,2024-04-21,Dukla Prague B,Slavia Prague B,0:6,Not in squad,,,,,,,,,,
2023/24,1111589,El Hadji Malick Diouf,Ceska fotbalova liga,24,2024-04-28,Slavia Prague B,Motorlet Prague,3:0,LW,,1,,,,,,,90,
2023/24,1111589,El Hadji Malick Diouf,Ceska fotbalova liga,19,2024-05-01,Povltavska FA,Slavia Prague B,0:5,Not in squad,,,,,,,,,,
2023/24,1111589,El Hadji Malick Diouf,Ceska fotbalova liga,25,2024-05-05,Bohemians B,Slavia Prague B,2:1,LW,,,,,,,,,90,
2023/24,1111589,El Hadji Malick Diouf,Ceska fotbalova liga,26,2024-05-12,Slavia Prague B,Pisek,2:2,LW,,,,,,,,37,37,
2023/24,1111589,El Hadji Malick Diouf,Ceska fotbalova liga,27,2024-05-17,Taborsko B,Slavia Prague B,0:2,Not in squad,,,,,,,,,,
2023/24,1111589,El Hadji Malick Diouf,Ceska fotbalova liga,28,2024-05-26,Slavia Prague B,Domazlice,1:0,Not in squad,,,,,,,,,,
2023/24,1111589,El Hadji Malick Diouf,Ceska fotbalova liga,29,2024-06-02,Slavia Prague B,C. Budejovice B,5:4,Not in squad,,,,,,,,,,
2023/24,1111589,El Hadji Malick Diouf,Ceska fotbalova liga,30,2024-06-09,Hostoun,Slavia Prague B,1:3,Not in squad,,,,,,,,,,
2025/26,1111589,El Hadji Malick Diouf,World Cup Qualification Africa,Group B,2025-09-05,Senegal,Sudan,2:0,LB,,,,,,,,,90,
2025/26,1111589,El Hadji Malick Diouf,World Cup Qualification Africa,Group B,2025-09-09,DR Congo,Senegal,2:3,LB,,,,,,,,,90,
2025/26,1111589,El Hadji Malick Diouf,World Cup Qualification Africa,Group B,2025-10-10,South Sudan,Senegal,0:5,LB,,,,,,,,,90,
2025/26,1111589,El Hadji Malick Diouf,World Cup Qualification Africa,Group B,2025-10-14,Senegal,Mauritania,4:0,LB,,,,,,,,,90,
