﻿season,player_id,player_name,competition,journey,date,home_team,away_team,result,position,goals,assists,own_goals,yellow_cards,second_yellow_cards,red_cards,substitutions_on,substitutions_off,minutes_played,transfermarkt_score
2024/25,1026524,Sam Amissah,International Friendlies,9,2024-09-04,England U18,Portugal U18,2:2,CB,,,,,,,,,90,
2024/25,1026524,Sam Amissah,International Friendlies,9,2024-09-06,Switzerland U18,England U18,1:1,on the bench,,,,,,,,,,
2024/25,1026524,Sam Amissah,International Friendlies,2,2024-09-08,France U18,England U18,1:3 on pens,,,,,,,,,,120,
2024/25,1026524,Sam Amissah,International Friendlies,3,2024-10-11,Sweden U18,England U18,2:0,Not in squad,,,,,,,,,,
2024/25,1026524,Sam Amissah,International Friendlies,8,2024-10-14,England U18,Ukraine U19,3:1,Not in squad,,,,,,,,,,
2024/25,1026524,Sam Amissah,International Friendlies,37,2024-11-15,Poland U18,England U18,3:1,CB,,,,,,,,69,69,
2024/25,1026524,Sam Amissah,International Friendlies,37,2024-11-18,Germany U18,England U18,1:0,,,,,,,,56,,34,
2024/25,1026524,Sam Amissah,International Friendlies,12,2025-03-20,England U18,Czechia U18,2:2,on the bench,,,,,,,,,,
2024/25,1026524,Sam Amissah,International Friendlies,12,2025-03-22,France U18,England U18,2:2,CB,,,,,,,,,90,
2024/25,1026524,Sam Amissah,International Friendlies,12,2025-03-25,Portugal U18,England U18,0:1,on the bench,,,,,,,,,,
2024/25,1026524,Sam Amissah,International Friendlies,4,2025-05-25,Morocco U18,England U18,1:3,,,,,,,,,85,85,
2024/25,1026524,Sam Amissah,International Friendlies,5,2025-05-28,England U18,Morocco U18,1:2,,,,,57,,,46,,45,
2024/25,1026524,Sam Amissah,Premier League,1,2024-08-16,Man Utd,Fulham,1:0,Not in squad,,,,,,,,,,
2024/25,1026524,Sam Amissah,Premier League,2,2024-08-24,Fulham,Leicester,2:1,Not in squad,,,,,,,,,,
2024/25,1026524,Sam Amissah,Premier League,3,2024-08-31,Ipswich,Fulham,1:1,Not in squad,,,,,,,,,,
2024/25,1026524,Sam Amissah,Premier League,4,2024-09-14,Fulham,West Ham,1:1,Not in squad,,,,,,,,,,
2024/25,1026524,Sam Amissah,Premier League,5,2024-09-21,Fulham,Newcastle,3:1,Not in squad,,,,,,,,,,
2024/25,1026524,Sam Amissah,Premier League,6,2024-09-28,Nott'm Forest,Fulham,0:1,Not in squad,,,,,,,,,,
2024/25,1026524,Sam Amissah,Premier League,7,2024-10-05,Man City,Fulham,3:2,Not in squad,,,,,,,,,,
2024/25,1026524,Sam Amissah,Premier League,8,2024-10-19,Fulham,Aston Villa,1:3,Not in squad,,,,,,,,,,
2024/25,1026524,Sam Amissah,Premier League,9,2024-10-26,Everton,Fulham,1:1,Not in squad,,,,,,,,,,
2024/25,1026524,Sam Amissah,Premier League,10,2024-11-04,Fulham,Brentford,2:1,Not in squad,,,,,,,,,,
2024/25,1026524,Sam Amissah,Premier League,11,2024-11-09,Crystal Palace,Fulham,0:2,Not in squad,,,,,,,,,,
2024/25,1026524,Sam Amissah,Premier League,12,2024-11-23,Fulham,Wolves,1:4,Not in squad,,,,,,,,,,
2024/25,1026524,Sam Amissah,Premier League,13,2024-12-01,Tottenham,Fulham,1:1,on the bench,,,,,,,,,,
2024/25,1026524,Sam Amissah,Premier League,14,2024-12-05,Fulham,Brighton,3:1,Not in squad,,,,,,,,,,
2024/25,1026524,Sam Amissah,Premier League,15,2024-12-08,Fulham,Arsenal,1:1,Not in squad,,,,,,,,,,
2024/25,1026524,Sam Amissah,Premier League,16,2024-12-14,Liverpool,Fulham,2:2,Not in squad,,,,,,,,,,
2024/25,1026524,Sam Amissah,Premier League,17,2024-12-22,Fulham,Southampton,0:0,Not in squad,,,,,,,,,,
2024/25,1026524,Sam Amissah,Premier League,18,2024-12-26,Chelsea,Fulham,1:2,Not in squad,,,,,,,,,,
2024/25,1026524,Sam Amissah,Premier League,19,2024-12-29,Fulham,Bournemouth,2:2,Not in squad,,,,,,,,,,
2024/25,1026524,Sam Amissah,Premier League,20,2025-01-05,Fulham,Ipswich,2:2,Not in squad,,,,,,,,,,
2024/25,1026524,Sam Amissah,Premier League,21,2025-01-14,West Ham,Fulham,3:2,Not in squad,,,,,,,,,,
2024/25,1026524,Sam Amissah,Premier League,22,2025-01-18,Leicester,Fulham,0:2,Not in squad,,,,,,,,,,
2024/25,1026524,Sam Amissah,Premier League,23,2025-01-26,Fulham,Man Utd,0:1,Not in squad,,,,,,,,,,
2024/25,1026524,Sam Amissah,Premier League,24,2025-02-01,Newcastle,Fulham,1:2,Not in squad,,,,,,,,,,
2024/25,1026524,Sam Amissah,Premier League,25,2025-02-15,Fulham,Nott'm Forest,2:1,Not in squad,,,,,,,,,,
2024/25,1026524,Sam Amissah,Premier League,26,2025-02-22,Fulham,Crystal Palace,0:2,Not in squad,,,,,,,,,,
2024/25,1026524,Sam Amissah,Premier League,27,2025-02-25,Wolves,Fulham,1:2,Not in squad,,,,,,,,,,
2024/25,1026524,Sam Amissah,Premier League,28,2025-03-08,Brighton,Fulham,2:1,Not in squad,,,,,,,,,,
2024/25,1026524,Sam Amissah,Premier League,29,2025-03-16,Fulham,Tottenham,2:0,Not in squad,,,,,,,,,,
2024/25,1026524,Sam Amissah,Premier League,30,2025-04-01,Arsenal,Fulham,2:1,Not in squad,,,,,,,,,,
2024/25,1026524,Sam Amissah,Premier League,31,2025-04-06,Fulham,Liverpool,3:2,Not in squad,,,,,,,,,,
2024/25,1026524,Sam Amissah,Premier League,32,2025-04-14,Bournemouth,Fulham,1:0,Not in squad,,,,,,,,,,
2024/25,1026524,Sam Amissah,Premier League,33,2025-04-20,Fulham,Chelsea,1:2,Not in squad,,,,,,,,,,
2024/25,1026524,Sam Amissah,Premier League,34,2025-04-26,Southampton,Fulham,1:2,Not in squad,,,,,,,,,,
2024/25,1026524,Sam Amissah,Premier League,35,2025-05-03,Aston Villa,Fulham,1:0,Not in squad,,,,,,,,,,
2024/25,1026524,Sam Amissah,Premier League,36,2025-05-10,Fulham,Everton,1:3,Not in squad,,,,,,,,,,
2024/25,1026524,Sam Amissah,Premier League,37,2025-05-18,Brentford,Fulham,2:3,Not in squad,,,,,,,,,,
2024/25,1026524,Sam Amissah,Premier League,38,2025-05-25,Fulham,Man City,0:2,Not in squad,,,,,,,,,,
2024/25,1026524,Sam Amissah,EFL Trophy,group B1,2024-08-20,Shrewsbury,Fulham U21,1:2,Not in squad,,,,,,,,,,
2024/25,1026524,Sam Amissah,EFL Trophy,group B1,2024-09-17,Walsall,Fulham U21,1:0,CB,,,,,,,,,90,
2024/25,1026524,Sam Amissah,EFL Trophy,group B1,2024-10-29,Birmingham,Fulham U21,7:1,CB,,,,,,,,,90,
2024/25,1026524,Sam Amissah,FA Cup,Third Round,2025-01-09,Fulham,Watford,4:1,Not in squad,,,,,,,,,,
2024/25,1026524,Sam Amissah,FA Cup,Fourth Round,2025-02-08,Wigan,Fulham,1:2,Not in squad,,,,,,,,,,
2024/25,1026524,Sam Amissah,FA Cup,Fifth Round,2025-03-02,Man Utd,Fulham,4:5 on pens,Not in squad,,,,,,,,,,
2024/25,1026524,Sam Amissah,FA Cup,Quarter-Finals,2025-03-29,Fulham,Crystal Palace,0:3,Not in squad,,,,,,,,,,
2024/25,1026524,Sam Amissah,EFL Cup,Second Round,2024-08-27,Birmingham,Fulham,0:2,Not in squad,,,,,,,,,,
2024/25,1026524,Sam Amissah,EFL Cup,Third Round,2024-09-17,Preston,Fulham,17:16 on pens,Not in squad,,,,,,,,,,
2024/25,1026524,Sam Amissah,Premier League 2 Playoffs,Round of 16,2025-04-28,Fulham U21,Nottingham U21,1:0 AET,CB,,,,49,,,,107,107,
2024/25,1026524,Sam Amissah,Premier League 2 Playoffs,Quarter-Finals,2025-05-05,Southampton U21,Fulham U21,5:2,CB,,1,,,,,,,90,
2024/25,1026524,Sam Amissah,U18 Premier League,1,2024-08-17,Southampton U18,Fulham U18,2:1,Not in squad,,,,,,,,,,
2024/25,1026524,Sam Amissah,U18 Premier League,2,2024-08-24,Fulham U18,Spurs U18,1:5,Not in squad,,,,,,,,,,
2024/25,1026524,Sam Amissah,U18 Premier League,3,2024-08-31,Norwich U18,Fulham U18,1:5,Not in squad,,,,,,,,,,
2024/25,1026524,Sam Amissah,U18 Premier League,4,2024-09-14,Fulham U18,Reading U18,2:2,Not in squad,,,,,,,,,,
2024/25,1026524,Sam Amissah,U18 Premier League,5,2024-09-21,Palace U18,Fulham U18,0:6,Not in squad,,,,,,,,,,
2024/25,1026524,Sam Amissah,U18 Premier League,6,2024-09-28,Fulham U18,West Brom U18,2:1,Not in squad,,,,,,,,,,
2024/25,1026524,Sam Amissah,U18 Premier League,7,2024-10-19,Leicester U18,Fulham U18,1:2,Not in squad,,,,,,,,,,
2024/25,1026524,Sam Amissah,U18 Premier League,9,2024-11-02,Chelsea U18,Fulham U18,2:1,Not in squad,,,,,,,,,,
2024/25,1026524,Sam Amissah,U18 Premier League,10,2024-11-09,Fulham U18,Brighton U18,2:0,Not in squad,,,,,,,,,,
2024/25,1026524,Sam Amissah,U18 Premier League,14,2025-01-25,Fulham U18,Southampton U18,2:1,Not in squad,,,,,,,,,,
2024/25,1026524,Sam Amissah,U18 Premier League,16,2025-02-08,Fulham U18,Norwich U18,2:1,Not in squad,,,,,,,,,,
2024/25,1026524,Sam Amissah,U18 Premier League,12,2025-02-18,Fulham U18,West Ham U18,0:1,Not in squad,,,,,,,,,,
2024/25,1026524,Sam Amissah,U18 Premier League,18,2025-02-22,West Brom U18,Fulham U18,0:2,Not in squad,,,,,,,,,,
2024/25,1026524,Sam Amissah,U18 Premier League,19,2025-03-01,Fulham U18,Palace U18,0:2,Not in squad,,,,,,,,,,
2024/25,1026524,Sam Amissah,U18 Premier League,20,2025-03-08,Fulham U18,Aston Villa U18,0:2,Not in squad,,,,,,,,,,
2024/25,1026524,Sam Amissah,U18 Premier League,17,2025-03-11,Reading U18,Fulham U18,1:0,Not in squad,,,,,,,,,,
2024/25,1026524,Sam Amissah,U18 Premier League,21,2025-03-15,West Ham U18,Fulham U18,2:2,Not in squad,,,,,,,,,,
2024/25,1026524,Sam Amissah,U18 Premier League,22,2025-03-29,Fulham U18,Leicester U18,2:2,Not in squad,,,,,,,,,,
2024/25,1026524,Sam Amissah,U18 Premier League,11,2025-04-01,Arsenal U18,Fulham U18,2:1,Not in squad,,,,,,,,,,
2024/25,1026524,Sam Amissah,U18 Premier League,13,2025-04-05,Aston Villa U18,Fulham U18,4:1,Not in squad,,,,,,,,,,
2024/25,1026524,Sam Amissah,U18 Premier League,24,2025-04-15,Fulham U18,Chelsea U18,1:0,Not in squad,,,,,,,,,,
2024/25,1026524,Sam Amissah,U18 Premier League,25,2025-04-26,Brighton U18,Fulham U18,0:2,Not in squad,,,,,,,,,,
2024/25,1026524,Sam Amissah,U18 Premier League,26,2025-05-03,Fulham U18,Arsenal U18,4:3,Not in squad,,,,,,,,,,
2024/25,1026524,Sam Amissah,U18 Premier League,15,2025-05-07,Spurs U18,Fulham U18,2:3,Not in squad,,,,,,,,,,
2024/25,1026524,Sam Amissah,Premier League 2,2,2024-08-24,Reading U21,Fulham U21,1:5,CB,,,,,,,,,90,
2024/25,1026524,Sam Amissah,Premier League 2,3,2024-08-30,Fulham U21,Leicester U21,3:1,CB,,,,44,,,,,90,
2024/25,1026524,Sam Amissah,Premier League 2,4,2024-09-20,Tottenham U21,Fulham U21,1:4,CB,,,,,,,,,90,
2024/25,1026524,Sam Amissah,Premier League 2,5,2024-09-27,Fulham U21,Sunderland U21,5:2,Not in squad,,,,,,,,,,
2024/25,1026524,Sam Amissah,Premier League 2,6,2024-10-04,Fulham U21,Chelsea U21,0:6,Not in squad,,,,,,,,,,
2024/25,1026524,Sam Amissah,Premier League 2,7,2024-10-25,Stoke U21,Fulham U21,0:1,CB,,,,,,,,,90,
2024/25,1026524,Sam Amissah,Premier League 2,8,2024-11-01,West Ham U21,Fulham U21,0:3,CB,,,,,,,,,90,
2024/25,1026524,Sam Amissah,Premier League 2,9,2024-11-29,Fulham U21,Leeds U21,2:1,Not in squad,,,,,,,,,,
2024/25,1026524,Sam Amissah,Premier League 2,10,2024-12-13,Fulham U21,Derby U21,4:0,Not in squad,,,,,,,,,,
2024/25,1026524,Sam Amissah,Premier League 2,1,2025-01-06,Palace U21,Fulham U21,0:1,CB,,,,,,,,,90,
2024/25,1026524,Sam Amissah,Premier League 2,11,2025-01-10,Southampton U21,Fulham U21,5:0,CB,,,,,,,,,90,
2024/25,1026524,Sam Amissah,Premier League 2,12,2025-01-18,Fulham U21,Arsenal U21,6:3,CB,,,,,,,,,90,
2024/25,1026524,Sam Amissah,Premier League 2,13,2025-01-27,Aston Villa U21,Fulham U21,3:3,Not in squad,,,,,,,,,,
2024/25,1026524,Sam Amissah,Premier League 2,14,2025-02-10,Fulham U21,Boro U21,2:0,Not in squad,,,,,,,,,,
2024/25,1026524,Sam Amissah,Premier League 2,15,2025-02-17,Man Utd U21,Fulham U21,0:1,CB,,,,,,,,,90,
2024/25,1026524,Sam Amissah,Premier League 2,16,2025-02-21,Fulham U21,Everton U21,2:2,CB,,,,,,,,,90,
2024/25,1026524,Sam Amissah,Premier League 2,17,2025-03-03,Fulham U21,Nottingham U21,0:1,CB,,,,,,,,,90,
2024/25,1026524,Sam Amissah,Premier League 2,18,2025-03-14,Brighton U21,Fulham U21,1:3,CB,,,,25,,,,,90,
2024/25,1026524,Sam Amissah,Premier League 2,19,2025-04-07,Fulham U21,Man City U21,1:1,CB,,,,,,,,,90,
2024/25,1026524,Sam Amissah,Premier League 2,20,2025-04-14,Blackburn U21,Fulham U21,2:3,CB,,,,,,,,,90,
2024/25,1026524,Sam Amissah,Premier League International Cup U21,Group C,2024-09-24,Fulham U21,PSV U21,4:4,Not in squad,,,,,,,,,,
2024/25,1026524,Sam Amissah,Premier League International Cup U21,Group C,2024-11-26,Fulham U21,Sparta Prague B,3:1,CB,,,,23,,,,69,69,
2024/25,1026524,Sam Amissah,Premier League International Cup U21,Group C,2024-12-10,Fulham U21,Hertha BSC II,5:3,CB,,,,,,,,46,45,
2024/25,1026524,Sam Amissah,Premier League International Cup U21,Group C,2025-01-24,Fulham U21,FCN Reserves,1:1,Information not yet available,,,,,,,,,,
2024/25,1026524,Sam Amissah,Premier League International Cup U21,Quarter-Finals,2025-03-17,Fulham U21,Sporting B,2:1,Not in squad,,,,,,,,,,
2024/25,1026524,Sam Amissah,Premier League International Cup U21,Semi-Finals,2025-04-22,Fulham U21,Olymp. Lyon B,0:2,CB,,,,,,,,,90,
2024/25,1026524,Sam Amissah,FA Youth Cup,Third Round,2024-12-01,Notts Co. U18,Fulham U18,0:4,Not in squad,,,,,,,,,,
2024/25,1026524,Sam Amissah,FA Youth Cup,Fourth Round,2025-01-16,Exeter U18,Fulham U18,1:4,Not in squad,,,,,,,,,,
2024/25,1026524,Sam Amissah,FA Youth Cup,Fifth Round,2025-01-31,Fulham U18,Arsenal U18,1:2,RB,,,,,,,,,90,
2024/25,1026524,Sam Amissah,National League Cup,Group A,2024-10-01,Maidenhead Utd.,Fulham U21,2:0,Information not yet available,,,,,,,,,,
2024/25,1026524,Sam Amissah,National League Cup,Group A,2024-11-05,Wealdstone,Fulham U21,0:2,Information not yet available,,,,,,,,,,
2024/25,1026524,Sam Amissah,National League Cup,Group A,2024-12-03,Woking,Fulham U21,2:3,Information not yet available,,,,,,,,,,
2024/25,1026524,Sam Amissah,National League Cup,Group A,2025-01-21,Aldershot,Fulham U21,2:1,Information not yet available,,,,,,,,,,
