﻿season,player_id,player_name,competition,journey,date,home_team,away_team,result,position,goals,assists,own_goals,yellow_cards,second_yellow_cards,red_cards,substitutions_on,substitutions_off,minutes_played,transfermarkt_score
2023/24,1067168,Harry Howell,International Friendlies,7,2023-08-22,Italy U16,England U16,3:1,,,,,,,,46,,34,
2023/24,1067168,Harry Howell,International Friendlies,8,2023-08-24,Italy U16,England U16,1:1,,,,,,,,,,80,
2023/24,1067168,Harry Howell,International Friendlies,27,2023-10-31,England U16,Japan U15,2:1,on the bench,,,,,,,,,,
2023/24,1067168,Harry Howell,International Friendlies,28,2023-11-02,France U16,England U16,2:5 on pens,Centre Forward,,,,,,,,,80,
2023/24,1067168,Harry Howell,International Friendlies,29,2023-11-04,Switzerland U16,England U16,3:5 on pens,Centre Forward,,,,,,,,66,66,
2023/24,1067168,Harry Howell,International Friendlies,12,2023-12-15,England U16,Ireland U16,2:0,Centre Forward,,,,,,,,59,59,
2023/24,1067168,Harry Howell,International Friendlies,6,2023-12-17,England U16,Netherlands U16,4:3,on the bench,,,,,,,,,,
2023/24,1067168,Harry Howell,International Friendlies,28,2024-02-21,England U16,S. Arabia U16,3:1,LW,,1,,,,,,67,67,
2023/24,1067168,Harry Howell,International Friendlies,16,2024-02-23,England U16,Sweden U16,4:0,,,,,,,,60,,20,
2023/24,1067168,Harry Howell,International Friendlies,27,2024-02-26,England U16,South Korea U16,3:0,,1,,,,,,49,,31,
2023/24,1067168,Harry Howell,International Friendlies,5,2024-04-12,England U16,Italy U16,2:1,Centre Forward,,,,,,,,63,63,
2023/24,1067168,Harry Howell,International Friendlies,9,2024-04-15,England U16,Belgium U16,1:2,,,,,,,,70,,10,
2023/24,1067168,Harry Howell,EFL Trophy,group B1,2023-08-22,Walsall,Brighton U21,2:3,Not in squad,,,,,,,,,,
2023/24,1067168,Harry Howell,EFL Trophy,group B1,2023-09-19,Shrewsbury,Brighton U21,4:1 on pens,Not in squad,,,,,,,,,,
2023/24,1067168,Harry Howell,EFL Trophy,group B1,2023-11-07,Forest Green,Brighton U21,2:4 on pens,Not in squad,,,,,,,,,,
2023/24,1067168,Harry Howell,EFL Trophy,Second Round,2023-12-05,MK Dons,Brighton U21,0:4,Not in squad,,,,,,,,,,
2023/24,1067168,Harry Howell,EFL Trophy,Round of 16,2024-01-09,Brighton U21,Reading,3:2 on pens,,,,,,,,90,,1,
2023/24,1067168,Harry Howell,EFL Trophy,Quarter-Finals,2024-01-31,Wycombe,Brighton U21,4:1,Not in squad,,,,,,,,,,
2023/24,1067168,Harry Howell,Premier League 2 Playoffs,Round of 16,2024-05-03,Chelsea U21,Brighton U21,5:4 AET,Not in squad,,,,,,,,,,
2023/24,1067168,Harry Howell,U18 Premier League,1,2023-08-12,Brighton U18,West Brom U18,4:3,Not in squad,,,,,,,,,,
2023/24,1067168,Harry Howell,U18 Premier League,2,2023-08-19,Leicester U18,Brighton U18,2:2,Not in squad,,,,,,,,,,
2023/24,1067168,Harry Howell,U18 Premier League,3,2023-08-26,Brighton U18,Southampton U18,2:2,Not in squad,,,,,,,,,,
2023/24,1067168,Harry Howell,U18 Premier League,4,2023-09-16,Spurs U18,Brighton U18,4:2,Centre Forward,,,,,,,,46,45,
2023/24,1067168,Harry Howell,U18 Premier League,5,2023-09-23,Brighton U18,West Ham U18,1:3,,,,,,,,75,,15,
2023/24,1067168,Harry Howell,U18 Premier League,6,2023-09-30,Palace U18,Brighton U18,3:3,CM,,,,,,,,,90,
2023/24,1067168,Harry Howell,U18 Premier League,7,2023-10-07,Brighton U18,Chelsea U18,0:2,LM,,,,,,,,,90,
2023/24,1067168,Harry Howell,U18 Premier League,8,2023-10-28,Reading U18,Brighton U18,3:2,Not in squad,,,,,,,,,,
2023/24,1067168,Harry Howell,U18 Premier League,10,2023-11-11,Brighton U18,Fulham U18,4:2,CF,,,,,,,,59,59,
2023/24,1067168,Harry Howell,U18 Premier League,12,2023-12-09,Brighton U18,Norwich U18,1:6,CM,,1,,,,,,,90,
2023/24,1067168,Harry Howell,U18 Premier League,14,2024-01-13,West Brom U18,Brighton U18,0:1,Not in squad,,,,,,,,,,
2023/24,1067168,Harry Howell,U18 Premier League,15,2024-01-27,Brighton U18,Spurs U18,2:2,,1,,,,,,58,,32,
2023/24,1067168,Harry Howell,U18 Premier League,17,2024-02-17,Brighton U18,Palace U18,4:2,Not in squad,,,,,,,,,,
2023/24,1067168,Harry Howell,U18 Premier League,18,2024-02-24,Arsenal U18,Brighton U18,1:3,Not in squad,,,,,,,,,,
2023/24,1067168,Harry Howell,U18 Premier League,19,2024-03-09,Brighton U18,Reading U18,5:2,CF,1,,,,,,,60,60,
2023/24,1067168,Harry Howell,U18 Premier League,16,2024-03-13,Chelsea U18,Brighton U18,3:0,AM,,,,,,,,,90,
2023/24,1067168,Harry Howell,U18 Premier League,20,2024-03-16,West Ham U18,Brighton U18,3:1,Not in squad,,,,,,,,,,
2023/24,1067168,Harry Howell,U18 Premier League,21,2024-04-06,Fulham U18,Brighton U18,3:2,CF,1,,,,,,,,90,
2023/24,1067168,Harry Howell,U18 Premier League,9,2024-04-09,Brighton U18,Arsenal U18,3:5,Not in squad,,,,,,,,,,
2023/24,1067168,Harry Howell,U18 Premier League,22,2024-04-13,Brighton U18,Leicester U18,1:0,Not in squad,,,,,,,,,,
2023/24,1067168,Harry Howell,U18 Premier League,11,2024-04-18,Aston Villa U18,Brighton U18,0:6,Not in squad,,,,,,,,,,
2023/24,1067168,Harry Howell,U18 Premier League,24,2024-04-27,Southampton U18,Brighton U18,0:2,CM,1,,,,,,,46,45,
2023/24,1067168,Harry Howell,U18 Premier League,25,2024-05-04,Brighton U18,Aston Villa U18,3:2,CM,,1,,,,,,,90,
2023/24,1067168,Harry Howell,U18 Premier League,26,2024-05-11,Norwich U18,Brighton U18,2:6,Not in squad,,,,,,,,,,
2023/24,1067168,Harry Howell,Premier League 2,1,2023-08-11,Brighton U21,Leeds U21,2:4,Not in squad,,,,,,,,,,
2023/24,1067168,Harry Howell,Premier League 2,2,2023-08-18,Chelsea U21,Brighton U21,2:3,Not in squad,,,,,,,,,,
2023/24,1067168,Harry Howell,Premier League 2,3,2023-08-25,Everton U21,Brighton U21,0:4,Not in squad,,,,,,,,,,
2023/24,1067168,Harry Howell,Premier League 2,4,2023-09-01,Brighton U21,Nottingham U21,1:0,Not in squad,,,,,,,,,,
2023/24,1067168,Harry Howell,Premier League 2,5,2023-09-23,Brighton U21,Newcastle U21,1:1,Not in squad,,,,,,,,,,
2023/24,1067168,Harry Howell,Premier League 2,6,2023-09-29,Derby U21,Brighton U21,2:3,Not in squad,,,,,,,,,,
2023/24,1067168,Harry Howell,Premier League 2,7,2023-10-29,Arsenal U21,Brighton U21,6:3,Not in squad,,,,,,,,,,
2023/24,1067168,Harry Howell,Premier League 2,8,2023-11-03,Brighton U21,Aston Villa U21,2:1,Not in squad,,,,,,,,,,
2023/24,1067168,Harry Howell,Premier League 2,9,2023-12-01,Fulham U21,Brighton U21,3:0,Not in squad,,,,,,,,,,
2023/24,1067168,Harry Howell,Premier League 2,10,2023-12-16,Brighton U21,Leicester U21,0:0,Not in squad,,,,,,,,,,
2023/24,1067168,Harry Howell,Premier League 2,11,2024-01-13,Brighton U21,Liverpool U21,4:2,Centre Forward,2,,,,,,,84,84,
2023/24,1067168,Harry Howell,Premier League 2,12,2024-01-26,Palace U21,Brighton U21,2:1,Not in squad,,,,,,,,,,
2023/24,1067168,Harry Howell,Premier League 2,13,2024-02-09,Brighton U21,Norwich U21,2:0,Not in squad,,,,,,,,,,
2023/24,1067168,Harry Howell,Premier League 2,14,2024-02-19,Stoke U21,Brighton U21,4:3,Not in squad,,,,,,,,,,
2023/24,1067168,Harry Howell,Premier League 2,15,2024-03-01,Sunderland U21,Brighton U21,1:1,Not in squad,,,,,,,,,,
2023/24,1067168,Harry Howell,Premier League 2,16,2024-03-08,Brighton U21,West Brom U21,2:1,Not in squad,,,,,,,,,,
2023/24,1067168,Harry Howell,Premier League 2,17,2024-03-15,Brighton U21,West Ham U21,1:4,Not in squad,,,,,,,,,,
2023/24,1067168,Harry Howell,Premier League 2,18,2024-04-08,Man Utd U21,Brighton U21,1:1,Not in squad,,,,,,,,,,
2023/24,1067168,Harry Howell,Premier League 2,19,2024-04-13,Brighton U21,Reading U21,0:3,Not in squad,,,,,,,,,,
2023/24,1067168,Harry Howell,Premier League 2,20,2024-04-29,Wolves U21,Brighton U21,1:1,Not in squad,,,,,,,,,,
2023/24,1067168,Harry Howell,Premier League International Cup U21,Group B,2023-10-04,Brighton U21,Valencia B,3:2,Information not yet available,,,,,,,,,,
2023/24,1067168,Harry Howell,Premier League International Cup U21,Group B,2023-11-24,Brighton U21,Celtic B,4:3,Information not yet available,,,,,,,,,,
2023/24,1067168,Harry Howell,Premier League International Cup U21,Group B,2023-12-20,Brighton U21,Olymp. Lyon B,2:1,Information not yet available,,,,,,,,,,
2023/24,1067168,Harry Howell,Premier League International Cup U21,Group B,2024-01-17,Brighton U21,Din. Zagreb II,2:1,Information not yet available,,,,,,,,,,
2023/24,1067168,Harry Howell,Premier League International Cup U21,Quarter-Finals,2024-02-23,West Ham U21,Brighton U21,2:1 AET,Information not yet available,,,,,,,,,,
2023/24,1067168,Harry Howell,Premier League Cup,Group A,2023-09-15,Brighton U21,Aston Villa U21,2:2,Information not yet available,,,,,,,,,,
2023/24,1067168,Harry Howell,Premier League Cup,Group A,2023-10-07,Swansea U21,Brighton U21,3:1,Information not yet available,,,,,,,,,,
2023/24,1067168,Harry Howell,Premier League Cup,Group A,2023-11-12,Hull U21,Brighton U21,0:5,Information not yet available,,,,,,,,,,
2023/24,1067168,Harry Howell,Premier League Cup,Group A,2023-12-08,Aston Villa U21,Brighton U21,4:0,Information not yet available,,,,,,,,,,
2023/24,1067168,Harry Howell,Premier League Cup,Group A,2024-01-23,Brighton U21,Swansea U21,1:0,Information not yet available,,,,,,,,,,
2023/24,1067168,Harry Howell,Premier League Cup,Group A,2024-02-05,Brighton U21,Hull U21,4:1,Information not yet available,,,,,,,,,,
2023/24,1067168,Harry Howell,FA Youth Cup,Third Round,2023-11-30,Harrogate U18,Brighton U18,1:4,,,,,,,,,,90,
2023/24,1067168,Harry Howell,FA Youth Cup,Fourth Round,2024-01-20,Brighton U18,Leeds U18,0:4,,,,,,,,,,90,
