﻿season,player_id,player_name,competition,journey,date,home_team,away_team,result,position,goals,assists,own_goals,yellow_cards,second_yellow_cards,red_cards,substitutions_on,substitutions_off,minutes_played,transfermarkt_score
2025/26,1045121,Genesis Antwi,UEFA Youth League,Group Stage,2025-09-17,FC Bayern YL,Chelsea YL,2:3,RB,1,,,,,,,,90,
2025/26,1045121,Genesis Antwi,UEFA Youth League,Group Stage,2025-09-30,Chelsea YL,Benfica YL,5:2,RB,,,,72,,,,,90,
2025/26,1045121,Genesis Antwi,UEFA Youth League,Group Stage,2025-10-22,Chelsea YL,Ajax YL,6:3,RB,1,,,,,,,,90,
2025/26,1045121,Genesis Antwi,UEFA Youth League,Group Stage,2025-11-05,Qarabag YL,Chelsea YL,0:5,Centre Forward,,,,,,,,74,74,
2025/26,1045121,Genesis Antwi,UEFA Youth League,Group Stage,2025-11-25,Chelsea YL,Barcelona YL,1:1,RB,,,,,,,,,90,
2025/26,1045121,Genesis Antwi,EFL Trophy,group B3,2025-08-26,Shrewsbury,Chelsea U21,3:1,,,,,,,,63,,27,
2025/26,1045121,Genesis Antwi,EFL Trophy,group B3,2025-09-23,Northampton,Chelsea U21,3:0,Not in squad,,,,,,,,,,
2025/26,1045121,Genesis Antwi,EFL Trophy,group B3,2025-10-28,Walsall,Chelsea U21,4:2 on pens,Not in squad,,,,,,,,,,
2025/26,1045121,Genesis Antwi,Premier League 2,1,2025-08-18,Chelsea U21,Man City U21,3:1,RB,,1,,,,,,90,90,
2025/26,1045121,Genesis Antwi,Premier League 2,2,2025-08-22,Newcastle U21,Chelsea U21,0:5,RB,,,,,,,,86,86,
2025/26,1045121,Genesis Antwi,Premier League 2,3,2025-08-29,Aston Villa U21,Chelsea U21,1:2,RB,,,,,,,,,90,
2025/26,1045121,Genesis Antwi,Premier League 2,4,2025-09-20,Chelsea U21,Ipswich U21,2:4,RB,,1,,,,,,62,62,
2025/26,1045121,Genesis Antwi,Premier League 2,5,2025-09-27,Chelsea U21,Stoke U21,1:2,RB,,,,,,,,,90,
2025/26,1045121,Genesis Antwi,Premier League 2,6,2025-10-05,Burnley U21,Chelsea U21,0:1,RB,,,,,,,,,90,
2025/26,1045121,Genesis Antwi,Premier League 2,7,2025-10-25,Chelsea U21,Arsenal U21,2:1,CB,,,,,,,,,90,
2025/26,1045121,Genesis Antwi,Premier League 2,8,2025-10-31,Everton U21,Chelsea U21,1:0,LB,,,,,,,,,90,
2025/26,1045121,Genesis Antwi,Premier League 2,9,2025-11-08,Chelsea U21,Reading U21,4:1,Not in squad,,,,,,,,,,
2025/26,1045121,Genesis Antwi,Premier League International Cup U21,Group C,2025-10-18,Chelsea U21,Din. Zagreb II,1:2,Not in squad,,,,,,,,,,
2025/26,1045121,Genesis Antwi,Premier League International Cup U21,Group C,2025-12-03,Chelsea U21,Paris SG U23,1:3,RB,,,,,,,,72,72,
2025/26,1045121,Genesis Antwi,UEFA European Under-21 Championship Qualifying,Group 5,2025-09-05,Sweden U21,Armenia U21,3:0,RB,,,,48,,,,71,71,
2025/26,1045121,Genesis Antwi,UEFA European Under-21 Championship Qualifying,Group 5,2025-09-09,Montenegro U21,Sweden U21,2:0,on the bench,,,,,,,,,,
2025/26,1045121,Genesis Antwi,UEFA European Under-21 Championship Qualifying,Group 5,2025-10-10,Italy U21,Sweden U21,4:0,RB,,,,,,,,,90,
2025/26,1045121,Genesis Antwi,UEFA European Under-21 Championship Qualifying,Group 5,2025-10-14,Sweden U21,Poland U21,0:6,RM,,,,,,,,82,82,
2025/26,1045121,Genesis Antwi,UEFA European Under-21 Championship Qualifying,Group 5,2025-11-13,Macedonia U21,Sweden U21,1:4,Not in squad,,,,,,,,,,
2025/26,1045121,Genesis Antwi,UEFA European Under-21 Championship Qualifying,Group 5,2025-11-18,Armenia U21,Sweden U21,0:1,Not in squad,,,,,,,,,,
