﻿season,player_id,player_name,competition,journey,date,home_team,away_team,result,position,goals,assists,own_goals,yellow_cards,second_yellow_cards,red_cards,substitutions_on,substitutions_off,minutes_played,transfermarkt_score
2019/20,111051,Nampalys Mendy,International Friendlies,7,2019-10-10,Brazil,Senegal,1:1,Not in squad,,,,,,,,,,
2019/20,111051,Nampalys Mendy,Africa Cup of Nations qualification,group I,2019-11-13,Senegal,Congo,2:0,Not in squad,,,,,,,,,,
2019/20,111051,Nampalys Mendy,Africa Cup of Nations qualification,group I,2019-11-17,Eswatini,Senegal,1:4,Not in squad,,,,,,,,,,
2020/21,111051,Nampalys Mendy,Africa Cup of Nations qualification,group I,2020-11-11,Senegal,Guinea-Bissau,2:0,Not in squad,,,,,,,,,,
2020/21,111051,Nampalys Mendy,Africa Cup of Nations qualification,group I,2020-11-15,Guinea-Bissau,Senegal,0:1,Not in squad,,,,,,,,,,
2020/21,111051,Nampalys Mendy,Africa Cup of Nations qualification,group I,2021-03-26,Congo,Senegal,0:0,DM,,,,,,,,78,78,
2020/21,111051,Nampalys Mendy,Africa Cup of Nations qualification,group I,2021-03-30,Senegal,Eswatini,1:1,DM,,,,,,,,,90,
2019/20,111051,Nampalys Mendy,Premier League,1,2019-08-11,Leicester,Wolves,0:0,Not in squad,,,,,,,,,,
2019/20,111051,Nampalys Mendy,Premier League,2,2019-08-18,Chelsea,Leicester,1:1,Not in squad,,,,,,,,,,
2019/20,111051,Nampalys Mendy,Premier League,3,2019-08-24,Sheff Utd,Leicester,1:2,,,,,,,,89,,1,
2019/20,111051,Nampalys Mendy,Premier League,4,2019-08-31,Leicester,Bournemouth,3:1,Not in squad,,,,,,,,,,
2019/20,111051,Nampalys Mendy,Premier League,5,2019-09-14,Man Utd,Leicester,1:0,Not in squad,,,,,,,,,,
2019/20,111051,Nampalys Mendy,Premier League,6,2019-09-21,Leicester,Tottenham,2:1,Not in squad,,,,,,,,,,
2019/20,111051,Nampalys Mendy,Premier League,7,2019-09-29,Leicester,Newcastle,5:0,Not in squad,,,,,,,,,,
2019/20,111051,Nampalys Mendy,Premier League,8,2019-10-05,Liverpool,Leicester,2:1,Not in squad,,,,,,,,,,
2019/20,111051,Nampalys Mendy,Premier League,9,2019-10-19,Leicester,Burnley,2:1,Not in squad,,,,,,,,,,
2019/20,111051,Nampalys Mendy,Premier League,10,2019-10-25,Southampton,Leicester,0:9,Not in squad,,,,,,,,,,
2019/20,111051,Nampalys Mendy,Premier League,11,2019-11-03,Crystal Palace,Leicester,0:2,Not in squad,,,,,,,,,,
2019/20,111051,Nampalys Mendy,Premier League,12,2019-11-09,Leicester,Arsenal,2:0,Not in squad,,,,,,,,,,
2019/20,111051,Nampalys Mendy,Premier League,13,2019-11-23,Brighton,Leicester,0:2,Not in squad,,,,,,,,,,
2019/20,111051,Nampalys Mendy,Premier League,14,2019-12-01,Leicester,Everton,2:1,Not in squad,,,,,,,,,,
2019/20,111051,Nampalys Mendy,Premier League,15,2019-12-04,Leicester,Watford,2:0,Not in squad,,,,,,,,,,
2019/20,111051,Nampalys Mendy,Premier League,16,2019-12-08,Aston Villa,Leicester,1:4,Not in squad,,,,,,,,,,
2019/20,111051,Nampalys Mendy,Premier League,17,2019-12-14,Leicester,Norwich,1:1,Not in squad,,,,,,,,,,
2019/20,111051,Nampalys Mendy,Premier League,18,2019-12-21,Man City,Leicester,3:1,Not in squad,,,,,,,,,,
2019/20,111051,Nampalys Mendy,Premier League,19,2019-12-26,Leicester,Liverpool,0:4,Not in squad,,,,,,,,,,
2019/20,111051,Nampalys Mendy,Premier League,20,2019-12-28,West Ham,Leicester,1:2,DM,,,,,,,,70,70,
2019/20,111051,Nampalys Mendy,Premier League,21,2020-01-01,Newcastle,Leicester,0:3,Not in squad,,,,,,,,,,
2019/20,111051,Nampalys Mendy,Premier League,22,2020-01-11,Leicester,Southampton,1:2,Not in squad,,,,,,,,,,
2019/20,111051,Nampalys Mendy,Premier League,23,2020-01-19,Burnley,Leicester,2:1,DM,,,,,,,,,90,
2019/20,111051,Nampalys Mendy,Premier League,24,2020-01-22,Leicester,West Ham,4:1,DM,,,,,,,,34,34,
2019/20,111051,Nampalys Mendy,Premier League,25,2020-02-01,Leicester,Chelsea,2:2,Knee injury,,,,,,,,,,
2019/20,111051,Nampalys Mendy,Premier League,26,2020-02-14,Wolves,Leicester,0:0,Knee injury,,,,,,,,,,
2019/20,111051,Nampalys Mendy,Premier League,27,2020-02-22,Leicester,Man City,0:1,Knee injury,,,,,,,,,,
2019/20,111051,Nampalys Mendy,Premier League,28,2020-02-28,Norwich,Leicester,1:0,Knee injury,,,,,,,,,,
2019/20,111051,Nampalys Mendy,Premier League,29,2020-03-09,Leicester,Aston Villa,4:0,,,,,,,,83,,7,
2019/20,111051,Nampalys Mendy,Premier League,30,2020-06-20,Watford,Leicester,1:1,on the bench,,,,,,,,,,
2019/20,111051,Nampalys Mendy,Premier League,31,2020-06-23,Leicester,Brighton,0:0,DM,,,,,,,,69,69,
2020/21,111051,Nampalys Mendy,Premier League,32,2020-07-01,Everton,Leicester,2:1,on the bench,,,,,,,,,,
2020/21,111051,Nampalys Mendy,Premier League,33,2020-07-04,Leicester,Crystal Palace,3:0,on the bench,,,,,,,,,,
2020/21,111051,Nampalys Mendy,Premier League,34,2020-07-07,Arsenal,Leicester,1:1,on the bench,,,,,,,,,,
2020/21,111051,Nampalys Mendy,Premier League,35,2020-07-12,Bournemouth,Leicester,4:1,on the bench,,,,,,,,,,
2020/21,111051,Nampalys Mendy,Premier League,36,2020-07-16,Leicester,Sheff Utd,2:0,on the bench,,,,,,,,,,
2020/21,111051,Nampalys Mendy,Premier League,37,2020-07-19,Tottenham,Leicester,3:0,DM,,,,,,,70,,20,
2020/21,111051,Nampalys Mendy,Premier League,38,2020-07-26,Leicester,Man Utd,0:2,on the bench,,,,,,,,,,
2019/20,111051,Nampalys Mendy,FA Cup,Third Round,2020-01-04,Leicester,Wigan,2:0,DM,,,,,,,,77,77,
2019/20,111051,Nampalys Mendy,FA Cup,Fourth Round,2020-01-25,Brentford,Leicester,0:1,Knee injury,,,,,,,,,,
2019/20,111051,Nampalys Mendy,FA Cup,Fifth Round,2020-03-04,Leicester,Birmingham,1:0,Knee injury,,,,,,,,,,
2019/20,111051,Nampalys Mendy,FA Cup,Quarter-Finals,2020-06-28,Leicester,Chelsea,0:1,on the bench,,,,,,,,,,
2019/20,111051,Nampalys Mendy,EFL Cup,Second Round,2019-08-28,Newcastle,Leicester,3:5 on pens,on the bench,,,,,,,,,,
2019/20,111051,Nampalys Mendy,EFL Cup,Third Round,2019-09-24,Luton,Leicester,0:4,Not in squad,,,,,,,,,,
2019/20,111051,Nampalys Mendy,EFL Cup,Fourth Round,2019-10-29,Burton Albion,Leicester,1:3,Not in squad,,,,,,,,,,
2019/20,111051,Nampalys Mendy,EFL Cup,Quarter-Finals,2019-12-18,Everton,Leicester,4:6 on pens,Not in squad,,,,,,,,,,
2019/20,111051,Nampalys Mendy,EFL Cup,Semi-Finals 1st Leg,2020-01-08,Leicester,Aston Villa,1:1,Not in squad,,,,,,,,,,
2019/20,111051,Nampalys Mendy,EFL Cup,Semi-Finals 2nd Leg,2020-01-28,Aston Villa,Leicester,2:1,Knee injury,,,,,,,,,,
2021/22,111051,Nampalys Mendy,World Cup Qualification Africa,Group H,2021-09-01,Senegal,Togo,2:0,Groin problems,,,,,,,,,,
2021/22,111051,Nampalys Mendy,World Cup Qualification Africa,Group H,2021-09-07,Congo,Senegal,1:3,Groin problems,,,,,,,,,,
2021/22,111051,Nampalys Mendy,World Cup Qualification Africa,Group H,2021-10-09,Senegal,Namibia,4:1,DM,,,,,,,71,,19,
2021/22,111051,Nampalys Mendy,World Cup Qualification Africa,Group H,2021-10-12,Namibia,Senegal,1:3,DM,,,,,,,88,,2,
2021/22,111051,Nampalys Mendy,World Cup Qualification Africa,Group H,2021-11-11,Togo,Senegal,1:1,DM,,,,,,,71,,19,
2021/22,111051,Nampalys Mendy,World Cup Qualification Africa,Group H,2021-11-14,Senegal,Congo,2:0,DM,,,,,,,,87,87,
2021/22,111051,Nampalys Mendy,World Cup Qualification Africa,3rd round 1st leg,2022-03-25,Egypt,Senegal,1:0,DM,,,,45,,,,,90,
2021/22,111051,Nampalys Mendy,World Cup Qualification Africa,3rd round 2nd leg,2022-03-29,Senegal,Egypt,3:1 on pens,DM,,,,,,,,81,81,
