﻿season,player_id,player_name,competition,journey,date,home_team,away_team,result,position,goals,assists,own_goals,yellow_cards,second_yellow_cards,red_cards,substitutions_on,substitutions_off,minutes_played,transfermarkt_score
2024/25,1064471,Fer López,LaLiga,19,2025-01-10,Rayo Vallecano,Celta de Vigo,2:1,Not in squad,,,,,,,,,,
2024/25,1064471,Fer López,LaLiga,20,2025-01-19,Celta de Vigo,Athletic Club,1:2,Not in squad,,,,,,,,,,
2024/25,1064471,Fer López,LaLiga,21,2025-01-27,Alavés,Celta de Vigo,1:1,Centre Forward,,,,,,,85,,5,
2024/25,1064471,Fer López,LaLiga,22,2025-02-02,Valencia,Celta de Vigo,2:1,,,,,,,,87,,3,
2024/25,1064471,Fer López,LaLiga,23,2025-02-08,Celta de Vigo,Real Betis,3:2,,,,,,,,60,,30,
2024/25,1064471,Fer López,LaLiga,24,2025-02-15,Atlético,Celta de Vigo,1:1,Centre Forward,,,,,,,,62,62,
2024/25,1064471,Fer López,LaLiga,25,2025-02-21,Celta de Vigo,CA Osasuna,1:0,Centre Forward,,,,38,,,,65,65,
2024/25,1064471,Fer López,LaLiga,26,2025-03-01,Girona,Celta de Vigo,2:2,,,,,,,,69,,21,
2024/25,1064471,Fer López,LaLiga,27,2025-03-08,Celta de Vigo,CD Leganés,2:1,on the bench,,,,,,,,,,
2024/25,1064471,Fer López,LaLiga,28,2025-03-15,Real Valladolid,Celta de Vigo,0:1,,,,,,,,71,,19,
2024/25,1064471,Fer López,LaLiga,29,2025-03-31,Celta de Vigo,UD Las Palmas,1:1,Centre Forward,,,,83,,,46,,45,
2024/25,1064471,Fer López,LaLiga,30,2025-04-05,RCD Mallorca,Celta de Vigo,1:2,,1,,,,,,64,,26,
2024/25,1064471,Fer López,LaLiga,31,2025-04-12,Celta de Vigo,Espanyol,0:2,,,,,,,,62,,28,
2024/25,1064471,Fer López,LaLiga,32,2025-04-19,Barcelona,Celta de Vigo,4:3,Centre Forward,,,,,,,74,,16,
2024/25,1064471,Fer López,LaLiga,33,2025-04-23,Celta de Vigo,Villarreal,3:0,Centre Forward,1,,,,,,,74,74,
2024/25,1064471,Fer López,LaLiga,34,2025-05-04,Real Madrid,Celta de Vigo,3:2,AM,,,,,,,,,90,
2024/25,1064471,Fer López,LaLiga,35,2025-05-10,Celta de Vigo,Sevilla FC,3:2,on the bench,,,,,,,,,,
2024/25,1064471,Fer López,LaLiga,36,2025-05-13,Real Sociedad,Celta de Vigo,0:1,Centre Forward,,,,,,,,66,66,
2024/25,1064471,Fer López,LaLiga,37,2025-05-18,Celta de Vigo,Rayo Vallecano,1:2,AM,,,,,,,,69,69,
2024/25,1064471,Fer López,LaLiga,38,2025-05-24,Getafe,Celta de Vigo,1:2,,,,,,,,84,,6,
2024/25,1064471,Fer López,Copa del Rey,Third Round,2025-01-05,Racing,Celta de Vigo,2:3,Not in squad,,,,,,,,,,
2024/25,1064471,Fer López,Copa del Rey,Round of 16,2025-01-16,Real Madrid,Celta de Vigo,5:2 AET,Centre Forward,,,,,,,75,,45,
2024/25,1064471,Fer López,Primera Federación - Grupo I,19,2025-01-11,Celta Fortuna,Real Sociedad B,2:1,Not in squad,,,,,,,,,,
2024/25,1064471,Fer López,Primera Federación - Grupo I,20,2025-01-19,Unionistas CF,Celta Fortuna,2:1,Not in squad,,,,,,,,,,
2024/25,1064471,Fer López,Primera Federación - Grupo I,22,2025-02-01,Celta Fortuna,Gimnàstic,0:1,Not in squad,,,,,,,,,,
2024/25,1064471,Fer López,Primera Federación - Grupo I,23,2025-02-09,Ourense CF,Celta Fortuna,1:0,Not in squad,,,,,,,,,,
2024/25,1064471,Fer López,Primera Federación - Grupo I,24,2025-02-16,Celta Fortuna,Real Unión,2:1,Not in squad,,,,,,,,,,
2024/25,1064471,Fer López,Primera Federación - Grupo I,25,2025-02-22,CyD Leonesa,Celta Fortuna,2:0,Not in squad,,,,,,,,,,
2024/25,1064471,Fer López,Primera Federación - Grupo I,26,2025-03-02,Celta Fortuna,Ponferradina,1:1,Not in squad,,,,,,,,,,
2024/25,1064471,Fer López,Primera Federación - Grupo I,27,2025-03-09,FC Andorra,Celta Fortuna,2:0,Not in squad,,,,,,,,,,
2024/25,1064471,Fer López,Primera Federación - Grupo I,28,2025-03-14,Celta Fortuna,Sestao River,1:1,Not in squad,,,,,,,,,,
2024/25,1064471,Fer López,Primera Federación - Grupo I,21,2025-03-19,Celta Fortuna,CD Lugo,1:2,Centre Forward,,,,,,,,,90,
2024/25,1064471,Fer López,Primera Federación - Grupo I,29,2025-03-23,Barakaldo CF,Celta Fortuna,0:1,CF,,,,,,,,,90,
2024/25,1064471,Fer López,Primera Federación - Grupo I,30,2025-03-30,Arenteiro,Celta Fortuna,1:2,Not in squad,,,,,,,,,,
2024/25,1064471,Fer López,Primera Federación - Grupo I,31,2025-04-04,Celta Fortuna,Barça Atlètic,3:1,Not in squad,,,,,,,,,,
2024/25,1064471,Fer López,Primera Federación - Grupo I,32,2025-04-13,G. Segoviana,Celta Fortuna,1:3,Not in squad,,,,,,,,,,
2024/25,1064471,Fer López,Primera Federación - Grupo I,33,2025-04-20,Celta Fortuna,SD Tarazona,1:1,Not in squad,,,,,,,,,,
2024/25,1064471,Fer López,Primera Federación - Grupo I,34,2025-04-27,Zamora CF,Celta Fortuna,1:1,Not in squad,,,,,,,,,,
2024/25,1064471,Fer López,Primera Federación - Grupo I,35,2025-05-04,Celta Fortuna,Osasuna B,3:0,Not in squad,,,,,,,,,,
2024/25,1064471,Fer López,Primera Federación - Grupo I,36,2025-05-11,SD Amorebieta,Celta Fortuna,4:3,Not in squad,,,,,,,,,,
2024/25,1064471,Fer López,Primera Federación - Grupo I,37,2025-05-17,Celta Fortuna,Bilbao Athletic,2:1,Not in squad,,,,,,,,,,
2024/25,1064471,Fer López,Primera Federación - Grupo I,38,2025-05-24,Real Sociedad B,Celta Fortuna,2:0,Not in squad,,,,,,,,,,
