﻿season,player_id,player_name,competition,journey,date,home_team,away_team,result,position,goals,assists,own_goals,yellow_cards,second_yellow_cards,red_cards,substitutions_on,substitutions_off,minutes_played,transfermarkt_score
2015/16,111051,Nampalys Mendy,Ligue 1,1,2015-08-08,Nice,Monaco,1:2,DM,,,,,,,,,90,
2015/16,111051,Nampalys Mendy,Ligue 1,2,2015-08-15,Troyes,Nice,3:3,DM,,,,,,,,,90,
2015/16,111051,Nampalys Mendy,Ligue 1,3,2015-08-22,Nice,SM Caen,2:1,DM,,1,,,,,,,90,
2015/16,111051,Nampalys Mendy,Ligue 1,4,2015-08-29,Angers SCO,Nice,1:1,DM,,,,,,,,,90,
2015/16,111051,Nampalys Mendy,Ligue 1,5,2015-09-12,Nice,Guingamp,0:1,DM,,,,,,,,,90,
2015/16,111051,Nampalys Mendy,Ligue 1,6,2015-09-19,SC Bastia,Nice,1:3,DM,1,,,,,,,,90,
2015/16,111051,Nampalys Mendy,Ligue 1,7,2015-09-23,Nice,G. Bordeaux,6:1,DM,,,,,,,,,90,
2015/16,111051,Nampalys Mendy,Ligue 1,8,2015-09-27,Saint-Étienne,Nice,1:4,DM,,,,,,62,,,62,
2015/16,111051,Nampalys Mendy,Ligue 1,10,2015-10-18,Stade Rennais,Nice,1:4,DM,,,,,,,,,90,
2015/16,111051,Nampalys Mendy,Ligue 1,11,2015-10-24,G. Ajaccio,Nice,3:1,DM,,,,,,,,,90,
2015/16,111051,Nampalys Mendy,Ligue 1,12,2015-11-01,Nice,Lille,0:0,DM,,,,,,,,,90,
2015/16,111051,Nampalys Mendy,Ligue 1,9,2015-11-04,Nice,FC Nantes,1:2,DM,,,,,,,,,90,
2015/16,111051,Nampalys Mendy,Ligue 1,13,2015-11-08,Marseille,Nice,0:1,DM,,,,,,,,,90,
2015/16,111051,Nampalys Mendy,Ligue 1,14,2015-11-20,Nice,Lyon,3:0,DM,,,,,,,,,90,
2015/16,111051,Nampalys Mendy,Ligue 1,15,2015-11-28,Toulouse,Nice,2:0,DM,,,,,,,,,90,
2015/16,111051,Nampalys Mendy,Ligue 1,16,2015-12-01,FC Lorient,Nice,0:0,DM,,,,,,,,,90,
2015/16,111051,Nampalys Mendy,Ligue 1,17,2015-12-04,Nice,PSG,0:3,DM,,,,,,,,,90,
2015/16,111051,Nampalys Mendy,Ligue 1,18,2015-12-12,Stade Reims,Nice,1:1,DM,,,,,,,,,90,
2015/16,111051,Nampalys Mendy,Ligue 1,19,2015-12-18,Nice,Montpellier,1:0,CM,,,,64,,,,,90,
2015/16,111051,Nampalys Mendy,Ligue 1,20,2016-01-10,Lille,Nice,1:1,DM,,,,50,,,,,90,
2015/16,111051,Nampalys Mendy,Ligue 1,21,2016-01-15,Nice,Angers SCO,2:1,DM,,,,,,,,,90,
2015/16,111051,Nampalys Mendy,Ligue 1,22,2016-01-23,Nice,FC Lorient,2:1,DM,,,,,,,,,90,
2015/16,111051,Nampalys Mendy,Ligue 1,23,2016-01-31,SM Caen,Nice,2:0,DM,,,,,,,,,90,
2015/16,111051,Nampalys Mendy,Ligue 1,24,2016-02-03,Nice,Toulouse,1:0,DM,,,,,,,,,90,
2015/16,111051,Nampalys Mendy,Ligue 1,25,2016-02-06,Monaco,Nice,1:0,DM,,,,,,,,,90,
2015/16,111051,Nampalys Mendy,Ligue 1,26,2016-02-14,Nice,Marseille,1:1,DM,,,,,,,,,90,
2015/16,111051,Nampalys Mendy,Ligue 1,27,2016-02-19,G. Bordeaux,Nice,0:0,DM,,,,,,,,,90,
2015/16,111051,Nampalys Mendy,Ligue 1,28,2016-02-26,Nice,SC Bastia,0:2,DM,,,,,,,,,90,
2015/16,111051,Nampalys Mendy,Ligue 1,29,2016-03-05,Nice,Troyes,2:1,DM,,,,,,,,,90,
2015/16,111051,Nampalys Mendy,Ligue 1,30,2016-03-12,Montpellier,Nice,0:2,DM,,,,,,,,,90,
2015/16,111051,Nampalys Mendy,Ligue 1,31,2016-03-20,Nice,G. Ajaccio,3:0,DM,,,,,,,,,90,
2015/16,111051,Nampalys Mendy,Ligue 1,32,2016-04-02,PSG,Nice,4:1,DM,,,,,,,,,90,
2015/16,111051,Nampalys Mendy,Ligue 1,33,2016-04-10,Nice,Stade Rennais,3:0,DM,,1,,,,,,,90,
2015/16,111051,Nampalys Mendy,Ligue 1,34,2016-04-15,Lyon,Nice,1:1,DM,,,,,,,,,90,
2015/16,111051,Nampalys Mendy,Ligue 1,35,2016-04-22,Nice,Stade Reims,2:0,DM,,,,,,,,,90,
2015/16,111051,Nampalys Mendy,Ligue 1,36,2016-04-30,FC Nantes,Nice,1:0,DM,,,,,,,,,90,
2015/16,111051,Nampalys Mendy,Ligue 1,37,2016-05-07,Nice,Saint-Étienne,2:0,DM,,,,,,,,,90,
2015/16,111051,Nampalys Mendy,Ligue 1,38,2016-05-14,Guingamp,Nice,2:3,DM,,,,,,,,,90,
2015/16,111051,Nampalys Mendy,Coupe de France,Fifth Round,2016-01-04,Nice,Stade Rennais,8:9 on pens,DM,,,,,,,,,120,
2015/16,111051,Nampalys Mendy,Coupe de la Ligue,Third Round,2015-10-28,SM Caen,Nice,1:2,DM,,,,,,,,,90,
2015/16,111051,Nampalys Mendy,Coupe de la Ligue,Round of 16,2015-12-15,Guingamp,Nice,6:5 on pens,Not in squad,,,,,,,,,,
