﻿season,player_id,player_name,competition,journey,date,home_team,away_team,result,position,goals,assists,own_goals,yellow_cards,second_yellow_cards,red_cards,substitutions_on,substitutions_off,minutes_played,transfermarkt_score
2023/24,1008553,Julian Eyestone,International Friendlies,2,2024-03-24,USA U19,England U19,3:2,on the bench,,,,,,,,,,
2023/24,1008553,Julian Eyestone,International Friendlies,11,2024-03-26,Morocco U20,USA U19,1:0,on the bench,,,,,,,,,,
2022/23,1008553,Julian Eyestone,MLS Next Pro,1,2023-03-27,LAFC 2,North Texas SC,0:1,GK,,,,,,,,,90,
2022/23,1008553,Julian Eyestone,MLS Next Pro,2,2023-04-03,LA Galaxy II,North Texas SC,0:1,Not in squad,,,,,,,,,,
2022/23,1008553,Julian Eyestone,MLS Next Pro,3,2023-04-10,North Texas SC,Whitecaps 2,1:4,Not in squad,,,,,,,,,,
2022/23,1008553,Julian Eyestone,MLS Next Pro,4,2023-04-13,Austin FC II,North Texas SC,3:0,Not in squad,,,,,,,,,,
2022/23,1008553,Julian Eyestone,MLS Next Pro,4,2023-04-17,North Texas SC,Minnesota 2,2:1,Not in squad,,,,,,,,,,
2022/23,1008553,Julian Eyestone,MLS Next Pro,5,2023-04-22,North Texas SC,Real Monarchs,0:1,Not in squad,,,,,,,,,,
2022/23,1008553,Julian Eyestone,MLS Next Pro,6,2023-05-01,Colorado 2,North Texas SC,4:2,Not in squad,,,,,,,,,,
2022/23,1008553,Julian Eyestone,MLS Next Pro,7,2023-05-08,North Texas SC,St. Louis 2,4:1,GK,,,,,,,,,90,
2022/23,1008553,Julian Eyestone,MLS Next Pro,8,2023-05-13,San Jose II,North Texas SC,5:3 on pens,GK,,,,,,,,,90,
2022/23,1008553,Julian Eyestone,MLS Next Pro,9,2023-05-22,North Texas SC,Houston 2,8:9 on pens,GK,,,,,,,,,90,
2022/23,1008553,Julian Eyestone,MLS Next Pro,10,2023-05-26,North Texas SC,Colorado 2,5:7 on pens,GK,,,,,,,,,90,
2022/23,1008553,Julian Eyestone,MLS Next Pro,10,2023-05-29,St. Louis 2,North Texas SC,7:6 on pens,GK,,,,,,,,,90,
2022/23,1008553,Julian Eyestone,MLS Next Pro,11,2023-06-05,North Texas SC,LA Galaxy II,2:0,GK,,,,,,,,,90,
2022/23,1008553,Julian Eyestone,MLS Next Pro,12,2023-06-11,Portland 2,North Texas SC,2:0,on the bench,,,,,,,,,,
2022/23,1008553,Julian Eyestone,MLS Next Pro,13,2023-06-17,North Texas SC,San Jose II,0:1,on the bench,,,,,,,,,,
2022/23,1008553,Julian Eyestone,MLS Next Pro,14,2023-06-26,Kansas City II,North Texas SC,6:5 on pens,on the bench,,,,,,,,,,
2023/24,1008553,Julian Eyestone,MLS Next Pro,15,2023-07-03,North Texas SC,LAFC 2,10:9 on pens,on the bench,,,,,,,,,,
2023/24,1008553,Julian Eyestone,MLS Next Pro,16,2023-07-10,Tacoma Defiance,North Texas SC,3:0,GK,,,,,,,,,90,
2023/24,1008553,Julian Eyestone,MLS Next Pro,17,2023-07-17,Houston 2,North Texas SC,2:1,on the bench,,,,,,,,,,
2023/24,1008553,Julian Eyestone,NCAA Division 1 Men's Soccer Championship,Second Round,2023-11-19,Blue Devils,WMU Broncos,1:2 AET,,,,,,,,,,110,
