﻿season,player_id,player_name,competition,journey,date,home_team,away_team,result,position,goals,assists,own_goals,yellow_cards,second_yellow_cards,red_cards,substitutions_on,substitutions_off,minutes_played,transfermarkt_score
2025/26,1051146,James Scanlon,International Friendlies,5,2025-09-04,Gibraltar,Albania,0:1,CM,,,,,,,,,90,
2025/26,1051146,James Scanlon,International Friendlies,24,2025-10-08,Gibraltar,New Caledonia,0:2,AM,,,,,,,,,90,
2025/26,1051146,James Scanlon,EFL Trophy,group A4,2025-09-30,Lincoln City,Man Utd U21,3:0,LW,,,,,,,,82,82,
2025/26,1051146,James Scanlon,EFL Trophy,group A4,2025-10-21,Barnsley,Man Utd U21,5:2,,,,,,,,63,,27,
2025/26,1051146,James Scanlon,EFL Trophy,group A4,2025-11-04,Notts County,Man Utd U21,0:2,LW,,,,,,,,,90,
2025/26,1051146,James Scanlon,Premier League 2,1,2025-08-18,Boro U21,Man Utd U21,0:1,,,,,,,,61,,29,
2025/26,1051146,James Scanlon,Premier League 2,2,2025-08-22,Man Utd U21,Norwich U21,4:2,AM,,1,,,,,,,90,
2025/26,1051146,James Scanlon,Premier League 2,3,2025-08-31,Man Utd U21,Man City U21,2:1,Centre Forward,,,,,,,,88,88,
2025/26,1051146,James Scanlon,Premier League 2,4,2025-09-21,Liverpool U21,Man Utd U21,1:2,,,,,,,,46,,45,
2025/26,1051146,James Scanlon,Premier League 2,5,2025-09-27,Man Utd U21,Palace U21,4:1,LW,,,,,,,,,90,
2025/26,1051146,James Scanlon,Premier League 2,6,2025-10-03,Everton U21,Man Utd U21,1:2,Centre Forward,,,,,,,,80,80,
2025/26,1051146,James Scanlon,Premier League 2,7,2025-10-25,Man Utd U21,Tottenham U21,4:1,LW,,1,,,,,,,90,
2025/26,1051146,James Scanlon,Premier League 2,8,2025-10-31,Man Utd U21,Blackburn U21,0:4,,,,,,,,46,,45,
2025/26,1051146,James Scanlon,Premier League International Cup U21,Group D,2025-09-24,Man Utd U21,Bilbao Athletic,2:1,LW,1,,,,,,,,90,
2025/26,1051146,James Scanlon,Premier League International Cup U21,Group D,2025-12-02,Man Utd U21,RSCA Futures,1:4,LM,,,,,,,,,90,
2025/26,1051146,James Scanlon,National League Cup,Group A,2025-09-16,Brackley,Man Utd U21,2:1,LW,,,,,,,,,90,
2025/26,1051146,James Scanlon,National League Cup,Group A,2025-10-28,Rochdale,Man Utd U21,0:2,LW,1,,,,,,,,90,
2025/26,1051146,James Scanlon,National League Cup,Group A,2025-11-25,Solihull Moors,Man Utd U21,4:1,AM,,,,,,,,,90,
