﻿season,player_id,player_name,competition,journey,date,home_team,away_team,result,position,goals,assists,own_goals,yellow_cards,second_yellow_cards,red_cards,substitutions_on,substitutions_off,minutes_played,transfermarkt_score
2025/26,1011131,Josh King,International Friendlies,1,2025-09-03,England U19,Ukraine U19,2:0,CM,,,,,,,70,,20,
2025/26,1011131,Josh King,International Friendlies,2,2025-09-06,England U19,Spain U19,3:3,AM,,,,,,,,69,69,
2025/26,1011131,Josh King,International Friendlies,3,2025-09-09,England U19,Netherlands U19,4:1,,,,,,,,78,,12,
2025/26,1011131,Josh King,International Friendlies,4,2025-10-11,England U19,Belgium U19,4:1,Not in squad,,,,,,,,,,
2025/26,1011131,Josh King,International Friendlies,4,2025-10-14,England U19,Wales U19,7:0,Not in squad,,,,,,,,,,
2025/26,1011131,Josh King,Premier League,1,2025-08-16,Brighton,Fulham,1:1,AM,,,,,,,,77,77,
2025/26,1011131,Josh King,Premier League,2,2025-08-24,Fulham,Man Utd,1:1,AM,,,,,,,,71,71,
2025/26,1011131,Josh King,Premier League,3,2025-08-30,Chelsea,Fulham,2:0,AM,,,,,,,,67,67,
2025/26,1011131,Josh King,Premier League,4,2025-09-13,Fulham,Leeds,1:0,AM,,,,,,,,60,60,
2025/26,1011131,Josh King,Premier League,5,2025-09-20,Fulham,Brentford,3:1,AM,,,,43,,,,67,67,
2025/26,1011131,Josh King,Premier League,6,2025-09-28,Aston Villa,Fulham,3:1,AM,,,,22,,,,65,65,
2025/26,1011131,Josh King,Premier League,7,2025-10-03,Bournemouth,Fulham,3:1,CF,,,,,,,,67,67,
2025/26,1011131,Josh King,Premier League,8,2025-10-18,Fulham,Arsenal,0:1,AM,,,,,,,,63,63,
2025/26,1011131,Josh King,Premier League,9,2025-10-25,Newcastle,Fulham,2:1,,,,,,,,76,,14,
2025/26,1011131,Josh King,Premier League,10,2025-11-01,Fulham,Wolves,3:0,AM,,,,,,,,72,72,
2025/26,1011131,Josh King,Premier League,11,2025-11-08,Everton,Fulham,2:0,,,,,,,,46,,45,
2025/26,1011131,Josh King,Premier League,12,2025-11-22,Fulham,Sunderland,1:0,AM,,,,,,,,64,64,
2025/26,1011131,Josh King,Premier League,13,2025-11-29,Tottenham,Fulham,1:2,AM,,1,,,,,,68,68,
2025/26,1011131,Josh King,Premier League,14,2025-12-02,Fulham,Man City,4:5,,,,,,,,74,,16,
2025/26,1011131,Josh King,EFL Cup,Second Round,2025-08-27,Fulham,Bristol City,2:0,,,,,,,,70,,20,
2025/26,1011131,Josh King,EFL Cup,Third Round,2025-09-23,Fulham,Cambridge Utd.,1:0,,,,,,,,60,,30,
2025/26,1011131,Josh King,EFL Cup,Fourth Round,2025-10-28,Wycombe,Fulham,5:6 on pens,CM,1,,,60,,,,,90,
2025/26,1011131,Josh King,UEFA EURO U19 Championship Qualifiers,Group 8,2025-11-12,England U19,Lithuania U19,2:0,Not in squad,,,,,,,,,,
2025/26,1011131,Josh King,UEFA EURO U19 Championship Qualifiers,Group 8,2025-11-15,England U19,Latvia U19,7:0,Not in squad,,,,,,,,,,
2025/26,1011131,Josh King,UEFA EURO U19 Championship Qualifiers,Group 8,2025-11-18,Scotland U19,England U19,0:4,Not in squad,,,,,,,,,,
2025/26,1011131,Josh King,UEFA European Under-21 Championship Qualifying,Group 4,2025-09-08,Kazakhstan U21,England U21,0:2,Not in squad,,,,,,,,,,
2025/26,1011131,Josh King,UEFA European Under-21 Championship Qualifying,Group 4,2025-10-10,Moldova U21,England U21,0:4,,,,,,,,69,,21,
2025/26,1011131,Josh King,UEFA European Under-21 Championship Qualifying,Group 4,2025-10-13,England U21,Andorra U21,1:0,LW,,,,,,,,67,67,
2025/26,1011131,Josh King,UEFA European Under-21 Championship Qualifying,Group 4,2025-11-14,England U21,Ireland U21,2:0,,,,,,,,61,,29,
2025/26,1011131,Josh King,UEFA European Under-21 Championship Qualifying,Group 4,2025-11-18,Slovakia U21,England U21,0:4,,1,1,,,,,68,,22,
