﻿season,player_id,player_name,competition,journey,date,home_team,away_team,result,position,goals,assists,own_goals,yellow_cards,second_yellow_cards,red_cards,substitutions_on,substitutions_off,minutes_played,transfermarkt_score
2022/23,1111589,El Hadji Malick Diouf,Eliteserien,1,2023-04-10,Tromsø,Molde FK,1:0,on the bench,,,,,,,,,,
2022/23,1111589,El Hadji Malick Diouf,Eliteserien,2,2023-04-16,Sandefjord,Tromsø,0:0,on the bench,,,,,,,,,,
2022/23,1111589,El Hadji Malick Diouf,Eliteserien,3,2023-04-23,Tromsø,Viking,1:1,on the bench,,,,,,,,,,
2022/23,1111589,El Hadji Malick Diouf,Eliteserien,4,2023-04-30,Strømsgodset,Tromsø,0:1,Not in squad,,,,,,,,,,
2022/23,1111589,El Hadji Malick Diouf,Eliteserien,5,2023-05-07,Tromsø,Odd,0:1,on the bench,,,,,,,,,,
2022/23,1111589,El Hadji Malick Diouf,Eliteserien,6,2023-05-13,HamKam,Tromsø,1:2,Not in squad,,,,,,,,,,
2022/23,1111589,El Hadji Malick Diouf,Eliteserien,7,2023-05-16,Tromsø,Bodø/Glimt,2:3,on the bench,,,,,,,,,,
2022/23,1111589,El Hadji Malick Diouf,Eliteserien,8,2023-05-29,Haugesund,Tromsø,1:2,Not in squad,,,,,,,,,,
2022/23,1111589,El Hadji Malick Diouf,Eliteserien,9,2023-06-04,Tromsø,Sarpsborg 08,2:1,on the bench,,,,,,,,,,
2022/23,1111589,El Hadji Malick Diouf,Eliteserien,10,2023-06-11,Aalesund,Tromsø,2:3,Not in squad,,,,,,,,,,
2022/23,1111589,El Hadji Malick Diouf,Eliteserien,11,2023-06-25,Tromsø,Stabæk,2:1,on the bench,,,,,,,,,,
2023/24,1111589,El Hadji Malick Diouf,Eliteserien,12,2023-07-02,Lillestrøm,Tromsø,0:1,Not in squad,,,,,,,,,,
2023/24,1111589,El Hadji Malick Diouf,Eliteserien,13,2023-07-09,Tromsø,Vålerenga,0:0,,,,,84,,,83,,7,
2023/24,1111589,El Hadji Malick Diouf,Eliteserien,14,2023-07-16,Rosenborg,Tromsø,2:1,,1,,,70,84,,63,,21,
2023/24,1111589,El Hadji Malick Diouf,Eliteserien,15,2023-07-23,Tromsø,Brann,3:1,Indirect card suspension,,,,,,,,,,
2023/24,1111589,El Hadji Malick Diouf,Eliteserien,16,2023-07-30,Bodø/Glimt,Tromsø,0:2,Not in squad,,,,,,,,,,
2023/24,1111589,El Hadji Malick Diouf,Eliteserien,17,2023-08-06,Tromsø,Lillestrøm,3:1,LM,,,,,,,,69,69,
2023/24,1111589,El Hadji Malick Diouf,Eliteserien,19,2023-08-20,Tromsø,Sandefjord,1:0,LM,,,,,,,,69,69,
2023/24,1111589,El Hadji Malick Diouf,Eliteserien,20,2023-08-26,Sarpsborg 08,Tromsø,4:0,,,,,,,,78,,12,
2023/24,1111589,El Hadji Malick Diouf,Eliteserien,21,2023-09-03,Tromsø,Rosenborg,3:1,on the bench,,,,,,,,,,
2023/24,1111589,El Hadji Malick Diouf,Eliteserien,22,2023-09-17,Tromsø,HamKam,2:1,,,,,,,,86,,4,
2023/24,1111589,El Hadji Malick Diouf,Eliteserien,23,2023-09-24,Brann,Tromsø,2:1,,,,,,,,83,,7,
2023/24,1111589,El Hadji Malick Diouf,Eliteserien,18,2023-09-30,Stabæk,Tromsø,0:1,,,,,,,,89,,1,
2023/24,1111589,El Hadji Malick Diouf,Eliteserien,24,2023-10-08,Tromsø,Aalesund,1:2,,,,,,,,65,,25,
2023/24,1111589,El Hadji Malick Diouf,Eliteserien,25,2023-10-22,Viking,Tromsø,3:4,LM,,,,,,,,86,86,
2023/24,1111589,El Hadji Malick Diouf,Eliteserien,26,2023-10-30,Molde FK,Tromsø,1:4,LM,1,,,,,,,90,90,
2023/24,1111589,El Hadji Malick Diouf,Eliteserien,27,2023-11-05,Tromsø,Strømsgodset,0:1,LM,,,,,,,,90,90,
2023/24,1111589,El Hadji Malick Diouf,Eliteserien,28,2023-11-12,Odd,Tromsø,1:2,LM,1,1,,60,,,,85,85,
2023/24,1111589,El Hadji Malick Diouf,Eliteserien,29,2023-11-26,Tromsø,Haugesund,2:1,LM,,,,,,,,,90,
2023/24,1111589,El Hadji Malick Diouf,Eliteserien,30,2023-12-03,Vålerenga,Tromsø,1:1,LM,,,,,,,,83,83,
2022/23,1111589,El Hadji Malick Diouf,NM-Cup,First Round,2023-05-24,HIF/Stein,Tromsø,0:8,CB,,,,,,,,,90,
2022/23,1111589,El Hadji Malick Diouf,NM-Cup,Second Round,2023-06-01,Tromsdalen,Tromsø,2:5 on pens,,,,,,,,46,,74,
2022/23,1111589,El Hadji Malick Diouf,NM-Cup,Third Round,2023-06-07,Alta,Tromsø,0:1,CB,,,,,,,,51,51,
2022/23,1111589,El Hadji Malick Diouf,NM-Cup,Round of 16,2023-06-28,Bodø/Glimt,Tromsø,3:2,LM,,,,87,93,,,,90,
2022/23,1111589,El Hadji Malick Diouf,Norsk Tipping-Ligaen avdeling 6,1,2023-04-10,Mjølner,Tromsø IL II,5:1,Not in squad,,,,,,,,,,
2022/23,1111589,El Hadji Malick Diouf,Norsk Tipping-Ligaen avdeling 6,2,2023-04-17,Tromsø IL II,Sarpsborg 08 II,1:0,,,,,25,,,,,90,
2022/23,1111589,El Hadji Malick Diouf,Norsk Tipping-Ligaen avdeling 6,3,2023-04-22,Tromsø IL II,Nordstrand IF,0:0,Not in squad,,,,,,,,,,
2022/23,1111589,El Hadji Malick Diouf,Norsk Tipping-Ligaen avdeling 6,4,2023-05-01,KFUM Oslo II,Tromsø IL II,1:1,,,,,,,,,,90,
2022/23,1111589,El Hadji Malick Diouf,Norsk Tipping-Ligaen avdeling 6,5,2023-05-06,Tromsø IL II,Follo FK,1:6,Not in squad,,,,,,,,,,
2022/23,1111589,El Hadji Malick Diouf,Norsk Tipping-Ligaen avdeling 6,6,2023-05-14,Lørenskog IF,Tromsø IL II,4:1,,1,,,33,,,,,90,
2022/23,1111589,El Hadji Malick Diouf,Norsk Tipping-Ligaen avdeling 6,7,2023-05-28,Tromsø IL II,Oppsal Fotball,1:2,Not in squad,,,,,,,,,,
2022/23,1111589,El Hadji Malick Diouf,Norsk Tipping-Ligaen avdeling 6,8,2023-06-04,Skjervøy,Tromsø IL II,4:4,Not in squad,,,,,,,,,,
2022/23,1111589,El Hadji Malick Diouf,Norsk Tipping-Ligaen avdeling 6,9,2023-06-11,Tromsø IL II,Skånland OIF,2:3,Not in squad,,,,,,,,,,
2022/23,1111589,El Hadji Malick Diouf,Norsk Tipping-Ligaen avdeling 6,10,2023-06-18,HIF/Stein,Tromsø IL II,0:1,Not in squad,,,,,,,,,,
2022/23,1111589,El Hadji Malick Diouf,Norsk Tipping-Ligaen avdeling 6,11,2023-06-26,Tromsø IL II,Fløya,2:1,Not in squad,,,,,,,,,,
2023/24,1111589,El Hadji Malick Diouf,Norsk Tipping-Ligaen avdeling 6,12,2023-07-24,Skeid II,Tromsø IL II,2:1,,,,,70,,,,71,71,
2023/24,1111589,El Hadji Malick Diouf,Norsk Tipping-Ligaen avdeling 6,13,2023-07-30,Tromsø IL II,Asker,1:3,Not in squad,,,,,,,,,,
2023/24,1111589,El Hadji Malick Diouf,Norsk Tipping-Ligaen avdeling 6,14,2023-08-07,Oppsal Fotball,Tromsø IL II,3:2,Not in squad,,,,,,,,,,
2023/24,1111589,El Hadji Malick Diouf,Norsk Tipping-Ligaen avdeling 6,15,2023-08-13,Tromsø IL II,Skjervøy,6:0,Not in squad,,,,,,,,,,
2023/24,1111589,El Hadji Malick Diouf,Norsk Tipping-Ligaen avdeling 6,16,2023-08-21,Asker,Tromsø IL II,5:0,Not in squad,,,,,,,,,,
2023/24,1111589,El Hadji Malick Diouf,Norsk Tipping-Ligaen avdeling 6,17,2023-08-27,Tromsø IL II,HIF/Stein,5:0,Not in squad,,,,,,,,,,
2023/24,1111589,El Hadji Malick Diouf,Norsk Tipping-Ligaen avdeling 6,18,2023-09-04,Follo FK,Tromsø IL II,8:0,Not in squad,,,,,,,,,,
2023/24,1111589,El Hadji Malick Diouf,Norsk Tipping-Ligaen avdeling 6,19,2023-09-09,Tromsø IL II,KFUM Oslo II,1:2,,1,,,,,,,,90,
2023/24,1111589,El Hadji Malick Diouf,Norsk Tipping-Ligaen avdeling 6,20,2023-09-18,Sarpsborg 08 II,Tromsø IL II,1:0,,,,,,,,,,90,
2023/24,1111589,El Hadji Malick Diouf,Norsk Tipping-Ligaen avdeling 6,21,2023-09-24,Tromsø IL II,Lørenskog IF,1:4,Not in squad,,,,,,,,,,
2023/24,1111589,El Hadji Malick Diouf,Norsk Tipping-Ligaen avdeling 6,22,2023-10-01,Nordstrand IF,Tromsø IL II,0:4,,1,,,,,,,,90,
2023/24,1111589,El Hadji Malick Diouf,Norsk Tipping-Ligaen avdeling 6,23,2023-10-09,Fløya,Tromsø IL II,1:2,,,,,,,,,,90,
2023/24,1111589,El Hadji Malick Diouf,Norsk Tipping-Ligaen avdeling 6,24,2023-10-15,Tromsø IL II,Mjølner,4:4,,1,,,,,,,,90,
2023/24,1111589,El Hadji Malick Diouf,Norsk Tipping-Ligaen avdeling 6,25,2023-10-22,Skånland OIF,Tromsø IL II,6:0,Not in squad,,,,,,,,,,
2023/24,1111589,El Hadji Malick Diouf,Norsk Tipping-Ligaen avdeling 6,26,2023-10-29,Tromsø IL II,Skeid II,2:2,Not in squad,,,,,,,,,,
