﻿season,player_id,player_name,competition,journey,date,home_team,away_team,result,position,goals,assists,own_goals,yellow_cards,second_yellow_cards,red_cards,substitutions_on,substitutions_off,minutes_played,transfermarkt_score
2010/11,110867,Jed Steer,International Friendlies,8,2011-02-08,England U19,Germany U19,0:1,Not in squad,,,,,,,,,,
2010/11,110867,Jed Steer,International Friendlies,8,2011-03-29,Netherlands U19,England U19,3:0,GK,,,,,,,,61,61,
2010/11,110867,Jed Steer,International Friendlies,13,2011-05-31,England U19,Montenegro U19,1:0,Not in squad,,,,,,,,,,
2010/11,110867,Jed Steer,International Friendlies,12,2011-06-05,England U19,Spain U19,1:1,Not in squad,,,,,,,,,,
2010/11,110867,Jed Steer,Championship,1,2010-08-06,Norwich,Watford,2:3,Not in squad,,,,,,,,,,
2010/11,110867,Jed Steer,Championship,2,2010-08-14,Scunthorpe Utd.,Norwich,0:1,Not in squad,,,,,,,,,,
2010/11,110867,Jed Steer,Championship,3,2010-08-21,Norwich,Swansea,2:0,Not in squad,,,,,,,,,,
2010/11,110867,Jed Steer,Championship,4,2010-08-28,Nott'm Forest,Norwich,1:1,Not in squad,,,,,,,,,,
2010/11,110867,Jed Steer,Championship,5,2010-09-11,Norwich,Barnsley,2:1,on the bench,,,,,,,,,,
2010/11,110867,Jed Steer,Championship,6,2010-09-14,Doncaster,Norwich,3:1,Not in squad,,,,,,,,,,
2010/11,110867,Jed Steer,Championship,7,2010-09-18,Preston,Norwich,0:1,Not in squad,,,,,,,,,,
2010/11,110867,Jed Steer,Championship,8,2010-09-25,Norwich,Hull City,0:2,Not in squad,,,,,,,,,,
2010/11,110867,Jed Steer,Championship,9,2010-09-28,Norwich,Leicester,4:3,Not in squad,,,,,,,,,,
2010/11,110867,Jed Steer,Championship,10,2010-10-02,Bristol City,Norwich,0:3,Not in squad,,,,,,,,,,
2010/11,110867,Jed Steer,Championship,11,2010-10-16,QPR,Norwich,0:0,Not in squad,,,,,,,,,,
2010/11,110867,Jed Steer,Championship,12,2010-10-19,Norwich,Crystal Palace,1:2,Not in squad,,,,,,,,,,
2010/11,110867,Jed Steer,Championship,13,2010-10-23,Norwich,Middlesbrough,1:0,Not in squad,,,,,,,,,,
2010/11,110867,Jed Steer,Championship,14,2010-10-30,Cardiff,Norwich,3:1,Not in squad,,,,,,,,,,
2010/11,110867,Jed Steer,Championship,15,2010-11-06,Norwich,Burnley,2:2,Not in squad,,,,,,,,,,
2010/11,110867,Jed Steer,Championship,16,2010-11-09,Millwall,Norwich,1:1,Not in squad,,,,,,,,,,
2010/11,110867,Jed Steer,Championship,17,2010-11-13,Reading,Norwich,3:3,Not in squad,,,,,,,,,,
2010/11,110867,Jed Steer,Championship,18,2010-11-20,Norwich,Leeds,1:1,Not in squad,,,,,,,,,,
2010/11,110867,Jed Steer,Championship,19,2010-11-28,Norwich,Ipswich,4:1,Not in squad,,,,,,,,,,
2010/11,110867,Jed Steer,Championship,20,2010-12-04,Derby,Norwich,1:2,Not in squad,,,,,,,,,,
2010/11,110867,Jed Steer,Championship,21,2010-12-11,Norwich,Portsmouth,0:2,on the bench,,,,,,,,,,
2010/11,110867,Jed Steer,Championship,22,2010-12-18,Coventry,Norwich,1:2,Not in squad,,,,,,,,,,
2010/11,110867,Jed Steer,Championship,24,2010-12-28,Norwich,Sheff Utd,4:2,Not in squad,,,,,,,,,,
2010/11,110867,Jed Steer,Championship,25,2011-01-01,Norwich,QPR,1:0,Not in squad,,,,,,,,,,
2010/11,110867,Jed Steer,Championship,26,2011-01-03,Middlesbrough,Norwich,1:1,Not in squad,,,,,,,,,,
2010/11,110867,Jed Steer,Championship,27,2011-01-15,Norwich,Cardiff,1:1,on the bench,,,,,,,,,,
2010/11,110867,Jed Steer,Championship,28,2011-01-22,Sheff Utd,Norwich,1:2,on the bench,,,,,,,,,,
2010/11,110867,Jed Steer,Championship,23,2011-01-29,Crystal Palace,Norwich,0:0,on the bench,,,,,,,,,,
2010/11,110867,Jed Steer,Championship,29,2011-02-01,Norwich,Millwall,2:1,on the bench,,,,,,,,,,
2010/11,110867,Jed Steer,Championship,30,2011-02-05,Burnley,Norwich,2:1,on the bench,,,,,,,,,,
2010/11,110867,Jed Steer,Championship,31,2011-02-12,Norwich,Reading,2:1,on the bench,,,,,,,,,,
2010/11,110867,Jed Steer,Championship,32,2011-02-19,Leeds,Norwich,2:2,on the bench,,,,,,,,,,
2010/11,110867,Jed Steer,Championship,33,2011-02-22,Norwich,Doncaster,1:1,on the bench,,,,,,,,,,
2010/11,110867,Jed Steer,Championship,34,2011-02-26,Barnsley,Norwich,0:2,Not in squad,,,,,,,,,,
2010/11,110867,Jed Steer,Championship,35,2011-03-05,Norwich,Preston,1:1,Not in squad,,,,,,,,,,
2010/11,110867,Jed Steer,Championship,36,2011-03-08,Leicester,Norwich,2:3,Not in squad,,,,,,,,,,
2010/11,110867,Jed Steer,Championship,37,2011-03-14,Norwich,Bristol City,3:1,Not in squad,,,,,,,,,,
2010/11,110867,Jed Steer,Championship,38,2011-03-19,Hull City,Norwich,1:1,Not in squad,,,,,,,,,,
2010/11,110867,Jed Steer,Championship,39,2011-04-02,Norwich,Scunthorpe Utd.,6:0,Not in squad,,,,,,,,,,
2010/11,110867,Jed Steer,Championship,40,2011-04-09,Swansea,Norwich,3:0,Not in squad,,,,,,,,,,
2010/11,110867,Jed Steer,Championship,41,2011-04-12,Watford,Norwich,2:2,Not in squad,,,,,,,,,,
2010/11,110867,Jed Steer,Championship,42,2011-04-15,Norwich,Nott'm Forest,2:1,Not in squad,,,,,,,,,,
2010/11,110867,Jed Steer,Championship,43,2011-04-21,Ipswich,Norwich,1:5,Not in squad,,,,,,,,,,
2010/11,110867,Jed Steer,Championship,44,2011-04-25,Norwich,Derby,3:2,Not in squad,,,,,,,,,,
2010/11,110867,Jed Steer,Championship,45,2011-05-02,Portsmouth,Norwich,0:1,Not in squad,,,,,,,,,,
2010/11,110867,Jed Steer,Championship,46,2011-05-07,Norwich,Coventry,2:2,Not in squad,,,,,,,,,,
2010/11,110867,Jed Steer,FA Cup,Third Round,2011-01-08,Norwich,Leyton Orient,0:1,Not in squad,,,,,,,,,,
2010/11,110867,Jed Steer,League Cup,First Round,2010-08-10,Norwich,Gillingham,4:1,Not in squad,,,,,,,,,,
2010/11,110867,Jed Steer,League Cup,Second Round,2010-08-24,Blackburn,Norwich,3:1,Not in squad,,,,,,,,,,
2010/11,110867,Jed Steer,European U19 Championship 2010,Group A,2010-07-18,Austria U19,England U19,2:3,Not in squad,,,,,,,,,,
2010/11,110867,Jed Steer,European U19 Championship 2010,Group A,2010-07-21,Netherlands U19,England U19,1:0,Not in squad,,,,,,,,,,
2010/11,110867,Jed Steer,European U19 Championship 2010,Group A,2010-07-24,England U19,France U19,1:1,Not in squad,,,,,,,,,,
2010/11,110867,Jed Steer,European U19 Championship 2010,Semi-Finals,2010-07-27,Spain U19,England U19,3:1,Not in squad,,,,,,,,,,
2010/11,110867,Jed Steer,UEFA EURO U19 Championship Qualifiers,Group 8,2010-10-08,England U19,Albania U19,6:1,on the bench,,,,,,,,,,
2010/11,110867,Jed Steer,UEFA EURO U19 Championship Qualifiers,Group 8,2010-10-10,Cyprus U19,England U19,0:4,,,,,,,,,,90,
2010/11,110867,Jed Steer,UEFA EURO U19 Championship Qualifiers,Group 8,2010-10-13,England U19,Belgium U19,1:2,on the bench,,,,,,,,,,
2010/11,110867,Jed Steer,UEFA EURO U19 Championship Qualifiers,group A2,2011-05-31,England U19,Montenegro U19,1:0,Not in squad,,,,,,,,,,
2010/11,110867,Jed Steer,UEFA EURO U19 Championship Qualifiers,group A2,2011-06-02,Switzerland U19,England U19,2:3,Not in squad,,,,,,,,,,
2010/11,110867,Jed Steer,UEFA EURO U19 Championship Qualifiers,group A2,2011-06-05,England U19,Spain U19,1:1,Information not yet available,,,,,,,,,,
