﻿season,player_id,player_name,competition,journey,date,home_team,away_team,result,position,goals,assists,own_goals,yellow_cards,second_yellow_cards,red_cards,substitutions_on,substitutions_off,minutes_played,transfermarkt_score
2025/26,1007720,Tyler Bindon,International Friendlies,1,2025-09-05,Australia,New Zealand,1:0,CB,,,,,,,,,90,
2025/26,1007720,Tyler Bindon,International Friendlies,2,2025-09-09,New Zealand,Australia,1:3,CB,,,,74,,,,,90,
2025/26,1007720,Tyler Bindon,International Friendlies,45,2025-10-09,Poland,New Zealand,1:0,on the bench,,,,,,,,,,
2025/26,1007720,Tyler Bindon,International Friendlies,4,2025-10-14,Norway,New Zealand,1:1,,,,,,,,86,,4,
2025/26,1007720,Tyler Bindon,International Friendlies,6,2025-11-16,Colombia,New Zealand,2:1,on the bench,,,,,,,,,,
2025/26,1007720,Tyler Bindon,International Friendlies,6,2025-11-19,Ecuador,New Zealand,2:0,CB,,,,,,,,,90,
2025/26,1007720,Tyler Bindon,Championship,1,2025-08-09,Sheff Utd,Bristol City,1:4,CB,,,,,,,,,90,
2025/26,1007720,Tyler Bindon,Championship,2,2025-08-16,Swansea,Sheff Utd,1:0,CB,,,,,,,,,90,
2025/26,1007720,Tyler Bindon,Championship,3,2025-08-23,Sheff Utd,Millwall,0:1,CB,,,,,,,,81,81,
2025/26,1007720,Tyler Bindon,Championship,4,2025-08-30,Middlesbrough,Sheff Utd,1:0,CB,,,,,,,,,90,
2025/26,1007720,Tyler Bindon,Championship,5,2025-09-12,Ipswich,Sheff Utd,5:0,Not in squad,,,,,,,,,,
2025/26,1007720,Tyler Bindon,Championship,6,2025-09-20,Sheff Utd,Charlton,0:1,Not in squad,,,,,,,,,,
2025/26,1007720,Tyler Bindon,Championship,7,2025-09-27,Oxford United,Sheff Utd,0:1,on the bench,,,,,,,,,,
2025/26,1007720,Tyler Bindon,Championship,8,2025-09-30,Sheff Utd,Southampton,1:2,on the bench,,,,,,,,,,
2025/26,1007720,Tyler Bindon,Championship,9,2025-10-04,Hull City,Sheff Utd,1:0,on the bench,,,,,,,,,,
2025/26,1007720,Tyler Bindon,Championship,10,2025-10-18,Sheff Utd,Watford,1:0,on the bench,,,,,,,,,,
2025/26,1007720,Tyler Bindon,Championship,11,2025-10-21,Blackburn,Sheff Utd,1:3,on the bench,,,,,,,,,,
2025/26,1007720,Tyler Bindon,Championship,12,2025-10-24,Preston,Sheff Utd,3:2,on the bench,,,,,,,,,,
2025/26,1007720,Tyler Bindon,Championship,13,2025-11-01,Sheff Utd,Derby,1:3,on the bench,,,,,,,,,,
2025/26,1007720,Tyler Bindon,Championship,14,2025-11-04,Coventry,Sheff Utd,3:1,on the bench,,,,,,,,,,
2025/26,1007720,Tyler Bindon,Championship,15,2025-11-08,Sheff Utd,QPR,0:0,Not in squad,,,,,,,,,,
2025/26,1007720,Tyler Bindon,Championship,16,2025-11-23,Sheff Wed,Sheff Utd,0:3,on the bench,,,,,,,,,,
2025/26,1007720,Tyler Bindon,Championship,17,2025-11-26,Sheff Utd,Portsmouth,3:0,Not in squad,,,,,,,,,,
2025/26,1007720,Tyler Bindon,Championship,18,2025-11-29,Leicester,Sheff Utd,2:3,Not in squad,,,,,,,,,,
2025/26,1007720,Tyler Bindon,EFL Cup,First Round,2025-08-13,Birmingham,Sheff Utd,2:1,,,,,,,,56,,34,
