﻿season,player_id,player_name,competition,journey,date,home_team,away_team,result,position,goals,assists,own_goals,yellow_cards,second_yellow_cards,red_cards,substitutions_on,substitutions_off,minutes_played,transfermarkt_score
2017/18,102017,Jorginho,UEFA Champions League,Group F,2017-09-13,Shakhtar D.,Napoli,2:1,on the bench,,,,,,,,,,
2017/18,102017,Jorginho,UEFA Champions League,Group F,2017-09-26,Napoli,Feyenoord,3:1,DM,,,,,,,,80,80,
2017/18,102017,Jorginho,UEFA Champions League,Group F,2017-10-17,Man City,Napoli,2:1,on the bench,,,,,,,,,,
2017/18,102017,Jorginho,UEFA Champions League,Group F,2017-11-01,Napoli,Man City,2:4,DM,1,,,,,,,82,82,
2017/18,102017,Jorginho,UEFA Champions League,Group F,2017-11-21,Napoli,Shakhtar D.,3:0,on the bench,,,,,,,,,,
2017/18,102017,Jorginho,UEFA Champions League,Group F,2017-12-06,Feyenoord,Napoli,2:1,on the bench,,,,,,,,,,
2017/18,102017,Jorginho,UEFA Europa League,intermediate stage 1st leg,2018-02-15,Napoli,Leipzig,1:3,on the bench,,,,,,,,,,
2017/18,102017,Jorginho,UEFA Europa League,intermediate stage 2nd leg,2018-02-22,Leipzig,Napoli,0:2,DM,,,,,,,82,,8,
2017/18,102017,Jorginho,World Cup qualification Playoffs,Qualifying Round 1st leg,2017-11-10,Sweden,Italy,1:0,on the bench,,,,,,,,,,
2017/18,102017,Jorginho,World Cup qualification Playoffs,Qualifying Round 2nd leg,2017-11-13,Italy,Sweden,0:0,DM,,,,,,,,,90,
2017/18,102017,Jorginho,International Friendlies,11,2018-03-23,Argentina,Italy,2:0,DM,,,,,,,,87,87,
2017/18,102017,Jorginho,International Friendlies,12,2018-03-27,England,Italy,1:1,DM,,,,,,,,,90,
2017/18,102017,Jorginho,International Friendlies,47,2018-05-28,Italy,Saudi Arabia,2:1,DM,,,,,,,,,90,
2017/18,102017,Jorginho,International Friendlies,1,2018-06-01,France,Italy,3:1,DM,,,,,,,,79,79,
2017/18,102017,Jorginho,International Friendlies,14,2018-06-04,Italy,Netherlands,1:1,DM,,,,,,,,78,78,
2017/18,102017,Jorginho,UEFA Champions League Qualifying,Qualifying Round 1st leg,2017-08-16,Napoli,Nice,2:0,DM,1,,,,,,,,90,
2017/18,102017,Jorginho,UEFA Champions League Qualifying,Qualifying Round 2nd leg,2017-08-22,Nice,Napoli,0:2,DM,,,,,,,,85,85,
2017/18,102017,Jorginho,Serie A,1,2017-08-19,Hellas Verona,Napoli,1:3,on the bench,,,,,,,,,,
2017/18,102017,Jorginho,Serie A,2,2017-08-27,Napoli,Atalanta,3:1,DM,,,,,,,,66,66,
2017/18,102017,Jorginho,Serie A,3,2017-09-10,Bologna,Napoli,0:3,DM,,,,,,,,77,77,
2017/18,102017,Jorginho,Serie A,4,2017-09-17,Napoli,Benevento,6:0,DM,,,,,,,,,90,
2017/18,102017,Jorginho,Serie A,5,2017-09-20,Lazio,Napoli,1:4,DM,1,,,70,,,,,90,
2017/18,102017,Jorginho,Serie A,6,2017-09-23,SPAL,Napoli,2:3,on the bench,,,,,,,,,,
2017/18,102017,Jorginho,Serie A,7,2017-10-01,Napoli,Cagliari,3:0,DM,,1,,,,,,,90,
2017/18,102017,Jorginho,Serie A,8,2017-10-14,Roma,Napoli,0:1,DM,,,,43,,,,73,73,
2017/18,102017,Jorginho,Serie A,9,2017-10-21,Napoli,Inter,0:0,DM,,,,,,,,,90,
2017/18,102017,Jorginho,Serie A,10,2017-10-25,Genoa,Napoli,2:3,on the bench,,,,,,,,,,
2017/18,102017,Jorginho,Serie A,11,2017-10-29,Napoli,Sassuolo,3:1,DM,,,,,,,,,90,
2017/18,102017,Jorginho,Serie A,12,2017-11-05,Chievo Verona,Napoli,0:0,DM,,,,,,,,,90,
2017/18,102017,Jorginho,Serie A,13,2017-11-18,Napoli,AC Milan,2:1,DM,,1,,,,,,,90,
2017/18,102017,Jorginho,Serie A,14,2017-11-26,Udinese,Napoli,0:1,DM,1,,,27,,,,71,71,
2017/18,102017,Jorginho,Serie A,15,2017-12-01,Napoli,Juventus,0:1,DM,,,,,,,,,90,
2017/18,102017,Jorginho,Serie A,16,2017-12-10,Napoli,Fiorentina,0:0,DM,,,,,,,,82,82,
2017/18,102017,Jorginho,Serie A,17,2017-12-16,Torino,Napoli,1:3,DM,,1,,,,,,76,76,
2017/18,102017,Jorginho,Serie A,18,2017-12-23,Napoli,Sampdoria,3:2,DM,,,,,,,,56,56,
2017/18,102017,Jorginho,Serie A,19,2017-12-29,Crotone,Napoli,0:1,DM,,,,30,,,,77,77,
2017/18,102017,Jorginho,Serie A,20,2018-01-06,Napoli,Hellas Verona,2:0,DM,,,,,,,,,90,
2017/18,102017,Jorginho,Serie A,21,2018-01-21,Atalanta,Napoli,0:1,DM,,,,,,,,,90,
2017/18,102017,Jorginho,Serie A,22,2018-01-28,Napoli,Bologna,3:1,DM,,,,,,,,74,74,
2017/18,102017,Jorginho,Serie A,23,2018-02-04,Benevento,Napoli,0:2,DM,,,,,,,,78,78,
2017/18,102017,Jorginho,Serie A,24,2018-02-10,Napoli,Lazio,4:1,DM,,1,,,,,,,90,
2017/18,102017,Jorginho,Serie A,25,2018-02-18,Napoli,SPAL,1:0,DM,,,,,,,,90,90,
2017/18,102017,Jorginho,Serie A,26,2018-02-26,Cagliari,Napoli,0:5,DM,,,,,,,,75,75,
2017/18,102017,Jorginho,Serie A,27,2018-03-03,Napoli,Roma,2:4,DM,,,,,,,,75,75,
2017/18,102017,Jorginho,Serie A,28,2018-03-11,Inter,Napoli,0:0,DM,,,,,,,,,90,
2017/18,102017,Jorginho,Serie A,29,2018-03-18,Napoli,Genoa,1:0,DM,,,,,,,,,90,
2017/18,102017,Jorginho,Serie A,30,2018-03-31,Sassuolo,Napoli,1:1,DM,,,,42,,,,65,65,
2017/18,102017,Jorginho,Serie A,31,2018-04-08,Napoli,Chievo Verona,2:1,Yellow card suspension,,,,,,,,,,
2017/18,102017,Jorginho,Serie A,32,2018-04-15,AC Milan,Napoli,0:0,DM,,,,,,,,,90,
2017/18,102017,Jorginho,Serie A,33,2018-04-18,Napoli,Udinese,4:2,on the bench,,,,,,,,,,
2017/18,102017,Jorginho,Serie A,34,2018-04-22,Juventus,Napoli,0:1,DM,,,,,,,,,90,
2017/18,102017,Jorginho,Serie A,35,2018-04-29,Fiorentina,Napoli,3:0,DM,,,,,,,,10,10,
2017/18,102017,Jorginho,Serie A,36,2018-05-06,Napoli,Torino,2:2,DM,,,,,,,,,90,
2017/18,102017,Jorginho,Serie A,37,2018-05-13,Sampdoria,Napoli,0:2,DM,,,,,,,,,90,
2017/18,102017,Jorginho,Serie A,38,2018-05-20,Napoli,Crotone,2:1,DM,,,,,,,,,90,
2017/18,102017,Jorginho,Italy Cup,Round of 16,2017-12-19,Napoli,Udinese,1:0,DM,,,,,,,,,90,
2017/18,102017,Jorginho,Italy Cup,Quarter-Finals,2018-01-02,Napoli,Atalanta,1:2,on the bench,,,,,,,,,,
