﻿season,player_id,player_name,competition,journey,date,home_team,away_team,result,position,goals,assists,own_goals,yellow_cards,second_yellow_cards,red_cards,substitutions_on,substitutions_off,minutes_played,transfermarkt_score
2023/24,1088818,Joe Johnson,U17 World Cup,Group C,2023-11-11,N.Caledonia U17,England U17,0:10,on the bench,,,,,,,,,,
2023/24,1088818,Joe Johnson,U17 World Cup,Group C,2023-11-14,England U17,Iran U17,2:1,LB,,,,64,,,,76,76,
2023/24,1088818,Joe Johnson,U17 World Cup,Group C,2023-11-17,England U17,Brazil U17,1:2,on the bench,,,,,,,,,,
2023/24,1088818,Joe Johnson,U17 World Cup,Round of 16,2023-11-22,England U17,Uzbekistan U17,1:2,on the bench,,,,,,,,,,
2022/23,1088818,Joe Johnson,Championship,31,2023-02-11,Coventry,Luton,1:1,Not in squad,,,,,,,,,,
2022/23,1088818,Joe Johnson,Championship,32,2023-02-15,Preston,Luton,1:1,Not in squad,,,,,,,,,,
2022/23,1088818,Joe Johnson,Championship,33,2023-02-18,Luton,Burnley,0:1,Not in squad,,,,,,,,,,
2022/23,1088818,Joe Johnson,Championship,34,2023-02-25,Birmingham,Luton,0:1,Not in squad,,,,,,,,,,
2022/23,1088818,Joe Johnson,Championship,23,2023-02-28,Luton,Millwall,2:2,Not in squad,,,,,,,,,,
2022/23,1088818,Joe Johnson,Championship,35,2023-03-04,Luton,Swansea,1:0,Not in squad,,,,,,,,,,
2022/23,1088818,Joe Johnson,Championship,36,2023-03-11,Sheff Utd,Luton,0:1,Not in squad,,,,,,,,,,
2022/23,1088818,Joe Johnson,Championship,37,2023-03-15,Luton,Bristol City,1:0,Not in squad,,,,,,,,,,
2022/23,1088818,Joe Johnson,Championship,38,2023-03-18,Sunderland,Luton,1:1,Not in squad,,,,,,,,,,
2022/23,1088818,Joe Johnson,Championship,39,2023-04-01,Luton,Watford,2:0,Not in squad,,,,,,,,,,
2022/23,1088818,Joe Johnson,Championship,40,2023-04-07,Millwall,Luton,0:0,Not in squad,,,,,,,,,,
2022/23,1088818,Joe Johnson,Championship,41,2023-04-10,Luton,Blackpool,3:1,Not in squad,,,,,,,,,,
2022/23,1088818,Joe Johnson,Championship,42,2023-04-15,Rotherham,Luton,0:2,Not in squad,,,,,,,,,,
2022/23,1088818,Joe Johnson,Championship,43,2023-04-19,Reading,Luton,1:1,Not in squad,,,,,,,,,,
2022/23,1088818,Joe Johnson,Championship,44,2023-04-24,Luton,Middlesbrough,2:1,,,,,,,,83,,7,
2022/23,1088818,Joe Johnson,Championship,45,2023-05-01,Blackburn,Luton,1:1,Not in squad,,,,,,,,,,
2022/23,1088818,Joe Johnson,Championship,46,2023-05-08,Luton,Hull City,0:0,,,,,,,,60,,30,
2022/23,1088818,Joe Johnson,FA Cup,4th round deciders,2023-02-07,Grimsby Town,Luton,3:0,on the bench,,,,,,,,,,
2022/23,1088818,Joe Johnson,FA Youth Cup,Third Round,2022-12-19,Birmingham U18,Luton U18,0:6,LB,1,,,,,,,,90,
2022/23,1088818,Joe Johnson,FA Youth Cup,Fourth Round,2023-01-18,Luton U18,QPR U18,3:1,,,,,,,,,,90,
2022/23,1088818,Joe Johnson,FA Youth Cup,Fifth Round,2023-02-06,Luton U18,Preston U19,2:3,LB,,,,,,,,,90,
