﻿season,player_id,player_name,competition,journey,date,home_team,away_team,result,position,goals,assists,own_goals,yellow_cards,second_yellow_cards,red_cards,substitutions_on,substitutions_off,minutes_played,transfermarkt_score
2025/26,1015619,Ahmed Abdullahi,Premier League,1,2025-08-16,Sunderland,West Ham,3:0,Not in squad,,,,,,,,,,
2025/26,1015619,Ahmed Abdullahi,Premier League,2,2025-08-23,Burnley,Sunderland,2:0,Not in squad,,,,,,,,,,
2025/26,1015619,Ahmed Abdullahi,Premier League,3,2025-08-30,Sunderland,Brentford,2:1,Not in squad,,,,,,,,,,
2025/26,1015619,Ahmed Abdullahi,Premier League,4,2025-09-13,Crystal Palace,Sunderland,0:0,Not in squad,,,,,,,,,,
2025/26,1015619,Ahmed Abdullahi,Premier League,5,2025-09-21,Sunderland,Aston Villa,1:1,Not in squad,,,,,,,,,,
2025/26,1015619,Ahmed Abdullahi,Premier League,6,2025-09-27,Nott'm Forest,Sunderland,0:1,Not in squad,,,,,,,,,,
2025/26,1015619,Ahmed Abdullahi,Premier League,7,2025-10-04,Man Utd,Sunderland,2:0,Not in squad,,,,,,,,,,
2025/26,1015619,Ahmed Abdullahi,Premier League,8,2025-10-18,Sunderland,Wolves,2:0,Not in squad,,,,,,,,,,
2025/26,1015619,Ahmed Abdullahi,Premier League,9,2025-10-25,Chelsea,Sunderland,1:2,Not in squad,,,,,,,,,,
2025/26,1015619,Ahmed Abdullahi,Premier League,10,2025-11-03,Sunderland,Everton,1:1,Not in squad,,,,,,,,,,
2025/26,1015619,Ahmed Abdullahi,Premier League,11,2025-11-08,Sunderland,Arsenal,2:2,Not in squad,,,,,,,,,,
2025/26,1015619,Ahmed Abdullahi,Premier League,12,2025-11-22,Fulham,Sunderland,1:0,Not in squad,,,,,,,,,,
2025/26,1015619,Ahmed Abdullahi,Premier League,13,2025-11-29,Sunderland,Bournemouth,3:2,Not in squad,,,,,,,,,,
2025/26,1015619,Ahmed Abdullahi,Premier League,14,2025-12-03,Liverpool,Sunderland,1:1,Not in squad,,,,,,,,,,
2025/26,1015619,Ahmed Abdullahi,EFL Cup,Second Round,2025-08-26,Sunderland,Huddersfield,6:7 on pens,on the bench,,,,,,,,,,
2025/26,1015619,Ahmed Abdullahi,Premier League 2,1,2025-08-18,Sunderland U21,Tottenham U21,3:5,Not in squad,,,,,,,,,,
2025/26,1015619,Ahmed Abdullahi,Premier League 2,2,2025-08-22,Southampton U21,Sunderland U21,3:2,Not in squad,,,,,,,,,,
2025/26,1015619,Ahmed Abdullahi,Premier League 2,3,2025-08-29,Sunderland U21,West Ham U21,2:4,Not in squad,,,,,,,,,,
2025/26,1015619,Ahmed Abdullahi,Premier League 2,5,2025-09-26,Burnley U21,Sunderland U21,0:3,Not in squad,,,,,,,,,,
2025/26,1015619,Ahmed Abdullahi,Premier League 2,6,2025-10-04,Aston Villa U21,Sunderland U21,3:3,Not in squad,,,,,,,,,,
2025/26,1015619,Ahmed Abdullahi,Premier League 2,7,2025-10-25,Sunderland U21,Stoke U21,1:2,Not in squad,,,,,,,,,,
2025/26,1015619,Ahmed Abdullahi,Premier League 2,8,2025-11-03,Nottingham U21,Sunderland U21,2:0,Not in squad,,,,,,,,,,
2025/26,1015619,Ahmed Abdullahi,Premier League 2,9,2025-11-07,Sunderland U21,Ipswich U21,4:2,Not in squad,,,,,,,,,,
2025/26,1015619,Ahmed Abdullahi,Premier League International Cup U21,Group D,2025-10-29,Sunderland U21,RSCA Futures,2:2,Not in squad,,,,,,,,,,
2025/26,1015619,Ahmed Abdullahi,Premier League International Cup U21,Group D,2025-11-12,Sunderland U21,Bilbao Athletic,7:1,Not in squad,,,,,,,,,,
2025/26,1015619,Ahmed Abdullahi,Premier League International Cup U21,Group D,2025-11-20,Sunderland U21,Sporting CP U23,1:0,Not in squad,,,,,,,,,,
2025/26,1015619,Ahmed Abdullahi,Premier League Cup,Group H,2025-09-08,FC Bromley U21,Sunderland U21,2:1,Not in squad,,,,,,,,,,
2025/26,1015619,Ahmed Abdullahi,Premier League Cup,Group H,2025-10-10,Sunderland U21,Norwich U21,3:2,Not in squad,,,,,,,,,,
2025/26,1015619,Ahmed Abdullahi,Premier League Cup,Group H,2025-10-17,Sunderland U21,Colchester U21,2:1,CF,2,,,,,,,,90,
2025/26,1015619,Ahmed Abdullahi,Premier League Cup,Group H,2025-12-01,Sunderland U21,FC Bromley U21,4:0,Information not yet available,,,,,,,,,,
2025/26,1015619,Ahmed Abdullahi,National League Cup,Group D,2025-08-12,Scunthorpe Utd.,Sunderland U21,2:3,Not in squad,,,,,,,,,,
2025/26,1015619,Ahmed Abdullahi,National League Cup,Group D,2025-09-16,Boston Utd,Sunderland U21,4:0,Not in squad,,,,,,,,,,
2025/26,1015619,Ahmed Abdullahi,National League Cup,Group D,2025-10-21,Gateshead,Sunderland U21,5:4 on pens,Not in squad,,,,,,,,,,
2025/26,1015619,Ahmed Abdullahi,National League Cup,Group D,2025-11-25,Halifax Town,Sunderland U21,4:6 on pens,Not in squad,,,,,,,,,,
