﻿season,player_id,player_name,competition,journey,date,home_team,away_team,result,position,goals,assists,own_goals,yellow_cards,second_yellow_cards,red_cards,substitutions_on,substitutions_off,minutes_played,transfermarkt_score
2024/25,1065227,Tom Edozie,Premier League,1,2024-08-17,Arsenal,Wolves,2:0,Not in squad,,,,,,,,,,
2024/25,1065227,Tom Edozie,Premier League,2,2024-08-25,Wolves,Chelsea,2:6,Not in squad,,,,,,,,,,
2024/25,1065227,Tom Edozie,Premier League,3,2024-08-31,Nott'm Forest,Wolves,1:1,Not in squad,,,,,,,,,,
2024/25,1065227,Tom Edozie,Premier League,4,2024-09-15,Wolves,Newcastle,1:2,Not in squad,,,,,,,,,,
2024/25,1065227,Tom Edozie,Premier League,5,2024-09-21,Aston Villa,Wolves,3:1,Not in squad,,,,,,,,,,
2024/25,1065227,Tom Edozie,Premier League,6,2024-09-28,Wolves,Liverpool,1:2,Not in squad,,,,,,,,,,
2024/25,1065227,Tom Edozie,Premier League,7,2024-10-05,Brentford,Wolves,5:3,Not in squad,,,,,,,,,,
2024/25,1065227,Tom Edozie,Premier League,8,2024-10-20,Wolves,Man City,1:2,Not in squad,,,,,,,,,,
2024/25,1065227,Tom Edozie,Premier League,9,2024-10-26,Brighton,Wolves,2:2,Not in squad,,,,,,,,,,
2024/25,1065227,Tom Edozie,Premier League,10,2024-11-02,Wolves,Crystal Palace,2:2,Not in squad,,,,,,,,,,
2024/25,1065227,Tom Edozie,Premier League,11,2024-11-09,Wolves,Southampton,2:0,Not in squad,,,,,,,,,,
2024/25,1065227,Tom Edozie,Premier League,12,2024-11-23,Fulham,Wolves,1:4,on the bench,,,,,,,,,,
2024/25,1065227,Tom Edozie,Premier League,13,2024-11-30,Wolves,Bournemouth,2:4,Not in squad,,,,,,,,,,
2024/25,1065227,Tom Edozie,Premier League,14,2024-12-04,Everton,Wolves,4:0,Not in squad,,,,,,,,,,
2024/25,1065227,Tom Edozie,Premier League,15,2024-12-09,West Ham,Wolves,2:1,Not in squad,,,,,,,,,,
2024/25,1065227,Tom Edozie,Premier League,16,2024-12-14,Wolves,Ipswich,1:2,Not in squad,,,,,,,,,,
2024/25,1065227,Tom Edozie,Premier League,17,2024-12-22,Leicester,Wolves,0:3,Not in squad,,,,,,,,,,
2024/25,1065227,Tom Edozie,Premier League,18,2024-12-26,Wolves,Man Utd,2:0,Not in squad,,,,,,,,,,
2024/25,1065227,Tom Edozie,Premier League,19,2024-12-29,Tottenham,Wolves,2:2,Not in squad,,,,,,,,,,
2024/25,1065227,Tom Edozie,Premier League,20,2025-01-06,Wolves,Nott'm Forest,0:3,Not in squad,,,,,,,,,,
2024/25,1065227,Tom Edozie,Premier League,21,2025-01-15,Newcastle,Wolves,3:0,Not in squad,,,,,,,,,,
2024/25,1065227,Tom Edozie,Premier League,22,2025-01-20,Chelsea,Wolves,3:1,Not in squad,,,,,,,,,,
2024/25,1065227,Tom Edozie,Premier League,23,2025-01-25,Wolves,Arsenal,0:1,Not in squad,,,,,,,,,,
2024/25,1065227,Tom Edozie,Premier League,24,2025-02-01,Wolves,Aston Villa,2:0,Not in squad,,,,,,,,,,
2024/25,1065227,Tom Edozie,Premier League,25,2025-02-16,Liverpool,Wolves,2:1,Not in squad,,,,,,,,,,
2024/25,1065227,Tom Edozie,Premier League,26,2025-02-22,Bournemouth,Wolves,0:1,Not in squad,,,,,,,,,,
2024/25,1065227,Tom Edozie,Premier League,27,2025-02-25,Wolves,Fulham,1:2,Not in squad,,,,,,,,,,
2024/25,1065227,Tom Edozie,Premier League,28,2025-03-08,Wolves,Everton,1:1,Not in squad,,,,,,,,,,
2024/25,1065227,Tom Edozie,Premier League,29,2025-03-15,Southampton,Wolves,1:2,Not in squad,,,,,,,,,,
2024/25,1065227,Tom Edozie,Premier League,30,2025-04-01,Wolves,West Ham,1:0,Not in squad,,,,,,,,,,
2024/25,1065227,Tom Edozie,Premier League,31,2025-04-05,Ipswich,Wolves,1:2,Not in squad,,,,,,,,,,
2024/25,1065227,Tom Edozie,Premier League,32,2025-04-13,Wolves,Tottenham,4:2,Not in squad,,,,,,,,,,
2024/25,1065227,Tom Edozie,Premier League,33,2025-04-20,Man Utd,Wolves,0:1,Not in squad,,,,,,,,,,
2024/25,1065227,Tom Edozie,Premier League,34,2025-04-26,Wolves,Leicester,3:0,Not in squad,,,,,,,,,,
2024/25,1065227,Tom Edozie,Premier League,35,2025-05-02,Man City,Wolves,1:0,Not in squad,,,,,,,,,,
2024/25,1065227,Tom Edozie,Premier League,36,2025-05-10,Wolves,Brighton,0:2,Not in squad,,,,,,,,,,
2024/25,1065227,Tom Edozie,Premier League,37,2025-05-20,Crystal Palace,Wolves,4:2,Not in squad,,,,,,,,,,
2024/25,1065227,Tom Edozie,Premier League,38,2025-05-25,Wolves,Brentford,1:1,Not in squad,,,,,,,,,,
2024/25,1065227,Tom Edozie,EFL Trophy,group A2,2024-09-03,Port Vale,Wolves U21,7:6 on pens,LM,1,,,,,,,64,64,
2024/25,1065227,Tom Edozie,EFL Trophy,group A2,2024-10-08,Wrexham,Wolves U21,3:0,,,,,,,,62,,28,
2024/25,1065227,Tom Edozie,EFL Trophy,group A2,2024-11-12,Salford,Wolves U21,3:2,,,,,,,,68,,22,
2024/25,1065227,Tom Edozie,FA Cup,Third Round,2025-01-11,Bristol City,Wolves,1:2,Not in squad,,,,,,,,,,
2024/25,1065227,Tom Edozie,FA Cup,Fourth Round,2025-02-09,Blackburn,Wolves,0:2,Not in squad,,,,,,,,,,
2024/25,1065227,Tom Edozie,FA Cup,Fifth Round,2025-03-01,Bournemouth,Wolves,6:5 on pens,Not in squad,,,,,,,,,,
2024/25,1065227,Tom Edozie,EFL Cup,Second Round,2024-08-28,Wolves,Burnley,2:0,Not in squad,,,,,,,,,,
2024/25,1065227,Tom Edozie,EFL Cup,Third Round,2024-09-18,Brighton,Wolves,3:2,Not in squad,,,,,,,,,,
2024/25,1065227,Tom Edozie,Premier League 2 Playoffs,Round of 16,2025-04-26,Chelsea U21,Wolves U21,4:0,LM,,,,,,,,62,62,
2024/25,1065227,Tom Edozie,Premier League 2,1,2024-08-19,Nottingham U21,Wolves U21,2:0,CF,,,,,,,,80,80,
2024/25,1065227,Tom Edozie,Premier League 2,2,2024-08-23,Wolves U21,Arsenal U21,1:3,,,,,,,,76,,14,
2024/25,1065227,Tom Edozie,Premier League 2,3,2024-08-31,Brighton U21,Wolves U21,1:1,AM,,,,53,,,,72,72,
2024/25,1065227,Tom Edozie,Premier League 2,4,2024-09-23,Wolves U21,Leeds U21,4:1,AM,1,,,,,,,76,76,
2024/25,1065227,Tom Edozie,Premier League 2,5,2024-09-30,Derby U21,Wolves U21,4:1,LW,,,,,,,,59,59,
2024/25,1065227,Tom Edozie,Premier League 2,6,2024-10-04,Wolves U21,Everton U21,4:2,,,,,,,,71,,19,
2024/25,1065227,Tom Edozie,Premier League 2,7,2024-10-25,Wolves U21,West Ham U21,1:0,CF,,,,,,,,82,82,
2024/25,1065227,Tom Edozie,Premier League 2,8,2024-11-02,Liverpool U21,Wolves U21,4:1,Not in squad,,,,,,,,,,
2024/25,1065227,Tom Edozie,Premier League 2,9,2024-11-30,Wolves U21,Leicester U21,1:1,AM,,,,,,,,75,75,
2024/25,1065227,Tom Edozie,Premier League 2,10,2024-12-14,Aston Villa U21,Wolves U21,0:4,Not in squad,,,,,,,,,,
2024/25,1065227,Tom Edozie,Premier League 2,12,2025-01-20,Palace U21,Wolves U21,0:1,Not in squad,,,,,,,,,,
2024/25,1065227,Tom Edozie,Premier League 2,13,2025-01-24,Wolves U21,Man City U21,3:1,Centre Forward,,,,,,,,55,55,
2024/25,1065227,Tom Edozie,Premier League 2,14,2025-02-07,Sunderland U21,Wolves U21,5:0,LW,,,,,,,,78,78,
2024/25,1065227,Tom Edozie,Premier League 2,15,2025-02-17,Wolves U21,West Brom U21,1:1,LW,1,,,,,,,,90,
2024/25,1065227,Tom Edozie,Premier League 2,16,2025-02-21,Tottenham U21,Wolves U21,2:3,LW,1,,,,,,,89,89,
2024/25,1065227,Tom Edozie,Premier League 2,17,2025-02-28,Southampton U21,Wolves U21,2:1,LW,,,,,,,,86,86,
2024/25,1065227,Tom Edozie,Premier League 2,18,2025-03-14,Wolves U21,Reading U21,1:0,LW,1,,,,,,,78,78,
2024/25,1065227,Tom Edozie,Premier League 2,11,2025-03-31,Wolves U21,Blackburn U21,0:2,LW,,,,,,,,,90,
2024/25,1065227,Tom Edozie,Premier League 2,19,2025-04-04,Stoke U21,Wolves U21,4:1,AM,,1,,,,,,,90,
2024/25,1065227,Tom Edozie,Premier League 2,20,2025-04-14,Wolves U21,Man Utd U21,1:1,AM,1,,,,,,,66,66,
2024/25,1065227,Tom Edozie,Premier League International Cup U21,Group A,2024-09-27,Wolves U21,Monaco U21,1:1,Information not yet available,,,,,,,,,,
2024/25,1065227,Tom Edozie,Premier League International Cup U21,Group A,2024-10-29,Wolves U21,Din. Zagreb II,3:3,Information not yet available,,,,,,,,,,
2024/25,1065227,Tom Edozie,Premier League International Cup U21,Group A,2024-12-04,Wolves U21,Ajax U21,0:3,AM,,,,,,,,,90,
2024/25,1065227,Tom Edozie,Premier League International Cup U21,Group A,2024-12-10,Wolves U21,Valencia B,0:1,Information not yet available,,,,,,,,,,
2024/25,1065227,Tom Edozie,Premier League Cup,Group D,2024-09-12,Wolves U21,Huddersf. U21,4:0,Information not yet available,,,,,,,,,,
2024/25,1065227,Tom Edozie,Premier League Cup,Group D,2024-09-17,Sheff Utd U21,Wolves U21,3:0,RM,,,,,,,,63,63,
2024/25,1065227,Tom Edozie,Premier League Cup,Group D,2024-10-21,Sunderland U21,Wolves U21,2:0,,,,,,,,82,,8,
2024/25,1065227,Tom Edozie,Premier League Cup,Group D,2024-11-25,Huddersf. U21,Wolves U21,0:1,Information not yet available,,,,,,,,,,
2024/25,1065227,Tom Edozie,Premier League Cup,Group D,2025-01-14,Wolves U21,Sheff Utd U21,1:2,Not in squad,,,,,,,,,,
2024/25,1065227,Tom Edozie,Premier League Cup,Group D,2025-02-03,Wolves U21,Sunderland U21,2:2,AM,,,,,,,,73,73,
2024/25,1065227,Tom Edozie,National League Cup,Group B,2024-11-06,Oldham Athletic,Wolves U21,4:6 on pens,Information not yet available,,,,,,,,,,
2024/25,1065227,Tom Edozie,National League Cup,Group B,2024-12-18,Forest Green,Wolves U21,0:2,Information not yet available,,,,,,,,,,
2024/25,1065227,Tom Edozie,National League Cup,Group B,2025-01-28,Altrincham,Wolves U21,2:1,Information not yet available,,,,,,,,,,
2024/25,1065227,Tom Edozie,National League Cup,Group B,2025-02-11,Rochdale,Wolves U21,3:6 on pens,Information not yet available,,,,,,,,,,
