﻿season,player_id,player_name,competition,journey,date,home_team,away_team,result,position,goals,assists,own_goals,yellow_cards,second_yellow_cards,red_cards,substitutions_on,substitutions_off,minutes_played,transfermarkt_score
2022/23,1047257,Rio Cardines,U18 Premier League,1,2022-08-13,Palace U18,West Ham U18,2:3,on the bench,,,,,,,,,,
2022/23,1047257,Rio Cardines,U18 Premier League,2,2022-08-20,Aston Villa U18,Palace U18,0:4,,,,,,,,87,,3,
2022/23,1047257,Rio Cardines,U18 Premier League,3,2022-08-27,West Brom U18,Palace U18,0:3,,,,,,,,86,,4,
2022/23,1047257,Rio Cardines,U18 Premier League,4,2022-09-17,Palace U18,Southampton U18,3:2,on the bench,,,,,,,,,,
2022/23,1047257,Rio Cardines,U18 Premier League,5,2022-10-01,Palace U18,Chelsea U18,3:2,Not in squad,,,,,,,,,,
2022/23,1047257,Rio Cardines,U18 Premier League,6,2022-10-22,Leicester U18,Palace U18,5:1,Not in squad,,,,,,,,,,
2022/23,1047257,Rio Cardines,U18 Premier League,7,2022-10-29,Palace U18,Fulham U18,2:2,,,,,,,,87,,3,
2022/23,1047257,Rio Cardines,U18 Premier League,8,2022-11-19,Norwich U18,Palace U18,2:2,LM,1,,,,,,,,90,
2022/23,1047257,Rio Cardines,U18 Premier League,9,2022-11-26,Palace U18,Spurs U18,1:3,,,,,,,,46,,45,
2022/23,1047257,Rio Cardines,U18 Premier League,10,2022-12-03,Brighton U18,Palace U18,0:5,Not in squad,,,,,,,,,,
2022/23,1047257,Rio Cardines,U18 Premier League,12,2023-01-07,West Ham U18,Palace U18,4:0,,,,,,,,75,,15,
2022/23,1047257,Rio Cardines,U18 Premier League,13,2023-01-14,Fulham U18,Palace U18,0:4,RB,1,1,,,,,,,90,
2022/23,1047257,Rio Cardines,U18 Premier League,14,2023-01-28,Palace U18,Aston Villa U18,2:1,LB,,,,,,,,,90,
2022/23,1047257,Rio Cardines,U18 Premier League,16,2023-02-18,Palace U18,Brighton U18,2:2,Not in squad,,,,,,,,,,
2022/23,1047257,Rio Cardines,U18 Premier League,17,2023-02-28,Arsenal U18,Palace U18,1:3,LB,,,,,,,,,90,
2022/23,1047257,Rio Cardines,U18 Premier League,15,2023-03-04,Spurs U18,Palace U18,4:2,LB,,,,54,,,,,90,
2022/23,1047257,Rio Cardines,U18 Premier League,11,2023-03-11,Palace U18,Arsenal U18,4:3,LB,,,,93,,,,,90,
2022/23,1047257,Rio Cardines,U18 Premier League,18,2023-03-18,Palace U18,Leicester U18,5:1,,,,,,,,84,,6,
2022/23,1047257,Rio Cardines,U18 Premier League,19,2023-04-01,Southampton U18,Palace U18,1:7,,,,,,,,56,,34,
2022/23,1047257,Rio Cardines,U18 Premier League,20,2023-04-15,Palace U18,Norwich U18,3:3,CB,,,,,,,,,90,
2022/23,1047257,Rio Cardines,U18 Premier League,21,2023-04-22,Chelsea U18,Palace U18,1:1,CB,,,,,,,,,90,
2022/23,1047257,Rio Cardines,U18 Premier League,22,2023-04-29,Palace U18,West Brom U18,1:1,CB,,,,,,,,,90,
2022/23,1047257,Rio Cardines,CONCACAF U17-Championship,Group F,2023-02-11,Canada U17,Trinidad U17,3:2,RB,,,,,,19,,,19,
2022/23,1047257,Rio Cardines,CONCACAF U17-Championship,Group F,2023-02-14,Trinidad U17,USA U17,1:3,Not in squad,,,,,,,,,,
2022/23,1047257,Rio Cardines,CONCACAF U17-Championship,Group F,2023-02-15,Trinidad U17,Barbados U17,1:1,RM,,,,,,,,,90,
2022/23,1047257,Rio Cardines,CONCACAF U17-Championship,Round of 16,2023-02-20,El Salvador U17,Trinidad U17,3:2 AET,RM,1,,,,,,,,120,
2022/23,1047257,Rio Cardines,FA Youth Cup,Third Round,2022-12-11,Palace U18,Man Utd U18,1:3,on the bench,,,,,,,,,,
