﻿season,player_id,player_name,competition,journey,date,home_team,away_team,result,position,goals,assists,own_goals,yellow_cards,second_yellow_cards,red_cards,substitutions_on,substitutions_off,minutes_played,transfermarkt_score
2021/22,106987,Marcel Sabitzer,Bundesliga,1,2021-08-15,Mainz,Leipzig,1:0,,,,,80,,,64,,4,26.0
2021/22,106987,Marcel Sabitzer,Bundesliga,2,2021-08-20,Leipzig,Stuttgart,4:0,RM,,,,,,,68,,3,22.0
2021/22,106987,Marcel Sabitzer,Bundesliga,3,2021-08-29,Wolfsburg,Leipzig,1:0,Not in squad,,,,,,,,,,
2020/21,106987,Marcel Sabitzer,Bundesliga,,,,,,,,,,,,,,,,
2021/22,106987,Marcel Sabitzer,Bundesliga,4,2021-09-11,Leipzig,Bayern Munich,1:4,CM,,,,,,,59,,3,31.0
2021/22,106987,Marcel Sabitzer,Bundesliga,5,2021-09-18,Bayern Munich,VfL Bochum,7:0,LW,,,,,,,62,,2,28.0
2021/22,106987,Marcel Sabitzer,Bundesliga,6,2021-09-24,Greuther Fürth,Bayern Munich,1:3,CM,,,,,,,61,,3,29.0
2021/22,106987,Marcel Sabitzer,Bundesliga,7,2021-10-03,Bayern Munich,Frankfurt,1:2,RB,,,,,,,75,,4,15.0
2021/22,106987,Marcel Sabitzer,Bundesliga,8,2021-10-17,Leverkusen,Bayern Munich,1:5,CM,,,,,,,46,,3,45.0
2021/22,106987,Marcel Sabitzer,Bundesliga,9,2021-10-23,Bayern Munich,Hoffenheim,4:0,CM,,,,,,,,76,3,76.0
2021/22,106987,Marcel Sabitzer,Bundesliga,10,2021-10-30,Union Berlin,Bayern Munich,2:5,CM,,,,,,,68,,3,22.0
2021/22,106987,Marcel Sabitzer,Bundesliga,11,2021-11-06,Bayern Munich,Freiburg,2:1,Not in squad,,,,,,,,,,
2021/22,106987,Marcel Sabitzer,Bundesliga,12,2021-11-19,Augsburg,Bayern Munich,2:1,CM,,,,,,,,52,4,52.0
2021/22,106987,Marcel Sabitzer,Bundesliga,13,2021-11-27,Bayern Munich,Arm. Bielefeld,1:0,Calf injury,,,,,,,,,,
2021/22,106987,Marcel Sabitzer,Bundesliga,14,2021-12-04,Dortmund,Bayern Munich,2:3,Calf injury,,,,,,,,,,
2021/22,106987,Marcel Sabitzer,Bundesliga,15,2021-12-11,Bayern Munich,Mainz,2:1,Calf injury,,,,,,,,,,
2021/22,106987,Marcel Sabitzer,Bundesliga,16,2021-12-14,Stuttgart,Bayern Munich,0:5,Calf injury,,,,,,,,,,
2021/22,106987,Marcel Sabitzer,Bundesliga,17,2021-12-17,Bayern Munich,Wolfsburg,4:0,DM,,,,,,,75,,3,15.0
2021/22,106987,Marcel Sabitzer,Bundesliga,18,2022-01-07,Bayern Munich,Mönchengladbach,1:2,LB,,,,,,,,,4,90.0
2021/22,106987,Marcel Sabitzer,Bundesliga,19,2022-01-15,1.FC Köln,Bayern Munich,0:4,LB,,,,,,,,75,3,75.0
2021/22,106987,Marcel Sabitzer,Bundesliga,20,2022-01-23,Hertha BSC,Bayern Munich,1:4,CM,,,,,,,69,,3,21.0
2021/22,106987,Marcel Sabitzer,Bundesliga,21,2022-02-05,Bayern Munich,Leipzig,3:2,CM,,,,,,,84,,,6.0
2021/22,106987,Marcel Sabitzer,Bundesliga,22,2022-02-12,VfL Bochum,Bayern Munich,4:2,CM,,,,,,,75,,4,15.0
2021/22,106987,Marcel Sabitzer,Bundesliga,23,2022-02-20,Bayern Munich,Greuther Fürth,4:1,Centre Forward,,,,,,,,86,3,86.0
2021/22,106987,Marcel Sabitzer,Bundesliga,24,2022-02-26,Frankfurt,Bayern Munich,0:1,CM,,,,,,,,67,3,67.0
2021/22,106987,Marcel Sabitzer,Bundesliga,25,2022-03-05,Bayern Munich,Leverkusen,1:1,CM,,,,,,,61,,3,29.0
2021/22,106987,Marcel Sabitzer,Bundesliga,26,2022-03-12,Hoffenheim,Bayern Munich,1:1,CM,,,,,,,81,,,9.0
2021/22,106987,Marcel Sabitzer,Bundesliga,27,2022-03-19,Bayern Munich,Union Berlin,4:0,AM,,,,,,,61,,3,29.0
2021/22,106987,Marcel Sabitzer,Bundesliga,28,2022-04-02,Freiburg,Bayern Munich,1:4,CM,1,,,,,,85,,,5.0
2021/22,106987,Marcel Sabitzer,Bundesliga,29,2022-04-09,Bayern Munich,Augsburg,1:0,CM,,,,,,,57,,3,33.0
2021/22,106987,Marcel Sabitzer,Bundesliga,30,2022-04-17,Arm. Bielefeld,Bayern Munich,0:3,AM,,,,,,,,61,3,61.0
2021/22,106987,Marcel Sabitzer,Bundesliga,31,2022-04-23,Bayern Munich,Dortmund,3:1,CM,,1,,,,,82,,,8.0
2021/22,106987,Marcel Sabitzer,Bundesliga,32,2022-04-30,Mainz,Bayern Munich,3:1,CM,,,,,,,,46,4,45.0
2021/22,106987,Marcel Sabitzer,Bundesliga,33,2022-05-08,Bayern Munich,Stuttgart,2:2,Centre Forward,,,,,,,85,,,5.0
2021/22,106987,Marcel Sabitzer,Bundesliga,34,2022-05-14,Wolfsburg,Bayern Munich,2:2,muscular problems,,,,,,,,,,
2021/22,106987,Marcel Sabitzer,UEFA Champions League,Group E,2021-09-14,Barcelona,Bayern Munich,0:3,AM,,,,,,,82,,8,
2021/22,106987,Marcel Sabitzer,UEFA Champions League,Group E,2021-09-29,Bayern Munich,Dynamo Kyiv,5:0,CM,,,,,,,80,,10,
2021/22,106987,Marcel Sabitzer,UEFA Champions League,Group E,2021-10-20,Benfica,Bayern Munich,0:4,CM,,,,,,,,86,86,
2021/22,106987,Marcel Sabitzer,UEFA Champions League,Group E,2021-11-02,Bayern Munich,Benfica,5:2,CM,,,,,,,72,,18,
2021/22,106987,Marcel Sabitzer,UEFA Champions League,Group E,2021-11-23,Dynamo Kyiv,Bayern Munich,1:2,Calf injury,,,,,,,,,,
2021/22,106987,Marcel Sabitzer,UEFA Champions League,Group E,2021-12-08,Bayern Munich,Barcelona,3:0,Calf injury,,,,,,,,,,
2021/22,106987,Marcel Sabitzer,UEFA Champions League,last 16 1st leg,2022-02-16,Salzburg,Bayern Munich,1:1,CM,,,,92,,,80,,10,
2021/22,106987,Marcel Sabitzer,UEFA Champions League,last 16 2nd leg,2022-03-08,Bayern Munich,Salzburg,7:1,on the bench,,,,,,,,,,
2021/22,106987,Marcel Sabitzer,UEFA Champions League,Quarter-Finals 1st leg,2022-04-06,Villarreal,Bayern Munich,1:0,on the bench,,,,,,,,,,
2021/22,106987,Marcel Sabitzer,UEFA Champions League,Quarter-Finals 2nd leg,2022-04-12,Bayern Munich,Villarreal,1:1,on the bench,,,,,,,,,,
2021/22,106987,Marcel Sabitzer,DFB-Pokal,First Round,2021-08-07,SV Sandhausen,Leipzig,0:4,Not in squad,,,,,,,,,,
2020/21,106987,Marcel Sabitzer,DFB-Pokal,,,,,,,,,,,,,,,,
2021/22,106987,Marcel Sabitzer,DFB-Pokal,Second Round,2021-10-27,Mönchengladbach,Bayern Munich,5:0,on the bench,,,,,,,,,,
2021/22,106987,Marcel Sabitzer,World Cup qualification Playoffs,Semi-Finals,2022-03-24,Wales,Austria,2:1,LM,1,,,,,,,,90,
2021/22,106987,Marcel Sabitzer,International Friendlies,15,2022-03-29,Austria,Scotland,2:2,CM,,,,,,,,,90,
