﻿season,player_id,player_name,competition,journey,date,home_team,away_team,result,position,goals,assists,own_goals,yellow_cards,second_yellow_cards,red_cards,substitutions_on,substitutions_off,minutes_played,transfermarkt_score
2024/25,110867,Jed Steer,EFL Trophy,group B4,2024-09-03,Gillingham,Peterborough,1:2,Not in squad,,,,,,,,,,
2024/25,110867,Jed Steer,EFL Trophy,group B4,2024-10-08,Peterborough,Stevenage,2:0,Not in squad,,,,,,,,,,
2024/25,110867,Jed Steer,EFL Trophy,group B4,2024-11-05,Peterborough,Palace U21,4:1,Not in squad,,,,,,,,,,
2024/25,110867,Jed Steer,EFL Trophy,Second Round,2024-12-17,Peterborough,Northampton,3:0,Not in squad,,,,,,,,,,
2024/25,110867,Jed Steer,EFL Trophy,Round of 16,2025-01-14,Peterborough,Walsall,4:2,Not in squad,,,,,,,,,,
2024/25,110867,Jed Steer,EFL Trophy,Quarter-Finals,2025-02-05,Peterborough,Cheltenham,3:2,GK,,,,,,,,,90,
2024/25,110867,Jed Steer,EFL Trophy,Semi-Finals,2025-02-26,Wrexham,Peterborough,4:6 on pens,GK,,,,,,,,,90,
2024/25,110867,Jed Steer,EFL Trophy,Final,2025-04-13,Birmingham,Peterborough,0:2,GK,,,,,,,,,90,
2024/25,110867,Jed Steer,League One,1,2024-08-10,Peterborough,Huddersfield,0:2,GK,,,,,,,,,90,
2024/25,110867,Jed Steer,League One,2,2024-08-17,Shrewsbury,Peterborough,1:4,GK,,,,,,,,,90,
2024/25,110867,Jed Steer,League One,3,2024-08-24,Exeter City,Peterborough,1:2,GK,,,,,,,,,90,
2024/25,110867,Jed Steer,League One,4,2024-08-31,Peterborough,Wrexham,0:2,GK,,,,,,,,,90,
2024/25,110867,Jed Steer,League One,6,2024-09-14,Peterborough,Lincoln City,1:1,GK,,,,,,,,,90,
2024/25,110867,Jed Steer,League One,7,2024-09-21,Peterborough,Bristol Rovers,3:2,GK,,,,,,,,,90,
2024/25,110867,Jed Steer,League One,5,2024-09-24,Leyton Orient,Peterborough,2:2,GK,,,,,,,,,90,
2024/25,110867,Jed Steer,League One,8,2024-09-28,Birmingham,Peterborough,3:2,GK,,,,,,,,,90,
2024/25,110867,Jed Steer,League One,9,2024-10-01,Wigan,Peterborough,3:0,GK,,,,,,,,,90,
2024/25,110867,Jed Steer,League One,10,2024-10-05,Peterborough,Stevenage,2:1,GK,,,,,,,,,90,
2024/25,110867,Jed Steer,League One,11,2024-10-12,Peterborough,Rotherham,3:3,GK,,,,,,,,,90,
2024/25,110867,Jed Steer,League One,12,2024-10-19,Wycombe,Peterborough,3:1,GK,,,,,,,,,90,
2024/25,110867,Jed Steer,League One,13,2024-10-22,Peterborough,Blackpool,5:1,on the bench,,,,,,,,,,
2024/25,110867,Jed Steer,League One,14,2024-10-26,Bolton,Peterborough,1:0,on the bench,,,,,,,,,,
2024/25,110867,Jed Steer,League One,15,2024-11-09,Peterborough,Cambridge Utd.,6:1,Not in squad,,,,,,,,,,
2024/25,110867,Jed Steer,League One,17,2024-11-23,Peterborough,Reading,1:2,Not in squad,,,,,,,,,,
2024/25,110867,Jed Steer,League One,18,2024-12-04,Peterborough,Burton Albion,0:1,Not in squad,,,,,,,,,,
2024/25,110867,Jed Steer,League One,19,2024-12-09,Northampton,Peterborough,2:1,Not in squad,,,,,,,,,,
2024/25,110867,Jed Steer,League One,20,2024-12-14,Peterborough,Crawley Town,4:3,Not in squad,,,,,,,,,,
2024/25,110867,Jed Steer,League One,21,2024-12-20,Stockport,Peterborough,2:1,Not in squad,,,,,,,,,,
2024/25,110867,Jed Steer,League One,22,2024-12-26,Peterborough,Mansfield Town,0:3,Not in squad,,,,,,,,,,
2024/25,110867,Jed Steer,League One,23,2024-12-29,Peterborough,Barnsley,1:3,Not in squad,,,,,,,,,,
2024/25,110867,Jed Steer,League One,24,2025-01-01,Burton Albion,Peterborough,2:2,Not in squad,,,,,,,,,,
2024/25,110867,Jed Steer,League One,25,2025-01-04,Wrexham,Peterborough,1:0,Not in squad,,,,,,,,,,
2024/25,110867,Jed Steer,League One,27,2025-01-18,Peterborough,Leyton Orient,0:0,Not in squad,,,,,,,,,,
2024/25,110867,Jed Steer,League One,26,2025-01-21,Peterborough,Exeter City,1:1,Not in squad,,,,,,,,,,
2024/25,110867,Jed Steer,League One,28,2025-01-25,Lincoln City,Peterborough,5:1,Not in squad,,,,,,,,,,
2024/25,110867,Jed Steer,League One,29,2025-01-28,Peterborough,Wigan,1:0,Not in squad,,,,,,,,,,
2024/25,110867,Jed Steer,League One,30,2025-02-02,Bristol Rovers,Peterborough,3:1,Not in squad,,,,,,,,,,
2024/25,110867,Jed Steer,League One,16,2025-02-11,Charlton,Peterborough,2:1,GK,,,,,,,,,90,
2024/25,110867,Jed Steer,League One,32,2025-02-15,Stevenage,Peterborough,1:1,GK,,,,,,,,,90,
2024/25,110867,Jed Steer,League One,33,2025-02-22,Huddersfield,Peterborough,0:1,GK,,,,,,,,,90,
2024/25,110867,Jed Steer,League One,34,2025-03-01,Peterborough,Shrewsbury,3:1,GK,,,,,,,,,90,
2024/25,110867,Jed Steer,League One,35,2025-03-04,Blackpool,Peterborough,0:0,GK,,,,,,,,,90,
2024/25,110867,Jed Steer,League One,36,2025-03-08,Peterborough,Wycombe,1:1,GK,,,,,,,,,90,
2024/25,110867,Jed Steer,League One,37,2025-03-15,Cambridge Utd.,Peterborough,0:1,GK,,,,,,,,,90,
2024/25,110867,Jed Steer,League One,38,2025-03-22,Peterborough,Charlton,3:0,GK,,,,,,,,,90,
2024/25,110867,Jed Steer,League One,39,2025-03-29,Reading,Peterborough,3:1,GK,,,,,,,,,90,
2024/25,110867,Jed Steer,League One,40,2025-04-01,Crawley Town,Peterborough,3:4,GK,,,,69,,,,,90,
2024/25,110867,Jed Steer,League One,41,2025-04-05,Peterborough,Northampton,0:4,GK,,,,,,,,,90,
2024/25,110867,Jed Steer,League One,31,2025-04-08,Peterborough,Birmingham,1:2,Not in squad,,,,,,,,,,
2024/25,110867,Jed Steer,League One,43,2025-04-18,Peterborough,Stockport,1:1,GK,,,,,,,,,90,
2024/25,110867,Jed Steer,League One,44,2025-04-21,Barnsley,Peterborough,1:1,GK,,,,,,,,,90,
2024/25,110867,Jed Steer,League One,45,2025-04-26,Peterborough,Bolton,1:1,on the bench,,,,,,,,,,
2024/25,110867,Jed Steer,League One,42,2025-04-30,Mansfield Town,Peterborough,4:2,Not in squad,,,,,,,,,,
2024/25,110867,Jed Steer,League One,46,2025-05-03,Rotherham,Peterborough,2:1,on the bench,,,,,,,,,,
2024/25,110867,Jed Steer,FA Cup,First Round,2024-11-02,Newport County,Peterborough,2:4,Not in squad,,,,,,,,,,
2024/25,110867,Jed Steer,FA Cup,Second Round,2024-11-30,Peterborough,Notts County,4:3,Not in squad,,,,,,,,,,
2024/25,110867,Jed Steer,FA Cup,Third Round,2025-01-09,Everton,Peterborough,2:0,Not in squad,,,,,,,,,,
2024/25,110867,Jed Steer,EFL Cup,First Round,2024-08-13,Oxford United,Peterborough,2:0,on the bench,,,,,,,,,,
