﻿season,player_id,player_name,competition,journey,date,home_team,away_team,result,position,goals,assists,own_goals,yellow_cards,second_yellow_cards,red_cards,substitutions_on,substitutions_off,minutes_played,transfermarkt_score
2013/14,110864,Sam Johnstone,UEFA Champions League,Group A,2013-09-17,Man Utd,Leverkusen,4:2,Finger injury,,,,,,,,,,
2013/14,110864,Sam Johnstone,UEFA Champions League,Group A,2013-10-02,Shakhtar D.,Man Utd,1:1,Finger injury,,,,,,,,,,
2013/14,110864,Sam Johnstone,UEFA Champions League,Group A,2013-10-23,Man Utd,Real Sociedad,1:0,Not in squad,,,,,,,,,,
2013/14,110864,Sam Johnstone,UEFA Champions League,Group A,2013-11-05,Real Sociedad,Man Utd,0:0,Not in squad,,,,,,,,,,
2013/14,110864,Sam Johnstone,UEFA Champions League,Group A,2013-11-27,Leverkusen,Man Utd,0:5,Not in squad,,,,,,,,,,
2013/14,110864,Sam Johnstone,UEFA Champions League,Group A,2013-12-10,Man Utd,Shakhtar D.,1:0,Not in squad,,,,,,,,,,
2013/14,110864,Sam Johnstone,International Friendlies,2,2013-08-13,England U21,Scotland U21,6:0,on the bench,,,,,,,,,,
2013/14,110864,Sam Johnstone,Premier League,2,2013-08-26,Man Utd,Chelsea,0:0,Finger injury,,,,,,,,,,
2013/14,110864,Sam Johnstone,Premier League,3,2013-09-01,Liverpool,Man Utd,1:0,Finger injury,,,,,,,,,,
2013/14,110864,Sam Johnstone,Premier League,4,2013-09-14,Man Utd,Crystal Palace,2:0,Finger injury,,,,,,,,,,
2013/14,110864,Sam Johnstone,Premier League,5,2013-09-22,Man City,Man Utd,4:1,Finger injury,,,,,,,,,,
2013/14,110864,Sam Johnstone,Premier League,6,2013-09-28,Man Utd,West Brom,1:2,Finger injury,,,,,,,,,,
2013/14,110864,Sam Johnstone,Premier League,7,2013-10-05,Sunderland,Man Utd,1:2,Finger injury,,,,,,,,,,
2013/14,110864,Sam Johnstone,Premier League,8,2013-10-19,Man Utd,Southampton,1:1,Not in squad,,,,,,,,,,
2013/14,110864,Sam Johnstone,Premier League,9,2013-10-26,Man Utd,Stoke City,3:2,Not in squad,,,,,,,,,,
2013/14,110864,Sam Johnstone,Premier League,10,2013-11-02,Fulham,Man Utd,1:3,Not in squad,,,,,,,,,,
2013/14,110864,Sam Johnstone,Premier League,11,2013-11-10,Man Utd,Arsenal,1:0,Not in squad,,,,,,,,,,
2013/14,110864,Sam Johnstone,Premier League,12,2013-11-24,Cardiff,Man Utd,2:2,Not in squad,,,,,,,,,,
2013/14,110864,Sam Johnstone,Premier League,13,2013-12-01,Tottenham,Man Utd,2:2,Not in squad,,,,,,,,,,
2013/14,110864,Sam Johnstone,Premier League,14,2013-12-04,Man Utd,Everton,0:1,Not in squad,,,,,,,,,,
2013/14,110864,Sam Johnstone,Premier League,15,2013-12-07,Man Utd,Newcastle,0:1,Not in squad,,,,,,,,,,
2013/14,110864,Sam Johnstone,Premier League,16,2013-12-15,Aston Villa,Man Utd,0:3,Not in squad,,,,,,,,,,
2013/14,110864,Sam Johnstone,Premier League,17,2013-12-21,Man Utd,West Ham,3:1,on the bench,,,,,,,,,,
2013/14,110864,Sam Johnstone,Premier League,18,2013-12-26,Hull City,Man Utd,2:3,Not in squad,,,,,,,,,,
2013/14,110864,Sam Johnstone,Premier League,19,2013-12-28,Norwich,Man Utd,0:1,Not in squad,,,,,,,,,,
2013/14,110864,Sam Johnstone,Premier League,20,2014-01-01,Man Utd,Tottenham,1:2,Not in squad,,,,,,,,,,
2013/14,110864,Sam Johnstone,Premier League,21,2014-01-11,Man Utd,Swansea,2:0,Not in squad,,,,,,,,,,
2013/14,110864,Sam Johnstone,Premier League,22,2014-01-19,Chelsea,Man Utd,3:1,Not in squad,,,,,,,,,,
2013/14,110864,Sam Johnstone,Premier League,23,2014-01-28,Man Utd,Cardiff,2:0,Not in squad,,,,,,,,,,
2013/14,110864,Sam Johnstone,Championship,3,2013-08-17,Burnley,Yeovil Town,2:0,GK,,,,,,,,,90,
2012/13,110864,Sam Johnstone,Championship,,,,,,,,,,,,,,,,
2013/14,110864,Sam Johnstone,Championship,29,2014-02-01,Doncaster,Middlesbrough,0:0,GK,,,,,,,,,90,
2013/14,110864,Sam Johnstone,Championship,30,2014-02-08,Brighton,Doncaster,1:0,GK,,,,,,,,,90,
2013/14,110864,Sam Johnstone,Championship,31,2014-02-15,Doncaster,Barnsley,2:2,GK,,,,,,,,,90,
2013/14,110864,Sam Johnstone,Championship,32,2014-02-22,Yeovil Town,Doncaster,1:0,GK,,,,,,,,,90,
2013/14,110864,Sam Johnstone,Championship,33,2014-03-01,Bournemouth,Doncaster,5:0,GK,,,,,,,,,90,
2013/14,110864,Sam Johnstone,Championship,34,2014-03-08,Doncaster,Huddersfield,2:0,GK,,,,,,,,,90,
2013/14,110864,Sam Johnstone,Championship,35,2014-03-11,Doncaster,Watford,2:1,GK,,,,,,,,,90,
2013/14,110864,Sam Johnstone,Championship,36,2014-03-15,Nott'm Forest,Doncaster,0:0,GK,,,,92,,,,,90,
2013/14,110864,Sam Johnstone,Championship,37,2014-03-22,Doncaster,Sheff Wed,1:0,GK,,,,,,,,,90,
2013/14,110864,Sam Johnstone,Championship,38,2014-03-25,Burnley,Doncaster,2:0,GK,,,,,,,,,90,
2013/14,110864,Sam Johnstone,Championship,39,2014-03-29,Leeds,Doncaster,1:2,GK,,,,74,,,,,90,
2013/14,110864,Sam Johnstone,Championship,40,2014-04-05,Doncaster,Birmingham,1:3,GK,,,,,,,,,90,
2013/14,110864,Sam Johnstone,Championship,41,2014-04-08,Doncaster,Bolton,1:2,GK,,,,,,,,,90,
2013/14,110864,Sam Johnstone,Championship,42,2014-04-12,Ipswich,Doncaster,2:1,GK,,,,,,,,,90,
2013/14,110864,Sam Johnstone,Championship,43,2014-04-18,Doncaster,Derby,0:2,GK,,,,,,,,,90,
2013/14,110864,Sam Johnstone,Championship,44,2014-04-21,Millwall,Doncaster,0:0,GK,,,,,,,,,90,
2013/14,110864,Sam Johnstone,Championship,45,2014-04-26,Doncaster,Reading,1:3,GK,,,,,,,,,90,
2013/14,110864,Sam Johnstone,Championship,46,2014-05-03,Leicester,Doncaster,1:0,GK,,,,,,,,,90,
2013/14,110864,Sam Johnstone,FA Cup,Third Round,2014-01-05,Man Utd,Swansea,1:2,Not in squad,,,,,,,,,,
2013/14,110864,Sam Johnstone,League Cup,Third Round,2013-09-25,Man Utd,Liverpool,1:0,Finger injury,,,,,,,,,,
2013/14,110864,Sam Johnstone,League Cup,Round of 16,2013-10-29,Man Utd,Norwich,4:0,Not in squad,,,,,,,,,,
2013/14,110864,Sam Johnstone,League Cup,Quarter-Finals,2013-12-18,Stoke City,Man Utd,0:2,on the bench,,,,,,,,,,
2013/14,110864,Sam Johnstone,League Cup,Semi-Finals 1st Leg,2014-01-07,Sunderland,Man Utd,2:1,Not in squad,,,,,,,,,,
2013/14,110864,Sam Johnstone,League Cup,Semi-Finals 2nd Leg,2014-01-22,Man Utd,Sunderland,3:3 on pens,Not in squad,,,,,,,,,,
2013/14,110864,Sam Johnstone,U21 Premier League,3,2013-08-23,West Brom U21,Man Utd U21,0:4,Finger injury,,,,,,,,,,
2013/14,110864,Sam Johnstone,U21 Premier League,5,2013-09-16,Man Utd U21,Bolton U21,4:1,Finger injury,,,,,,,,,,
2013/14,110864,Sam Johnstone,U21 Premier League,8,2013-10-21,Everton U21,Man Utd U21,0:0,Not in squad,,,,,,,,,,
2013/14,110864,Sam Johnstone,U21 Premier League,7,2013-10-28,Man Utd U21,Fulham FC U21,2:2,GK,,,,,,,,,90,
2013/14,110864,Sam Johnstone,U21 Premier League,9,2013-11-08,Man Utd U21,Stoke U21,0:1,Not in squad,,,,,,,,,,
2013/14,110864,Sam Johnstone,U21 Premier League,10,2013-12-02,Blackburn U21,Man Utd U21,0:2,GK,,,,,,,,,90,
2013/14,110864,Sam Johnstone,U21 Premier League,1,2013-12-20,Arsenal U21,Man Utd U21,1:1,Not in squad,,,,,,,,,,
2013/14,110864,Sam Johnstone,U21 Premier League,12,2014-01-13,Southampton U21,Man Utd U21,1:2,GK,,,,,,,,,90,
2013/14,110864,Sam Johnstone,U21 Premier League,13,2014-01-20,Man Utd U21,Boro U21,0:0,GK,,,,,,,,,90,
2013/14,110864,Sam Johnstone,U21 Premier League,4,2014-01-27,Man Utd U21,Man City U21,1:2,GK,,,,,,,,,90,
