﻿season,player_id,player_name,competition,journey,date,home_team,away_team,result,position,goals,assists,own_goals,yellow_cards,second_yellow_cards,red_cards,substitutions_on,substitutions_off,minutes_played,transfermarkt_score
2022/23,1031258,Bradley Moonan,U18 Premier League,4,2022-10-18,Everton U18,Blackburn U18,2:4,,,,,,,,90,,1,
2022/23,1031258,Bradley Moonan,U18 Premier League,8,2022-10-22,Everton U18,Newcastle U18,1:1,CB,,,,,,,,,90,
2022/23,1031258,Bradley Moonan,U18 Premier League,9,2022-10-29,Boro U18,Everton U18,2:0,Not in squad,,,,,,,,,,
2022/23,1031258,Bradley Moonan,U18 Premier League,11,2022-11-26,Everton U18,Liverpool U18,2:1,Not in squad,,,,,,,,,,
2022/23,1031258,Bradley Moonan,U18 Premier League,12,2022-12-03,Everton U18,Derby U18,5:1,Not in squad,,,,,,,,,,
2022/23,1031258,Bradley Moonan,U18 Premier League,13,2022-12-17,Leeds U18,Everton U18,1:1,Not in squad,,,,,,,,,,
2022/23,1031258,Bradley Moonan,U18 Premier League,15,2023-01-14,Liverpool U18,Everton U18,2:2,Not in squad,,,,,,,,,,
2022/23,1031258,Bradley Moonan,U18 Premier League,17,2023-01-28,Derby U18,Everton U18,3:3,Not in squad,,,,,,,,,,
2022/23,1031258,Bradley Moonan,U18 Premier League,19,2023-02-18,Blackburn U18,Everton U18,1:2,Not in squad,,,,,,,,,,
2022/23,1031258,Bradley Moonan,U18 Premier League,20,2023-02-25,Everton U18,Nottingham U18,2:2,Not in squad,,,,,,,,,,
2022/23,1031258,Bradley Moonan,U18 Premier League,16,2023-03-07,Everton U18,Wolves U18,1:1,Not in squad,,,,,,,,,,
2022/23,1031258,Bradley Moonan,U18 Premier League,21,2023-03-11,Man City U18,Everton U18,4:0,Not in squad,,,,,,,,,,
2022/23,1031258,Bradley Moonan,U18 Premier League,22,2023-03-18,Everton U18,Leeds U18,4:2,Not in squad,,,,,,,,,,
2022/23,1031258,Bradley Moonan,U18 Premier League,24,2023-04-15,Sunderland U18,Everton U18,4:1,,,,,,,,46,,45,
2022/23,1031258,Bradley Moonan,U18 Premier League,14,2023-04-18,Everton U18,Boro U18,3:0,CB,,,,,,,,,90,
2022/23,1031258,Bradley Moonan,U18 Premier League,25,2023-04-22,Newcastle U18,Everton U18,1:1,,,,,,,,71,,19,
2022/23,1031258,Bradley Moonan,U18 Premier League,26,2023-04-29,Everton U18,Stoke U18,3:0,,,,,,,,52,,38,
2022/23,1031258,Bradley Moonan,U18 Premier League,10,2023-05-02,Man Utd U18,Everton U18,1:1,CB,,,,,,,,,90,
2022/23,1031258,Bradley Moonan,U18 Premier League,23,2023-05-06,Everton U18,Man Utd U18,2:2,CB,,,,,,,,,90,
2022/23,1031258,Bradley Moonan,FA Youth Cup,Third Round,2022-12-09,Everton U18,Reading U18,3:0,Not in squad,,,,,,,,,,
2022/23,1031258,Bradley Moonan,FA Youth Cup,Fourth Round,2023-01-09,Watford U18,Everton U18,3:1,Not in squad,,,,,,,,,,
