﻿season,player_id,player_name,competition,journey,date,home_team,away_team,result,position,goals,assists,own_goals,yellow_cards,second_yellow_cards,red_cards,substitutions_on,substitutions_off,minutes_played,transfermarkt_score
2013/14,104124,Michail Antonio,Championship,1,2013-08-03,QPR,Sheff Wed,2:1,RM,,,,,,,,,90,
2013/14,104124,Michail Antonio,Championship,2,2013-08-10,Sheff Wed,Burnley,1:2,RM,,,,,,,,,90,
2013/14,104124,Michail Antonio,Championship,3,2013-08-17,Leeds,Sheff Wed,1:1,LM,,1,,,,,,,90,
2013/14,104124,Michail Antonio,Championship,4,2013-08-24,Sheff Wed,Millwall,2:2,SS,,,,,,,,,90,
2013/14,104124,Michail Antonio,Championship,5,2013-08-31,Middlesbrough,Sheff Wed,1:1,SS,1,,,,,,,,90,
2013/14,104124,Michail Antonio,Championship,6,2013-09-14,Sheff Wed,Yeovil Town,1:1,SS,,1,,,,,,,90,
2013/14,104124,Michail Antonio,Championship,8,2013-09-21,Birmingham,Sheff Wed,4:1,CF,,,,,,,,,90,
2013/14,104124,Michail Antonio,Championship,9,2013-09-28,Sheff Wed,Doncaster,0:1,RM,,,,,,,,,90,
2013/14,104124,Michail Antonio,Championship,10,2013-10-01,Brighton,Sheff Wed,1:1,RM,,,,,,,,,90,
2013/14,104124,Michail Antonio,Championship,11,2013-10-05,Sheff Wed,Ipswich,1:1,RM,1,,,,,,,,90,
2013/14,104124,Michail Antonio,Championship,12,2013-10-19,Bolton,Sheff Wed,1:1,RM,,,,,,,,,90,
2013/14,104124,Michail Antonio,Championship,13,2013-10-26,Barnsley,Sheff Wed,1:1,RM,,,,,,,,,90,
2013/14,104124,Michail Antonio,Championship,14,2013-11-02,Sheff Wed,Reading,5:2,RM,1,2,,,,,,85,85,
2013/14,104124,Michail Antonio,Championship,15,2013-11-09,Derby,Sheff Wed,3:0,RM,,,,,,,,,90,
2013/14,104124,Michail Antonio,Championship,16,2013-11-23,Sheff Wed,Huddersfield,1:2,RM,,,,,,,,46,45,
2013/14,104124,Michail Antonio,Championship,17,2013-11-30,Blackpool,Sheff Wed,2:0,Not in squad,,,,,,,,,,
2013/14,104124,Michail Antonio,Championship,18,2013-12-03,Sheff Wed,Leicester,2:1,Not in squad,,,,,,,,,,
2013/14,104124,Michail Antonio,Championship,19,2013-12-07,Sheff Wed,Nott'm Forest,0:1,Not in squad,,,,,,,,,,
2013/14,104124,Michail Antonio,Championship,20,2013-12-14,Watford,Sheff Wed,0:1,Not in squad,,,,,,,,,,
2013/14,104124,Michail Antonio,Championship,21,2013-12-21,Sheff Wed,Bournemouth,1:2,Not in squad,,,,,,,,,,
2013/14,104124,Michail Antonio,Championship,22,2013-12-26,Blackburn,Sheff Wed,0:0,Not in squad,,,,,,,,,,
2013/14,104124,Michail Antonio,Championship,23,2013-12-29,Charlton,Sheff Wed,1:1,Not in squad,,,,,,,,,,
2013/14,104124,Michail Antonio,Championship,24,2014-01-01,Sheff Wed,Blackpool,2:0,,,,,,,,89,,1,
2013/14,104124,Michail Antonio,Championship,25,2014-01-11,Sheff Wed,Leeds,6:0,Not in squad,,,,,,,,,,
2013/14,104124,Michail Antonio,Championship,26,2014-01-18,Burnley,Sheff Wed,1:1,Not in squad,,,,,,,,,,
2013/14,104124,Michail Antonio,Championship,28,2014-01-28,Millwall,Sheff Wed,1:1,Not in squad,,,,,,,,,,
2013/14,104124,Michail Antonio,Championship,29,2014-02-01,Sheff Wed,Barnsley,1:0,Not in squad,,,,,,,,,,
2013/14,104124,Michail Antonio,Championship,30,2014-02-08,Reading,Sheff Wed,0:2,,,,,,,,46,,45,
2013/14,104124,Michail Antonio,Championship,7,2014-02-11,Sheff Wed,Wigan,0:3,,,,,,,,55,,35,
2013/14,104124,Michail Antonio,Championship,31,2014-02-18,Sheff Wed,Derby,0:1,RM,,,,,,,,,90,
2013/14,104124,Michail Antonio,Championship,32,2014-02-22,Huddersfield,Sheff Wed,0:2,RM,,,,,,,,46,45,
2013/14,104124,Michail Antonio,Championship,33,2014-03-01,Sheff Wed,Middlesbrough,1:0,Not in squad,,,,,,,,,,
2013/14,104124,Michail Antonio,Championship,34,2014-03-08,Yeovil Town,Sheff Wed,2:0,Not in squad,,,,,,,,,,
2013/14,104124,Michail Antonio,Championship,35,2014-03-12,Wigan,Sheff Wed,1:0,Not in squad,,,,,,,,,,
2013/14,104124,Michail Antonio,Championship,36,2014-03-15,Sheff Wed,Birmingham,4:1,Not in squad,,,,,,,,,,
2013/14,104124,Michail Antonio,Championship,27,2014-03-18,Sheff Wed,QPR,3:0,Not in squad,,,,,,,,,,
2013/14,104124,Michail Antonio,Championship,37,2014-03-22,Doncaster,Sheff Wed,1:0,Not in squad,,,,,,,,,,
2013/14,104124,Michail Antonio,Championship,38,2014-03-25,Sheff Wed,Brighton,1:0,Not in squad,,,,,,,,,,
2013/14,104124,Michail Antonio,Championship,39,2014-03-29,Sheff Wed,Watford,1:4,Not in squad,,,,,,,,,,
2013/14,104124,Michail Antonio,Championship,40,2014-04-04,Leicester,Sheff Wed,2:1,LM,1,,,,,,,,90,
2013/14,104124,Michail Antonio,Championship,41,2014-04-08,Nott'm Forest,Sheff Wed,3:3,LM,,,,38,,,,71,71,
2013/14,104124,Michail Antonio,Championship,42,2014-04-12,Sheff Wed,Blackburn,3:3,LM,,,,,,,,,90,
2013/14,104124,Michail Antonio,Championship,43,2014-04-18,Bournemouth,Sheff Wed,2:4,SS,,1,,,,,,,90,
2013/14,104124,Michail Antonio,Championship,44,2014-04-21,Sheff Wed,Charlton,2:3,LM,,,,,,,,46,45,
2013/14,104124,Michail Antonio,Championship,45,2014-04-26,Sheff Wed,Bolton,1:3,SS,,,,,,,,,90,
2013/14,104124,Michail Antonio,Championship,46,2014-05-03,Ipswich,Sheff Wed,2:1,SS,,,,,,,,,90,
2013/14,104124,Michail Antonio,FA Cup,Third Round,2014-01-04,Macclesfield,Sheff Wed,1:1,Not in squad,,,,,,,,,,
2013/14,104124,Michail Antonio,FA Cup,Third Round Replay,2014-01-14,Sheff Wed,Macclesfield,4:1,Not in squad,,,,,,,,,,
2013/14,104124,Michail Antonio,FA Cup,Fourth Round,2014-01-25,Rochdale,Sheff Wed,1:2,Not in squad,,,,,,,,,,
2013/14,104124,Michail Antonio,FA Cup,Fifth Round,2014-02-24,Sheff Wed,Charlton,1:2,Not in squad,,,,,,,,,,
2013/14,104124,Michail Antonio,League Cup,First Round,2013-08-06,Rotherham,Sheff Wed,2:1,RM,,,,88,,,,,90,
