﻿season,player_id,player_name,competition,journey,date,home_team,away_team,result,position,goals,assists,own_goals,yellow_cards,second_yellow_cards,red_cards,substitutions_on,substitutions_off,minutes_played,transfermarkt_score
2024/25,1047261,Caleb Kporha,International Friendlies,6,2024-09-04,Italy U19,England U19,2:2,Not in squad,,,,,,,,,,
2024/25,1047261,Caleb Kporha,International Friendlies,2,2024-09-07,Croatia U19,England U19,1:1,Not in squad,,,,,,,,,,
2024/25,1047261,Caleb Kporha,International Friendlies,2,2024-09-10,Germany U19,England U19,3:2,Not in squad,,,,,,,,,,
2024/25,1047261,Caleb Kporha,International Friendlies,3,2024-10-09,England U19,Portugal U19,1:2,Not in squad,,,,,,,,,,
2024/25,1047261,Caleb Kporha,International Friendlies,4,2024-10-12,Netherlands U19,England U19,1:4,Not in squad,,,,,,,,,,
2024/25,1047261,Caleb Kporha,International Friendlies,37,2024-10-15,England U19,France U19,4:2,Not in squad,,,,,,,,,,
2024/25,1047261,Caleb Kporha,International Friendlies,7,2025-06-06,England U19,Iceland U19,3:1,RB,,,,,,,,46,45,
2024/25,1047261,Caleb Kporha,Premier League,1,2024-08-18,Brentford,Crystal Palace,2:1,Not in squad,,,,,,,,,,
2024/25,1047261,Caleb Kporha,Premier League,2,2024-08-24,Crystal Palace,West Ham,0:2,Not in squad,,,,,,,,,,
2024/25,1047261,Caleb Kporha,Premier League,3,2024-09-01,Chelsea,Crystal Palace,1:1,Not in squad,,,,,,,,,,
2024/25,1047261,Caleb Kporha,Premier League,4,2024-09-14,Crystal Palace,Leicester,2:2,Not in squad,,,,,,,,,,
2024/25,1047261,Caleb Kporha,Premier League,5,2024-09-21,Crystal Palace,Man Utd,0:0,Not in squad,,,,,,,,,,
2024/25,1047261,Caleb Kporha,Premier League,6,2024-09-28,Everton,Crystal Palace,2:1,Not in squad,,,,,,,,,,
2024/25,1047261,Caleb Kporha,Premier League,7,2024-10-05,Crystal Palace,Liverpool,0:1,on the bench,,,,,,,,,,
2024/25,1047261,Caleb Kporha,Premier League,8,2024-10-21,Nott'm Forest,Crystal Palace,1:0,on the bench,,,,,,,,,,
2024/25,1047261,Caleb Kporha,Premier League,9,2024-10-27,Crystal Palace,Tottenham,1:0,on the bench,,,,,,,,,,
2024/25,1047261,Caleb Kporha,Premier League,10,2024-11-02,Wolves,Crystal Palace,2:2,on the bench,,,,,,,,,,
2024/25,1047261,Caleb Kporha,Premier League,11,2024-11-09,Crystal Palace,Fulham,0:2,,,,,,,,88,,2,
2024/25,1047261,Caleb Kporha,Premier League,12,2024-11-23,Aston Villa,Crystal Palace,2:2,on the bench,,,,,,,,,,
2024/25,1047261,Caleb Kporha,Premier League,13,2024-11-30,Crystal Palace,Newcastle,1:1,on the bench,,,,,,,,,,
2024/25,1047261,Caleb Kporha,Premier League,14,2024-12-03,Ipswich,Crystal Palace,0:1,on the bench,,,,,,,,,,
2024/25,1047261,Caleb Kporha,Premier League,15,2024-12-07,Crystal Palace,Man City,2:2,Not in squad,,,,,,,,,,
2024/25,1047261,Caleb Kporha,Premier League,16,2024-12-15,Brighton,Crystal Palace,1:3,on the bench,,,,,,,,,,
2024/25,1047261,Caleb Kporha,Premier League,17,2024-12-21,Crystal Palace,Arsenal,1:5,RB,,,,,,,81,,9,
2024/25,1047261,Caleb Kporha,Premier League,18,2024-12-26,Bournemouth,Crystal Palace,0:0,on the bench,,,,,,,,,,
2024/25,1047261,Caleb Kporha,Premier League,19,2024-12-29,Crystal Palace,Southampton,2:1,on the bench,,,,,,,,,,
2024/25,1047261,Caleb Kporha,Premier League,20,2025-01-04,Crystal Palace,Chelsea,1:1,on the bench,,,,,,,,,,
2024/25,1047261,Caleb Kporha,Premier League,21,2025-01-15,Leicester,Crystal Palace,0:2,on the bench,,,,,,,,,,
2024/25,1047261,Caleb Kporha,Premier League,22,2025-01-18,West Ham,Crystal Palace,0:2,on the bench,,,,,,,,,,
2024/25,1047261,Caleb Kporha,Premier League,23,2025-01-26,Crystal Palace,Brentford,1:2,on the bench,,,,,,,,,,
2024/25,1047261,Caleb Kporha,Premier League,24,2025-02-02,Man Utd,Crystal Palace,0:2,on the bench,,,,,,,,,,
2024/25,1047261,Caleb Kporha,Premier League,25,2025-02-15,Crystal Palace,Everton,1:2,on the bench,,,,,,,,,,
2024/25,1047261,Caleb Kporha,Premier League,26,2025-02-22,Fulham,Crystal Palace,0:2,on the bench,,,,,,,,,,
2024/25,1047261,Caleb Kporha,Premier League,27,2025-02-25,Crystal Palace,Aston Villa,4:1,on the bench,,,,,,,,,,
2024/25,1047261,Caleb Kporha,Premier League,28,2025-03-08,Crystal Palace,Ipswich,1:0,on the bench,,,,,,,,,,
2024/25,1047261,Caleb Kporha,Premier League,30,2025-04-02,Southampton,Crystal Palace,1:1,on the bench,,,,,,,,,,
2024/25,1047261,Caleb Kporha,Premier League,31,2025-04-05,Crystal Palace,Brighton,2:1,Not in squad,,,,,,,,,,
2024/25,1047261,Caleb Kporha,Premier League,32,2025-04-12,Man City,Crystal Palace,5:2,on the bench,,,,,,,,,,
2024/25,1047261,Caleb Kporha,Premier League,29,2025-04-16,Newcastle,Crystal Palace,5:0,Not in squad,,,,,,,,,,
2024/25,1047261,Caleb Kporha,Premier League,33,2025-04-19,Crystal Palace,Bournemouth,0:0,Not in squad,,,,,,,,,,
2024/25,1047261,Caleb Kporha,Premier League,34,2025-04-23,Arsenal,Crystal Palace,2:2,on the bench,,,,,,,,,,
2024/25,1047261,Caleb Kporha,Premier League,35,2025-05-05,Crystal Palace,Nott'm Forest,1:1,Not in squad,,,,,,,,,,
2024/25,1047261,Caleb Kporha,Premier League,36,2025-05-11,Tottenham,Crystal Palace,0:2,on the bench,,,,,,,,,,
2024/25,1047261,Caleb Kporha,Premier League,37,2025-05-20,Crystal Palace,Wolves,4:2,on the bench,,,,,,,,,,
2024/25,1047261,Caleb Kporha,Premier League,38,2025-05-25,Liverpool,Crystal Palace,1:1,on the bench,,,,,,,,,,
2024/25,1047261,Caleb Kporha,EFL Trophy,group B4,2024-08-20,Stevenage,Palace U21,1:0,Not in squad,,,,,,,,,,
2024/25,1047261,Caleb Kporha,EFL Trophy,group B4,2024-09-24,Gillingham,Palace U21,1:3,RM,,,,,,,,,90,
2024/25,1047261,Caleb Kporha,EFL Trophy,group B4,2024-11-05,Peterborough,Palace U21,4:1,Not in squad,,,,,,,,,,
2024/25,1047261,Caleb Kporha,FA Cup,Third Round,2025-01-12,Crystal Palace,Stockport,1:0,on the bench,,,,,,,,,,
2024/25,1047261,Caleb Kporha,FA Cup,Fourth Round,2025-02-10,Doncaster,Crystal Palace,0:2,,,,,,,,90,,1,
2024/25,1047261,Caleb Kporha,FA Cup,Fifth Round,2025-03-01,Crystal Palace,Millwall,3:1,Not in squad,,,,,,,,,,
2024/25,1047261,Caleb Kporha,FA Cup,Quarter-Finals,2025-03-29,Fulham,Crystal Palace,0:3,on the bench,,,,,,,,,,
2024/25,1047261,Caleb Kporha,FA Cup,Semi-Finals,2025-04-26,Crystal Palace,Aston Villa,3:0,Not in squad,,,,,,,,,,
2024/25,1047261,Caleb Kporha,FA Cup,Final,2025-05-17,Crystal Palace,Man City,1:0,Not in squad,,,,,,,,,,
2024/25,1047261,Caleb Kporha,EFL Cup,Second Round,2024-08-27,Crystal Palace,Norwich,4:0,Not in squad,,,,,,,,,,
2024/25,1047261,Caleb Kporha,EFL Cup,Third Round,2024-09-17,QPR,Crystal Palace,1:2,Not in squad,,,,,,,,,,
2024/25,1047261,Caleb Kporha,EFL Cup,Fourth Round,2024-10-30,Aston Villa,Crystal Palace,1:2,on the bench,,,,,,,,,,
2024/25,1047261,Caleb Kporha,EFL Cup,Quarter-Finals,2024-12-18,Arsenal,Crystal Palace,3:2,RM,,,,23,,,,46,45,
2024/25,1047261,Caleb Kporha,Premier League 2 Playoffs,Round of 16,2025-04-28,Palace U21,Brighton U21,3:1,RB,1,,,,,,,,90,
2024/25,1047261,Caleb Kporha,Premier League 2 Playoffs,Quarter-Finals,2025-05-02,Palace U21,Chelsea U21,6:0,RM,,,,,,,,87,87,
2024/25,1047261,Caleb Kporha,Premier League 2 Playoffs,Semi-Finals,2025-05-12,Palace U21,Southampton U21,1:2 AET,RM,,,,,,,,,120,
2024/25,1047261,Caleb Kporha,Premier League 2,2,2024-08-23,Blackburn U21,Palace U21,2:7,RM,1,,,,,,,,90,
2024/25,1047261,Caleb Kporha,Premier League 2,3,2024-08-30,Leeds U21,Palace U21,1:1,RM,,1,,,,,,,90,
2024/25,1047261,Caleb Kporha,Premier League 2,4,2024-09-20,Palace U21,Reading U21,1:1,Not in squad,,,,,,,,,,
2024/25,1047261,Caleb Kporha,Premier League 2,5,2024-09-30,Palace U21,Nottingham U21,2:1,RM,,,,,,,,,90,
2024/25,1047261,Caleb Kporha,Premier League 2,6,2024-10-05,Brighton U21,Palace U21,10:0,Not in squad,,,,,,,,,,
2024/25,1047261,Caleb Kporha,Premier League 2,7,2024-10-25,Southampton U21,Palace U21,0:2,Not in squad,,,,,,,,,,
2024/25,1047261,Caleb Kporha,Premier League 2,8,2024-11-01,Palace U21,Tottenham U21,5:1,Not in squad,,,,,,,,,,
2024/25,1047261,Caleb Kporha,Premier League 2,9,2024-11-29,Newcastle U21,Palace U21,1:0,Not in squad,,,,,,,,,,
2024/25,1047261,Caleb Kporha,Premier League 2,10,2024-12-16,Palace U21,Liverpool U21,3:3,Not in squad,,,,,,,,,,
2024/25,1047261,Caleb Kporha,Premier League 2,1,2025-01-06,Palace U21,Fulham U21,0:1,RM,,,,,,,,,90,
2024/25,1047261,Caleb Kporha,Premier League 2,11,2025-01-10,Leicester U21,Palace U21,0:2,Not in squad,,,,,,,,,,
2024/25,1047261,Caleb Kporha,Premier League 2,12,2025-01-20,Palace U21,Wolves U21,0:1,RM,,,,,,,,,90,
2024/25,1047261,Caleb Kporha,Premier League 2,13,2025-01-27,Palace U21,Norwich U21,2:2,RM,,2,,,,,,63,63,
2024/25,1047261,Caleb Kporha,Premier League 2,14,2025-02-10,Stoke U21,Palace U21,1:2,Not in squad,,,,,,,,,,
2024/25,1047261,Caleb Kporha,Premier League 2,15,2025-02-17,Palace U21,Aston Villa U21,3:0,RM,,1,,,,,,60,60,
2024/25,1047261,Caleb Kporha,Premier League 2,16,2025-02-24,West Brom U21,Palace U21,0:2,Not in squad,,,,,,,,,,
2024/25,1047261,Caleb Kporha,Premier League 2,17,2025-03-03,Palace U21,Arsenal U21,2:2,RM,,,,,,,,63,63,
2024/25,1047261,Caleb Kporha,Premier League 2,18,2025-03-16,Man City U21,Palace U21,2:3,Not in squad,,,,,,,,,,
2024/25,1047261,Caleb Kporha,Premier League 2,19,2025-04-04,West Ham U21,Palace U21,2:5,RM,1,,,45,,,,,90,
2024/25,1047261,Caleb Kporha,Premier League 2,20,2025-04-14,Palace U21,Chelsea U21,2:4,RM,,,,,,,,61,61,
2024/25,1047261,Caleb Kporha,Premier League International Cup U21,Group D,2024-09-17,Palace U21,Real Sociedad B,2:2,Information not yet available,,,,,,,,,,
2024/25,1047261,Caleb Kporha,Premier League International Cup U21,Group D,2024-10-18,Palace U21,Sporting B,1:2,Information not yet available,,,,,,,,,,
2024/25,1047261,Caleb Kporha,Premier League International Cup U21,Group D,2024-12-10,Palace U21,RSCA Futures,3:1,RM,,,,,,,,66,66,
2024/25,1047261,Caleb Kporha,Premier League International Cup U21,Group D,2025-01-17,Palace U21,RB Leipzig U19,1:2,Information not yet available,,,,,,,,,,
2024/25,1047261,Caleb Kporha,2025 UEFA Under-19 Euro,Group B,2025-06-14,England U19,Norway U19,2:2,,,,,,,,46,,45,
2024/25,1047261,Caleb Kporha,2025 UEFA Under-19 Euro,Group B,2025-06-17,Germany U19,England U19,5:5,RB,,,,,,,,,90,
2024/25,1047261,Caleb Kporha,2025 UEFA Under-19 Euro,Group B,2025-06-20,Netherlands U19,England U19,4:2,RB,,,,,,,,,90,
2024/25,1047261,Caleb Kporha,UEFA EURO U19 Championship Qualifiers,Group 3,2024-11-13,England U19,Lithuania U19,1:0,Not in squad,,,,,,,,,,
2024/25,1047261,Caleb Kporha,UEFA EURO U19 Championship Qualifiers,Group 3,2024-11-16,England U19,Bulgaria U19,2:1,Not in squad,,,,,,,,,,
2024/25,1047261,Caleb Kporha,UEFA EURO U19 Championship Qualifiers,Group 3,2024-11-19,Belgium U19,England U19,0:0,Not in squad,,,,,,,,,,
2024/25,1047261,Caleb Kporha,UEFA EURO U19 Championship Qualifiers,group B7,2025-03-19,Wales U19,England U19,0:2,on the bench,,,,,,,,,,
2024/25,1047261,Caleb Kporha,UEFA EURO U19 Championship Qualifiers,group B7,2025-03-22,England U19,Türkiye U19,0:0,RM,,,,,,,,,90,
2024/25,1047261,Caleb Kporha,UEFA EURO U19 Championship Qualifiers,group B7,2025-03-25,England U19,Portugal U19,1:0,on the bench,,,,,,,,,,
