﻿season,player_id,player_name,competition,journey,date,home_team,away_team,result,position,goals,assists,own_goals,yellow_cards,second_yellow_cards,red_cards,substitutions_on,substitutions_off,minutes_played,transfermarkt_score
2016/17,111051,Nampalys Mendy,UEFA Champions League,Group G,2016-09-14,Club Brugge,Leicester,0:3,Ankle injury,,,,,,,,,,
2016/17,111051,Nampalys Mendy,UEFA Champions League,Group G,2016-09-27,Leicester,Porto,1:0,Ankle injury,,,,,,,,,,
2016/17,111051,Nampalys Mendy,UEFA Champions League,Group G,2016-10-18,Leicester,Copenhagen,1:0,Ankle injury,,,,,,,,,,
2016/17,111051,Nampalys Mendy,UEFA Champions League,Group G,2016-11-02,Copenhagen,Leicester,0:0,Ankle injury,,,,,,,,,,
2016/17,111051,Nampalys Mendy,UEFA Champions League,Group G,2016-11-22,Leicester,Club Brugge,2:1,Ankle injury,,,,,,,,,,
2016/17,111051,Nampalys Mendy,UEFA Champions League,Group G,2016-12-07,Porto,Leicester,5:0,DM,,,,,,,,,90,
2016/17,111051,Nampalys Mendy,UEFA Champions League,last 16 1st leg,2017-02-22,Sevilla FC,Leicester,2:1,Not in squad,,,,,,,,,,
2016/17,111051,Nampalys Mendy,UEFA Champions League,last 16 2nd leg,2017-03-14,Leicester,Sevilla FC,2:0,Ankle injury,,,,,,,,,,
2016/17,111051,Nampalys Mendy,UEFA Champions League,Quarter-Finals 1st leg,2017-04-12,Atlético,Leicester,1:0,Ankle injury,,,,,,,,,,
2016/17,111051,Nampalys Mendy,UEFA Champions League,Quarter-Finals 2nd leg,2017-04-18,Leicester,Atlético,1:1,Ankle injury,,,,,,,,,,
2016/17,111051,Nampalys Mendy,Premier League,1,2016-08-13,Hull City,Leicester,2:1,Not in squad,,,,,,,,,,
2016/17,111051,Nampalys Mendy,Premier League,2,2016-08-20,Leicester,Arsenal,0:0,CM,,,,45,,,,53,53,
2016/17,111051,Nampalys Mendy,Premier League,3,2016-08-27,Leicester,Swansea,2:1,Ankle injury,,,,,,,,,,
2016/17,111051,Nampalys Mendy,Premier League,4,2016-09-10,Liverpool,Leicester,4:1,Ankle injury,,,,,,,,,,
2016/17,111051,Nampalys Mendy,Premier League,5,2016-09-17,Leicester,Burnley,3:0,Ankle injury,,,,,,,,,,
2016/17,111051,Nampalys Mendy,Premier League,6,2016-09-24,Man Utd,Leicester,4:1,Ankle injury,,,,,,,,,,
2016/17,111051,Nampalys Mendy,Premier League,7,2016-10-02,Leicester,Southampton,0:0,Ankle injury,,,,,,,,,,
2016/17,111051,Nampalys Mendy,Premier League,8,2016-10-15,Chelsea,Leicester,3:0,Ankle injury,,,,,,,,,,
2016/17,111051,Nampalys Mendy,Premier League,9,2016-10-22,Leicester,Crystal Palace,3:1,Ankle injury,,,,,,,,,,
2016/17,111051,Nampalys Mendy,Premier League,10,2016-10-29,Tottenham,Leicester,1:1,Ankle injury,,,,,,,,,,
2016/17,111051,Nampalys Mendy,Premier League,11,2016-11-06,Leicester,West Brom,1:2,Ankle injury,,,,,,,,,,
2016/17,111051,Nampalys Mendy,Premier League,12,2016-11-19,Watford,Leicester,2:1,Ankle injury,,,,,,,,,,
2016/17,111051,Nampalys Mendy,Premier League,13,2016-11-26,Leicester,Middlesbrough,2:2,Ankle injury,,,,,,,,,,
2016/17,111051,Nampalys Mendy,Premier League,14,2016-12-03,Sunderland,Leicester,2:1,on the bench,,,,,,,,,,
2016/17,111051,Nampalys Mendy,Premier League,15,2016-12-10,Leicester,Man City,4:2,on the bench,,,,,,,,,,
2016/17,111051,Nampalys Mendy,Premier League,16,2016-12-13,Bournemouth,Leicester,1:0,on the bench,,,,,,,,,,
2016/17,111051,Nampalys Mendy,Premier League,17,2016-12-17,Stoke City,Leicester,2:2,on the bench,,,,,,,,,,
2016/17,111051,Nampalys Mendy,Premier League,18,2016-12-26,Leicester,Everton,0:2,on the bench,,,,,,,,,,
2016/17,111051,Nampalys Mendy,Premier League,19,2016-12-31,Leicester,West Ham,1:0,on the bench,,,,,,,,,,
2016/17,111051,Nampalys Mendy,Premier League,20,2017-01-02,Middlesbrough,Leicester,0:0,DM,,,,,,,,83,83,
2016/17,111051,Nampalys Mendy,Premier League,21,2017-01-14,Leicester,Chelsea,0:3,CM,,,,,,,,,90,
2016/17,111051,Nampalys Mendy,Premier League,22,2017-01-22,Southampton,Leicester,3:0,CM,,,,,,,,46,45,
2016/17,111051,Nampalys Mendy,Premier League,23,2017-01-31,Burnley,Leicester,1:0,on the bench,,,,,,,,,,
2016/17,111051,Nampalys Mendy,Premier League,24,2017-02-05,Leicester,Man Utd,0:3,Not in squad,,,,,,,,,,
2016/17,111051,Nampalys Mendy,Premier League,25,2017-02-12,Swansea,Leicester,2:0,Not in squad,,,,,,,,,,
2016/17,111051,Nampalys Mendy,Premier League,26,2017-02-27,Leicester,Liverpool,3:1,Not in squad,,,,,,,,,,
2016/17,111051,Nampalys Mendy,Premier League,27,2017-03-04,Leicester,Hull City,3:1,Not in squad,,,,,,,,,,
2016/17,111051,Nampalys Mendy,Premier League,29,2017-03-18,West Ham,Leicester,2:3,Ankle injury,,,,,,,,,,
2016/17,111051,Nampalys Mendy,Premier League,30,2017-04-01,Leicester,Stoke City,2:0,Ankle injury,,,,,,,,,,
2016/17,111051,Nampalys Mendy,Premier League,31,2017-04-04,Leicester,Sunderland,2:0,Ankle injury,,,,,,,,,,
2016/17,111051,Nampalys Mendy,Premier League,32,2017-04-09,Everton,Leicester,4:2,Ankle injury,,,,,,,,,,
2016/17,111051,Nampalys Mendy,Premier League,33,2017-04-15,Crystal Palace,Leicester,2:2,Ankle injury,,,,,,,,,,
2016/17,111051,Nampalys Mendy,Premier League,28,2017-04-26,Arsenal,Leicester,1:0,Ankle injury,,,,,,,,,,
2016/17,111051,Nampalys Mendy,Premier League,35,2017-04-29,West Brom,Leicester,0:1,Ankle injury,,,,,,,,,,
2016/17,111051,Nampalys Mendy,Premier League,36,2017-05-06,Leicester,Watford,3:0,Ankle injury,,,,,,,,,,
2016/17,111051,Nampalys Mendy,Premier League,37,2017-05-13,Man City,Leicester,2:1,Ankle injury,,,,,,,,,,
2016/17,111051,Nampalys Mendy,Premier League,34,2017-05-18,Leicester,Tottenham,1:6,Ankle injury,,,,,,,,,,
2016/17,111051,Nampalys Mendy,Premier League,38,2017-05-21,Leicester,Bournemouth,1:1,Ankle injury,,,,,,,,,,
2016/17,111051,Nampalys Mendy,Community Shield,Final,2016-08-07,Leicester,Man Utd,1:2,DM,,,,,,,63,,27,
2016/17,111051,Nampalys Mendy,FA Cup,Third Round,2017-01-07,Everton,Leicester,1:2,CM,,,,,,,,,90,
2016/17,111051,Nampalys Mendy,FA Cup,Fourth Round,2017-01-27,Derby,Leicester,2:2,on the bench,,,,,,,,,,
2016/17,111051,Nampalys Mendy,FA Cup,4th round deciders,2017-02-08,Leicester,Derby,3:1 AET,CM,,,,9,,,,91,91,
2016/17,111051,Nampalys Mendy,FA Cup,Fifth Round,2017-02-18,Millwall,Leicester,1:0,DM,,,,,,,,,90,
2016/17,111051,Nampalys Mendy,EFL Cup,Third Round,2016-09-20,Leicester,Chelsea,2:4 AET,Ankle injury,,,,,,,,,,
