﻿season,player_id,player_name,competition,journey,date,home_team,away_team,result,position,goals,assists,own_goals,yellow_cards,second_yellow_cards,red_cards,substitutions_on,substitutions_off,minutes_played,transfermarkt_score
2022/23,1018716,Callum Bates,EFL Trophy,group A1,2022-08-30,Morecambe FC,Everton U21,10:9 on pens,Not in squad,,,,,,,,,,
2022/23,1018716,Callum Bates,EFL Trophy,group A1,2022-10-04,Harrogate Town,Everton U21,3:5 on pens,Not in squad,,,,,,,,,,
2022/23,1018716,Callum Bates,EFL Trophy,group A1,2022-10-18,Hartlepool,Everton U21,0:6,Not in squad,,,,,,,,,,
2022/23,1018716,Callum Bates,EFL Trophy,Second Round,2022-11-30,Everton U21,Mansfield Town,2:1,Not in squad,,,,,,,,,,
2022/23,1018716,Callum Bates,EFL Trophy,Third Round,2022-12-13,Lincoln City,Everton U21,4:2,Not in squad,,,,,,,,,,
2022/23,1018716,Callum Bates,U18 Premier League,1,2022-08-13,Nottingham U18,Everton U18,3:2,,,,,,,,72,,18,
2022/23,1018716,Callum Bates,U18 Premier League,2,2022-08-20,Everton U18,Sunderland U18,2:3,,,,,,,,87,,3,
2022/23,1018716,Callum Bates,U18 Premier League,5,2022-09-17,Wolves U18,Everton U18,1:0,,,,,,,,79,,11,
2022/23,1018716,Callum Bates,U18 Premier League,6,2022-10-01,Everton U18,Man City U18,1:0,CM,,,,,,,,,90,
2022/23,1018716,Callum Bates,U18 Premier League,7,2022-10-15,Stoke U18,Everton U18,1:2,DM,,,,,,,,,90,
2022/23,1018716,Callum Bates,U18 Premier League,4,2022-10-18,Everton U18,Blackburn U18,2:4,CM,,,,,,,,46,45,
2022/23,1018716,Callum Bates,U18 Premier League,8,2022-10-22,Everton U18,Newcastle U18,1:1,CM,,,,,,,,,90,
2022/23,1018716,Callum Bates,U18 Premier League,9,2022-10-29,Boro U18,Everton U18,2:0,,,,,,,,71,,19,
2022/23,1018716,Callum Bates,U18 Premier League,11,2022-11-26,Everton U18,Liverpool U18,2:1,DM,,,,,,,,,90,
2022/23,1018716,Callum Bates,U18 Premier League,12,2022-12-03,Everton U18,Derby U18,5:1,CM,,,,,,,,,90,
2022/23,1018716,Callum Bates,U18 Premier League,13,2022-12-17,Leeds U18,Everton U18,1:1,Not in squad,,,,,,,,,,
2022/23,1018716,Callum Bates,U18 Premier League,15,2023-01-14,Liverpool U18,Everton U18,2:2,DM,,,,,,,,,90,
2022/23,1018716,Callum Bates,U18 Premier League,17,2023-01-28,Derby U18,Everton U18,3:3,Not in squad,,,,,,,,,,
2022/23,1018716,Callum Bates,U18 Premier League,19,2023-02-18,Blackburn U18,Everton U18,1:2,DM,,,,,,,,,90,
2022/23,1018716,Callum Bates,U18 Premier League,20,2023-02-25,Everton U18,Nottingham U18,2:2,DM,1,,,,,,,,90,
2022/23,1018716,Callum Bates,U18 Premier League,16,2023-03-07,Everton U18,Wolves U18,1:1,DM,,,,,,,,,90,
2022/23,1018716,Callum Bates,U18 Premier League,21,2023-03-11,Man City U18,Everton U18,4:0,CM,,,,,,,,89,89,
2022/23,1018716,Callum Bates,U18 Premier League,22,2023-03-18,Everton U18,Leeds U18,4:2,CM,,,,,,,,,90,
2022/23,1018716,Callum Bates,U18 Premier League,24,2023-04-15,Sunderland U18,Everton U18,4:1,DM,,,,,,,,,90,
2022/23,1018716,Callum Bates,U18 Premier League,14,2023-04-18,Everton U18,Boro U18,3:0,DM,,,,,,,,,90,
2022/23,1018716,Callum Bates,U18 Premier League,25,2023-04-22,Newcastle U18,Everton U18,1:1,DM,,,,27,,,,72,72,
2022/23,1018716,Callum Bates,U18 Premier League,26,2023-04-29,Everton U18,Stoke U18,3:0,DM,,,,,,,,,90,
2022/23,1018716,Callum Bates,U18 Premier League,10,2023-05-02,Man Utd U18,Everton U18,1:1,DM,,1,,,,,,,90,
2022/23,1018716,Callum Bates,U18 Premier League,23,2023-05-06,Everton U18,Man Utd U18,2:2,CM,,,,62,,,,83,83,
2022/23,1018716,Callum Bates,Premier League 2,1,2022-08-05,Everton U21,Blackburn U21,2:0,Not in squad,,,,,,,,,,
2022/23,1018716,Callum Bates,Premier League 2,2,2022-08-12,Tottenham U21,Everton U21,0:2,Not in squad,,,,,,,,,,
2022/23,1018716,Callum Bates,Premier League 2,3,2022-08-19,Everton U21,Man Utd U21,2:2,Not in squad,,,,,,,,,,
2022/23,1018716,Callum Bates,Premier League 2,4,2022-08-27,West Ham U21,Everton U21,1:2,Not in squad,,,,,,,,,,
2022/23,1018716,Callum Bates,Premier League 2,5,2022-09-03,Everton U21,Chelsea U21,0:2,Not in squad,,,,,,,,,,
2022/23,1018716,Callum Bates,Premier League 2,7,2022-09-18,Everton U21,Brighton U21,1:0,Not in squad,,,,,,,,,,
2022/23,1018716,Callum Bates,Premier League 2,8,2022-09-30,Fulham U21,Everton U21,2:0,Not in squad,,,,,,,,,,
2022/23,1018716,Callum Bates,Premier League 2,9,2022-10-09,Palace U21,Everton U21,3:4,Not in squad,,,,,,,,,,
2022/23,1018716,Callum Bates,Premier League 2,11,2022-10-22,Liverpool U21,Everton U21,2:1,Not in squad,,,,,,,,,,
2022/23,1018716,Callum Bates,Premier League 2,12,2022-10-29,Everton U21,Man City U21,6:3,Not in squad,,,,,,,,,,
2022/23,1018716,Callum Bates,Premier League 2,13,2022-11-06,Arsenal U21,Everton U21,3:1,Not in squad,,,,,,,,,,
2022/23,1018716,Callum Bates,Premier League 2,14,2023-01-06,Everton U21,West Ham U21,1:2,Not in squad,,,,,,,,,,
2022/23,1018716,Callum Bates,Premier League 2,15,2023-01-15,Blackburn U21,Everton U21,4:2,Not in squad,,,,,,,,,,
2022/23,1018716,Callum Bates,Premier League 2,16,2023-01-22,Brighton U21,Everton U21,1:2,CM,,,,,,,,71,71,
2022/23,1018716,Callum Bates,Premier League 2,17,2023-01-27,Everton U21,Fulham U21,1:1,CM,,,,,,,,46,45,
2022/23,1018716,Callum Bates,Premier League 2,18,2023-02-11,Man Utd U21,Everton U21,4:1,CM,,,,,,,,87,87,
2022/23,1018716,Callum Bates,Premier League 2,19,2023-02-17,Everton U21,Tottenham U21,1:1,,,,,,,,72,,18,
2022/23,1018716,Callum Bates,Premier League 2,20,2023-02-25,Man City U21,Everton U21,5:0,Not in squad,,,,,,,,,,
2022/23,1018716,Callum Bates,Premier League 2,21,2023-03-05,Everton U21,Palace U21,0:1,on the bench,,,,,,,,,,
2022/23,1018716,Callum Bates,Premier League 2,22,2023-03-17,Chelsea U21,Everton U21,1:1,Not in squad,,,,,,,,,,
2022/23,1018716,Callum Bates,Premier League 2,23,2023-03-31,Everton U21,Wolves U21,3:0,Not in squad,,,,,,,,,,
2022/23,1018716,Callum Bates,Premier League 2,6,2023-04-10,Wolves U21,Everton U21,5:0,Not in squad,,,,,,,,,,
2022/23,1018716,Callum Bates,Premier League 2,24,2023-04-16,Everton U21,Liverpool U21,1:1,Not in squad,,,,,,,,,,
2022/23,1018716,Callum Bates,Premier League 2,25,2023-04-24,Leicester U21,Everton U21,1:4,Not in squad,,,,,,,,,,
2022/23,1018716,Callum Bates,Premier League 2,26,2023-04-28,Everton U21,Arsenal U21,1:4,Not in squad,,,,,,,,,,
2022/23,1018716,Callum Bates,Premier League 2,10,2023-05-08,Everton U21,Leicester U21,0:2,Not in squad,,,,,,,,,,
2022/23,1018716,Callum Bates,Premier League International Cup U21,Group C,2022-09-13,Everton U21,Braga B,5:0,Information not yet available,,,,,,,,,,
2022/23,1018716,Callum Bates,Premier League International Cup U21,Group C,2022-10-25,Everton U21,Hertha BSC II,4:1,Information not yet available,,,,,,,,,,
2022/23,1018716,Callum Bates,Premier League International Cup U21,Group C,2022-11-09,Everton U21,Paris SG U23,2:1,Information not yet available,,,,,,,,,,
2022/23,1018716,Callum Bates,Premier League International Cup U21,Group C,2023-02-08,Everton U21,Din. Zagreb II,2:0,Information not yet available,,,,,,,,,,
2022/23,1018716,Callum Bates,Premier League International Cup U21,Quarter-Finals,2023-03-02,Everton U21,PSV U21,0:3,Information not yet available,,,,,,,,,,
2022/23,1018716,Callum Bates,Premier League Cup,Group F,2022-11-13,Everton U21,Southampton U21,1:2,Information not yet available,,,,,,,,,,
2022/23,1018716,Callum Bates,Premier League Cup,Group F,2022-11-25,Everton U21,Birmingham U21,1:1,Information not yet available,,,,,,,,,,
2022/23,1018716,Callum Bates,Premier League Cup,Group F,2022-12-03,Birmingham U21,Everton U21,1:0,Information not yet available,,,,,,,,,,
2022/23,1018716,Callum Bates,Premier League Cup,Group F,2022-12-06,Everton U21,Colchester U21,7:2,Information not yet available,,,,,,,,,,
2022/23,1018716,Callum Bates,Premier League Cup,Group F,2022-12-20,Colchester U21,Everton U21,1:1,Information not yet available,,,,,,,,,,
2022/23,1018716,Callum Bates,Premier League Cup,Group F,2023-01-18,Southampton U21,Everton U21,2:3,Information not yet available,,,,,,,,,,
2022/23,1018716,Callum Bates,Premier League Cup,Round of 16,2023-02-05,Bristol U21,Everton U21,2:1,Information not yet available,,,,,,,,,,
2022/23,1018716,Callum Bates,FA Youth Cup,Third Round,2022-12-09,Everton U18,Reading U18,3:0,,,,,,,,73,,17,
2022/23,1018716,Callum Bates,FA Youth Cup,Fourth Round,2023-01-09,Watford U18,Everton U18,3:1,,,,,,,,46,,45,
