﻿season,player_id,player_name,competition,journey,date,home_team,away_team,result,position,goals,assists,own_goals,yellow_cards,second_yellow_cards,red_cards,substitutions_on,substitutions_off,minutes_played,transfermarkt_score
2025/26,1016556,Ato Ampah,International Friendlies,2,2025-09-05,England U20,Italy U20,1:2,Not in squad,,,,,,,,,,
2025/26,1016556,Ato Ampah,International Friendlies,5,2025-11-14,England U20,Japan U22,1:1,Centre Forward,,,,,,,,78,78,
2025/26,1016556,Ato Ampah,UEFA Youth League,Group Stage,2025-09-17,FC Bayern YL,Chelsea YL,2:3,Not in squad,,,,,,,,,,
2025/26,1016556,Ato Ampah,UEFA Youth League,Group Stage,2025-09-30,Chelsea YL,Benfica YL,5:2,Not in squad,,,,,,,,,,
2025/26,1016556,Ato Ampah,UEFA Youth League,Group Stage,2025-10-22,Chelsea YL,Ajax YL,6:3,LW,2,1,,,,,,85,85,
2025/26,1016556,Ato Ampah,UEFA Youth League,Group Stage,2025-11-05,Qarabag YL,Chelsea YL,0:5,LW,,2,,76,,,,,90,
2025/26,1016556,Ato Ampah,UEFA Youth League,Group Stage,2025-11-25,Chelsea YL,Barcelona YL,1:1,LM,,,,,,,,72,72,
2025/26,1016556,Ato Ampah,EFL Trophy,group B3,2025-08-26,Shrewsbury,Chelsea U21,3:1,Not in squad,,,,,,,,,,
2025/26,1016556,Ato Ampah,EFL Trophy,group B3,2025-09-23,Northampton,Chelsea U21,3:0,Not in squad,,,,,,,,,,
2025/26,1016556,Ato Ampah,EFL Trophy,group B3,2025-10-28,Walsall,Chelsea U21,4:2 on pens,Not in squad,,,,,,,,,,
2025/26,1016556,Ato Ampah,Premier League 2,1,2025-08-18,Chelsea U21,Man City U21,3:1,Not in squad,,,,,,,,,,
2025/26,1016556,Ato Ampah,Premier League 2,2,2025-08-22,Newcastle U21,Chelsea U21,0:5,Not in squad,,,,,,,,,,
2025/26,1016556,Ato Ampah,Premier League 2,3,2025-08-29,Aston Villa U21,Chelsea U21,1:2,,,,,,,,57,,33,
2025/26,1016556,Ato Ampah,Premier League 2,4,2025-09-20,Chelsea U21,Ipswich U21,2:4,LW,,,,,,,,54,54,
2025/26,1016556,Ato Ampah,Premier League 2,5,2025-09-27,Chelsea U21,Stoke U21,1:2,Not in squad,,,,,,,,,,
2025/26,1016556,Ato Ampah,Premier League 2,6,2025-10-05,Burnley U21,Chelsea U21,0:1,LM,,,,,,,,56,56,
2025/26,1016556,Ato Ampah,Premier League 2,7,2025-10-25,Chelsea U21,Arsenal U21,2:1,RM,,2,,,,,,,90,
2025/26,1016556,Ato Ampah,Premier League 2,8,2025-10-31,Everton U21,Chelsea U21,1:0,Centre Forward,,,,,,,,79,79,
2025/26,1016556,Ato Ampah,Premier League 2,9,2025-11-08,Chelsea U21,Reading U21,4:1,LM,,1,,,,,,65,65,
2025/26,1016556,Ato Ampah,Premier League International Cup U21,Group C,2025-10-18,Chelsea U21,Din. Zagreb II,1:2,RM,1,,,,,,,,90,
2025/26,1016556,Ato Ampah,Premier League International Cup U21,Group C,2025-12-03,Chelsea U21,Paris SG U23,1:3,,,,,,,,62,,28,
2025/26,1016556,Ato Ampah,U20 Elite League,Group 1,2025-10-10,England U20,Switzerland U20,0:1,LW,,,,,,,,62,62,
