﻿season,player_id,player_name,competition,journey,date,home_team,away_team,result,position,goals,assists,own_goals,yellow_cards,second_yellow_cards,red_cards,substitutions_on,substitutions_off,minutes_played,transfermarkt_score
2013/14,108354,Jordan Ayew,World Cup 2014,Group G,2014-06-17,Ghana,USA,1:2,AM,,,,,,,,59,59,
2013/14,108354,Jordan Ayew,World Cup 2014,Group G,2014-06-21,Germany,Ghana,2:2,Centre Forward,,,,,,,53,,37,
2013/14,108354,Jordan Ayew,World Cup 2014,Group G,2014-06-26,Portugal,Ghana,2:1,SS,,,,78,,,71,,19,
2013/14,108354,Jordan Ayew,UEFA Champions League,Group F,2013-09-18,Marseille,Arsenal,1:2,,1,,,,,,73,,17,
2013/14,108354,Jordan Ayew,UEFA Champions League,Group F,2013-10-01,Dortmund,Marseille,3:0,CF,,,,,,,81,,9,
2013/14,108354,Jordan Ayew,UEFA Champions League,Group F,2013-10-22,Marseille,Napoli,1:2,CF,,1,,88,,,76,,14,
2013/14,108354,Jordan Ayew,UEFA Champions League,Group F,2013-11-06,Napoli,Marseille,3:2,CF,,,,,,,,67,67,
2013/14,108354,Jordan Ayew,UEFA Champions League,Group F,2013-11-26,Arsenal,Marseille,2:0,Centre Forward,,,,,,,,57,57,
2013/14,108354,Jordan Ayew,UEFA Champions League,Group F,2013-12-11,Marseille,Dortmund,1:2,on the bench,,,,,,,,,,
2013/14,108354,Jordan Ayew,International Friendlies,11,2014-03-05,Montenegro,Ghana,1:0,CF,,,,,,,,58,58,
2013/14,108354,Jordan Ayew,International Friendlies,21,2014-05-31,Netherlands,Ghana,1:0,CF,,,,32,,,,56,56,
2013/14,108354,Jordan Ayew,International Friendlies,22,2014-06-10,Ghana,South Korea,4:0,Centre Forward,3,,,,,,6,,84,
2018/19,108354,Jordan Ayew,International Friendlies,1,2019-03-26,Ghana,Mauritania,3:1,,,,,,,,58,,32,
2013/14,108354,Jordan Ayew,Ligue 1,1,2013-08-11,Guingamp,Marseille,1:3,CF,,,,,,,69,,21,
2013/14,108354,Jordan Ayew,Ligue 1,2,2013-08-17,Marseille,Évian,2:0,on the bench,,,,,,,,,,
2013/14,108354,Jordan Ayew,Ligue 1,3,2013-08-24,Valenciennes FC,Marseille,0:1,,,,,,,,90,,1,
2013/14,108354,Jordan Ayew,Ligue 1,4,2013-09-01,Marseille,Monaco,1:2,,,,,,,,88,,2,
2013/14,108354,Jordan Ayew,Ligue 1,5,2013-09-14,Toulouse,Marseille,1:1,Centre Forward,,,,,,,54,,36,
2013/14,108354,Jordan Ayew,Ligue 1,6,2013-09-21,SC Bastia,Marseille,0:0,CF,,,,,,,,79,79,
2013/14,108354,Jordan Ayew,Ligue 1,7,2013-09-24,Marseille,Saint-Étienne,2:1,CF,,,,,,,,88,88,
2013/14,108354,Jordan Ayew,Ligue 1,8,2013-09-28,FC Lorient,Marseille,0:2,CF,,,,,,,,59,59,
2013/14,108354,Jordan Ayew,Ligue 1,9,2013-10-06,Marseille,PSG,1:2,CF,,,,,,,,67,67,
2013/14,108354,Jordan Ayew,Ligue 1,10,2013-10-18,Nice,Marseille,1:0,on the bench,,,,,,,,,,
2013/14,108354,Jordan Ayew,Ligue 1,11,2013-10-26,Marseille,Stade Reims,2:3,,,,,,,,75,,15,
2013/14,108354,Jordan Ayew,Ligue 1,12,2013-11-02,Stade Rennais,Marseille,1:1,CF,1,,,,,,,,90,
2013/14,108354,Jordan Ayew,Ligue 1,13,2013-11-10,Marseille,FC Sochaux,2:1,CF,,,,,,,,80,80,
2013/14,108354,Jordan Ayew,Ligue 1,14,2013-11-22,AC Ajaccio,Marseille,1:3,,,,,,,,79,,11,
2013/14,108354,Jordan Ayew,Ligue 1,15,2013-11-29,Marseille,Montpellier,2:0,on the bench,,,,,,,,,,
2013/14,108354,Jordan Ayew,Ligue 1,16,2013-12-03,Lille,Marseille,1:0,,,,,,,,90,,1,
2013/14,108354,Jordan Ayew,Ligue 1,17,2013-12-06,Marseille,FC Nantes,0:1,,,,,,,,75,,15,
2013/14,108354,Jordan Ayew,Ligue 1,18,2013-12-15,Lyon,Marseille,2:2,Centre Forward,,,,,,,,56,56,
2013/14,108354,Jordan Ayew,Ligue 1,19,2013-12-22,Marseille,G. Bordeaux,2:2,,,,,,,,69,,21,
2012/13,108354,Jordan Ayew,Ligue 1,,,,,,,,,,,,,,,,
2013/14,108354,Jordan Ayew,Ligue 1,20,2014-01-11,Lyon,FC Sochaux,2:0,CF,,,,,,,,78,78,
2013/14,108354,Jordan Ayew,Ligue 1,21,2014-01-18,FC Sochaux,Montpellier,0:2,LW,,,,,,,,81,81,
2013/14,108354,Jordan Ayew,Ligue 1,22,2014-01-25,AC Ajaccio,FC Sochaux,1:1,Centre Forward,,,,,,,,,90,
2013/14,108354,Jordan Ayew,Ligue 1,23,2014-02-01,FC Sochaux,FC Nantes,1:0,CF,,,,,,,,,90,
2013/14,108354,Jordan Ayew,Ligue 1,24,2014-02-08,Lille,FC Sochaux,2:0,CF,,,,33,,,,80,80,
2013/14,108354,Jordan Ayew,Ligue 1,25,2014-02-15,FC Sochaux,Guingamp,1:0,CF,,,,,,,,62,62,
2013/14,108354,Jordan Ayew,Ligue 1,26,2014-02-22,Valenciennes FC,FC Sochaux,2:2,CF,,,,,,,,81,81,
2013/14,108354,Jordan Ayew,Ligue 1,27,2014-03-01,FC Sochaux,G. Bordeaux,2:0,,1,,,,,,68,,22,
2013/14,108354,Jordan Ayew,Ligue 1,28,2014-03-08,Monaco,FC Sochaux,2:1,CF,,,,,,85,,,85,
2013/14,108354,Jordan Ayew,Ligue 1,29,2014-03-15,FC Sochaux,FC Lorient,2:0,Red card suspension,,,,,,,,,,
2013/14,108354,Jordan Ayew,Ligue 1,30,2014-03-23,Saint-Étienne,FC Sochaux,3:1,Red card suspension,,,,,,,,,,
2013/14,108354,Jordan Ayew,Ligue 1,31,2014-03-29,FC Sochaux,Marseille,1:1,CF,,,,,,,,,90,
2013/14,108354,Jordan Ayew,Ligue 1,32,2014-04-05,SC Bastia,FC Sochaux,2:2,CF,1,,,,,,,,90,
2013/14,108354,Jordan Ayew,Ligue 1,33,2014-04-12,FC Sochaux,Toulouse,2:0,CF,1,1,,58,,,,73,73,
2013/14,108354,Jordan Ayew,Ligue 1,34,2014-04-20,Stade Reims,FC Sochaux,0:1,CF,,,,,,,,,90,
2013/14,108354,Jordan Ayew,Ligue 1,35,2014-04-27,FC Sochaux,PSG,1:1,CF,,,,,,,,90,90,
2013/14,108354,Jordan Ayew,Ligue 1,36,2014-05-04,FC Sochaux,Nice,2:0,CF,1,,,30,,,,81,81,
2013/14,108354,Jordan Ayew,Ligue 1,37,2014-05-10,Stade Rennais,FC Sochaux,1:2,CF,1,,,51,,,,,90,
2013/14,108354,Jordan Ayew,Ligue 1,38,2014-05-17,FC Sochaux,Évian,0:3,CF,,,,,,,,,90,
2013/14,108354,Jordan Ayew,Coupe de France,Sixth Round,2014-01-05,Marseille,Stade Reims,2:0 AET,Not in squad,,,,,,,,,,
2012/13,108354,Jordan Ayew,Coupe de France,,,,,,,,,,,,,,,,
2013/14,108354,Jordan Ayew,Coupe de France,Seventh Round,2014-01-21,Angers SCO,FC Sochaux,1:0,Centre Forward,,,,,,,,,90,
2013/14,108354,Jordan Ayew,Coupe de la Ligue,Round of 16,2013-12-18,Marseille,Toulouse,2:1,,,,,,,,81,,9,
2013/14,108354,Jordan Ayew,African Nations Championship,Group C,2014-01-13,Ghana,Congo,1:0,Information not yet available,,,,,,,,,,
2013/14,108354,Jordan Ayew,African Nations Championship,Group C,2014-01-17,Ghana,Libya,1:1,Information not yet available,,,,,,,,,,
2013/14,108354,Jordan Ayew,African Nations Championship,Group C,2014-01-21,Ethiopia,Ghana,0:1,Not in squad,,,,,,,,,,
2013/14,108354,Jordan Ayew,African Nations Championship,Quarter-Finals,2014-01-26,Ghana,DR Congo,1:0,Not in squad,,,,,,,,,,
2013/14,108354,Jordan Ayew,African Nations Championship,Semi-Finals,2014-01-29,Ghana,Nigeria,4:1 on pens,Not in squad,,,,,,,,,,
2013/14,108354,Jordan Ayew,African Nations Championship,Final,2014-02-01,Libya,Ghana,4:3 on pens,Not in squad,,,,,,,,,,
