﻿season,player_id,player_name,competition,journey,date,home_team,away_team,result,position,goals,assists,own_goals,yellow_cards,second_yellow_cards,red_cards,substitutions_on,substitutions_off,minutes_played,transfermarkt_score
2023/24,1012534,Yankuba Minteh,UEFA Champions League,Group E,2023-09-19,Feyenoord,Celtic,2:0,CF,,,,,,,,68,68,
2023/24,1012534,Yankuba Minteh,UEFA Champions League,Group E,2023-10-04,Atlético,Feyenoord,3:2,CF,,,,,,,60,,30,
2023/24,1012534,Yankuba Minteh,UEFA Champions League,Group E,2023-10-25,Feyenoord,Lazio,3:1,Hamstring injury,,,,,,,,,,
2023/24,1012534,Yankuba Minteh,UEFA Champions League,Group E,2023-11-07,Lazio,Feyenoord,1:0,Hamstring injury,,,,,,,,,,
2023/24,1012534,Yankuba Minteh,UEFA Champions League,Group E,2023-11-28,Feyenoord,Atlético,1:3,Centre Forward,,,,,,,,64,64,
2023/24,1012534,Yankuba Minteh,UEFA Champions League,Group E,2023-12-13,Celtic,Feyenoord,2:1,Centre Forward,1,,,61,,,54,,36,
2023/24,1012534,Yankuba Minteh,UEFA Europa League,intermediate stage 1st leg,2024-02-15,Feyenoord,Roma,1:1,Centre Forward,,,,35,,,,63,63,
2023/24,1012534,Yankuba Minteh,UEFA Europa League,intermediate stage 2nd leg,2024-02-22,Roma,Feyenoord,5:3 on pens,Centre Forward,,,,,,,71,,49,
2023/24,1012534,Yankuba Minteh,Eredivisie,1,2023-08-13,Feyenoord,Fortuna Sittard,0:0,Centre Forward,,,,,,,83,,7,
2023/24,1012534,Yankuba Minteh,Eredivisie,2,2023-08-20,Sparta R.,Feyenoord,2:2,Centre Forward,,,,,,,65,,25,
2023/24,1012534,Yankuba Minteh,Eredivisie,3,2023-08-27,Feyenoord,Almere City,6:1,Centre Forward,,,,,,,,62,62,
2023/24,1012534,Yankuba Minteh,Eredivisie,4,2023-09-03,Utrecht,Feyenoord,1:5,Centre Forward,1,,,,,,55,,35,
2023/24,1012534,Yankuba Minteh,Eredivisie,5,2023-09-16,Feyenoord,Heerenveen,6:1,CF,1,1,,,,,61,,29,
2023/24,1012534,Yankuba Minteh,Eredivisie,6,2023-09-27,Ajax,Feyenoord,0:4,Centre Forward,,,,,,,,55,55,
2023/24,1012534,Yankuba Minteh,Eredivisie,7,2023-09-30,Feyenoord,Go Ahead Eagles,3:1,Centre Forward,1,,,,,,,83,83,
2023/24,1012534,Yankuba Minteh,Eredivisie,8,2023-10-08,PEC Zwolle,Feyenoord,0:2,Centre Forward,,,,,,,,63,63,
2023/24,1012534,Yankuba Minteh,Eredivisie,9,2023-10-21,Feyenoord,Vitesse,4:0,Centre Forward,,,,,,,,74,74,
2023/24,1012534,Yankuba Minteh,Eredivisie,10,2023-10-29,Twente FC,Feyenoord,2:1,Hamstring injury,,,,,,,,,,
2023/24,1012534,Yankuba Minteh,Eredivisie,11,2023-11-04,RKC Waalwijk,Feyenoord,1:2,Hamstring injury,,,,,,,,,,
2023/24,1012534,Yankuba Minteh,Eredivisie,12,2023-11-12,Feyenoord,AZ Alkmaar,1:0,Hamstring injury,,,,,,,,,,
2023/24,1012534,Yankuba Minteh,Eredivisie,13,2023-11-25,Excelsior,Feyenoord,2:4,Centre Forward,,1,,,,,59,,31,
2023/24,1012534,Yankuba Minteh,Eredivisie,14,2023-12-03,Feyenoord,PSV,1:2,Centre Forward,,,,,,,54,,36,
2023/24,1012534,Yankuba Minteh,Eredivisie,15,2023-12-07,Feyenoord,FC Volendam,3:1,Centre Forward,,,,,,,,66,66,
2023/24,1012534,Yankuba Minteh,Eredivisie,16,2023-12-17,Heracles Almelo,Feyenoord,0:4,on the bench,,,,,,,,,,
2023/24,1012534,Yankuba Minteh,Eredivisie,17,2024-01-14,Feyenoord,NEC Nijmegen,2:2,Called up to national team,,,,,,,,,,
2023/24,1012534,Yankuba Minteh,Eredivisie,18,2024-01-21,Vitesse,Feyenoord,1:2,Called up to national team,,,,,,,,,,
2023/24,1012534,Yankuba Minteh,Eredivisie,19,2024-01-28,Feyenoord,Twente FC,0:0,LW,,,,,,,62,,28,
2023/24,1012534,Yankuba Minteh,Eredivisie,20,2024-02-04,AZ Alkmaar,Feyenoord,0:1,LW,,,,,,,67,,23,
2023/24,1012534,Yankuba Minteh,Eredivisie,21,2024-02-11,Feyenoord,Sparta R.,2:0,Centre Forward,,,,,,,,70,70,
2023/24,1012534,Yankuba Minteh,Eredivisie,22,2024-02-18,Feyenoord,RKC Waalwijk,1:0,Centre Forward,,,,,,,,61,61,
2023/24,1012534,Yankuba Minteh,Eredivisie,23,2024-02-25,Almere City,Feyenoord,0:2,Centre Forward,2,,,,,,61,,29,
2023/24,1012534,Yankuba Minteh,Eredivisie,24,2024-03-03,PSV,Feyenoord,2:2,Centre Forward,1,,,,,,,75,75,
2023/24,1012534,Yankuba Minteh,Eredivisie,25,2024-03-10,Feyenoord,Heracles Almelo,3:0,Centre Forward,1,,,,,,,71,71,
2023/24,1012534,Yankuba Minteh,Eredivisie,26,2024-03-17,Heerenveen,Feyenoord,2:3,Centre Forward,,1,,,,,,,90,
2023/24,1012534,Yankuba Minteh,Eredivisie,27,2024-03-31,Feyenoord,Utrecht,4:2,Centre Forward,,,,,,,,80,80,
2023/24,1012534,Yankuba Minteh,Eredivisie,28,2024-04-04,FC Volendam,Feyenoord,0:0,Centre Forward,,,,,,,,56,56,
2023/24,1012534,Yankuba Minteh,Eredivisie,29,2024-04-07,Feyenoord,Ajax,6:0,Centre Forward,2,1,,,,,,76,76,
2023/24,1012534,Yankuba Minteh,Eredivisie,30,2024-04-14,Fortuna Sittard,Feyenoord,0:1,Centre Forward,,,,,,,,67,67,
2023/24,1012534,Yankuba Minteh,Eredivisie,31,2024-04-25,Go Ahead Eagles,Feyenoord,1:3,Centre Forward,,1,,,,,,73,73,
2023/24,1012534,Yankuba Minteh,Eredivisie,32,2024-05-05,Feyenoord,PEC Zwolle,5:0,on the bench,,,,,,,,,,
2023/24,1012534,Yankuba Minteh,Eredivisie,33,2024-05-12,NEC Nijmegen,Feyenoord,2:3,Centre Forward,1,,,,,,,67,67,
2023/24,1012534,Yankuba Minteh,Eredivisie,34,2024-05-19,Feyenoord,Excelsior,4:0,Centre Forward,,,,,,,60,,30,
2023/24,1012534,Yankuba Minteh,KNVB Beker,Second Round,2023-12-20,Feyenoord,Utrecht,2:1,Centre Forward,,,,,,,61,,29,
2023/24,1012534,Yankuba Minteh,KNVB Beker,Round of 16,2024-01-24,Feyenoord,PSV,1:0,Called up to national team,,,,,,,,,,
2023/24,1012534,Yankuba Minteh,KNVB Beker,Quarter-Finals,2024-02-07,Feyenoord,AZ Alkmaar,2:0,on the bench,,,,,,,,,,
2023/24,1012534,Yankuba Minteh,KNVB Beker,Semi-Finals,2024-02-29,Feyenoord,FC Groningen,2:1,Centre Forward,,,,,,,,,90,
2023/24,1012534,Yankuba Minteh,KNVB Beker,Final,2024-04-21,Feyenoord,NEC Nijmegen,1:0,Centre Forward,,,,71,72,,,,72,
2023/24,1012534,Yankuba Minteh,Johan Cruijff Schaal,Final,2023-08-04,Feyenoord,PSV,0:1,CF,,,,,,,62,,28,
2023/24,1012534,Yankuba Minteh,World Cup Qualification Africa,Group F,2023-11-16,Burundi,The Gambia,3:2,Hamstring injury,,,,,,,,,,
2023/24,1012534,Yankuba Minteh,World Cup Qualification Africa,Group F,2023-11-20,The Gambia,Ivory Coast,0:2,Hamstring injury,,,,,,,,,,
2023/24,1012534,Yankuba Minteh,World Cup Qualification Africa,Group F,2024-06-08,The Gambia,Seychelles,5:1,Centre Forward,1,,,,,,,79,79,
2023/24,1012534,Yankuba Minteh,World Cup Qualification Africa,Group F,2024-06-11,Gabon,The Gambia,3:2,Centre Forward,1,,,,,,,,90,
2024/25,1012534,Yankuba Minteh,World Cup Qualification Africa,Group F,2025-03-20,The Gambia,Kenya,3:3,CF,1,,,,,,,,90,
2024/25,1012534,Yankuba Minteh,World Cup Qualification Africa,Group F,2025-03-24,Ivory Coast,The Gambia,1:0,SS,,,,,,,,,90,
2025/26,1012534,Yankuba Minteh,World Cup Qualification Africa,Group F,2025-09-05,Kenya,The Gambia,1:3,Centre Forward,1,1,,,,,,84,84,
2025/26,1012534,Yankuba Minteh,World Cup Qualification Africa,Group F,2025-09-09,The Gambia,Burundi,2:0,,,,,,,,60,,30,
2025/26,1012534,Yankuba Minteh,World Cup Qualification Africa,Group F,2025-10-10,The Gambia,Gabon,3:4,CF,1,1,,,,,,,90,
2025/26,1012534,Yankuba Minteh,World Cup Qualification Africa,Group F,2025-10-14,Seychelles,The Gambia,0:7,,,,,,,,77,,13,
2023/24,1012534,Yankuba Minteh,Africa Cup of Nations 2024,Group C,2024-01-15,Senegal,The Gambia,3:0,AM,,,,,,,,83,83,
2023/24,1012534,Yankuba Minteh,Africa Cup of Nations 2024,Group C,2024-01-19,Guinea,The Gambia,1:0,,,,,,,,62,,28,
2023/24,1012534,Yankuba Minteh,Africa Cup of Nations 2024,Group C,2024-01-23,The Gambia,Cameroon,2:3,LW,,,,,,,,,90,
