﻿season,player_id,player_name,competition,journey,date,home_team,away_team,result,position,goals,assists,own_goals,yellow_cards,second_yellow_cards,red_cards,substitutions_on,substitutions_off,minutes_played,transfermarkt_score
2020/21,111051,Nampalys Mendy,UEFA Europa League,Group G,2020-10-22,Leicester,Zorya Lugansk,3:0,DM,,,,,,,,,90,
2020/21,111051,Nampalys Mendy,UEFA Europa League,Group G,2020-10-29,AEK Athens,Leicester,1:2,DM,,,,,,,66,,24,
2020/21,111051,Nampalys Mendy,UEFA Europa League,Group G,2020-11-05,Leicester,Braga,4:0,on the bench,,,,,,,,,,
2020/21,111051,Nampalys Mendy,UEFA Europa League,Group G,2020-11-26,Braga,Leicester,3:3,on the bench,,,,,,,,,,
2020/21,111051,Nampalys Mendy,UEFA Europa League,Group G,2020-12-03,Zorya Lugansk,Leicester,1:0,DM,,,,58,,,56,,34,
2020/21,111051,Nampalys Mendy,UEFA Europa League,Group G,2020-12-10,Leicester,AEK Athens,2:0,DM,,,,,,,63,,27,
2020/21,111051,Nampalys Mendy,UEFA Europa League,intermediate stage 1st leg,2021-02-18,Slavia Praha,Leicester,0:0,on the bench,,,,,,,,,,
2020/21,111051,Nampalys Mendy,UEFA Europa League,intermediate stage 2nd leg,2021-02-25,Leicester,Slavia Praha,0:2,on the bench,,,,,,,,,,
2020/21,111051,Nampalys Mendy,International Friendlies,13,2020-10-09,Morocco,Senegal,3:1,Not in squad,,,,,,,,,,
2020/21,111051,Nampalys Mendy,International Friendlies,9,2021-06-05,Senegal,Zambia,3:1,DM,,,,,,,,,90,
2020/21,111051,Nampalys Mendy,International Friendlies,9,2021-06-08,Senegal,Cape Verde,2:0,DM,,,,,,,,71,71,
2020/21,111051,Nampalys Mendy,Premier League,1,2020-09-13,West Brom,Leicester,0:3,DM,,,,,,,,,90,
2020/21,111051,Nampalys Mendy,Premier League,2,2020-09-20,Leicester,Burnley,4:2,DM,,,,25,,,,,90,
2020/21,111051,Nampalys Mendy,Premier League,3,2020-09-27,Man City,Leicester,2:5,DM,,1,,,,,,,90,
2020/21,111051,Nampalys Mendy,Premier League,4,2020-10-04,Leicester,West Ham,0:3,DM,,,,24,,,,89,89,
2020/21,111051,Nampalys Mendy,Premier League,5,2020-10-18,Leicester,Aston Villa,0:1,DM,,,,,,,,78,78,
2020/21,111051,Nampalys Mendy,Premier League,6,2020-10-25,Arsenal,Leicester,0:1,DM,,,,,,,,,90,
2020/21,111051,Nampalys Mendy,Premier League,7,2020-11-02,Leeds,Leicester,1:4,DM,,,,,,,,,90,
2020/21,111051,Nampalys Mendy,Premier League,8,2020-11-08,Leicester,Wolves,1:0,DM,,,,,,,,,90,
2020/21,111051,Nampalys Mendy,Premier League,9,2020-11-22,Liverpool,Leicester,3:0,DM,,,,66,,,,,90,
2020/21,111051,Nampalys Mendy,Premier League,10,2020-11-30,Leicester,Fulham,1:2,DM,,,,,,,,70,70,
2020/21,111051,Nampalys Mendy,Premier League,11,2020-12-06,Sheff Utd,Leicester,1:2,DM,,,,,,,,69,69,
2020/21,111051,Nampalys Mendy,Premier League,12,2020-12-13,Leicester,Brighton,3:0,DM,,,,,,,80,,10,
2020/21,111051,Nampalys Mendy,Premier League,13,2020-12-16,Leicester,Everton,0:2,DM,,,,15,,,,73,73,
2020/21,111051,Nampalys Mendy,Premier League,14,2020-12-20,Tottenham,Leicester,0:2,on the bench,,,,,,,,,,
2020/21,111051,Nampalys Mendy,Premier League,15,2020-12-26,Leicester,Man Utd,2:2,on the bench,,,,,,,,,,
2020/21,111051,Nampalys Mendy,Premier League,16,2020-12-28,Crystal Palace,Leicester,1:1,DM,,,,,,,,,90,
2020/21,111051,Nampalys Mendy,Premier League,17,2021-01-03,Newcastle,Leicester,1:2,on the bench,,,,,,,,,,
2020/21,111051,Nampalys Mendy,Premier League,19,2021-01-16,Leicester,Southampton,2:0,on the bench,,,,,,,,,,
2020/21,111051,Nampalys Mendy,Premier League,18,2021-01-19,Leicester,Chelsea,2:0,Neck injury,,,,,,,,,,
2020/21,111051,Nampalys Mendy,Premier League,20,2021-01-27,Everton,Leicester,1:1,DM,,,,,,,42,,48,
2020/21,111051,Nampalys Mendy,Premier League,21,2021-01-31,Leicester,Leeds,1:3,DM,,,,,,,,,90,
2020/21,111051,Nampalys Mendy,Premier League,22,2021-02-03,Fulham,Leicester,0:2,,,,,72,,,61,,29,
2020/21,111051,Nampalys Mendy,Premier League,23,2021-02-07,Wolves,Leicester,0:0,on the bench,,,,,,,,,,
2020/21,111051,Nampalys Mendy,Premier League,24,2021-02-13,Leicester,Liverpool,3:1,,,,,,,,90,,1,
2020/21,111051,Nampalys Mendy,Premier League,25,2021-02-21,Aston Villa,Leicester,1:2,,,,,,,,64,,26,
2020/21,111051,Nampalys Mendy,Premier League,26,2021-02-28,Leicester,Arsenal,1:3,on the bench,,,,,,,,,,
2020/21,111051,Nampalys Mendy,Premier League,29,2021-03-03,Burnley,Leicester,1:1,DM,,,,,,,,66,66,
2020/21,111051,Nampalys Mendy,Premier League,27,2021-03-06,Brighton,Leicester,1:2,on the bench,,,,,,,,,,
2020/21,111051,Nampalys Mendy,Premier League,28,2021-03-14,Leicester,Sheff Utd,5:0,on the bench,,,,,,,,,,
2020/21,111051,Nampalys Mendy,Premier League,30,2021-04-03,Leicester,Man City,0:2,,,,,,,,83,,7,
2020/21,111051,Nampalys Mendy,Premier League,31,2021-04-11,West Ham,Leicester,3:2,on the bench,,,,,,,,,,
2020/21,111051,Nampalys Mendy,Premier League,32,2021-04-22,Leicester,West Brom,3:0,on the bench,,,,,,,,,,
2020/21,111051,Nampalys Mendy,Premier League,33,2021-04-26,Leicester,Crystal Palace,2:1,on the bench,,,,,,,,,,
2020/21,111051,Nampalys Mendy,Premier League,34,2021-04-30,Southampton,Leicester,1:1,on the bench,,,,,,,,,,
2020/21,111051,Nampalys Mendy,Premier League,35,2021-05-07,Leicester,Newcastle,2:4,DM,,,,,,,77,,13,
2020/21,111051,Nampalys Mendy,Premier League,36,2021-05-11,Man Utd,Leicester,1:2,on the bench,,,,,,,,,,
2020/21,111051,Nampalys Mendy,Premier League,37,2021-05-18,Chelsea,Leicester,2:1,on the bench,,,,,,,,,,
2020/21,111051,Nampalys Mendy,Premier League,38,2021-05-23,Leicester,Tottenham,2:4,,,,,,,,21,,69,
2020/21,111051,Nampalys Mendy,FA Cup,Third Round,2021-01-09,Stoke City,Leicester,0:4,,,,,,,,90,,1,
2020/21,111051,Nampalys Mendy,FA Cup,Fourth Round,2021-01-24,Brentford,Leicester,1:3,DM,,,,,,,,70,70,
2020/21,111051,Nampalys Mendy,FA Cup,Fifth Round,2021-02-10,Leicester,Brighton,1:0,Not in squad,,,,,,,,,,
2020/21,111051,Nampalys Mendy,FA Cup,Quarter-Finals,2021-03-21,Leicester,Man Utd,3:1,on the bench,,,,,,,,,,
2020/21,111051,Nampalys Mendy,FA Cup,Semi-Finals,2021-04-18,Leicester,Southampton,1:0,on the bench,,,,,,,,,,
2020/21,111051,Nampalys Mendy,FA Cup,Final,2021-05-15,Chelsea,Leicester,0:1,on the bench,,,,,,,,,,
2020/21,111051,Nampalys Mendy,EFL Cup,Third Round,2020-09-23,Leicester,Arsenal,0:2,Not in squad,,,,,,,,,,
