﻿season,player_id,player_name,competition,journey,date,home_team,away_team,result,position,goals,assists,own_goals,yellow_cards,second_yellow_cards,red_cards,substitutions_on,substitutions_off,minutes_played,transfermarkt_score
2023/24,1056993,Estêvão,Copa América,Group D,2024-06-25,Brazil,Costa Rica,0:0,Not in squad,,,,,,,,,,
2023/24,1056993,Estêvão,Copa América,Group D,2024-06-29,Paraguay,Brazil,1:4,Not in squad,,,,,,,,,,
2024/25,1056993,Estêvão,Copa América,Group D,2024-07-03,Brazil,Colombia,1:1,Not in squad,,,,,,,,,,
2024/25,1056993,Estêvão,Copa América,Quarter-Finals,2024-07-07,Uruguay,Brazil,4:2 on pens,Not in squad,,,,,,,,,,
2024/25,1056993,Estêvão,World Cup qualification South America,Group A,2024-09-07,Brazil,Ecuador,1:0,Centre Forward,,,,,,,62,,28,
2024/25,1056993,Estêvão,World Cup qualification South America,Group A,2024-09-11,Paraguay,Brazil,1:0,LW,,,,,,,86,,4,
2024/25,1056993,Estêvão,World Cup qualification South America,Group A,2024-10-11,Chile,Brazil,1:2,Not in squad,,,,,,,,,,
2024/25,1056993,Estêvão,World Cup qualification South America,Group A,2024-10-16,Brazil,Peru,4:0,Not in squad,,,,,,,,,,
2024/25,1056993,Estêvão,World Cup qualification South America,Group A,2024-11-14,Venezuela,Brazil,1:1,,,,,,,,90,,1,
2024/25,1056993,Estêvão,World Cup qualification South America,Group A,2024-11-20,Brazil,Uruguay,1:1,Centre Forward,,,,,,,73,,17,
2024/25,1056993,Estêvão,World Cup qualification South America,Group A,2025-03-21,Brazil,Colombia,2:1,on the bench,,,,,,,,,,
2024/25,1056993,Estêvão,World Cup qualification South America,Group A,2025-03-26,Argentina,Brazil,4:1,on the bench,,,,,,,,,,
2024/25,1056993,Estêvão,World Cup qualification South America,Group A,2025-06-06,Ecuador,Brazil,0:0,Centre Forward,,,,,,,,64,64,
2024/25,1056993,Estêvão,World Cup qualification South America,Group A,2025-06-11,Brazil,Paraguay,1:0,on the bench,,,,,,,,,,
2025/26,1056993,Estêvão,World Cup qualification South America,Group A,2025-09-05,Brazil,Chile,3:0,Centre Forward,1,,,,,,,66,66,
2025/26,1056993,Estêvão,World Cup qualification South America,Group A,2025-09-10,Bolivia,Brazil,1:0,Centre Forward,,,,,,,61,,29,
2023/24,1056993,Estêvão,International Friendlies,4,2024-03-23,England,Brazil,0:1,Not in squad,,,,,,,,,,
2023/24,1056993,Estêvão,International Friendlies,18,2024-03-26,Spain,Brazil,3:3,Not in squad,,,,,,,,,,
2023/24,1056993,Estêvão,International Friendlies,45,2024-06-09,Mexico,Brazil,2:3,Not in squad,,,,,,,,,,
2023/24,1056993,Estêvão,International Friendlies,11,2024-06-13,USA,Brazil,1:1,Not in squad,,,,,,,,,,
2023/24,1056993,Estêvão,Copa Libertadores,Group F,2024-04-04,San Lorenzo,Palmeiras,1:1,on the bench,,,,,,,,,,
2023/24,1056993,Estêvão,Copa Libertadores,Group F,2024-04-12,Palmeiras,Liverpool FC,3:1,Centre Forward,1,,,,,,,68,68,
2023/24,1056993,Estêvão,Copa Libertadores,Group F,2024-04-25,Independiente,Palmeiras,2:3,,,,,,,,65,,25,
2023/24,1056993,Estêvão,Copa Libertadores,Group F,2024-05-10,Liverpool FC,Palmeiras,0:5,Centre Forward,,,,,,,,62,62,
2023/24,1056993,Estêvão,Copa Libertadores,Group F,2024-05-16,Palmeiras,Independiente,2:1,Centre Forward,,,,,,,,70,70,
2023/24,1056993,Estêvão,Copa Libertadores,Group F,2024-05-31,Palmeiras,San Lorenzo,0:0,Centre Forward,,,,,,,,62,62,
2024/25,1056993,Estêvão,Copa Libertadores,last 16 1st leg,2024-08-15,Botafogo,Palmeiras,2:1,,,,,80,,,57,,33,
2024/25,1056993,Estêvão,Copa Libertadores,last 16 2nd leg,2024-08-22,Palmeiras,Botafogo,2:2,RM,,,,,,,,,90,
2023/24,1056993,Estêvão,Campeonato Brasileiro Série A,1,2024-04-14,EC Vitória,Palmeiras,0:1,Centre Forward,,,,,,,,61,61,
2023/24,1056993,Estêvão,Campeonato Brasileiro Série A,2,2024-04-18,Palmeiras,Internacional,0:1,,,,,,,,74,,16,
2023/24,1056993,Estêvão,Campeonato Brasileiro Série A,3,2024-04-21,Palmeiras,Flamengo,0:0,,,,,,,,77,,13,
2023/24,1056993,Estêvão,Campeonato Brasileiro Série A,4,2024-04-30,São Paulo,Palmeiras,0:0,Centre Forward,,,,,,,,66,66,
2023/24,1056993,Estêvão,Campeonato Brasileiro Série A,5,2024-05-05,Cuiabá-MT,Palmeiras,0:2,,1,,,,,,58,,32,
2023/24,1056993,Estêvão,Campeonato Brasileiro Série A,6,2024-05-12,Palmeiras,Athletico-PR,0:2,Centre Forward,,,,,,,,65,65,
2023/24,1056993,Estêvão,Campeonato Brasileiro Série A,7,2024-06-02,Criciúma,Palmeiras,1:2,Centre Forward,,,,,,,,46,45,
2023/24,1056993,Estêvão,Campeonato Brasileiro Série A,8,2024-06-14,Palmeiras,Vasco da Gama,2:0,Centre Forward,,2,,,,,,76,76,
2023/24,1056993,Estêvão,Campeonato Brasileiro Série A,9,2024-06-18,Atlético-MG,Palmeiras,0:4,Centre Forward,1,,,61,,,,70,70,
2023/24,1056993,Estêvão,Campeonato Brasileiro Série A,10,2024-06-21,Palmeiras,RB Bragantino,2:1,Centre Forward,,,,,,,,85,85,
2023/24,1056993,Estêvão,Campeonato Brasileiro Série A,11,2024-06-23,Palmeiras,Juventude,3:1,Centre Forward,1,,,,,,,80,80,
2023/24,1056993,Estêvão,Campeonato Brasileiro Série A,12,2024-06-27,Fortaleza,Palmeiras,3:0,,,,,,,,61,,29,
2024/25,1056993,Estêvão,Campeonato Brasileiro Série A,13,2024-07-02,Palmeiras,Corinthians,2:0,Centre Forward,,,,,,,,80,80,
2024/25,1056993,Estêvão,Campeonato Brasileiro Série A,14,2024-07-05,Grêmio,Palmeiras,2:2,Centre Forward,1,,,,,,,88,88,
2024/25,1056993,Estêvão,Campeonato Brasileiro Série A,15,2024-07-07,Palmeiras,EC Bahia,2:0,Centre Forward,1,1,,,,,,73,73,
2024/25,1056993,Estêvão,Campeonato Brasileiro Série A,16,2024-07-12,Palmeiras,Atlético-GO,3:1,RM,,1,,38,,,,85,85,
2024/25,1056993,Estêvão,Campeonato Brasileiro Série A,17,2024-07-18,Botafogo,Palmeiras,1:0,RM,,,,,,,,81,81,
2024/25,1056993,Estêvão,Campeonato Brasileiro Série A,18,2024-07-21,Palmeiras,Cruzeiro,2:0,ankle sprain,,,,,,,,,,
2024/25,1056993,Estêvão,Campeonato Brasileiro Série A,19,2024-07-25,Fluminense,Palmeiras,1:0,ankle sprain,,,,,,,,,,
2024/25,1056993,Estêvão,Campeonato Brasileiro Série A,20,2024-07-28,Palmeiras,EC Vitória,0:2,RM,,,,,,,,68,68,
2024/25,1056993,Estêvão,Campeonato Brasileiro Série A,21,2024-08-04,Internacional,Palmeiras,1:1,ankle sprain,,,,,,,,,,
2024/25,1056993,Estêvão,Campeonato Brasileiro Série A,22,2024-08-11,Flamengo,Palmeiras,1:1,ankle sprain,,,,,,,,,,
2024/25,1056993,Estêvão,Campeonato Brasileiro Série A,23,2024-08-18,Palmeiras,São Paulo,2:1,RM,,1,,,,,,71,71,
2024/25,1056993,Estêvão,Campeonato Brasileiro Série A,24,2024-08-24,Palmeiras,Cuiabá-MT,5:0,RM,2,2,,,,,,61,61,
2024/25,1056993,Estêvão,Campeonato Brasileiro Série A,25,2024-09-01,Athletico-PR,Palmeiras,0:2,RM,1,,,,,,,79,79,
2024/25,1056993,Estêvão,Campeonato Brasileiro Série A,26,2024-09-15,Palmeiras,Criciúma,5:0,Centre Forward,1,,,,,,,80,80,
2024/25,1056993,Estêvão,Campeonato Brasileiro Série A,27,2024-09-22,Vasco da Gama,Palmeiras,0:1,Hamstring injury,,,,,,,,,,
2024/25,1056993,Estêvão,Campeonato Brasileiro Série A,28,2024-09-28,Palmeiras,Atlético-MG,2:1,Hamstring injury,,,,,,,,,,
2024/25,1056993,Estêvão,Campeonato Brasileiro Série A,29,2024-10-05,RB Bragantino,Palmeiras,0:0,,,,,,,,66,,24,
2024/25,1056993,Estêvão,Campeonato Brasileiro Série A,30,2024-10-21,Juventude,Palmeiras,3:5,RM,1,1,,,,,,87,87,
2024/25,1056993,Estêvão,Campeonato Brasileiro Série A,31,2024-10-26,Palmeiras,Fortaleza,2:2,RM,1,,,,,,,,90,
2024/25,1056993,Estêvão,Campeonato Brasileiro Série A,32,2024-11-05,Corinthians,Palmeiras,2:0,Centre Forward,,,,,,,,68,68,
2024/25,1056993,Estêvão,Campeonato Brasileiro Série A,33,2024-11-09,Palmeiras,Grêmio,1:0,RM,1,,,74,,,,,90,
2024/25,1056993,Estêvão,Campeonato Brasileiro Série A,34,2024-11-20,EC Bahia,Palmeiras,1:2,Yellow card suspension,,,,,,,,,,
2024/25,1056993,Estêvão,Campeonato Brasileiro Série A,35,2024-11-23,Atlético-GO,Palmeiras,0:1,RM,,1,,,,,,89,89,
2024/25,1056993,Estêvão,Campeonato Brasileiro Série A,36,2024-11-27,Palmeiras,Botafogo,1:3,RM,,,,,,,,81,81,
2024/25,1056993,Estêvão,Campeonato Brasileiro Série A,37,2024-12-05,Cruzeiro,Palmeiras,1:2,RM,1,,,,,,,,90,
2024/25,1056993,Estêvão,Campeonato Brasileiro Série A,38,2024-12-08,Palmeiras,Fluminense,0:1,RM,,,,93,,,,,90,
2023/24,1056993,Estêvão,Copa do Brasil,3rd round 1st leg,2024-05-03,Palmeiras,Botafogo-SP,2:1,Centre Forward,1,,,97,,,,,90,
2023/24,1056993,Estêvão,Copa do Brasil,3rd round 2nd leg,2024-05-24,Botafogo-SP,Palmeiras,0:0,Centre Forward,,,,,,,,62,62,
2024/25,1056993,Estêvão,Copa do Brasil,last 16 1st leg,2024-08-01,Flamengo,Palmeiras,2:0,ankle sprain,,,,,,,,,,
2024/25,1056993,Estêvão,Copa do Brasil,last 16 2nd leg,2024-08-08,Palmeiras,Flamengo,1:0,ankle sprain,,,,,,,,,,
2023/24,1056993,Estêvão,Supercopa Rei,Final,2024-02-04,Palmeiras,São Paulo,2:4 on pens,Not in squad,,,,,,,,,,
2023/24,1056993,Estêvão,Campeonato Paulista,1,2024-01-21,Novorizontino,Palmeiras,1:1,Not in squad,,,,,,,,,,
2023/24,1056993,Estêvão,Campeonato Paulista,2,2024-01-25,Palmeiras,Inter Limeira,3:2,,,,,,,,84,,6,
2023/24,1056993,Estêvão,Campeonato Paulista,3,2024-01-28,Palmeiras,Santos,2:1,on the bench,,,,,,,,,,
2023/24,1056993,Estêvão,Campeonato Paulista,4,2024-01-31,RB Bragantino,Palmeiras,0:1,,,,,,,,62,,28,
2023/24,1056993,Estêvão,Campeonato Paulista,6,2024-02-08,Palmeiras,Ituano,2:0,on the bench,,,,,,,,,,
2023/24,1056993,Estêvão,Campeonato Paulista,7,2024-02-12,Santo André,Palmeiras,1:1,on the bench,,,,,,,,,,
2023/24,1056993,Estêvão,Campeonato Paulista,8,2024-02-15,São Bernardo,Palmeiras,0:1,,,1,,,,,65,,25,
2023/24,1056993,Estêvão,Campeonato Paulista,9,2024-02-18,Palmeiras,Corinthians,2:2,on the bench,,,,,,,,,,
2023/24,1056993,Estêvão,Campeonato Paulista,10,2024-02-24,Palmeiras,Mirassol-SP,3:1,on the bench,,,,,,,,,,
2023/24,1056993,Estêvão,Campeonato Paulista,5,2024-02-28,Portuguesa,Palmeiras,0:2,on the bench,,,,,,,,,,
2023/24,1056993,Estêvão,Campeonato Paulista,11,2024-03-04,São Paulo,Palmeiras,1:1,on the bench,,,,,,,,,,
2023/24,1056993,Estêvão,Campeonato Paulista,12,2024-03-09,Palmeiras,Botafogo-SP,1:0,on the bench,,,,,,,,,,
2023/24,1056993,Estêvão,Campeonato Paulista - Série A1 - Fase final,Quarter-Finals,2024-03-16,Palmeiras,Ponte Preta,5:1,,,,,93,,,73,,17,
2023/24,1056993,Estêvão,Campeonato Paulista - Série A1 - Fase final,Semi-Finals,2024-03-29,Palmeiras,Novorizontino,1:0,on the bench,,,,,,,,,,
2023/24,1056993,Estêvão,Campeonato Paulista - Série A1 - Fase final,final 1st leg,2024-03-31,Santos,Palmeiras,1:0,Centre Forward,,,,91,,,85,,5,
2023/24,1056993,Estêvão,Campeonato Paulista - Série A1 - Fase final,final 2nd leg,2024-04-07,Palmeiras,Santos,2:0,on the bench,,,,,,,,,,
2023/24,1056993,Estêvão,Copa São Paulo de Futebol Júnior,Group 24,2024-01-04,Palmeiras U20,Queimadense U20,7:0,,2,,,28,,,,76,76,
2023/24,1056993,Estêvão,Copa São Paulo de Futebol Júnior,Group 24,2024-01-08,União ABC U20,Palmeiras U20,0:4,,1,,,,,,,74,74,
2023/24,1056993,Estêvão,Copa São Paulo de Futebol Júnior,Group 24,2024-01-10,Oeste U20,Palmeiras U20,1:4,,1,,,,,,,52,52,
2023/24,1056993,Estêvão,Copa São Paulo de Futebol Júnior,First Round,2024-01-13,Palmeiras U20,Sport U20,3:1,,,2,,,,,,,90,
2023/24,1056993,Estêvão,Copa São Paulo de Futebol Júnior,Second Round,2024-01-15,Aster-SP U20,Palmeiras U20,1:0,,,,,,,,,,90,
