﻿season,player_id,player_name,competition,journey,date,home_team,away_team,result,position,goals,assists,own_goals,yellow_cards,second_yellow_cards,red_cards,substitutions_on,substitutions_off,minutes_played,transfermarkt_score
2021/22,1010854,Mathis Amougou,International Friendlies,11,2021-09-21,Wales U16,France U16,0:5,Not in squad,,,,,,,,,,
2021/22,1010854,Mathis Amougou,International Friendlies,12,2021-09-23,Wales U16,France U16,0:3,Not in squad,,,,,,,,,,
2021/22,1010854,Mathis Amougou,International Friendlies,13,2021-11-02,France U16,Belgium U16,1:0,Not in squad,,,,,,,,,,
2021/22,1010854,Mathis Amougou,International Friendlies,14,2021-11-04,France U16,Italy U16,0:3,Not in squad,,,,,,,,,,
2021/22,1010854,Mathis Amougou,International Friendlies,15,2021-11-06,France U16,England U16,2:3,Not in squad,,,,,,,,,,
2021/22,1010854,Mathis Amougou,International Friendlies,30,2022-03-15,Luxembourg U16,France U16,2:6,Not in squad,,,,,,,,,,
2021/22,1010854,Mathis Amougou,International Friendlies,2,2022-03-17,Luxembourg U16,France U16,1:3,Not in squad,,,,,,,,,,
2021/22,1010854,Mathis Amougou,International Friendlies,5,2022-04-12,France U16,Portugal U16,0:1,Not in squad,,,,,,,,,,
2021/22,1010854,Mathis Amougou,International Friendlies,4,2022-04-14,France U16,Belgium U16,2:1,Not in squad,,,,,,,,,,
2021/22,1010854,Mathis Amougou,International Friendlies,3,2022-04-16,France U16,Argentina U17,0:2,Not in squad,,,,,,,,,,
2021/22,1010854,Mathis Amougou,International Friendlies,4,2022-04-18,France U16,Netherlands U16,1:1,Not in squad,,,,,,,,,,
2021/22,1010854,Mathis Amougou,International Friendlies,3,2022-05-03,France U16,Germany U16,0:1,CM,,,,,,,63,,17,
2021/22,1010854,Mathis Amougou,International Friendlies,4,2022-05-05,France U16,Germany U16,2:1,AM,,,,,,,,80,80,
2020/21,1010854,Mathis Amougou,International Friendlies,,,,,,,,,,,,,,,,
2022/23,1010854,Mathis Amougou,International Friendlies,9,2022-09-28,France U17,Wales U17,2:0,,,,,,,,,,90,
2022/23,1010854,Mathis Amougou,International Friendlies,10,2022-09-30,France U17,Wales U17,2:0,on the bench,,,,,,,,,,
2022/23,1010854,Mathis Amougou,International Friendlies,1,2023-01-18,Morocco U17,France U17,1:1,AM,,,,,,,,82,82,
2022/23,1010854,Mathis Amougou,International Friendlies,1,2023-01-20,Morocco U17,France U17,0:4,,,,,,,,76,,14,
