﻿season,player_id,player_name,competition,journey,date,home_team,away_team,result,position,goals,assists,own_goals,yellow_cards,second_yellow_cards,red_cards,substitutions_on,substitutions_off,minutes_played,transfermarkt_score
2023/24,101118,Joel Robles,Saudi First Division League,1,2023-08-15,Al-Qadsiah,Al-Adalah,2:1,GK,,,,,,,,,90,
2023/24,101118,Joel Robles,Saudi First Division League,2,2023-08-20,Al-Jandal,Al-Qadsiah,0:1,GK,,,,,,,,,90,
2023/24,101118,Joel Robles,Saudi First Division League,3,2023-08-27,Al-Qadsiah,Al-Batin,2:1,GK,,,,,,,,,90,
2023/24,101118,Joel Robles,Saudi First Division League,4,2023-09-02,Al-Ain,Al-Qadsiah,0:0,GK,,,,,,,,,90,
2023/24,101118,Joel Robles,Saudi First Division League,5,2023-09-15,Al-Qadsiah,Al-Taraji,1:0,GK,,,,98,,,,,90,
2023/24,101118,Joel Robles,Saudi First Division League,6,2023-09-19,Al-Faisaly,Al-Qadsiah,0:1,GK,,,,91,,,,,90,
2023/24,101118,Joel Robles,Saudi First Division League,7,2023-10-02,Al-Qadsiah,Al-Jabalain,1:1,GK,,,,,,,,,90,
2023/24,101118,Joel Robles,Saudi First Division League,8,2023-10-25,Al-Kholood,Al-Qadsiah,0:2,GK,,,,,,,,,90,
2023/24,101118,Joel Robles,Saudi First Division League,9,2023-11-01,Al-Orobah,Al-Qadsiah,1:0,GK,,,,,,,,,90,
2023/24,101118,Joel Robles,Saudi First Division League,10,2023-11-08,Al-Qadsiah,Al-Arabi,2:1,GK,,,,,,,,,90,
2023/24,101118,Joel Robles,Saudi First Division League,11,2023-11-28,Al-Qadsiah,Jeddah SC,3:3,GK,,,,,,,,,90,
2023/24,101118,Joel Robles,Saudi First Division League,12,2023-12-04,Al-Qadsiah,Al-Bukiryah,2:1,GK,,,,,,,,,90,
2023/24,101118,Joel Robles,Saudi First Division League,13,2023-12-11,Al-Qaisumah,Al-Qadsiah,0:4,GK,,,,,,,,,90,
2023/24,101118,Joel Robles,Saudi First Division League,14,2023-12-18,Al-Qadsiah,Ohod Club,1:1,GK,,,,,,,,,90,
2023/24,101118,Joel Robles,Saudi First Division League,15,2023-12-25,Al-Najma,Al-Qadsiah,0:3,GK,,,,,,,,,90,
2023/24,101118,Joel Robles,Saudi First Division League,16,2024-01-03,Al-Qadsiah,Hajer,3:0,GK,,,,,,,,,90,
2023/24,101118,Joel Robles,Saudi First Division League,17,2024-01-10,Al-Safa,Al-Qadsiah,4:6,GK,,,,,,,,,90,
2023/24,101118,Joel Robles,Saudi First Division League,18,2024-01-22,Al-Adalah,Al-Qadsiah,1:0,GK,,,,,,,,,90,
2023/24,101118,Joel Robles,Saudi First Division League,19,2024-01-29,Al-Qadsiah,Al-Jandal,0:0,GK,,,,,,,,,90,
2023/24,101118,Joel Robles,Saudi First Division League,20,2024-02-06,Al-Batin,Al-Qadsiah,1:0,GK,,,,,,,,,90,
2023/24,101118,Joel Robles,Saudi First Division League,21,2024-02-12,Al-Qadsiah,Al-Ain,2:0,GK,,,,,,,,,90,
2023/24,101118,Joel Robles,Saudi First Division League,22,2024-02-21,Al-Taraji,Al-Qadsiah,0:3,GK,,,,,,,,,90,
2023/24,101118,Joel Robles,Saudi First Division League,23,2024-02-27,Al-Qadsiah,Al-Faisaly,2:1,GK,,,,,,,,,90,
2023/24,101118,Joel Robles,Saudi First Division League,24,2024-03-03,Al-Jabalain,Al-Qadsiah,0:3,GK,,,,,,,,,90,
2023/24,101118,Joel Robles,Saudi First Division League,25,2024-03-09,Al-Qadsiah,Al-Kholood,2:0,GK,,,,,,,,,90,
2023/24,101118,Joel Robles,Saudi First Division League,26,2024-03-15,Al-Qadsiah,Al-Orobah,1:3,GK,,,,,,,,,90,
2023/24,101118,Joel Robles,Saudi First Division League,27,2024-03-29,Al-Arabi,Al-Qadsiah,3:1,GK,,,,,,,,,90,
2023/24,101118,Joel Robles,Saudi First Division League,28,2024-04-16,Jeddah SC,Al-Qadsiah,0:3,GK,,,,,,,,,90,
2023/24,101118,Joel Robles,Saudi First Division League,29,2024-04-24,Al-Bukiryah,Al-Qadsiah,1:1,GK,,,,,,,,,90,
2023/24,101118,Joel Robles,Saudi First Division League,30,2024-04-30,Al-Qadsiah,Al-Qaisumah,3:1,GK,,,,,,,,,90,
2023/24,101118,Joel Robles,Saudi First Division League,31,2024-05-06,Ohod Club,Al-Qadsiah,2:2,GK,,,,,,,,,90,
2023/24,101118,Joel Robles,Saudi First Division League,32,2024-05-13,Al-Qadsiah,Al-Najma,4:2,GK,,,,,,,,,90,
2023/24,101118,Joel Robles,Saudi First Division League,33,2024-05-22,Hajer,Al-Qadsiah,0:2,Not in squad,,,,,,,,,,
2023/24,101118,Joel Robles,Saudi First Division League,34,2024-05-28,Al-Qadsiah,Al-Safa,1:0,GK,,,,,,,59,,31,
2023/24,101118,Joel Robles,King's Cup,First Round,2023-09-24,Al-Taawoun,Al-Qadsiah,2:0,GK,,,,,,,,,90,
