﻿season,player_id,player_name,competition,journey,date,home_team,away_team,result,position,goals,assists,own_goals,yellow_cards,second_yellow_cards,red_cards,substitutions_on,substitutions_off,minutes_played,transfermarkt_score
2025/26,1088817,Jayden Luker,EFL Trophy,group A4,2025-09-02,Lincoln City,Notts County,3:0,Not in squad,,,,,,,,,,
2025/26,1088817,Jayden Luker,EFL Trophy,group A4,2025-09-30,Notts County,Barnsley,2:1,AM,1,,,,,,,46,45,
2025/26,1088817,Jayden Luker,EFL Trophy,group A4,2025-11-04,Notts County,Man Utd U21,0:2,Not in squad,,,,,,,,,,
2025/26,1088817,Jayden Luker,League Two,1,2025-08-02,Newport County,Notts County,1:1,,,,,,,,79,,11,
2025/26,1088817,Jayden Luker,League Two,2,2025-08-09,Notts County,Salford,1:2,,1,,,,,,62,,28,
2025/26,1088817,Jayden Luker,League Two,3,2025-08-16,Barrow,Notts County,2:1,AM,,,,,,,,45,45,
2025/26,1088817,Jayden Luker,League Two,4,2025-08-20,Notts County,Shrewsbury,4:1,Not in squad,,,,,,,,,,
2025/26,1088817,Jayden Luker,League Two,5,2025-08-23,Notts County,Bromley,2:2,Not in squad,,,,,,,,,,
2025/26,1088817,Jayden Luker,League Two,6,2025-08-30,Tranmere,Notts County,1:2,Not in squad,,,,,,,,,,
2025/26,1088817,Jayden Luker,League Two,7,2025-09-06,Notts County,Fleetwood,1:0,Not in squad,,,,,,,,,,
2025/26,1088817,Jayden Luker,League Two,8,2025-09-13,Gillingham,Notts County,1:0,Not in squad,,,,,,,,,,
2025/26,1088817,Jayden Luker,League Two,9,2025-09-20,Notts County,Crawley Town,4:0,,,3,,,,,67,,23,
2025/26,1088817,Jayden Luker,League Two,10,2025-09-27,Crewe Alexandra,Notts County,2:1,,,,,,,,63,,27,
2025/26,1088817,Jayden Luker,League Two,11,2025-10-04,Notts County,Oldham Athletic,3:1,Not in squad,,,,,,,,,,
2025/26,1088817,Jayden Luker,League Two,13,2025-10-18,Barnet,Notts County,0:1,Not in squad,,,,,,,,,,
2025/26,1088817,Jayden Luker,League Two,12,2025-10-21,Swindon Town,Notts County,2:2,Not in squad,,,,,,,,,,
2025/26,1088817,Jayden Luker,League Two,14,2025-10-25,Notts County,Cambridge Utd.,2:0,Not in squad,,,,,,,,,,
2025/26,1088817,Jayden Luker,League Two,15,2025-11-08,Cheltenham,Notts County,1:2,Not in squad,,,,,,,,,,
2025/26,1088817,Jayden Luker,League Two,16,2025-11-15,Notts County,Harrogate Town,1:1,Not in squad,,,,,,,,,,
2025/26,1088817,Jayden Luker,League Two,17,2025-11-22,Notts County,Colchester Utd.,1:3,Not in squad,,,,,,,,,,
2025/26,1088817,Jayden Luker,League Two,18,2025-11-29,Bristol Rovers,Notts County,0:1,Not in squad,,,,,,,,,,
2025/26,1088817,Jayden Luker,FA Cup,First Round,2025-11-01,Brackley,Notts County,6:5 on pens,Not in squad,,,,,,,,,,
2025/26,1088817,Jayden Luker,EFL Cup,First Round,2025-08-12,Wigan,Notts County,1:0,CF,,,,,,,,,90,
