﻿season,player_id,player_name,competition,journey,date,home_team,away_team,result,position,goals,assists,own_goals,yellow_cards,second_yellow_cards,red_cards,substitutions_on,substitutions_off,minutes_played,transfermarkt_score
2019/20,108354,Jordan Ayew,Africa Cup of Nations qualification,Group C,2019-11-14,Ghana,South Africa,2:0,CF,,1,,,,,,,90,
2019/20,108354,Jordan Ayew,Africa Cup of Nations qualification,Group C,2019-11-18,São Tomé and P.,Ghana,0:1,CF,1,,,,,,,,90,
2020/21,108354,Jordan Ayew,Africa Cup of Nations qualification,Group C,2020-11-12,Ghana,Sudan,2:0,CF,,,,,,,,,90,
2020/21,108354,Jordan Ayew,Africa Cup of Nations qualification,Group C,2020-11-17,Sudan,Ghana,1:0,CF,,,,23,,,,,90,
2020/21,108354,Jordan Ayew,Africa Cup of Nations qualification,Group C,2021-03-25,South Africa,Ghana,1:1,Not in squad,,,,,,,,,,
2020/21,108354,Jordan Ayew,Africa Cup of Nations qualification,Group C,2021-03-28,Ghana,São Tomé and P.,3:1,CF,1,,,,,,,70,70,
2019/20,108354,Jordan Ayew,Premier League,1,2019-08-10,Crystal Palace,Everton,0:0,CF,,,,,,,,65,65,
2019/20,108354,Jordan Ayew,Premier League,2,2019-08-18,Sheff Utd,Crystal Palace,1:0,on the bench,,,,,,,,,,
2019/20,108354,Jordan Ayew,Premier League,3,2019-08-24,Man Utd,Crystal Palace,1:2,CF,1,,,,,,,75,75,
2019/20,108354,Jordan Ayew,Premier League,4,2019-08-31,Crystal Palace,Aston Villa,1:0,CF,1,,,,,,,86,86,
2019/20,108354,Jordan Ayew,Premier League,5,2019-09-14,Tottenham,Crystal Palace,4:0,CF,,,,61,,,,71,71,
2019/20,108354,Jordan Ayew,Premier League,6,2019-09-22,Crystal Palace,Wolves,1:1,CF,,,,62,,,,69,69,
2019/20,108354,Jordan Ayew,Premier League,7,2019-09-28,Crystal Palace,Norwich,2:0,CF,,,,58,,,,90,90,
2019/20,108354,Jordan Ayew,Premier League,8,2019-10-05,West Ham,Crystal Palace,1:2,CF,1,,,,,,,90,90,
2019/20,108354,Jordan Ayew,Premier League,9,2019-10-19,Crystal Palace,Man City,0:2,CF,,,,,,,,,90,
2019/20,108354,Jordan Ayew,Premier League,10,2019-10-27,Arsenal,Crystal Palace,2:2,CF,1,,,,,,,81,81,
2019/20,108354,Jordan Ayew,Premier League,11,2019-11-03,Crystal Palace,Leicester,0:2,CF,,,,,,,,78,78,
2019/20,108354,Jordan Ayew,Premier League,12,2019-11-09,Chelsea,Crystal Palace,2:0,CF,,,,,,,,,90,
2019/20,108354,Jordan Ayew,Premier League,13,2019-11-23,Crystal Palace,Liverpool,1:2,CF,,,,,,,,76,76,
2019/20,108354,Jordan Ayew,Premier League,14,2019-11-30,Burnley,Crystal Palace,0:2,CF,,,,,,,,82,82,
2019/20,108354,Jordan Ayew,Premier League,15,2019-12-03,Crystal Palace,Bournemouth,1:0,CF,,,,,,,,,90,
2019/20,108354,Jordan Ayew,Premier League,16,2019-12-07,Watford,Crystal Palace,0:0,CF,,,,,,,,,90,
2019/20,108354,Jordan Ayew,Premier League,17,2019-12-16,Crystal Palace,Brighton,1:1,Centre Forward,,,,,,,,,90,
2019/20,108354,Jordan Ayew,Premier League,18,2019-12-21,Newcastle,Crystal Palace,1:0,Centre Forward,,,,,,,,,90,
2019/20,108354,Jordan Ayew,Premier League,19,2019-12-26,Crystal Palace,West Ham,2:1,CF,1,1,,,,,,,90,
2019/20,108354,Jordan Ayew,Premier League,20,2019-12-28,Southampton,Crystal Palace,1:1,CF,,,,,,,,,90,
2019/20,108354,Jordan Ayew,Premier League,21,2020-01-01,Norwich,Crystal Palace,1:1,CF,,,,,,,,,90,
2019/20,108354,Jordan Ayew,Premier League,22,2020-01-11,Crystal Palace,Arsenal,1:1,CF,1,,,,,,,,90,
2019/20,108354,Jordan Ayew,Premier League,23,2020-01-18,Man City,Crystal Palace,2:2,Centre Forward,,,,26,,,,,90,
2019/20,108354,Jordan Ayew,Premier League,24,2020-01-21,Crystal Palace,Southampton,0:2,LW,,,,,,,,,90,
2019/20,108354,Jordan Ayew,Premier League,25,2020-02-01,Crystal Palace,Sheff Utd,0:1,Centre Forward,,,,,,,,,90,
2019/20,108354,Jordan Ayew,Premier League,26,2020-02-08,Everton,Crystal Palace,3:1,Centre Forward,,,,,,,,,90,
2019/20,108354,Jordan Ayew,Premier League,27,2020-02-22,Crystal Palace,Newcastle,1:0,Centre Forward,,,,,,,,,90,
2019/20,108354,Jordan Ayew,Premier League,28,2020-02-29,Brighton,Crystal Palace,0:1,Centre Forward,1,,,,,,,,90,
2019/20,108354,Jordan Ayew,Premier League,29,2020-03-07,Crystal Palace,Watford,1:0,Centre Forward,1,,,94,,,,,90,
2019/20,108354,Jordan Ayew,Premier League,30,2020-06-20,Bournemouth,Crystal Palace,0:2,Centre Forward,1,,,45,,,,,90,
2019/20,108354,Jordan Ayew,Premier League,31,2020-06-24,Liverpool,Crystal Palace,4:0,CF,,,,,,,,84,84,
2019/20,108354,Jordan Ayew,Premier League,32,2020-06-29,Crystal Palace,Burnley,0:1,CF,,,,,,,,,90,
2020/21,108354,Jordan Ayew,Premier League,33,2020-07-04,Leicester,Crystal Palace,3:0,Centre Forward,,,,,,,,,90,
2020/21,108354,Jordan Ayew,Premier League,34,2020-07-07,Crystal Palace,Chelsea,2:3,LW,,,,,,,,80,80,
2020/21,108354,Jordan Ayew,Premier League,35,2020-07-12,Aston Villa,Crystal Palace,2:0,LW,,,,,,,,65,65,
2020/21,108354,Jordan Ayew,Premier League,36,2020-07-16,Crystal Palace,Man Utd,0:2,CF,,,,,,,,,90,
2020/21,108354,Jordan Ayew,Premier League,37,2020-07-20,Wolves,Crystal Palace,2:0,CF,,,,,,,,,90,
2020/21,108354,Jordan Ayew,Premier League,38,2020-07-26,Crystal Palace,Tottenham,1:1,CF,,1,,,,,,,90,
2019/20,108354,Jordan Ayew,FA Cup,Third Round,2020-01-05,Crystal Palace,Derby,0:1,Centre Forward,,,,,,,,,90,
2019/20,108354,Jordan Ayew,EFL Cup,Second Round,2019-08-27,Crystal Palace,Colchester Utd.,4:5 on pens,,,,,,,,73,,17,
2021/22,108354,Jordan Ayew,World Cup Qualification Africa,Group G,2021-09-03,Ghana,Ethiopia,1:0,CF,,,,,,,,89,89,
2021/22,108354,Jordan Ayew,World Cup Qualification Africa,Group G,2021-09-06,South Africa,Ghana,1:0,Not in squad,,,,,,,,,,
2021/22,108354,Jordan Ayew,World Cup Qualification Africa,Group G,2021-10-09,Ghana,Zimbabwe,3:1,CF,,1,,,,,,60,60,
2021/22,108354,Jordan Ayew,World Cup Qualification Africa,Group G,2021-10-12,Zimbabwe,Ghana,0:1,Centre Forward,,,,,,,,86,86,
2021/22,108354,Jordan Ayew,World Cup Qualification Africa,Group G,2021-11-11,Ethiopia,Ghana,1:1,Centre Forward,,,,,,,,82,82,
2021/22,108354,Jordan Ayew,World Cup Qualification Africa,Group G,2021-11-14,Ghana,South Africa,1:0,CF,,,,,,,,,90,
2021/22,108354,Jordan Ayew,World Cup Qualification Africa,3rd round 1st leg,2022-03-25,Ghana,Nigeria,0:0,LW,,,,,,,,90,90,
2021/22,108354,Jordan Ayew,World Cup Qualification Africa,3rd round 2nd leg,2022-03-29,Nigeria,Ghana,1:1,LW,,,,,,,,46,45,
