﻿season,player_id,player_name,competition,journey,date,home_team,away_team,result,position,goals,assists,own_goals,yellow_cards,second_yellow_cards,red_cards,substitutions_on,substitutions_off,minutes_played,transfermarkt_score
2025/26,1013690,Elyh Harrison,International Friendlies,2,2025-09-05,England U20,Italy U20,1:2,GK,,,,,,,,,90,
2025/26,1013690,Elyh Harrison,International Friendlies,5,2025-11-14,England U20,Japan U22,1:1,Not in squad,,,,,,,,,,
2025/26,1013690,Elyh Harrison,EFL Trophy,group B3,2025-08-26,Shrewsbury,Chelsea U21,3:1,GK,,,,,,,,,90,
2025/26,1013690,Elyh Harrison,EFL Trophy,group B3,2025-09-02,Shrewsbury,Walsall,1:3,Not in squad,,,,,,,,,,
2025/26,1013690,Elyh Harrison,EFL Trophy,group B3,2025-11-11,Northampton,Shrewsbury,2:1,Not in squad,,,,,,,,,,
2025/26,1013690,Elyh Harrison,League Two,1,2025-08-02,Shrewsbury,Bromley,0:0,Not in squad,,,,,,,,,,
2025/26,1013690,Elyh Harrison,League Two,2,2025-08-09,Tranmere,Shrewsbury,4:0,Not in squad,,,,,,,,,,
2025/26,1013690,Elyh Harrison,League Two,3,2025-08-16,Shrewsbury,Colchester Utd.,0:2,GK,,,,,,,,,90,
2025/26,1013690,Elyh Harrison,League Two,4,2025-08-20,Notts County,Shrewsbury,4:1,GK,,,,,,,,,90,
2025/26,1013690,Elyh Harrison,League Two,5,2025-08-23,Swindon Town,Shrewsbury,2:1,GK,,,,,,,,,90,
2025/26,1013690,Elyh Harrison,League Two,6,2025-08-30,Shrewsbury,Accrington,0:0,GK,,,,,,,,,90,
2025/26,1013690,Elyh Harrison,League Two,7,2025-09-06,Barnet,Shrewsbury,1:3,Not in squad,,,,,,,,,,
2025/26,1013690,Elyh Harrison,League Two,8,2025-09-13,Shrewsbury,Salford,1:3,GK,,,,71,,,,,90,
2025/26,1013690,Elyh Harrison,League Two,9,2025-09-20,Harrogate Town,Shrewsbury,2:0,GK,,,,,,,,,90,
2025/26,1013690,Elyh Harrison,League Two,10,2025-09-27,Shrewsbury,MK Dons,1:2,on the bench,,,,,,,,,,
2025/26,1013690,Elyh Harrison,League Two,11,2025-10-04,Barrow,Shrewsbury,0:0,on the bench,,,,,,,,,,
2025/26,1013690,Elyh Harrison,League Two,12,2025-10-11,Shrewsbury,Cambridge Utd.,2:0,on the bench,,,,,,,,,,
2025/26,1013690,Elyh Harrison,League Two,13,2025-10-18,Shrewsbury,Crawley Town,1:0,on the bench,,,,,,,,,,
2025/26,1013690,Elyh Harrison,League Two,14,2025-10-25,Oldham Athletic,Shrewsbury,2:2,on the bench,,,,,,,,,,
2025/26,1013690,Elyh Harrison,League Two,15,2025-11-08,Crewe Alexandra,Shrewsbury,3:1,on the bench,,,,,,,,,,
2025/26,1013690,Elyh Harrison,League Two,16,2025-11-15,Shrewsbury,Newport County,1:0,on the bench,,,,,,,,,,
2025/26,1013690,Elyh Harrison,League Two,17,2025-11-22,Fleetwood,Shrewsbury,3:1,on the bench,,,,,,,,,,
2025/26,1013690,Elyh Harrison,League Two,18,2025-11-29,Shrewsbury,Gillingham,3:3,on the bench,,,,,,,,,,
2025/26,1013690,Elyh Harrison,FA Cup,First Round,2025-11-02,South Shields,Shrewsbury,1:3,on the bench,,,,,,,,,,
2025/26,1013690,Elyh Harrison,EFL Cup,First Round,2025-08-12,Grimsby Town,Shrewsbury,3:1,GK,,,,,,,,,90,
2025/26,1013690,Elyh Harrison,U20 Elite League,Group 1,2025-10-10,England U20,Switzerland U20,0:1,on the bench,,,,,,,,,,
