﻿season,player_id,player_name,competition,journey,date,home_team,away_team,result,position,goals,assists,own_goals,yellow_cards,second_yellow_cards,red_cards,substitutions_on,substitutions_off,minutes_played,transfermarkt_score
2025/26,1099929,Tom Taylor,EFL Trophy,group B2,2025-09-02,Plymouth,Cheltenham,2:0,Not in squad,,,,,,,,,,
2025/26,1099929,Tom Taylor,EFL Trophy,group B2,2025-10-07,Cheltenham,Bristol Rovers,0:1,AM,,,,,,,,,90,
2025/26,1099929,Tom Taylor,EFL Trophy,group B2,2025-10-28,Cheltenham,Tottenham U21,5:3 on pens,CF,1,1,,,,,,,90,
2025/26,1099929,Tom Taylor,League Two,7,2025-09-06,Cheltenham,Accrington,1:0,on the bench,,,,,,,,,,
2025/26,1099929,Tom Taylor,League Two,8,2025-09-13,Crawley Town,Cheltenham,2:0,,,,,,,,82,,8,
2025/26,1099929,Tom Taylor,League Two,9,2025-09-20,Cheltenham,Oldham Athletic,0:3,on the bench,,,,,,,,,,
2025/26,1099929,Tom Taylor,League Two,10,2025-09-27,Grimsby Town,Cheltenham,7:1,,,,,,,,81,,9,
2025/26,1099929,Tom Taylor,League Two,11,2025-10-04,Cheltenham,Fleetwood,2:0,,,,,,,,76,,14,
2025/26,1099929,Tom Taylor,League Two,12,2025-10-11,Gillingham,Cheltenham,1:1,,,,,,,,68,,22,
2025/26,1099929,Tom Taylor,League Two,13,2025-10-18,Newport County,Cheltenham,0:2,,,,,,,,77,,13,
2025/26,1099929,Tom Taylor,League Two,14,2025-10-25,Cheltenham,Walsall,1:0,,,,,,,,80,,10,
2025/26,1099929,Tom Taylor,League Two,15,2025-11-08,Cheltenham,Notts County,1:2,Not in squad,,,,,,,,,,
2025/26,1099929,Tom Taylor,League Two,16,2025-11-15,Tranmere,Cheltenham,3:2,,,,,,,,88,,2,
2025/26,1099929,Tom Taylor,League Two,17,2025-11-22,Cheltenham,Bristol Rovers,1:0,AM,,,,,,,,63,63,
2025/26,1099929,Tom Taylor,League Two,18,2025-11-29,Colchester Utd.,Cheltenham,2:0,on the bench,,,,,,,,,,
2025/26,1099929,Tom Taylor,FA Cup,First Round,2025-11-01,Cheltenham,Bradford,1:0,,,,,,,,85,,5,
2025/26,1099929,Tom Taylor,Premier League 2,1,2025-08-15,Ipswich U21,Derby U21,4:3,AM,1,1,,,,,,,90,
2025/26,1099929,Tom Taylor,Premier League 2,2,2025-08-24,Leeds U21,Ipswich U21,2:3,CF,2,,,,,,,,90,
2025/26,1099929,Tom Taylor,Premier League 2,3,2025-08-29,Ipswich U21,Southampton U21,2:2,AM,,,,88,,,,,90,
