﻿season,player_id,player_name,competition,journey,date,home_team,away_team,result,position,goals,assists,own_goals,yellow_cards,second_yellow_cards,red_cards,substitutions_on,substitutions_off,minutes_played,transfermarkt_score
2022/23,1019170,Aidan Harris,EFL Trophy,group A5,2022-08-30,Doncaster,Newcastle U21,4:2 on pens,Not in squad,,,,,,,,,,
2022/23,1019170,Aidan Harris,EFL Trophy,group A5,2022-09-20,Barnsley,Newcastle U21,2:0,Not in squad,,,,,,,,,,
2022/23,1019170,Aidan Harris,EFL Trophy,group A5,2022-10-18,Lincoln City,Newcastle U21,2:0,Not in squad,,,,,,,,,,
2022/23,1019170,Aidan Harris,U18 Premier League,2,2022-08-20,Newcastle U18,Man City U18,2:2,GK,,,,,,,,,90,
2022/23,1019170,Aidan Harris,U18 Premier League,3,2022-08-27,Blackburn U18,Newcastle U18,0:4,GK,,,,,,,,,90,
2022/23,1019170,Aidan Harris,U18 Premier League,5,2022-09-17,Sunderland U18,Newcastle U18,3:1,GK,,,,,,,,,90,
2022/23,1019170,Aidan Harris,U18 Premier League,6,2022-10-01,Newcastle U18,Stoke U18,1:2,GK,,,,,,,,,90,
2022/23,1019170,Aidan Harris,U18 Premier League,7,2022-10-15,Newcastle U18,Derby U18,1:3,GK,,,,,,,,,90,
2022/23,1019170,Aidan Harris,U18 Premier League,8,2022-10-22,Everton U18,Newcastle U18,1:1,GK,,,,,,,,,90,
2022/23,1019170,Aidan Harris,U18 Premier League,9,2022-10-29,Newcastle U18,Man Utd U18,2:2,GK,,,,,,,,,90,
2022/23,1019170,Aidan Harris,U18 Premier League,10,2022-11-19,Leeds U18,Newcastle U18,1:1,GK,,,,,,,,,90,
2022/23,1019170,Aidan Harris,U18 Premier League,11,2022-11-26,Newcastle U18,Wolves U18,4:1,GK,,,,,,,,,90,
2022/23,1019170,Aidan Harris,U18 Premier League,24,2022-12-21,Boro U18,Newcastle U18,4:2,Not in squad,,,,,,,,,,
2022/23,1019170,Aidan Harris,U18 Premier League,14,2023-01-07,Man City U18,Newcastle U18,3:0,Not in squad,,,,,,,,,,
2022/23,1019170,Aidan Harris,U18 Premier League,17,2023-01-28,Newcastle U18,Leeds U18,6:4,GK,,,,,,,,,90,
2022/23,1019170,Aidan Harris,U18 Premier League,18,2023-02-11,Man Utd U18,Newcastle U18,3:0,GK,,,,,,,,,90,
2022/23,1019170,Aidan Harris,U18 Premier League,19,2023-02-18,Wolves U18,Newcastle U18,1:6,GK,,,,,,,,,90,
2022/23,1019170,Aidan Harris,U18 Premier League,20,2023-02-25,Newcastle U18,Blackburn U18,0:1,on the bench,,,,,,,,,,
2022/23,1019170,Aidan Harris,U18 Premier League,21,2023-03-04,Derby U18,Newcastle U18,4:1,GK,,,,,,,,,90,
2022/23,1019170,Aidan Harris,U18 Premier League,15,2023-03-25,Newcastle U18,Sunderland U18,2:7,GK,,,,,,,,,90,
2022/23,1019170,Aidan Harris,U18 Premier League,23,2023-04-01,Newcastle U18,Nottingham U18,3:0,on the bench,,,,,,,,,,
2022/23,1019170,Aidan Harris,U18 Premier League,16,2023-04-07,Stoke U18,Newcastle U18,1:1,on the bench,,,,,,,,,,
2022/23,1019170,Aidan Harris,U18 Premier League,4,2023-04-11,Newcastle U18,Liverpool U18,0:4,on the bench,,,,,,,,,,
2022/23,1019170,Aidan Harris,U18 Premier League,12,2023-04-15,Newcastle U18,Boro U18,0:2,on the bench,,,,,,,,,,
2022/23,1019170,Aidan Harris,U18 Premier League,25,2023-04-22,Newcastle U18,Everton U18,1:1,on the bench,,,,,,,,,,
2022/23,1019170,Aidan Harris,U18 Premier League,26,2023-04-29,Liverpool U18,Newcastle U18,3:1,GK,,,,,,,,,90,
2022/23,1019170,Aidan Harris,U18 Premier League,13,2023-05-06,Nottingham U18,Newcastle U18,1:2,Not in squad,,,,,,,,,,
2022/23,1019170,Aidan Harris,Premier League 2,1,2022-08-08,West Brom U21,Newcastle U21,2:1,Not in squad,,,,,,,,,,
2022/23,1019170,Aidan Harris,Premier League 2,2,2022-08-15,Newcastle U21,Stoke U21,0:1,Not in squad,,,,,,,,,,
2022/23,1019170,Aidan Harris,Premier League 2,3,2022-08-21,Norwich U21,Newcastle U21,4:2,Not in squad,,,,,,,,,,
2022/23,1019170,Aidan Harris,Premier League 2,4,2022-08-26,Newcastle U21,Derby U21,4:0,Not in squad,,,,,,,,,,
2022/23,1019170,Aidan Harris,Premier League 2,6,2022-09-16,Newcastle U21,Nottingham U21,2:1,Not in squad,,,,,,,,,,
2022/23,1019170,Aidan Harris,Premier League 2,7,2022-09-30,Boro U21,Newcastle U21,1:1,Not in squad,,,,,,,,,,
2022/23,1019170,Aidan Harris,Premier League 2,5,2022-10-14,Aston Villa U21,Newcastle U21,1:2,Not in squad,,,,,,,,,,
2022/23,1019170,Aidan Harris,Premier League 2,9,2022-10-23,Newcastle U21,Southampton U21,3:2,on the bench,,,,,,,,,,
2022/23,1019170,Aidan Harris,Premier League 2,14,2022-10-31,Newcastle U21,Sunderland U21,1:1,Not in squad,,,,,,,,,,
2022/23,1019170,Aidan Harris,Premier League 2,11,2022-11-07,Leeds U21,Newcastle U21,4:2,Not in squad,,,,,,,,,,
2022/23,1019170,Aidan Harris,Premier League 2,12,2023-01-09,Newcastle U21,Aston Villa U21,0:2,Not in squad,,,,,,,,,,
2022/23,1019170,Aidan Harris,Premier League 2,13,2023-01-13,Southampton U21,Newcastle U21,4:1,Not in squad,,,,,,,,,,
2022/23,1019170,Aidan Harris,Premier League 2,10,2023-01-30,Sunderland U21,Newcastle U21,2:1,Not in squad,,,,,,,,,,
2022/23,1019170,Aidan Harris,Premier League 2,15,2023-02-13,Newcastle U21,Leeds U21,2:2,Not in squad,,,,,,,,,,
2022/23,1019170,Aidan Harris,Premier League 2,17,2023-02-24,Stoke U21,Newcastle U21,2:2,on the bench,,,,,,,,,,
2022/23,1019170,Aidan Harris,Premier League 2,18,2023-03-06,Newcastle U21,West Brom U21,2:5,Not in squad,,,,,,,,,,
2022/23,1019170,Aidan Harris,Premier League 2,19,2023-03-18,Nottingham U21,Newcastle U21,3:1,on the bench,,,,,,,,,,
2022/23,1019170,Aidan Harris,Premier League 2,20,2023-04-03,Newcastle U21,Boro U21,0:0,Not in squad,,,,,,,,,,
2022/23,1019170,Aidan Harris,Premier League 2,21,2023-04-17,Newcastle U21,Norwich U21,4:3,Not in squad,,,,,,,,,,
2022/23,1019170,Aidan Harris,Premier League 2,22,2023-04-24,Derby U21,Newcastle U21,1:4,Not in squad,,,,,,,,,,
2022/23,1019170,Aidan Harris,Premier League Cup,Group E,2022-11-14,Bristol U21,Newcastle U21,4:0,Information not yet available,,,,,,,,,,
2022/23,1019170,Aidan Harris,Premier League Cup,Group E,2022-11-21,Newcastle U21,Palace U21,0:1,Information not yet available,,,,,,,,,,
2022/23,1019170,Aidan Harris,Premier League Cup,Group E,2022-11-28,Sheff Utd U21,Newcastle U21,2:1,Information not yet available,,,,,,,,,,
2022/23,1019170,Aidan Harris,Premier League Cup,Group E,2022-12-05,Newcastle U21,Sheff Utd U21,0:1,Information not yet available,,,,,,,,,,
2022/23,1019170,Aidan Harris,Premier League Cup,Group E,2022-12-19,Palace U21,Newcastle U21,2:3,Information not yet available,,,,,,,,,,
2022/23,1019170,Aidan Harris,Premier League Cup,Group E,2023-01-25,Newcastle U21,Bristol U21,1:1,Information not yet available,,,,,,,,,,
2022/23,1019170,Aidan Harris,FA Youth Cup,Third Round,2022-12-06,Charlton U18,Newcastle U18,2:3,GK,,,,,,,,,90,
2022/23,1019170,Aidan Harris,FA Youth Cup,Fourth Round,2023-01-17,Newcastle U18,Arsenal U18,2:3,GK,,,,,,,,,90,
