﻿season,player_id,player_name,competition,journey,date,home_team,away_team,result,position,goals,assists,own_goals,yellow_cards,second_yellow_cards,red_cards,substitutions_on,substitutions_off,minutes_played,transfermarkt_score
2022/23,1047261,Caleb Kporha,International Friendlies,6,2023-01-11,Germany U17,England U17,3:0,RB,,,,,,,,46,45,
2022/23,1047261,Caleb Kporha,International Friendlies,8,2023-01-14,England U17,Germany U17,6:0,,,,,,,,50,,40,
2022/23,1047261,Caleb Kporha,U18 Premier League,1,2022-08-13,Palace U18,West Ham U18,2:3,,,,,,,,46,,45,
2022/23,1047261,Caleb Kporha,U18 Premier League,2,2022-08-20,Aston Villa U18,Palace U18,0:4,RB,,,,,,,,87,87,
2022/23,1047261,Caleb Kporha,U18 Premier League,3,2022-08-27,West Brom U18,Palace U18,0:3,RB,,,,,,,,86,86,
2022/23,1047261,Caleb Kporha,U18 Premier League,4,2022-09-17,Palace U18,Southampton U18,3:2,RB,,,,,,,,,90,
2022/23,1047261,Caleb Kporha,U18 Premier League,5,2022-10-01,Palace U18,Chelsea U18,3:2,RB,,,,,,,,,90,
2022/23,1047261,Caleb Kporha,U18 Premier League,6,2022-10-22,Leicester U18,Palace U18,5:1,RB,,,,,,,,,90,
2022/23,1047261,Caleb Kporha,U18 Premier League,7,2022-10-29,Palace U18,Fulham U18,2:2,RB,1,,,,,,,,90,
2022/23,1047261,Caleb Kporha,U18 Premier League,8,2022-11-19,Norwich U18,Palace U18,2:2,CB,,,,,,,,,90,
2022/23,1047261,Caleb Kporha,U18 Premier League,9,2022-11-26,Palace U18,Spurs U18,1:3,RB,1,,,,,,,,90,
2022/23,1047261,Caleb Kporha,U18 Premier League,10,2022-12-03,Brighton U18,Palace U18,0:5,RB,,1,,63,,,,74,74,
2022/23,1047261,Caleb Kporha,U18 Premier League,12,2023-01-07,West Ham U18,Palace U18,4:0,RM,,,,,,,,,90,
2022/23,1047261,Caleb Kporha,U18 Premier League,16,2023-02-18,Palace U18,Brighton U18,2:2,RB,,,,,,,,,90,
2022/23,1047261,Caleb Kporha,U18 Premier League,17,2023-02-28,Arsenal U18,Palace U18,1:3,RB,,,,48,,,,,90,
2022/23,1047261,Caleb Kporha,U18 Premier League,15,2023-03-04,Spurs U18,Palace U18,4:2,RB,1,,,,,,,52,52,
2022/23,1047261,Caleb Kporha,Premier League 2,16,2023-01-22,Liverpool U21,Palace U21,0:1,RB,,,,,,,,,90,
2022/23,1047261,Caleb Kporha,Premier League 2,17,2023-01-30,Palace U21,Man City U21,0:5,RB,,,,,,,,81,81,
2022/23,1047261,Caleb Kporha,FA Youth Cup,Third Round,2022-12-11,Palace U18,Man Utd U18,1:3,RB,,,,,,,,,90,
