﻿season,player_id,player_name,competition,journey,date,home_team,away_team,result,position,goals,assists,own_goals,yellow_cards,second_yellow_cards,red_cards,substitutions_on,substitutions_off,minutes_played,transfermarkt_score
2011/12,102017,Jorginho,Italy Cup,Second Round,2011-08-14,Vicenza,Hellas Verona,1:2,Not in squad,,,,,,,,,,
2011/12,102017,Jorginho,Italy Cup,Third Round,2011-08-20,Sassuolo,Hellas Verona,5:7 on pens,Not in squad,,,,,,,,,,
2011/12,102017,Jorginho,Italy Cup,Fourth Round,2011-11-29,Parma,Hellas Verona,0:2,CM,,,,,,,,,90,
2011/12,102017,Jorginho,Italy Cup,Round of 16,2012-01-10,Lazio,Hellas Verona,3:2,on the bench,,,,,,,,,,
2011/12,102017,Jorginho,Serie B,1,2011-08-26,Hellas Verona,Pescara,1:2,Not in squad,,,,,,,,,,
2011/12,102017,Jorginho,Serie B,2,2011-08-31,Juve Stabia,Hellas Verona,1:2,Not in squad,,,,,,,,,,
2011/12,102017,Jorginho,Serie B,3,2011-09-04,Hellas Verona,Sassuolo,1:0,,,,,,,,76,,14,
2011/12,102017,Jorginho,Serie B,4,2011-09-10,Grosseto,Hellas Verona,2:1,on the bench,,,,,,,,,,
2011/12,102017,Jorginho,Serie B,5,2011-09-16,Hellas Verona,Padova,2:2,Not in squad,,,,,,,,,,
2011/12,102017,Jorginho,Serie B,6,2011-09-24,Ascoli,Hellas Verona,1:2,Not in squad,,,,,,,,,,
2011/12,102017,Jorginho,Serie B,7,2011-10-01,AS Gubbio,Hellas Verona,1:1,CM,,,,,,,,,90,
2011/12,102017,Jorginho,Serie B,8,2011-10-05,Hellas Verona,Sampdoria,1:1,Not in squad,,,,,,,,,,
2011/12,102017,Jorginho,Serie B,9,2011-10-09,Hellas Verona,Torino,1:3,AM,,,,,,,,54,54,
2011/12,102017,Jorginho,Serie B,10,2011-10-15,Vicenza,Hellas Verona,2:1,Not in squad,,,,,,,,,,
2011/12,102017,Jorginho,Serie B,11,2011-10-21,Hellas Verona,ASG Nocerina,1:1,Not in squad,,,,,,,,,,
2011/12,102017,Jorginho,Serie B,12,2011-10-29,Cittadella,Hellas Verona,1:2,on the bench,,,,,,,,,,
2011/12,102017,Jorginho,Serie B,13,2011-11-01,Hellas Verona,Brescia,1:0,on the bench,,,,,,,,,,
2011/12,102017,Jorginho,Serie B,14,2011-11-07,Bari,Hellas Verona,0:1,,,,,,,,39,,51,
2011/12,102017,Jorginho,Serie B,15,2011-11-13,Hellas Verona,Crotone,2:1,on the bench,,,,,,,,,,
2011/12,102017,Jorginho,Serie B,16,2011-11-19,FC Empoli,Hellas Verona,1:3,CM,1,1,,,,,,,90,
2011/12,102017,Jorginho,Serie B,17,2011-11-26,Hellas Verona,Reggina,1:0,CM,,,,,,,,76,76,
2011/12,102017,Jorginho,Serie B,18,2011-12-03,AS Livorno,Hellas Verona,0:2,LM,1,,,,,,,72,72,
2011/12,102017,Jorginho,Serie B,19,2011-12-10,Hellas Verona,UC AlbinoLeffe,1:0,CM,,,,,,,,,90,
2011/12,102017,Jorginho,Serie B,20,2011-12-18,Varese,Hellas Verona,0:0,AM,,,,,,,,90,90,
2011/12,102017,Jorginho,Serie B,21,2012-01-06,Hellas Verona,Modena,2:1,CM,,,,,,,,83,83,
2011/12,102017,Jorginho,Serie B,22,2012-01-16,Pescara,Hellas Verona,3:1,CM,,,,,,,,60,60,
2011/12,102017,Jorginho,Serie B,23,2012-01-21,Hellas Verona,Juve Stabia,2:0,CM,,,,,,,,,90,
2011/12,102017,Jorginho,Serie B,24,2012-01-28,Sassuolo,Hellas Verona,2:0,CM,,,,,,,,,90,
2011/12,102017,Jorginho,Serie B,25,2012-01-31,Hellas Verona,Grosseto,2:0,,,,,,,,79,,11,
2011/12,102017,Jorginho,Serie B,26,2012-02-04,Padova,Hellas Verona,0:0,CM,,,,,,,,,90,
2011/12,102017,Jorginho,Serie B,27,2012-02-11,Hellas Verona,Ascoli,2:0,AM,,,,,,,,80,80,
2011/12,102017,Jorginho,Serie B,28,2012-02-18,Hellas Verona,AS Gubbio,1:0,AM,,1,,,,,,,90,
2011/12,102017,Jorginho,Serie B,29,2012-03-03,Sampdoria,Hellas Verona,2:0,AM,,,,,,,,,90,
2011/12,102017,Jorginho,Serie B,30,2012-03-12,Torino,Hellas Verona,1:4,CM,,,,,,,,,90,
2011/12,102017,Jorginho,Serie B,31,2012-03-17,Hellas Verona,Vicenza,2:0,CM,,,,56,,,,,90,
2011/12,102017,Jorginho,Serie B,32,2012-03-24,ASG Nocerina,Hellas Verona,3:1,CM,,,,,,,,,90,
2011/12,102017,Jorginho,Serie B,33,2012-03-30,Hellas Verona,Cittadella,3:2,CM,,,,,,,,,90,
2011/12,102017,Jorginho,Serie B,34,2012-04-06,Brescia,Hellas Verona,2:1,CM,,,,53,,,,,90,
2011/12,102017,Jorginho,Serie B,35,2012-04-14,Hellas Verona,Bari,4:1,CM,,1,,,,,,,90,
2011/12,102017,Jorginho,Serie B,36,2012-04-21,Crotone,Hellas Verona,3:1,CM,,,,,,,,,90,
2011/12,102017,Jorginho,Serie B,37,2012-04-27,Hellas Verona,FC Empoli,0:0,CM,,,,,,,,,90,
2011/12,102017,Jorginho,Serie B,38,2012-05-01,Reggina,Hellas Verona,0:1,,,,,,,,78,,12,
2011/12,102017,Jorginho,Serie B,39,2012-05-05,Hellas Verona,AS Livorno,1:0,CM,,,,,,,,,90,
2011/12,102017,Jorginho,Serie B,40,2012-05-14,UC AlbinoLeffe,Hellas Verona,1:1,DM,,,,,,,,,90,
2011/12,102017,Jorginho,Serie B,41,2012-05-19,Hellas Verona,Varese,3:0,CM,,,,,,,,,90,
2011/12,102017,Jorginho,Serie B,42,2012-05-26,Modena,Hellas Verona,1:1,Not in squad,,,,,,,,,,
2011/12,102017,Jorginho,Serie B Play-off,Semi-Finals 1st Leg,2012-05-30,Varese,Hellas Verona,2:0,CM,,,,,,,,,90,
2011/12,102017,Jorginho,Serie B Play-off,Semi-Finals 2nd Leg,2012-06-02,Hellas Verona,Varese,1:1,CM,,,,,,,,,90,
