﻿season,player_id,player_name,competition,journey,date,home_team,away_team,result,position,goals,assists,own_goals,yellow_cards,second_yellow_cards,red_cards,substitutions_on,substitutions_off,minutes_played,transfermarkt_score
2023/24,1060087,Charalampos Kostoulas,International Friendlies,7,2023-09-07,Austria U17,Greece U17,1:0,,,,,,,,,,90,
2023/24,1060087,Charalampos Kostoulas,International Friendlies,6,2023-09-10,Austria U17,Greece U17,2:1,,,,,,,,,46,45,
2022/23,1060087,Charalampos Kostoulas,International Friendlies,,,,,,,,,,,,,,,,
2023/24,1060087,Charalampos Kostoulas,International Friendlies,10,2023-10-11,Greece U19,Bulgaria U19,4:0,Not in squad,,,,,,,,,,
2023/24,1060087,Charalampos Kostoulas,International Friendlies,6,2023-10-14,Croatia U19,Greece U19,1:1,Information not yet available,,,,,,,,,,
2023/24,1060087,Charalampos Kostoulas,International Friendlies,10,2023-10-17,Estonia U19,Greece U19,0:3,Not in squad,,,,,,,,,,
2022/23,1060087,Charalampos Kostoulas,International Friendlies,,,,,,,,,,,,,,,,
2023/24,1060087,Charalampos Kostoulas,International Friendlies,13,2024-02-09,Greece U17,Croatia U17,0:1,Not in squad,,,,,,,,,,
2022/23,1060087,Charalampos Kostoulas,International Friendlies,,,,,,,,,,,,,,,,
2023/24,1060087,Charalampos Kostoulas,International Friendlies,15,2024-02-10,Greece U19,Türkiye U19,1:2,Not in squad,,,,,,,,,,
2022/23,1060087,Charalampos Kostoulas,International Friendlies,,,,,,,,,,,,,,,,
2023/24,1060087,Charalampos Kostoulas,International Friendlies,14,2024-02-12,Greece U17,Bulgaria U17,1:1,Not in squad,,,,,,,,,,
2022/23,1060087,Charalampos Kostoulas,International Friendlies,,,,,,,,,,,,,,,,
2023/24,1060087,Charalampos Kostoulas,International Friendlies,16,2024-02-13,Greece U19,Latvia U19,3:0,Not in squad,,,,,,,,,,
2022/23,1060087,Charalampos Kostoulas,International Friendlies,,,,,,,,,,,,,,,,
2023/24,1060087,Charalampos Kostoulas,International Friendlies,15,2024-02-15,Türkiye U17,Greece U17,3:1,Not in squad,,,,,,,,,,
2022/23,1060087,Charalampos Kostoulas,International Friendlies,,,,,,,,,,,,,,,,
2023/24,1060087,Charalampos Kostoulas,International Friendlies,17,2024-02-16,Croatia U19,Greece U19,0:2,Not in squad,,,,,,,,,,
2023/24,1060087,Charalampos Kostoulas,UEFA Youth League,First Round 1st leg,2023-10-04,Olympiacos YL,Lecce YL,3:1,CF,1,1,,28,,,,,90,
2023/24,1060087,Charalampos Kostoulas,UEFA Youth League,First Round 2nd leg,2023-10-25,Lecce YL,Olympiacos YL,1:3,CF,1,1,,,,,,86,86,
2023/24,1060087,Charalampos Kostoulas,UEFA Youth League,Second Round 1st leg,2023-11-08,FK Gabala YL,Olympiacos YL,0:3,CF,1,,,,,,,,90,
2023/24,1060087,Charalampos Kostoulas,UEFA Youth League,Second Round 2nd leg,2023-11-29,Olympiacos YL,FK Gabala YL,4:0,Not in squad,,,,,,,,,,
2023/24,1060087,Charalampos Kostoulas,UEFA Youth League,intermediate stage,2024-02-07,Olympiacos YL,Inter YL,6:5 on pens,CF,,,,78,,,,,90,
2023/24,1060087,Charalampos Kostoulas,UEFA Youth League,Round of 16,2024-02-28,Olympiacos YL,RC Lens YL,6:4 on pens,CF,1,,,,,,,,90,
2023/24,1060087,Charalampos Kostoulas,UEFA Youth League,Quarter-Finals,2024-03-12,FC Bayern YL,Olympiacos YL,1:3,CF,1,,,,,,,90,90,
2023/24,1060087,Charalampos Kostoulas,UEFA Youth League,Semi-Finals,2024-04-19,Olympiacos YL,FC Nantes YL,3:1 on pens,CF,,,,42,,,,,90,
2023/24,1060087,Charalampos Kostoulas,UEFA Youth League,Final,2024-04-22,Olympiacos YL,AC Milan YL,3:0,CF,,,,,,,,,90,
2023/24,1060087,Charalampos Kostoulas,Super League U19,3,2023-09-03,Olympiacos U19,PAS Lamia U19,4:0,Not in squad,,,,,,,,,,
2023/24,1060087,Charalampos Kostoulas,Super League U19,4,2023-09-16,AEK Athens U19,Olympiacos U19,1:2,CF,1,,,71,,,,,90,
2023/24,1060087,Charalampos Kostoulas,Super League U19,5,2023-09-23,Olympiacos U19,AE Kifisias U19,4:2,Not in squad,,,,,,,,,,
2023/24,1060087,Charalampos Kostoulas,Super League U19,7,2023-09-29,PAS U19,Olympiacos U19,1:2,Not in squad,,,,,,,,,,
2023/24,1060087,Charalampos Kostoulas,Super League U19,6,2023-10-07,Olympiacos U19,Aris U19,3:1,CF,,1,,,,,,72,72,
2023/24,1060087,Charalampos Kostoulas,Super League U19,8,2023-10-21,Olympiacos U19,PAO U19,1:0,Not in squad,,,,,,,,,,
2023/24,1060087,Charalampos Kostoulas,Super League U19,10,2023-11-04,Olympiacos U19,PAOK U19,1:2,Not in squad,,,,,,,,,,
2023/24,1060087,Charalampos Kostoulas,Super League U19,12,2023-11-25,Olympiacos U19,Panetolikos U19,1:1,Not in squad,,,,,,,,,,
2023/24,1060087,Charalampos Kostoulas,Super League U19,13,2023-12-03,Volos NPS U19,Olympiacos U19,2:2,Not in squad,,,,,,,,,,
2023/24,1060087,Charalampos Kostoulas,Super League U19,1,2023-12-09,Olympiacos U19,Panserraik. U19,5:1,Not in squad,,,,,,,,,,
2023/24,1060087,Charalampos Kostoulas,Super League U19,2,2023-12-16,Atromitos U19,Olympiacos U19,1:2,Not in squad,,,,,,,,,,
2023/24,1060087,Charalampos Kostoulas,Super League U19,9,2023-12-20,OFI Crete U19,Olympiacos U19,0:3,Not in squad,,,,,,,,,,
2023/24,1060087,Charalampos Kostoulas,Super League U19,11,2024-01-14,Ast.Tripoli U19,Olympiacos U19,0:1,Not in squad,,,,,,,,,,
2023/24,1060087,Charalampos Kostoulas,Super League U19,20,2024-01-27,Olympiacos U19,PAS U19,4:0,Not in squad,,,,,,,,,,
2023/24,1060087,Charalampos Kostoulas,Super League U19,21,2024-02-02,PAO U19,Olympiacos U19,2:2,Not in squad,,,,,,,,,,
2023/24,1060087,Charalampos Kostoulas,Super League U19,24,2024-02-23,Olympiacos U19,Ast.Tripoli U19,3:0,Not in squad,,,,,,,,,,
2023/24,1060087,Charalampos Kostoulas,Super League U19,26,2024-03-03,Olympiacos U19,Volos NPS U19,4:1,Not in squad,,,,,,,,,,
2023/24,1060087,Charalampos Kostoulas,Super League U19,22,2024-03-08,Olympiacos U19,OFI Crete U19,1:0,Not in squad,,,,,,,,,,
2023/24,1060087,Charalampos Kostoulas,Super League U19,19,2024-03-31,Aris U19,Olympiacos U19,1:1,Not in squad,,,,,,,,,,
2023/24,1060087,Charalampos Kostoulas,Super League U19,14,2024-04-06,Panserraik. U19,Olympiacos U19,0:7,Not in squad,,,,,,,,,,
2023/24,1060087,Charalampos Kostoulas,Super League U19,15,2024-04-12,Olympiacos U19,Atromitos U19,1:0,Not in squad,,,,,,,,,,
2023/24,1060087,Charalampos Kostoulas,Super League U19,17,2024-04-28,Olympiacos U19,AEK Athens U19,3:0,Not in squad,,,,,,,,,,
2023/24,1060087,Charalampos Kostoulas,Super League U19,16,2024-05-02,PAS Lamia U19,Olympiacos U19,0:3,Not in squad,,,,,,,,,,
2023/24,1060087,Charalampos Kostoulas,Super League U19,23,2024-05-12,PAOK U19,Olympiacos U19,2:1,AM,,,,19,,,,59,59,
2023/24,1060087,Charalampos Kostoulas,Super League U19,18,2024-05-18,AE Kifisias U19,Olympiacos U19,0:3,on the bench,,,,,,,,,,
2023/24,1060087,Charalampos Kostoulas,Super League U19,25,2024-05-25,Panetolikos U19,Olympiacos U19,0:0,,,,,85,,,46,,45,
2023/24,1060087,Charalampos Kostoulas,Super League 2,1,2023-09-23,Olympiacos B,GS Ilioupolis,0:0,on the bench,,,,,,,,,,
2023/24,1060087,Charalampos Kostoulas,Super League 2,2,2023-10-01,Kallithea,Olympiacos B,3:2,,,,,,,,73,,17,
2023/24,1060087,Charalampos Kostoulas,Super League 2,4,2023-10-14,Olympiacos B,Ionikos Nikeas,1:1,SS,,,,,,,,65,65,
2023/24,1060087,Charalampos Kostoulas,Super League 2,5,2023-10-20,Olympiacos B,Panathinaikos B,3:1,SS,1,,,,,,,81,81,
2023/24,1060087,Charalampos Kostoulas,Super League 2,6,2023-10-28,Olympiacos B,Tilykratis,4:1,Called up to national team,,,,,,,,,,
2023/24,1060087,Charalampos Kostoulas,Super League 2,7,2023-11-04,AO Giouchtas,Olympiacos B,2:2,,,,,,,,61,,29,
2023/24,1060087,Charalampos Kostoulas,Super League 2,8,2023-11-11,Olympiacos B,Diagoras,1:0,,,,,,,,46,,45,
2023/24,1060087,Charalampos Kostoulas,Super League 2,10,2023-11-18,AO Egaleo,Olympiacos B,0:0,Called up to national team,,,,,,,,,,
2023/24,1060087,Charalampos Kostoulas,Super League 2,11,2023-11-26,Olympiacos B,PS Kalamata,0:0,Not in squad,,,,,,,,,,
2023/24,1060087,Charalampos Kostoulas,Super League 2,12,2023-12-03,Olympiacos B,PAE Chania,3:0,Not in squad,,,,,,,,,,
2023/24,1060087,Charalampos Kostoulas,Super League 2,13,2023-12-09,Panachaiki,Olympiacos B,1:1,Not in squad,,,,,,,,,,
2023/24,1060087,Charalampos Kostoulas,Super League 2,14,2023-12-16,GS Ilioupolis,Olympiacos B,0:1,,,,,,,,87,,3,
2023/24,1060087,Charalampos Kostoulas,Super League 2,16,2024-01-06,Olympiacos B,Kallithea,1:2,,,,,,,,72,,18,
2023/24,1060087,Charalampos Kostoulas,Super League 2,17,2024-01-15,Ionikos Nikeas,Olympiacos B,1:0,SS,,,,86,,,,,90,
2023/24,1060087,Charalampos Kostoulas,Super League 2,18,2024-01-22,Panathinaikos B,Olympiacos B,1:3,SS,,,,,,,,76,76,
2023/24,1060087,Charalampos Kostoulas,Super League 2,19,2024-01-27,Tilykratis,Olympiacos B,2:2,SS,,1,,,,,,72,72,
2023/24,1060087,Charalampos Kostoulas,Super League 2,20,2024-02-03,Olympiacos B,AO Giouchtas,3:1,SS,1,2,,,,,,57,57,
2023/24,1060087,Charalampos Kostoulas,Super League 2,21,2024-02-11,Diagoras,Olympiacos B,0:2,SS,1,,,,,,,73,73,
2023/24,1060087,Charalampos Kostoulas,Super League 2,23,2024-02-19,Olympiacos B,AO Egaleo,0:0,,,,,,,,67,,23,
2023/24,1060087,Charalampos Kostoulas,Super League 2,24,2024-02-24,PS Kalamata,Olympiacos B,1:0,Not in squad,,,,,,,,,,
2023/24,1060087,Charalampos Kostoulas,Super League 2,25,2024-03-03,PAE Chania,Olympiacos B,2:0,,,,,,,,63,,27,
2023/24,1060087,Charalampos Kostoulas,Super League 2,26,2024-03-10,Olympiacos B,Panachaiki,2:2,Not in squad,,,,,,,,,,
2023/24,1060087,Charalampos Kostoulas,Super League 2 Play-out,2,2024-03-30,Olympiacos B,Panachaiki,5:0,,,,,,,,70,,20,
2023/24,1060087,Charalampos Kostoulas,Super League 2 Play-out,3,2024-04-03,Olympiacos B,AO Egaleo,1:3,,,,,,,,70,,20,
2023/24,1060087,Charalampos Kostoulas,Super League 2 Play-out,4,2024-04-07,AO Giouchtas,Olympiacos B,3:2,,,,,,,,67,,23,
2023/24,1060087,Charalampos Kostoulas,Super League 2 Play-out,1,2024-04-11,Diagoras,Olympiacos B,1:0,SS,,,,,,,,,90,
2023/24,1060087,Charalampos Kostoulas,Super League 2 Play-out,5,2024-04-15,Olympiacos B,Panathinaikos B,0:1,Not in squad,,,,,,,,,,
2023/24,1060087,Charalampos Kostoulas,Super League 2 Play-out,6,2024-04-20,Olympiacos B,Diagoras,1:1,Not in squad,,,,,,,,,,
2023/24,1060087,Charalampos Kostoulas,Super League 2 Play-out,7,2024-04-28,Panachaiki,Olympiacos B,1:0,CF,,,,,,,,,90,
2023/24,1060087,Charalampos Kostoulas,Super League 2 Play-out,8,2024-05-08,AO Egaleo,Olympiacos B,1:1,CF,,,,,,,,,90,
2023/24,1060087,Charalampos Kostoulas,Super League 2 Play-out,9,2024-05-16,Olympiacos B,AO Giouchtas,3:1,Not in squad,,,,,,,,,,
2023/24,1060087,Charalampos Kostoulas,Super League 2 Play-out,10,2024-05-23,Panathinaikos B,Olympiacos B,1:4,Not in squad,,,,,,,,,,
2024/25,1060087,Charalampos Kostoulas,Under-20 Intercontinental Cup,Final,2024-08-24,Flamengo U20,Olympiacos YL,2:1,CF,,,,,,,,,90,
2023/24,1060087,Charalampos Kostoulas,UEFA European Under-17 Championship qualification,Group 11,2023-10-25,N. Ireland U17,Greece U17,0:2,Not in squad,,,,,,,,,,
2023/24,1060087,Charalampos Kostoulas,UEFA European Under-17 Championship qualification,Group 11,2023-10-28,Greece U17,San Marino U17,2:0,,,,,,,,46,,45,
2023/24,1060087,Charalampos Kostoulas,UEFA European Under-17 Championship qualification,Group 11,2023-10-31,Greece U17,Italy U17,2:1,CF,1,1,,,,,,90,90,
2023/24,1060087,Charalampos Kostoulas,UEFA European Under-17 Championship qualification,group B4,2024-03-06,Greece U17,Ukraine U17,0:2,Not in squad,,,,,,,,,,
2023/24,1060087,Charalampos Kostoulas,UEFA European Under-17 Championship qualification,group B4,2024-03-09,Greece U17,Slovakia U17,0:1,Not in squad,,,,,,,,,,
2023/24,1060087,Charalampos Kostoulas,UEFA European Under-17 Championship qualification,group B4,2024-03-12,Switzerland U17,Greece U17,2:0,Not in squad,,,,,,,,,,
2023/24,1060087,Charalampos Kostoulas,UEFA EURO U19 Championship Qualifiers,Group 8,2023-11-15,Belarus U19,Greece U19,1:0,,,,,,,,44,,46,
2023/24,1060087,Charalampos Kostoulas,UEFA EURO U19 Championship Qualifiers,Group 8,2023-11-18,Greece U19,Lithuania U19,2:1,,,,,,,,62,,28,
2023/24,1060087,Charalampos Kostoulas,UEFA EURO U19 Championship Qualifiers,Group 8,2023-11-21,Greece U19,Türkiye U19,0:1,CF,,,,,,,,,90,
2023/24,1060087,Charalampos Kostoulas,UEFA EURO U19 Championship Qualifiers,group B4,2024-03-20,Portugal U19,Greece U19,2:1,CF,,,,,,,64,,26,
2023/24,1060087,Charalampos Kostoulas,UEFA EURO U19 Championship Qualifiers,group B4,2024-03-23,Denmark U19,Greece U19,2:1,,,,,,,,60,,30,
2023/24,1060087,Charalampos Kostoulas,UEFA EURO U19 Championship Qualifiers,group B4,2024-03-26,Greece U19,Serbia U19,3:3,,,,,74,,,46,,45,
2024/25,1060087,Charalampos Kostoulas,UEFA European Under-21 Championship Qualifying,Group G,2024-09-10,Faroe U21,Greece U21,0:4,Not in squad,,,,,,,,,,
2024/25,1060087,Charalampos Kostoulas,UEFA European Under-21 Championship Qualifying,Group G,2024-10-15,Croatia U21,Greece U21,3:2,CF,1,,,93,,,,,90,
