﻿season,player_id,player_name,competition,journey,date,home_team,away_team,result,position,goals,assists,own_goals,yellow_cards,second_yellow_cards,red_cards,substitutions_on,substitutions_off,minutes_played,transfermarkt_score
2023/24,1055345,Kieran Morrison,International Friendlies,7,2023-09-07,Italy U19,N. Ireland U19,3:2,Not in squad,,,,,,,,,,
2023/24,1055345,Kieran Morrison,International Friendlies,13,2023-11-15,N. Ireland U19,Hungary U19,1:2,Centre Forward,,,,,,,,,90,
2023/24,1055345,Kieran Morrison,International Friendlies,13,2023-11-18,N. Ireland U19,Czechia U19,0:2,,,,,,,,,,90,
2023/24,1055345,Kieran Morrison,International Friendlies,14,2023-11-21,N. Ireland U19,Portugal U19,0:3,Centre Forward,,,,,,,,,90,
2023/24,1055345,Kieran Morrison,International Friendlies,8,2024-06-07,N. Ireland U19,Slovakia U19,2:2,,,,,,,,,,90,
2023/24,1055345,Kieran Morrison,International Friendlies,9,2024-06-10,N. Ireland U19,Slovakia U19,1:1,,,,,,,,,,90,
2023/24,1055345,Kieran Morrison,EFL Trophy,group A1,2023-09-19,Morecambe FC,Liverpool U21,0:3,Not in squad,,,,,,,,,,
2023/24,1055345,Kieran Morrison,EFL Trophy,group A1,2023-10-10,Blackpool,Liverpool U21,5:2,AM,,,,,,,,,90,
2023/24,1055345,Kieran Morrison,EFL Trophy,group A1,2023-11-07,Barrow,Liverpool U21,2:1,,,,,66,,,59,,31,
2023/24,1055345,Kieran Morrison,EFL Trophy,Second Round,2023-12-05,Bradford,Liverpool U21,4:0,Not in squad,,,,,,,,,,
2023/24,1055345,Kieran Morrison,Premier League 2 Playoffs,Round of 16,2024-05-05,Liverpool U21,Palace U21,3:2,LW,,,,,,,,,90,
2023/24,1055345,Kieran Morrison,Premier League 2 Playoffs,Quarter-Finals,2024-05-12,Tottenham U21,Liverpool U21,8:7 on pens,Centre Forward,,,,,,,,,120,
2023/24,1055345,Kieran Morrison,U18 Premier League,1,2023-08-12,Liverpool U18,Nottingham U18,4:2,CM,,,,,,,,,90,
2023/24,1055345,Kieran Morrison,U18 Premier League,2,2023-08-19,Leeds U18,Liverpool U18,4:1,,,,,77,,,56,,34,
2023/24,1055345,Kieran Morrison,U18 Premier League,3,2023-08-26,Liverpool U18,Derby U18,2:0,CM,,1,,,,,,,90,
2023/24,1055345,Kieran Morrison,U18 Premier League,4,2023-09-16,Blackburn U18,Liverpool U18,1:4,Not in squad,,,,,,,,,,
2023/24,1055345,Kieran Morrison,U18 Premier League,5,2023-09-23,Liverpool U18,Everton U18,2:1,Not in squad,,,,,,,,,,
2023/24,1055345,Kieran Morrison,U18 Premier League,7,2023-10-07,Liverpool U18,Sunderland U18,7:1,Not in squad,,,,,,,,,,
2023/24,1055345,Kieran Morrison,U18 Premier League,18,2023-10-28,Liverpool U18,Newcastle U18,1:2,LW,,,,,,,,64,64,
2023/24,1055345,Kieran Morrison,U18 Premier League,9,2023-11-04,Liverpool U18,Boro U18,3:1,Centre Forward,3,,,,,,,,90,
2023/24,1055345,Kieran Morrison,U18 Premier League,10,2023-11-11,Stoke U18,Liverpool U18,2:4,LW,1,1,,86,,,,,90,
2023/24,1055345,Kieran Morrison,U18 Premier League,17,2023-12-02,Man City U18,Liverpool U18,3:0,CM,,,,,,,,,90,
2023/24,1055345,Kieran Morrison,U18 Premier League,12,2023-12-16,Wolves U18,Liverpool U18,4:1,,,,,,,,46,,45,
2023/24,1055345,Kieran Morrison,U18 Premier League,14,2024-01-13,Liverpool U18,Stoke U18,3:1,Centre Forward,,1,,,,,,,90,
2023/24,1055345,Kieran Morrison,U18 Premier League,15,2024-01-27,Nottingham U18,Liverpool U18,2:1,LW,,,,,,,,,90,
2023/24,1055345,Kieran Morrison,U18 Premier League,13,2024-01-30,Man Utd U18,Liverpool U18,4:3,Centre Forward,1,,,,,,,80,80,
2023/24,1055345,Kieran Morrison,U18 Premier League,16,2024-02-10,Liverpool U18,Blackburn U18,5:1,Centre Forward,2,,,59,,,,89,89,
2023/24,1055345,Kieran Morrison,U18 Premier League,11,2024-02-17,Liverpool U18,Man City U18,1:2,RM,,,,,,,,,90,
2023/24,1055345,Kieran Morrison,U18 Premier League,19,2024-03-09,Boro U18,Liverpool U18,2:2,RM,1,,,,,,,,90,
2023/24,1055345,Kieran Morrison,U18 Premier League,20,2024-03-16,Liverpool U18,Leeds U18,1:3,Centre Forward,1,,,25,,,,,90,
2023/24,1055345,Kieran Morrison,U18 Premier League,21,2024-04-06,Liverpool U18,Man Utd U18,1:9,Centre Forward,,1,,,,,,,90,
2023/24,1055345,Kieran Morrison,U18 Premier League,22,2024-04-13,Everton U18,Liverpool U18,2:2,Centre Forward,,,,,,,,,90,
2023/24,1055345,Kieran Morrison,U18 Premier League,8,2024-04-16,Newcastle U18,Liverpool U18,4:3,Centre Forward,,,,,,,,,90,
2023/24,1055345,Kieran Morrison,U18 Premier League,23,2024-04-20,Sunderland U18,Liverpool U18,1:2,LM,2,,,,,,,,90,
2023/24,1055345,Kieran Morrison,U18 Premier League,24,2024-04-27,Liverpool U18,Wolves U18,2:4,RM,,,,,,,,,90,
2023/24,1055345,Kieran Morrison,U18 Premier League,26,2024-05-11,Derby U18,Liverpool U18,5:1,Not in squad,,,,,,,,,,
2023/24,1055345,Kieran Morrison,Premier League 2,1,2023-08-14,Liverpool U21,Everton U21,4:0,Not in squad,,,,,,,,,,
2023/24,1055345,Kieran Morrison,Premier League 2,2,2023-08-18,Derby U21,Liverpool U21,1:1,,,,,,,,70,,20,
2023/24,1055345,Kieran Morrison,Premier League 2,3,2023-08-25,Southampton U21,Liverpool U21,0:3,Not in squad,,,,,,,,,,
2023/24,1055345,Kieran Morrison,Premier League 2,4,2023-09-03,Liverpool U21,Boro U21,1:4,Not in squad,,,,,,,,,,
2023/24,1055345,Kieran Morrison,Premier League 2,5,2023-09-24,Liverpool U21,Wolves U21,2:0,Not in squad,,,,,,,,,,
2023/24,1055345,Kieran Morrison,Premier League 2,6,2023-10-01,Palace U21,Liverpool U21,2:4,Not in squad,,,,,,,,,,
2023/24,1055345,Kieran Morrison,Premier League 2,7,2023-10-29,Leeds U21,Liverpool U21,2:2,Not in squad,,,,,,,,,,
2023/24,1055345,Kieran Morrison,Premier League 2,8,2023-11-04,Liverpool U21,West Ham U21,0:4,Not in squad,,,,,,,,,,
2023/24,1055345,Kieran Morrison,Premier League 2,10,2023-12-17,Liverpool U21,Chelsea U21,2:1,Not in squad,,,,,,,,,,
2023/24,1055345,Kieran Morrison,Premier League 2,11,2024-01-13,Brighton U21,Liverpool U21,4:2,Not in squad,,,,,,,,,,
2023/24,1055345,Kieran Morrison,Premier League 2,12,2024-01-28,Liverpool U21,Fulham U21,2:0,Not in squad,,,,,,,,,,
2023/24,1055345,Kieran Morrison,Premier League 2,13,2024-02-11,Liverpool U21,Stoke U21,3:1,Not in squad,,,,,,,,,,
2023/24,1055345,Kieran Morrison,Premier League 2,14,2024-02-17,Newcastle U21,Liverpool U21,1:2,Not in squad,,,,,,,,,,
2023/24,1055345,Kieran Morrison,Premier League 2,15,2024-03-03,Liverpool U21,Aston Villa U21,0:2,,,,,,,,46,,45,
2023/24,1055345,Kieran Morrison,Premier League 2,16,2024-03-10,Reading U21,Liverpool U21,0:0,Not in squad,,,,,,,,,,
2023/24,1055345,Kieran Morrison,Premier League 2,17,2024-03-17,Liverpool U21,Man City U21,2:0,Not in squad,,,,,,,,,,
2023/24,1055345,Kieran Morrison,Premier League 2,18,2024-04-06,Blackburn U21,Liverpool U21,1:0,Not in squad,,,,,,,,,,
2023/24,1055345,Kieran Morrison,Premier League 2,19,2024-04-12,Man Utd U21,Liverpool U21,0:3,Not in squad,,,,,,,,,,
2023/24,1055345,Kieran Morrison,Premier League 2,9,2024-04-22,Sunderland U21,Liverpool U21,2:1,Not in squad,,,,,,,,,,
2023/24,1055345,Kieran Morrison,Premier League 2,20,2024-04-28,Liverpool U21,Arsenal U21,0:2,Not in squad,,,,,,,,,,
2023/24,1055345,Kieran Morrison,Premier League International Cup U21,Group C,2023-09-27,Liverpool U21,Monaco U21,1:2,Information not yet available,,,,,,,,,,
2023/24,1055345,Kieran Morrison,Premier League International Cup U21,Group C,2023-10-22,Liverpool U21,Benfica B,1:1,Information not yet available,,,,,,,,,,
2023/24,1055345,Kieran Morrison,Premier League International Cup U21,Group C,2023-12-22,Liverpool U21,Feyenoord U21,3:1,Information not yet available,,,,,,,,,,
2023/24,1055345,Kieran Morrison,Premier League International Cup U21,Group C,2024-01-10,Liverpool U21,Bilbao Athletic,1:3,Information not yet available,,,,,,,,,,
2024/25,1055345,Kieran Morrison,2024 UEFA Under-19 Euro,Group A,2024-07-15,N. Ireland U19,Ukraine U19,0:0,CM,,,,,,,,76,76,
2024/25,1055345,Kieran Morrison,2024 UEFA Under-19 Euro,Group A,2024-07-18,N. Ireland U19,Italy U19,0:3,AM,,,,,,,,77,77,
2024/25,1055345,Kieran Morrison,2024 UEFA Under-19 Euro,Group A,2024-07-21,Norway U19,N. Ireland U19,2:0,AM,,,,,,,71,,19,
2023/24,1055345,Kieran Morrison,FA Youth Cup,Third Round,2023-12-19,Fleetwood U18,Liverpool U18,1:2,,,,,,,,,,90,
2023/24,1055345,Kieran Morrison,FA Youth Cup,Fourth Round,2024-01-20,Liverpool U18,Arsenal U18,7:1,Centre Forward,,,,,,,,,90,
2023/24,1055345,Kieran Morrison,FA Youth Cup,Fifth Round,2024-02-04,Liverpool U18,Fulham U18,3:0,,1,,,,,,,,90,
2023/24,1055345,Kieran Morrison,FA Youth Cup,Quarter-Finals,2024-02-29,Leeds U18,Liverpool U18,3:1,,,,,,,,,,90,
