﻿season,player_id,player_name,competition,journey,date,home_team,away_team,result,position,goals,assists,own_goals,yellow_cards,second_yellow_cards,red_cards,substitutions_on,substitutions_off,minutes_played,transfermarkt_score
2025/26,1055345,Kieran Morrison,UEFA Champions League,Group Stage,2025-09-17,Liverpool,Atlético,3:2,Not in squad,,,,,,,,,,
2025/26,1055345,Kieran Morrison,UEFA Champions League,Group Stage,2025-09-30,Galatasaray,Liverpool,1:0,Not in squad,,,,,,,,,,
2025/26,1055345,Kieran Morrison,UEFA Champions League,Group Stage,2025-10-22,Frankfurt,Liverpool,1:5,Not in squad,,,,,,,,,,
2025/26,1055345,Kieran Morrison,UEFA Champions League,Group Stage,2025-11-04,Liverpool,Real Madrid,1:0,Not in squad,,,,,,,,,,
2025/26,1055345,Kieran Morrison,UEFA Champions League,Group Stage,2025-11-26,Liverpool,PSV,1:4,Not in squad,,,,,,,,,,
2025/26,1055345,Kieran Morrison,UEFA Youth League,Group Stage,2025-09-17,Liverpool FC YL,Atlético YL,0:0,RM,,,,80,,,,,90,
2025/26,1055345,Kieran Morrison,UEFA Youth League,Group Stage,2025-09-30,Galatasaray YL,Liverpool FC YL,0:2,Not in squad,,,,,,,,,,
2025/26,1055345,Kieran Morrison,UEFA Youth League,Group Stage,2025-10-22,E. Frankfurt YL,Liverpool FC YL,4:5,CF,,3,,83,,,,,90,
2025/26,1055345,Kieran Morrison,UEFA Youth League,Group Stage,2025-11-04,Liverpool FC YL,Real Madrid YL,0:4,AM,,,,,,,,,90,
2025/26,1055345,Kieran Morrison,UEFA Youth League,Group Stage,2025-11-26,Liverpool FC YL,Eindhoven YL,1:0,CM,,,,,,,,,90,
2025/26,1055345,Kieran Morrison,Premier League,1,2025-08-15,Liverpool,Bournemouth,4:2,Not in squad,,,,,,,,,,
2025/26,1055345,Kieran Morrison,Premier League,2,2025-08-25,Newcastle,Liverpool,2:3,Not in squad,,,,,,,,,,
2025/26,1055345,Kieran Morrison,Premier League,3,2025-08-31,Liverpool,Arsenal,1:0,Not in squad,,,,,,,,,,
2025/26,1055345,Kieran Morrison,Premier League,4,2025-09-14,Burnley,Liverpool,0:1,Not in squad,,,,,,,,,,
2025/26,1055345,Kieran Morrison,Premier League,5,2025-09-20,Liverpool,Everton,2:1,Not in squad,,,,,,,,,,
2025/26,1055345,Kieran Morrison,Premier League,6,2025-09-27,Crystal Palace,Liverpool,2:1,Not in squad,,,,,,,,,,
2025/26,1055345,Kieran Morrison,Premier League,7,2025-10-04,Chelsea,Liverpool,2:1,Not in squad,,,,,,,,,,
2025/26,1055345,Kieran Morrison,Premier League,8,2025-10-19,Liverpool,Man Utd,1:2,Not in squad,,,,,,,,,,
2025/26,1055345,Kieran Morrison,Premier League,9,2025-10-25,Brentford,Liverpool,3:2,on the bench,,,,,,,,,,
2025/26,1055345,Kieran Morrison,Premier League,10,2025-11-01,Liverpool,Aston Villa,2:0,Not in squad,,,,,,,,,,
2025/26,1055345,Kieran Morrison,Premier League,11,2025-11-09,Man City,Liverpool,3:0,Not in squad,,,,,,,,,,
2025/26,1055345,Kieran Morrison,Premier League,12,2025-11-22,Liverpool,Nott'm Forest,0:3,Not in squad,,,,,,,,,,
2025/26,1055345,Kieran Morrison,Premier League,13,2025-11-30,West Ham,Liverpool,0:2,Not in squad,,,,,,,,,,
2025/26,1055345,Kieran Morrison,Premier League,14,2025-12-03,Liverpool,Sunderland,1:1,Not in squad,,,,,,,,,,
2025/26,1055345,Kieran Morrison,Community Shield,Final,2025-08-10,Crystal Palace,Liverpool,5:4 on pens,Not in squad,,,,,,,,,,
2025/26,1055345,Kieran Morrison,EFL Trophy,group A8,2025-09-02,Burton Albion,Liverpool U21,2:0,Centre Forward,,,,83,,,,,90,
2025/26,1055345,Kieran Morrison,EFL Trophy,group A8,2025-10-14,Crewe Alexandra,Liverpool U21,2:0,Not in squad,,,,,,,,,,
2025/26,1055345,Kieran Morrison,EFL Trophy,group A8,2025-11-11,Chesterfield,Liverpool U21,12:13 on pens,Not in squad,,,,,,,,,,
2025/26,1055345,Kieran Morrison,EFL Cup,Third Round,2025-09-23,Liverpool,Southampton,2:1,on the bench,,,,,,,,,,
2025/26,1055345,Kieran Morrison,EFL Cup,Fourth Round,2025-10-29,Liverpool,Crystal Palace,0:3,Centre Forward,,,,,,,,67,67,
2025/26,1055345,Kieran Morrison,Premier League 2,1,2025-08-18,Leicester U21,Liverpool U21,4:2,Centre Forward,,,,,,,,79,79,
2025/26,1055345,Kieran Morrison,Premier League 2,2,2025-08-25,Liverpool U21,Burnley U21,2:3,Centre Forward,1,,,,,,,,90,
2025/26,1055345,Kieran Morrison,Premier League 2,3,2025-08-29,Stoke U21,Liverpool U21,1:2,Centre Forward,,,,,,,,,90,
2025/26,1055345,Kieran Morrison,Premier League 2,4,2025-09-21,Liverpool U21,Man Utd U21,1:2,Not in squad,,,,,,,,,,
2025/26,1055345,Kieran Morrison,Premier League 2,5,2025-09-27,Ipswich U21,Liverpool U21,3:2,DM,,,,94,,,,,90,
2025/26,1055345,Kieran Morrison,Premier League 2,6,2025-10-03,Fulham U21,Liverpool U21,1:1,LM,,1,,,,,,,90,
2025/26,1055345,Kieran Morrison,Premier League 2,7,2025-10-26,Liverpool U21,Everton U21,4:1,Not in squad,,,,,,,,,,
2025/26,1055345,Kieran Morrison,Premier League 2,8,2025-11-01,Liverpool U21,Boro U21,4:2,Centre Forward,1,,,,,,,,90,
2025/26,1055345,Kieran Morrison,Premier League 2,9,2025-11-07,West Ham U21,Liverpool U21,3:0,RM,,,,,,,,,90,
2025/26,1055345,Kieran Morrison,UEFA European Under-21 Championship Qualifying,Group 6,2025-09-09,Georgia U21,N. Ireland U21,1:1,Not in squad,,,,,,,,,,
2025/26,1055345,Kieran Morrison,UEFA European Under-21 Championship Qualifying,Group 6,2025-10-09,N. Ireland U21,Malta U21,2:0,,,,,,,,81,,9,
2025/26,1055345,Kieran Morrison,UEFA European Under-21 Championship Qualifying,Group 6,2025-10-14,N. Ireland U21,Germany U21,1:2,Not in squad,,,,,,,,,,
2025/26,1055345,Kieran Morrison,UEFA European Under-21 Championship Qualifying,Group 6,2025-11-13,N. Ireland U21,Latvia U21,1:0,DM,,,,16,,,,75,75,
2025/26,1055345,Kieran Morrison,UEFA European Under-21 Championship Qualifying,Group 6,2025-11-18,Greece U21,N. Ireland U21,4:0,LM,,,,,,,,68,68,
