﻿season,player_id,player_name,competition,journey,date,home_team,away_team,result,position,goals,assists,own_goals,yellow_cards,second_yellow_cards,red_cards,substitutions_on,substitutions_off,minutes_played,transfermarkt_score
2024/25,1011140,Jack Fletcher,UEFA Europa League,Group Stage,2024-09-25,Man Utd,Twente FC,1:1,Not in squad,,,,,,,,,,
2024/25,1011140,Jack Fletcher,UEFA Europa League,Group Stage,2024-10-03,Porto,Man Utd,3:3,Not in squad,,,,,,,,,,
2024/25,1011140,Jack Fletcher,UEFA Europa League,Group Stage,2024-10-24,Fenerbahçe,Man Utd,1:1,Not in squad,,,,,,,,,,
2024/25,1011140,Jack Fletcher,UEFA Europa League,Group Stage,2024-11-07,Man Utd,PAOK,2:0,Not in squad,,,,,,,,,,
2024/25,1011140,Jack Fletcher,UEFA Europa League,Group Stage,2024-11-28,Man Utd,Bodø/Glimt,3:2,Not in squad,,,,,,,,,,
2024/25,1011140,Jack Fletcher,UEFA Europa League,Group Stage,2024-12-12,Viktoria Plzeň,Man Utd,1:2,Not in squad,,,,,,,,,,
2024/25,1011140,Jack Fletcher,UEFA Europa League,Group Stage,2025-01-23,Man Utd,Rangers,2:1,Not in squad,,,,,,,,,,
2024/25,1011140,Jack Fletcher,UEFA Europa League,Group Stage,2025-01-30,FCSB,Man Utd,0:2,Not in squad,,,,,,,,,,
2024/25,1011140,Jack Fletcher,UEFA Europa League,last 16 1st leg,2025-03-06,Real Sociedad,Man Utd,1:1,Not in squad,,,,,,,,,,
2024/25,1011140,Jack Fletcher,UEFA Europa League,last 16 2nd leg,2025-03-13,Man Utd,Real Sociedad,4:1,on the bench,,,,,,,,,,
2024/25,1011140,Jack Fletcher,UEFA Europa League,Quarter-Finals 1st leg,2025-04-10,Lyon,Man Utd,2:2,Not in squad,,,,,,,,,,
2024/25,1011140,Jack Fletcher,UEFA Europa League,Quarter-Finals 2nd leg,2025-04-17,Man Utd,Lyon,5:4 AET,Not in squad,,,,,,,,,,
2024/25,1011140,Jack Fletcher,UEFA Europa League,Semi-Finals 1st Leg,2025-05-01,Athletic Club,Man Utd,0:3,Not in squad,,,,,,,,,,
2024/25,1011140,Jack Fletcher,UEFA Europa League,Semi-Finals 2nd Leg,2025-05-08,Man Utd,Athletic Club,4:1,Not in squad,,,,,,,,,,
2024/25,1011140,Jack Fletcher,UEFA Europa League,Final,2025-05-21,Tottenham,Man Utd,1:0,Not in squad,,,,,,,,,,
2024/25,1011140,Jack Fletcher,International Friendlies,9,2024-09-04,England U18,Portugal U18,2:2,AM,,,,,,,63,,27,
2024/25,1011140,Jack Fletcher,International Friendlies,9,2024-09-06,Switzerland U18,England U18,1:1,CM,,,,,,,,72,72,
2024/25,1011140,Jack Fletcher,International Friendlies,2,2024-09-08,France U18,England U18,1:3 on pens,,,,,,,,87,,33,
2024/25,1011140,Jack Fletcher,International Friendlies,3,2024-10-11,Sweden U18,England U18,2:0,Not in squad,,,,,,,,,,
2024/25,1011140,Jack Fletcher,International Friendlies,8,2024-10-14,England U18,Ukraine U19,3:1,Not in squad,,,,,,,,,,
2024/25,1011140,Jack Fletcher,International Friendlies,37,2024-11-15,Poland U18,England U18,3:1,AM,,,,,,,,60,60,
2024/25,1011140,Jack Fletcher,International Friendlies,37,2024-11-18,Germany U18,England U18,1:0,,,,,,,,68,,22,
2024/25,1011140,Jack Fletcher,International Friendlies,12,2025-03-20,England U18,Czechia U18,2:2,AM,,,,,,,,62,62,
2024/25,1011140,Jack Fletcher,International Friendlies,12,2025-03-22,France U18,England U18,2:2,,,,,,,,60,,30,
2024/25,1011140,Jack Fletcher,International Friendlies,12,2025-03-25,Portugal U18,England U18,0:1,AM,,,,,,,,70,70,
2024/25,1011140,Jack Fletcher,International Friendlies,4,2025-05-25,Morocco U18,England U18,1:3,Not in squad,,,,,,,,,,
2024/25,1011140,Jack Fletcher,International Friendlies,5,2025-05-28,England U18,Morocco U18,1:2,Not in squad,,,,,,,,,,
2024/25,1011140,Jack Fletcher,UEFA Youth League,Second Round 1st leg,2024-10-23,FK Zalgiris YL,Man Utd YL,2:5,AM,,,,,,,,67,67,
2024/25,1011140,Jack Fletcher,UEFA Youth League,Second Round 2nd leg,2024-11-06,Man Utd YL,FK Zalgiris YL,6:0,AM,,1,,62,,,,,90,
2024/25,1011140,Jack Fletcher,UEFA Youth League,3rd round 1st leg,2024-11-26,AZ Alkmaar YL,Man Utd YL,2:1,AM,,,,,,,,,90,
2024/25,1011140,Jack Fletcher,UEFA Youth League,3rd round 2nd leg,2024-12-10,Man Utd YL,AZ Alkmaar YL,0:0,Not in squad,,,,,,,,,,
2024/25,1011140,Jack Fletcher,Premier League,1,2024-08-16,Man Utd,Fulham,1:0,Not in squad,,,,,,,,,,
2024/25,1011140,Jack Fletcher,Premier League,2,2024-08-24,Brighton,Man Utd,2:1,Not in squad,,,,,,,,,,
2024/25,1011140,Jack Fletcher,Premier League,3,2024-09-01,Man Utd,Liverpool,0:3,Not in squad,,,,,,,,,,
2024/25,1011140,Jack Fletcher,Premier League,4,2024-09-14,Southampton,Man Utd,0:3,Not in squad,,,,,,,,,,
2024/25,1011140,Jack Fletcher,Premier League,5,2024-09-21,Crystal Palace,Man Utd,0:0,Not in squad,,,,,,,,,,
2024/25,1011140,Jack Fletcher,Premier League,6,2024-09-29,Man Utd,Tottenham,0:3,Not in squad,,,,,,,,,,
2024/25,1011140,Jack Fletcher,Premier League,7,2024-10-06,Aston Villa,Man Utd,0:0,Not in squad,,,,,,,,,,
2024/25,1011140,Jack Fletcher,Premier League,8,2024-10-19,Man Utd,Brentford,2:1,on the bench,,,,,,,,,,
2024/25,1011140,Jack Fletcher,Premier League,9,2024-10-27,West Ham,Man Utd,2:1,on the bench,,,,,,,,,,
2024/25,1011140,Jack Fletcher,Premier League,10,2024-11-03,Man Utd,Chelsea,1:1,on the bench,,,,,,,,,,
2024/25,1011140,Jack Fletcher,Premier League,11,2024-11-10,Man Utd,Leicester,3:0,Not in squad,,,,,,,,,,
2024/25,1011140,Jack Fletcher,Premier League,12,2024-11-24,Ipswich,Man Utd,1:1,Not in squad,,,,,,,,,,
2024/25,1011140,Jack Fletcher,Premier League,13,2024-12-01,Man Utd,Everton,4:0,Not in squad,,,,,,,,,,
2024/25,1011140,Jack Fletcher,Premier League,14,2024-12-04,Arsenal,Man Utd,2:0,Not in squad,,,,,,,,,,
2024/25,1011140,Jack Fletcher,Premier League,15,2024-12-07,Man Utd,Nott'm Forest,2:3,Not in squad,,,,,,,,,,
2024/25,1011140,Jack Fletcher,Premier League,16,2024-12-15,Man City,Man Utd,1:2,Not in squad,,,,,,,,,,
2024/25,1011140,Jack Fletcher,Premier League,17,2024-12-22,Man Utd,Bournemouth,0:3,Not in squad,,,,,,,,,,
2024/25,1011140,Jack Fletcher,Premier League,18,2024-12-26,Wolves,Man Utd,2:0,Not in squad,,,,,,,,,,
2024/25,1011140,Jack Fletcher,Premier League,19,2024-12-30,Man Utd,Newcastle,0:2,Not in squad,,,,,,,,,,
2024/25,1011140,Jack Fletcher,Premier League,20,2025-01-05,Liverpool,Man Utd,2:2,Not in squad,,,,,,,,,,
2024/25,1011140,Jack Fletcher,Premier League,21,2025-01-16,Man Utd,Southampton,3:1,Not in squad,,,,,,,,,,
2024/25,1011140,Jack Fletcher,Premier League,22,2025-01-19,Man Utd,Brighton,1:3,Not in squad,,,,,,,,,,
2024/25,1011140,Jack Fletcher,Premier League,23,2025-01-26,Fulham,Man Utd,0:1,Not in squad,,,,,,,,,,
2024/25,1011140,Jack Fletcher,Premier League,24,2025-02-02,Man Utd,Crystal Palace,0:2,Not in squad,,,,,,,,,,
2024/25,1011140,Jack Fletcher,Premier League,25,2025-02-16,Tottenham,Man Utd,1:0,on the bench,,,,,,,,,,
2024/25,1011140,Jack Fletcher,Premier League,26,2025-02-22,Everton,Man Utd,2:2,Not in squad,,,,,,,,,,
2024/25,1011140,Jack Fletcher,Premier League,27,2025-02-26,Man Utd,Ipswich,3:2,Not in squad,,,,,,,,,,
2024/25,1011140,Jack Fletcher,Premier League,28,2025-03-09,Man Utd,Arsenal,1:1,on the bench,,,,,,,,,,
2024/25,1011140,Jack Fletcher,Premier League,29,2025-03-16,Leicester,Man Utd,0:3,Not in squad,,,,,,,,,,
2024/25,1011140,Jack Fletcher,Premier League,30,2025-04-01,Nott'm Forest,Man Utd,1:0,Not in squad,,,,,,,,,,
2024/25,1011140,Jack Fletcher,Premier League,31,2025-04-06,Man Utd,Man City,0:0,Not in squad,,,,,,,,,,
2024/25,1011140,Jack Fletcher,Premier League,32,2025-04-13,Newcastle,Man Utd,4:1,Not in squad,,,,,,,,,,
2024/25,1011140,Jack Fletcher,Premier League,33,2025-04-20,Man Utd,Wolves,0:1,Not in squad,,,,,,,,,,
2024/25,1011140,Jack Fletcher,Premier League,34,2025-04-27,Bournemouth,Man Utd,1:1,Not in squad,,,,,,,,,,
2024/25,1011140,Jack Fletcher,Premier League,35,2025-05-04,Brentford,Man Utd,4:3,Not in squad,,,,,,,,,,
2024/25,1011140,Jack Fletcher,Premier League,36,2025-05-11,Man Utd,West Ham,0:2,Not in squad,,,,,,,,,,
2024/25,1011140,Jack Fletcher,Premier League,37,2025-05-16,Chelsea,Man Utd,1:0,Not in squad,,,,,,,,,,
2024/25,1011140,Jack Fletcher,Premier League,38,2025-05-25,Man Utd,Aston Villa,2:0,Not in squad,,,,,,,,,,
2024/25,1011140,Jack Fletcher,Community Shield,Final,2024-08-10,Man Utd,Man City,7:8 on pens,Not in squad,,,,,,,,,,
2024/25,1011140,Jack Fletcher,EFL Trophy,group A6,2024-08-20,Barnsley,Man Utd U21,2:3,,2,,,,,,57,,33,
2024/25,1011140,Jack Fletcher,EFL Trophy,group A6,2024-09-24,Doncaster,Man Utd U21,6:8 on pens,AM,,,,,,,,,90,
2024/25,1011140,Jack Fletcher,EFL Trophy,group A6,2024-11-12,Huddersfield,Man Utd U21,4:1,Not in squad,,,,,,,,,,
2024/25,1011140,Jack Fletcher,FA Cup,Third Round,2025-01-12,Arsenal,Man Utd,4:6 on pens,Not in squad,,,,,,,,,,
2024/25,1011140,Jack Fletcher,FA Cup,Fourth Round,2025-02-07,Man Utd,Leicester,2:1,Not in squad,,,,,,,,,,
2024/25,1011140,Jack Fletcher,FA Cup,Fifth Round,2025-03-02,Man Utd,Fulham,4:5 on pens,Not in squad,,,,,,,,,,
2024/25,1011140,Jack Fletcher,EFL Cup,Third Round,2024-09-17,Man Utd,Barnsley,7:0,Not in squad,,,,,,,,,,
2024/25,1011140,Jack Fletcher,EFL Cup,Fourth Round,2024-10-30,Man Utd,Leicester,5:2,on the bench,,,,,,,,,,
2024/25,1011140,Jack Fletcher,EFL Cup,Quarter-Finals,2024-12-19,Tottenham,Man Utd,4:3,Not in squad,,,,,,,,,,
2024/25,1011140,Jack Fletcher,Premier League 2 Playoffs,Round of 16,2025-04-25,Man Utd U21,Everton U21,4:2,Not in squad,,,,,,,,,,
2024/25,1011140,Jack Fletcher,Premier League 2 Playoffs,Quarter-Finals,2025-05-05,Man Utd U21,West Ham U21,4:1,,,,,,,,90,,1,
2024/25,1011140,Jack Fletcher,Premier League 2 Playoffs,Semi-Finals,2025-05-09,Man City U21,Man Utd U21,2:0,,,,,,,,70,,20,
2024/25,1011140,Jack Fletcher,U18 Premier League,2,2024-08-24,Man City U18,Man Utd U18,0:2,Not in squad,,,,,,,,,,
2024/25,1011140,Jack Fletcher,U18 Premier League,3,2024-08-31,Man Utd U18,Liverpool U18,2:0,Not in squad,,,,,,,,,,
2024/25,1011140,Jack Fletcher,U18 Premier League,4,2024-09-14,Newcastle U18,Man Utd U18,1:5,Not in squad,,,,,,,,,,
2024/25,1011140,Jack Fletcher,U18 Premier League,5,2024-09-21,Boro U18,Man Utd U18,0:4,Not in squad,,,,,,,,,,
2024/25,1011140,Jack Fletcher,U18 Premier League,6,2024-09-28,Man Utd U18,Blackburn U18,9:0,Not in squad,,,,,,,,,,
2024/25,1011140,Jack Fletcher,U18 Premier League,7,2024-10-19,Sunderland U18,Man Utd U18,3:4,Not in squad,,,,,,,,,,
2024/25,1011140,Jack Fletcher,U18 Premier League,8,2024-10-26,Man Utd U18,Nottingham U18,6:0,Not in squad,,,,,,,,,,
2024/25,1011140,Jack Fletcher,U18 Premier League,9,2024-11-02,Leeds U18,Man Utd U18,0:8,Not in squad,,,,,,,,,,
2024/25,1011140,Jack Fletcher,U18 Premier League,10,2024-11-09,Man Utd U18,Everton U18,3:0,Not in squad,,,,,,,,,,
2024/25,1011140,Jack Fletcher,U18 Premier League,11,2024-11-30,Stoke U18,Man Utd U18,0:3,Not in squad,,,,,,,,,,
2024/25,1011140,Jack Fletcher,U18 Premier League,14,2025-01-25,Wolves U18,Man Utd U18,0:1,AM,,,,,,,,39,39,
2024/25,1011140,Jack Fletcher,U18 Premier League,15,2025-02-01,Man Utd U18,Man City U18,0:4,Not in squad,,,,,,,,,,
2024/25,1011140,Jack Fletcher,U18 Premier League,16,2025-02-08,Liverpool U18,Man Utd U18,2:2,Not in squad,,,,,,,,,,
2024/25,1011140,Jack Fletcher,U18 Premier League,17,2025-02-15,Man Utd U18,Newcastle U18,0:0,Not in squad,,,,,,,,,,
2024/25,1011140,Jack Fletcher,U18 Premier League,1,2025-02-18,Man Utd U18,Wolves U18,2:1,Not in squad,,,,,,,,,,
2024/25,1011140,Jack Fletcher,U18 Premier League,18,2025-02-22,Blackburn U18,Man Utd U18,1:2,Not in squad,,,,,,,,,,
2024/25,1011140,Jack Fletcher,U18 Premier League,19,2025-03-03,Man Utd U18,Boro U18,3:1,Not in squad,,,,,,,,,,
2024/25,1011140,Jack Fletcher,U18 Premier League,20,2025-03-08,Derby U18,Man Utd U18,2:3,Not in squad,,,,,,,,,,
2024/25,1011140,Jack Fletcher,U18 Premier League,24,2025-04-05,Man Utd U18,Leeds U18,13:1,,,1,,,,,71,,19,
2024/25,1011140,Jack Fletcher,U18 Premier League,23,2025-04-12,Nottingham U18,Man Utd U18,0:3,Not in squad,,,,,,,,,,
2024/25,1011140,Jack Fletcher,U18 Premier League,13,2025-04-18,Man Utd U18,Derby U18,4:3,Not in squad,,,,,,,,,,
2024/25,1011140,Jack Fletcher,U18 Premier League,25,2025-04-26,Everton U18,Man Utd U18,4:4,Not in squad,,,,,,,,,,
2024/25,1011140,Jack Fletcher,U18 Premier League,26,2025-05-02,Man Utd U18,Stoke U18,4:0,Not in squad,,,,,,,,,,
2024/25,1011140,Jack Fletcher,U18 Premier League,22,2025-05-10,Man Utd U18,Sunderland U18,3:1,Not in squad,,,,,,,,,,
2024/25,1011140,Jack Fletcher,Premier League 2,1,2024-08-16,Arsenal U21,Man Utd U21,4:2,Not in squad,,,,,,,,,,
2024/25,1011140,Jack Fletcher,Premier League 2,2,2024-08-23,Man Utd U21,Stoke U21,4:1,AM,1,,,,,,,,90,
2024/25,1011140,Jack Fletcher,Premier League 2,3,2024-08-30,Blackburn U21,Man Utd U21,1:3,AM,,2,,,,,,,90,
2024/25,1011140,Jack Fletcher,Premier League 2,4,2024-09-21,Man Utd U21,Man City U21,1:3,AM,,,,,,,,66,66,
2024/25,1011140,Jack Fletcher,Premier League 2,5,2024-09-27,Norwich U21,Man Utd U21,3:5,Not in squad,,,,,,,,,,
2024/25,1011140,Jack Fletcher,Premier League 2,6,2024-10-06,Man Utd U21,Liverpool U21,0:1,AM,,,,,,,,,90,
2024/25,1011140,Jack Fletcher,Premier League 2,7,2024-10-26,Newcastle U21,Man Utd U21,0:2,Not in squad,,,,,,,,,,
2024/25,1011140,Jack Fletcher,Premier League 2,8,2024-11-02,Sunderland U21,Man Utd U21,5:2,AM,1,1,,,,,,46,45,
2024/25,1011140,Jack Fletcher,Premier League 2,9,2024-11-29,Man Utd U21,West Ham U21,1:0,Not in squad,,,,,,,,,,
2024/25,1011140,Jack Fletcher,Premier League 2,10,2024-12-14,Man Utd U21,Southampton U21,5:1,Not in squad,,,,,,,,,,
2024/25,1011140,Jack Fletcher,Premier League 2,12,2025-01-18,Man Utd U21,Aston Villa U21,2:1,Not in squad,,,,,,,,,,
2024/25,1011140,Jack Fletcher,Premier League 2,13,2025-01-26,Brighton U21,Man Utd U21,0:1,Not in squad,,,,,,,,,,
2024/25,1011140,Jack Fletcher,Premier League 2,14,2025-02-07,Man Utd U21,Tottenham U21,2:0,Not in squad,,,,,,,,,,
2024/25,1011140,Jack Fletcher,Premier League 2,15,2025-02-17,Man Utd U21,Fulham U21,0:1,Not in squad,,,,,,,,,,
2024/25,1011140,Jack Fletcher,Premier League 2,16,2025-02-21,Chelsea U21,Man Utd U21,2:0,CM,,,,,,,,,90,
2024/25,1011140,Jack Fletcher,Premier League 2,18,2025-03-14,Man Utd U21,West Brom U21,5:1,AM,2,,,,,,,,90,
2024/25,1011140,Jack Fletcher,Premier League 2,11,2025-03-28,Leeds U21,Man Utd U21,2:2,Not in squad,,,,,,,,,,
2024/25,1011140,Jack Fletcher,Premier League 2,19,2025-04-07,Man Utd U21,Nottingham U21,3:3,,,,,,,,62,,28,
2024/25,1011140,Jack Fletcher,Premier League 2,17,2025-04-11,Reading U21,Man Utd U21,1:4,CM,,,,,,,,84,84,
2024/25,1011140,Jack Fletcher,Premier League 2,20,2025-04-14,Wolves U21,Man Utd U21,1:1,Not in squad,,,,,,,,,,
2024/25,1011140,Jack Fletcher,Premier League International Cup U21,Group C,2024-10-01,Man Utd U21,Hertha BSC II,1:1,Not in squad,,,,,,,,,,
2024/25,1011140,Jack Fletcher,Premier League International Cup U21,Group C,2024-10-30,Man Utd U21,PSV U21,1:1,Not in squad,,,,,,,,,,
2024/25,1011140,Jack Fletcher,Premier League International Cup U21,Group C,2024-12-07,Man Utd U21,Sparta Prague B,1:3,Not in squad,,,,,,,,,,
2024/25,1011140,Jack Fletcher,Premier League International Cup U21,Group C,2025-01-21,Man Utd U21,FCN Reserves,1:3,Information not yet available,,,,,,,,,,
2024/25,1011140,Jack Fletcher,FA Youth Cup,Third Round,2024-12-18,Man Utd U18,Coventry U18,5:0,Not in squad,,,,,,,,,,
2024/25,1011140,Jack Fletcher,FA Youth Cup,Fourth Round,2025-01-17,Man Utd U18,Preston U19,5:2,AM,1,1,,71,,,,79,79,
2024/25,1011140,Jack Fletcher,FA Youth Cup,Fifth Round,2025-02-12,Man Utd U18,Chelsea U18,5:1,AM,,1,,,,,,74,74,
2024/25,1011140,Jack Fletcher,FA Youth Cup,Quarter-Finals,2025-02-28,Arsenal U18,Man Utd U18,2:3 AET,AM,1,,,,,,,90,90,
2024/25,1011140,Jack Fletcher,FA Youth Cup,Semi-Finals,2025-03-31,Aston Villa U18,Man Utd U18,4:2 on pens,CM,,,,32,,,,72,72,
2024/25,1011140,Jack Fletcher,National League Cup,Group B,2024-10-09,Forest Green,Man Utd U21,2:3,Information not yet available,,,,,,,,,,
2024/25,1011140,Jack Fletcher,National League Cup,Group B,2024-11-19,Altrincham,Man Utd U21,0:4,Information not yet available,,,,,,,,,,
2024/25,1011140,Jack Fletcher,National League Cup,Group B,2024-12-03,Rochdale,Man Utd U21,0:1,Information not yet available,,,,,,,,,,
2024/25,1011140,Jack Fletcher,National League Cup,Group B,2025-01-29,Oldham Athletic,Man Utd U21,0:5,Information not yet available,,,,,,,,,,
2024/25,1011140,Jack Fletcher,National League Cup,Quarter-Finals,2025-02-25,Sutton Utd,Man Utd U21,3:0,Not in squad,,,,,,,,,,
