﻿season,player_id,player_name,competition,journey,date,home_team,away_team,result,position,goals,assists,own_goals,yellow_cards,second_yellow_cards,red_cards,substitutions_on,substitutions_off,minutes_played,transfermarkt_score
2019/20,106987,Marcel Sabitzer,Bundesliga,1,2019-08-18,Union Berlin,Leipzig,0:4,Centre Forward,1,3,,,,,,,1,90.0
2019/20,106987,Marcel Sabitzer,Bundesliga,2,2019-08-25,Leipzig,Frankfurt,2:1,AM,,,,,,,,,3,90.0
2019/20,106987,Marcel Sabitzer,Bundesliga,3,2019-08-30,Mönchengladbach,Leipzig,1:3,Centre Forward,,,,,,,,,2,90.0
2019/20,106987,Marcel Sabitzer,Bundesliga,4,2019-09-14,Leipzig,Bayern Munich,1:1,AM,,,,92,,,,,2,90.0
2019/20,106987,Marcel Sabitzer,Bundesliga,5,2019-09-21,Werder Bremen,Leipzig,0:3,AM,1,,,,,,,,2,90.0
2019/20,106987,Marcel Sabitzer,Bundesliga,6,2019-09-28,Leipzig,FC Schalke 04,1:3,Centre Forward,,,,,,,,,3,90.0
2019/20,106987,Marcel Sabitzer,Bundesliga,7,2019-10-05,Leverkusen,Leipzig,1:1,Centre Forward,,,,,,,,63,3,63.0
2019/20,106987,Marcel Sabitzer,Bundesliga,8,2019-10-19,Leipzig,Wolfsburg,1:1,Centre Forward,,,,,,,,,3,90.0
2019/20,106987,Marcel Sabitzer,Bundesliga,9,2019-10-26,Freiburg,Leipzig,2:1,RM,,,,,,,,56,4,56.0
2019/20,106987,Marcel Sabitzer,Bundesliga,10,2019-11-02,Leipzig,Mainz,8:0,Centre Forward,1,1,,,,,,62,1,62.0
2019/20,106987,Marcel Sabitzer,Bundesliga,11,2019-11-09,Hertha BSC,Leipzig,2:4,Centre Forward,1,,,,,,,,2,90.0
2019/20,106987,Marcel Sabitzer,Bundesliga,12,2019-11-23,Leipzig,1.FC Köln,4:1,Centre Forward,,,,,,,,,3,90.0
2019/20,106987,Marcel Sabitzer,Bundesliga,13,2019-11-30,SC Paderborn,Leipzig,2:3,Centre Forward,1,,,,,,,61,2,61.0
2019/20,106987,Marcel Sabitzer,Bundesliga,14,2019-12-07,Leipzig,Hoffenheim,3:1,RM,1,,,84,,,,,2,90.0
2019/20,106987,Marcel Sabitzer,Bundesliga,15,2019-12-14,F. Düsseldorf,Leipzig,0:3,Centre Forward,,1,,,,,,,3,90.0
2019/20,106987,Marcel Sabitzer,Bundesliga,16,2019-12-17,Dortmund,Leipzig,3:3,CM,,,,,,,,70,4,70.0
2019/20,106987,Marcel Sabitzer,Bundesliga,17,2019-12-21,Leipzig,Augsburg,3:1,Centre Forward,,,,,,,65,,3,25.0
2019/20,106987,Marcel Sabitzer,Bundesliga,18,2020-01-18,Leipzig,Union Berlin,3:1,Centre Forward,1,1,,,,,,,2,90.0
2019/20,106987,Marcel Sabitzer,Bundesliga,19,2020-01-25,Frankfurt,Leipzig,2:0,CM,,,,52,,,,,3,90.0
2019/20,106987,Marcel Sabitzer,Bundesliga,20,2020-02-01,Leipzig,Mönchengladbach,2:2,Centre Forward,,,,,,,,,3,90.0
2019/20,106987,Marcel Sabitzer,Bundesliga,21,2020-02-09,Bayern Munich,Leipzig,0:0,CM,,,,,,,,,3,90.0
2019/20,106987,Marcel Sabitzer,Bundesliga,22,2020-02-15,Leipzig,Werder Bremen,3:0,AM,,,,,,,,,3,90.0
2019/20,106987,Marcel Sabitzer,Bundesliga,23,2020-02-22,FC Schalke 04,Leipzig,0:5,AM,1,,,,,,,,2,90.0
2019/20,106987,Marcel Sabitzer,Bundesliga,24,2020-03-01,Leipzig,Leverkusen,1:1,DM,,,,,,,,,3,90.0
2019/20,106987,Marcel Sabitzer,Bundesliga,25,2020-03-07,Wolfsburg,Leipzig,0:0,AM,,,,,,,,,3,90.0
2019/20,106987,Marcel Sabitzer,Bundesliga,26,2020-05-16,Leipzig,Freiburg,1:1,CM,,,,,,,69,,3,21.0
2019/20,106987,Marcel Sabitzer,Bundesliga,27,2020-05-24,Mainz,Leipzig,0:5,CM,1,1,,13,,,,60,1,60.0
2019/20,106987,Marcel Sabitzer,Bundesliga,28,2020-05-27,Leipzig,Hertha BSC,2:2,CM,,,,,,,,,3,90.0
2019/20,106987,Marcel Sabitzer,Bundesliga,29,2020-06-01,1.FC Köln,Leipzig,2:4,CM,,,,,,,,,3,90.0
2019/20,106987,Marcel Sabitzer,Bundesliga,30,2020-06-06,Leipzig,SC Paderborn,1:1,Not in squad,,,,,,,,,,
2019/20,106987,Marcel Sabitzer,Bundesliga,31,2020-06-12,Hoffenheim,Leipzig,0:2,CM,,1,,,,,,78,3,78.0
2019/20,106987,Marcel Sabitzer,Bundesliga,32,2020-06-17,Leipzig,F. Düsseldorf,2:2,CM,,,,,,,,81,3,81.0
2019/20,106987,Marcel Sabitzer,Bundesliga,33,2020-06-20,Leipzig,Dortmund,0:2,AM,,,,,,,,39,4,39.0
2019/20,106987,Marcel Sabitzer,Bundesliga,34,2020-06-27,Augsburg,Leipzig,1:2,Knee injury,,,,,,,,,,
2019/20,106987,Marcel Sabitzer,UEFA Champions League,Group G,2019-09-17,Benfica,Leipzig,1:2,Centre Forward,,1,,,,,,,90,
2019/20,106987,Marcel Sabitzer,UEFA Champions League,Group G,2019-10-02,Leipzig,Lyon,0:2,AM,,,,,,,,,90,
2019/20,106987,Marcel Sabitzer,UEFA Champions League,Group G,2019-10-23,Leipzig,Zenit S-Pb,2:1,Centre Forward,1,1,,,,,,,90,
2019/20,106987,Marcel Sabitzer,UEFA Champions League,Group G,2019-11-05,Zenit S-Pb,Leipzig,0:2,Centre Forward,1,,,,,,,,90,
2019/20,106987,Marcel Sabitzer,UEFA Champions League,Group G,2019-11-27,Leipzig,Benfica,2:2,RM,,,,,,,,,90,
2019/20,106987,Marcel Sabitzer,UEFA Champions League,Group G,2019-12-10,Lyon,Leipzig,2:2,on the bench,,,,,,,,,,
2019/20,106987,Marcel Sabitzer,UEFA Champions League,last 16 1st leg,2020-02-19,Tottenham,Leipzig,0:1,CM,,,,12,,,,,90,
2019/20,106987,Marcel Sabitzer,UEFA Champions League,last 16 2nd leg,2020-03-10,Leipzig,Tottenham,3:0,CM,2,,,71,,,,87,87,
2020/21,106987,Marcel Sabitzer,UEFA Champions League,Quarter-Finals,2020-08-13,Leipzig,Atlético,2:1,RM,,1,,,,,,90,90,
2020/21,106987,Marcel Sabitzer,UEFA Champions League,Semi-Finals,2020-08-18,Leipzig,PSG,0:3,AM,,,,,,,,,90,
2019/20,106987,Marcel Sabitzer,DFB-Pokal,First Round,2019-08-11,VfL Osnabrück,Leipzig,2:3,AM,2,,,,,,,,90,
2019/20,106987,Marcel Sabitzer,DFB-Pokal,Second Round,2019-10-30,Wolfsburg,Leipzig,1:6,Centre Forward,1,,,,,,,65,65,
2019/20,106987,Marcel Sabitzer,DFB-Pokal,Round of 16,2020-02-04,Frankfurt,Leipzig,3:1,AM,,,,,,,,,90,
