﻿season,player_id,player_name,competition,journey,date,home_team,away_team,result,position,goals,assists,own_goals,yellow_cards,second_yellow_cards,red_cards,substitutions_on,substitutions_off,minutes_played,transfermarkt_score
2023/24,1026524,Sam Amissah,International Friendlies,8,2023-09-06,England U17,Portugal U17,2:3,Not in squad,,,,,,,,,,
2023/24,1026524,Sam Amissah,International Friendlies,31,2023-09-09,England U17,Morocco U16,6:7 on pens,Not in squad,,,,,,,,,,
2023/24,1026524,Sam Amissah,International Friendlies,6,2023-09-12,England U17,Spain U17,4:1,Not in squad,,,,,,,,,,
2023/24,1026524,Sam Amissah,International Friendlies,4,2023-10-11,England U17,Norway U16,3:0,on the bench,,,,,,,,,,
2023/24,1026524,Sam Amissah,International Friendlies,11,2023-10-13,England U17,Norway U16,2:2,,,,,,,,,,90,
2023/24,1026524,Sam Amissah,EFL Trophy,group B5,2023-08-22,Portsmouth,Fulham U21,8:7 on pens,Not in squad,,,,,,,,,,
2023/24,1026524,Sam Amissah,EFL Trophy,group B5,2023-09-19,Leyton Orient,Fulham U21,7:6 on pens,on the bench,,,,,,,,,,
2023/24,1026524,Sam Amissah,EFL Trophy,group B5,2023-11-07,Gillingham,Fulham U21,0:1,Not in squad,,,,,,,,,,
2023/24,1026524,Sam Amissah,EFL Trophy,Second Round,2023-12-05,Wycombe,Fulham U21,3:2,Not in squad,,,,,,,,,,
2023/24,1026524,Sam Amissah,Premier League 2 Playoffs,Round of 16,2024-05-06,Fulham U21,Nottingham U21,0:2,LB,,,,,,,,74,74,
2023/24,1026524,Sam Amissah,U18 Premier League,1,2023-08-12,Fulham U18,Reading U18,2:0,Not in squad,,,,,,,,,,
2023/24,1026524,Sam Amissah,U18 Premier League,2,2023-08-19,West Ham U18,Fulham U18,3:0,Not in squad,,,,,,,,,,
2023/24,1026524,Sam Amissah,U18 Premier League,3,2023-08-26,Fulham U18,Leicester U18,4:3,Not in squad,,,,,,,,,,
2023/24,1026524,Sam Amissah,U18 Premier League,4,2023-09-16,Chelsea U18,Fulham U18,1:3,LB,,,,,,,,,90,
2023/24,1026524,Sam Amissah,U18 Premier League,5,2023-09-23,Fulham U18,Palace U18,4:3,LB,,,,,,,,,90,
2023/24,1026524,Sam Amissah,U18 Premier League,6,2023-09-30,Southampton U18,Fulham U18,1:4,Not in squad,,,,,,,,,,
2023/24,1026524,Sam Amissah,U18 Premier League,7,2023-10-07,Fulham U18,West Brom U18,2:3,CB,1,,,,,,,,90,
2023/24,1026524,Sam Amissah,U18 Premier League,8,2023-10-28,Fulham U18,Aston Villa U18,7:2,Not in squad,,,,,,,,,,
2023/24,1026524,Sam Amissah,U18 Premier League,10,2023-11-11,Brighton U18,Fulham U18,4:2,Not in squad,,,,,,,,,,
2023/24,1026524,Sam Amissah,U18 Premier League,11,2023-12-09,Fulham U18,Spurs U18,1:3,CB,,,,,,,,,90,
2023/24,1026524,Sam Amissah,U18 Premier League,14,2024-01-13,Fulham U18,Southampton U18,3:2,CB,,,,,,,,,90,
2023/24,1026524,Sam Amissah,U18 Premier League,15,2024-01-27,Palace U18,Fulham U18,4:2,Not in squad,,,,,,,,,,
2023/24,1026524,Sam Amissah,U18 Premier League,16,2024-02-10,Fulham U18,West Ham U18,3:4,CB,,,,,,,,,90,
2023/24,1026524,Sam Amissah,U18 Premier League,17,2024-02-17,Aston Villa U18,Fulham U18,0:2,CB,,,,,,,,,90,
2023/24,1026524,Sam Amissah,U18 Premier League,18,2024-02-24,West Brom U18,Fulham U18,2:1,CB,,,,,,,,,90,
2023/24,1026524,Sam Amissah,U18 Premier League,13,2024-03-02,Fulham U18,Norwich U18,5:0,CB,,,,,,,,,90,
2023/24,1026524,Sam Amissah,U18 Premier League,19,2024-03-09,Fulham U18,Arsenal U18,1:0,Not in squad,,,,,,,,,,
2023/24,1026524,Sam Amissah,U18 Premier League,20,2024-03-16,Norwich U18,Fulham U18,0:0,CB,,,,,,,,,90,
2023/24,1026524,Sam Amissah,U18 Premier League,12,2024-03-30,Arsenal U18,Fulham U18,5:2,Not in squad,,,,,,,,,,
2023/24,1026524,Sam Amissah,U18 Premier League,21,2024-04-06,Fulham U18,Brighton U18,3:2,Not in squad,,,,,,,,,,
2023/24,1026524,Sam Amissah,U18 Premier League,22,2024-04-13,Spurs U18,Fulham U18,3:4,Not in squad,,,,,,,,,,
2023/24,1026524,Sam Amissah,U18 Premier League,23,2024-04-20,Fulham U18,Chelsea U18,3:3,CB,,,,,,,,,90,
2023/24,1026524,Sam Amissah,U18 Premier League,24,2024-04-27,Reading U18,Fulham U18,0:3,Not in squad,,,,,,,,,,
2023/24,1026524,Sam Amissah,U18 Premier League,25,2024-05-01,Leicester U18,Fulham U18,1:5,Not in squad,,,,,,,,,,
2023/24,1026524,Sam Amissah,Premier League 2,1,2023-08-11,Wolves U21,Fulham U21,2:3,Not in squad,,,,,,,,,,
2023/24,1026524,Sam Amissah,Premier League 2,2,2023-08-18,Fulham U21,Man City U21,2:1,Not in squad,,,,,,,,,,
2023/24,1026524,Sam Amissah,Premier League 2,3,2023-08-28,Palace U21,Fulham U21,2:5,Not in squad,,,,,,,,,,
2023/24,1026524,Sam Amissah,Premier League 2,4,2023-09-01,Fulham U21,Southampton U21,5:1,Not in squad,,,,,,,,,,
2023/24,1026524,Sam Amissah,Premier League 2,5,2023-09-25,West Brom U21,Fulham U21,0:3,Not in squad,,,,,,,,,,
2023/24,1026524,Sam Amissah,Premier League 2,6,2023-09-29,Fulham U21,Leicester U21,1:3,CB,,,,,,,,,90,
2023/24,1026524,Sam Amissah,Premier League 2,7,2023-10-27,Fulham U21,Man Utd U21,1:1,Not in squad,,,,,,,,,,
2023/24,1026524,Sam Amissah,Premier League 2,8,2023-11-03,Chelsea U21,Fulham U21,2:2,Not in squad,,,,,,,,,,
2023/24,1026524,Sam Amissah,Premier League 2,9,2023-12-01,Fulham U21,Brighton U21,3:0,Not in squad,,,,,,,,,,
2023/24,1026524,Sam Amissah,Premier League 2,10,2023-12-15,Aston Villa U21,Fulham U21,1:1,Not in squad,,,,,,,,,,
2023/24,1026524,Sam Amissah,Premier League 2,11,2024-01-12,Fulham U21,Derby U21,2:1,,1,,,,,,87,,3,
2023/24,1026524,Sam Amissah,Premier League 2,12,2024-01-28,Liverpool U21,Fulham U21,2:0,,,,,,,,46,,45,
2023/24,1026524,Sam Amissah,Premier League 2,13,2024-02-09,Fulham U21,Blackburn U21,1:2,Not in squad,,,,,,,,,,
2023/24,1026524,Sam Amissah,Premier League 2,14,2024-02-16,Norwich U21,Fulham U21,3:3,Not in squad,,,,,,,,,,
2023/24,1026524,Sam Amissah,Premier League 2,15,2024-03-01,Fulham U21,Reading U21,7:1,Not in squad,,,,,,,,,,
2023/24,1026524,Sam Amissah,Premier League 2,16,2024-03-08,West Ham U21,Fulham U21,0:3,CB,1,,,,,,,,90,
2023/24,1026524,Sam Amissah,Premier League 2,17,2024-03-15,Leeds U21,Fulham U21,3:5,on the bench,,,,,,,,,,
2023/24,1026524,Sam Amissah,Premier League 2,18,2024-04-08,Fulham U21,Boro U21,2:2,,,,,,,,79,,11,
2023/24,1026524,Sam Amissah,Premier League 2,19,2024-04-13,Newcastle U21,Fulham U21,1:3,CB,,,,,,,,,90,
2023/24,1026524,Sam Amissah,Premier League 2,20,2024-04-26,Fulham U21,Tottenham U21,0:2,LB,,,,,,,,,90,
2023/24,1026524,Sam Amissah,2024 UEFA Under-17 Euro,Group D,2024-05-21,France U17,England U17,0:4,CB,,1,,,,,,75,75,
2023/24,1026524,Sam Amissah,2024 UEFA Under-17 Euro,Group D,2024-05-24,Portugal U17,England U17,4:1,CB,,,,,,,,,90,
2023/24,1026524,Sam Amissah,2024 UEFA Under-17 Euro,Group D,2024-05-27,England U17,Spain U17,3:1,RB,,,,,,,72,,18,
2023/24,1026524,Sam Amissah,2024 UEFA Under-17 Euro,Quarter-Finals,2024-05-30,Italy U17,England U17,6:5 on pens,CB,,,,,,,,,90,
2023/24,1026524,Sam Amissah,Premier League International Cup U21,Group C,2023-10-31,Fulham U21,Feyenoord U21,3:1,Information not yet available,,,,,,,,,,
2023/24,1026524,Sam Amissah,Premier League International Cup U21,Group C,2023-12-20,Fulham U21,Bilbao Athletic,2:1,Information not yet available,,,,,,,,,,
2023/24,1026524,Sam Amissah,Premier League International Cup U21,Group C,2024-01-08,Fulham U21,Benfica B,3:1,Information not yet available,,,,,,,,,,
2023/24,1026524,Sam Amissah,Premier League International Cup U21,Group C,2024-01-17,Fulham U21,Monaco U21,2:1,Information not yet available,,,,,,,,,,
2023/24,1026524,Sam Amissah,Premier League International Cup U21,Quarter-Finals,2024-02-26,Everton U21,Fulham U21,3:1,Information not yet available,,,,,,,,,,
2023/24,1026524,Sam Amissah,UEFA European Under-17 Championship qualification,group 9,2023-11-03,England U17,Faroe U17,8:0,Not in squad,,,,,,,,,,
2023/24,1026524,Sam Amissah,UEFA European Under-17 Championship qualification,group 9,2023-11-06,England U17,Kosovo U17,5:0,Not in squad,,,,,,,,,,
2023/24,1026524,Sam Amissah,UEFA European Under-17 Championship qualification,group 9,2023-11-09,Croatia U17,England U17,1:5,Not in squad,,,,,,,,,,
2023/24,1026524,Sam Amissah,UEFA European Under-17 Championship qualification,group B1,2024-03-20,England U17,N. Ireland U17,5:1,CB,,,,,,,,,90,
2023/24,1026524,Sam Amissah,UEFA European Under-17 Championship qualification,group B1,2024-03-23,England U17,Hungary U17,5:0,,,,,,,,81,,9,
2023/24,1026524,Sam Amissah,UEFA European Under-17 Championship qualification,group B1,2024-03-26,France U17,England U17,2:1,on the bench,,,,,,,,,,
2023/24,1026524,Sam Amissah,Premier League Cup,Group G,2023-09-15,Brentford U21,Fulham U21,1:6,Information not yet available,,,,,,,,,,
2023/24,1026524,Sam Amissah,Premier League Cup,Group G,2023-10-06,Fulham U21,Leicester U21,4:0,Information not yet available,,,,,,,,,,
2023/24,1026524,Sam Amissah,Premier League Cup,Group G,2023-11-10,Fulham U21,Burnley U21,8:0,Information not yet available,,,,,,,,,,
2023/24,1026524,Sam Amissah,Premier League Cup,Group G,2023-12-08,Fulham U21,Brentford U21,1:1,Information not yet available,,,,,,,,,,
2023/24,1026524,Sam Amissah,Premier League Cup,Group G,2024-01-22,Leicester U21,Fulham U21,1:0,Information not yet available,,,,,,,,,,
2023/24,1026524,Sam Amissah,Premier League Cup,Group G,2024-02-05,Burnley U21,Fulham U21,1:1,Information not yet available,,,,,,,,,,
2023/24,1026524,Sam Amissah,Premier League Cup,Round of 16,2024-02-20,Fulham U21,Boro U21,2:1,Information not yet available,,,,,,,,,,
2023/24,1026524,Sam Amissah,Premier League Cup,Quarter-Finals,2024-04-04,Fulham U21,Palace U21,3:0,Information not yet available,,,,,,,,,,
2023/24,1026524,Sam Amissah,Premier League Cup,Semi-Finals,2024-04-19,Chelsea U21,Fulham U21,0:4,Information not yet available,,,,,,,,,,
2023/24,1026524,Sam Amissah,Premier League Cup,Final,2024-05-16,Fulham U21,Tottenham U21,4:0,Not in squad,,,,,,,,,,
2023/24,1026524,Sam Amissah,FA Youth Cup,Third Round,2023-12-15,Cardiff U18,Fulham U18,1:2,CB,,,,,,,,58,58,
2023/24,1026524,Sam Amissah,FA Youth Cup,Fourth Round,2024-01-24,Swansea U18,Fulham U18,0:5,CB,,,,,,,,,90,
2023/24,1026524,Sam Amissah,FA Youth Cup,Fifth Round,2024-02-04,Liverpool U18,Fulham U18,3:0,,,,,,,,,,90,
