﻿season,player_id,player_name,competition,journey,date,home_team,away_team,result,position,goals,assists,own_goals,yellow_cards,second_yellow_cards,red_cards,substitutions_on,substitutions_off,minutes_played,transfermarkt_score
2024/25,104124,Michail Antonio,International Friendlies,10,2025-02-07,Jamaica,Trinidad,1:0,Broken leg,,,,,,,,,,
2024/25,104124,Michail Antonio,International Friendlies,11,2025-02-10,Jamaica,Trinidad,1:1,Broken leg,,,,,,,,,,
2024/25,104124,Michail Antonio,International Friendlies,52,2025-05-27,Jamaica,Trinidad,3:2,Broken leg,,,,,,,,,,
2024/25,104124,Michail Antonio,International Friendlies,45,2025-05-31,Jamaica,Nigeria,6:7 on pens,Broken leg,,,,,,,,,,
2024/25,104124,Michail Antonio,Premier League,1,2024-08-17,West Ham,Aston Villa,1:2,CF,,,,,,,,73,73,
2024/25,104124,Michail Antonio,Premier League,2,2024-08-24,Crystal Palace,West Ham,0:2,CF,,,,,,,,62,62,
2024/25,104124,Michail Antonio,Premier League,3,2024-08-31,West Ham,Man City,1:3,CF,,,,,,,,71,71,
2024/25,104124,Michail Antonio,Premier League,4,2024-09-14,Fulham,West Ham,1:1,CF,,,,,,,,46,45,
2024/25,104124,Michail Antonio,Premier League,5,2024-09-21,West Ham,Chelsea,0:3,CF,,,,83,,,54,,36,
2024/25,104124,Michail Antonio,Premier League,6,2024-09-28,Brentford,West Ham,1:1,CF,,1,,,,,,75,75,
2024/25,104124,Michail Antonio,Premier League,7,2024-10-05,West Ham,Ipswich,4:1,CF,1,,,,,,,70,70,
2024/25,104124,Michail Antonio,Premier League,8,2024-10-19,Tottenham,West Ham,4:1,CF,,,,,,,,61,61,
2024/25,104124,Michail Antonio,Premier League,9,2024-10-27,West Ham,Man Utd,2:1,CF,,,,,,,,71,71,
2024/25,104124,Michail Antonio,Premier League,10,2024-11-02,Nott'm Forest,West Ham,3:0,,,,,,,,46,,45,
2024/25,104124,Michail Antonio,Premier League,11,2024-11-09,West Ham,Everton,0:0,CF,,,,,,,,67,67,
2024/25,104124,Michail Antonio,Premier League,12,2024-11-25,Newcastle,West Ham,0:2,CF,,,,,,,,75,75,
2024/25,104124,Michail Antonio,Premier League,13,2024-11-30,West Ham,Arsenal,2:5,CF,,,,,,,,65,65,
2024/25,104124,Michail Antonio,Premier League,14,2024-12-03,Leicester,West Ham,3:1,,,,,,,,62,,28,
2024/25,104124,Michail Antonio,Premier League,15,2024-12-09,West Ham,Wolves,2:1,Broken leg,,,,,,,,,,
2024/25,104124,Michail Antonio,Premier League,16,2024-12-16,Bournemouth,West Ham,1:1,Broken leg,,,,,,,,,,
2024/25,104124,Michail Antonio,Premier League,17,2024-12-21,West Ham,Brighton,1:1,Broken leg,,,,,,,,,,
2024/25,104124,Michail Antonio,Premier League,18,2024-12-26,Southampton,West Ham,0:1,Broken leg,,,,,,,,,,
2024/25,104124,Michail Antonio,Premier League,19,2024-12-29,West Ham,Liverpool,0:5,Broken leg,,,,,,,,,,
2024/25,104124,Michail Antonio,Premier League,20,2025-01-04,Man City,West Ham,4:1,Broken leg,,,,,,,,,,
2024/25,104124,Michail Antonio,Premier League,21,2025-01-14,West Ham,Fulham,3:2,Broken leg,,,,,,,,,,
2024/25,104124,Michail Antonio,Premier League,22,2025-01-18,West Ham,Crystal Palace,0:2,Broken leg,,,,,,,,,,
2024/25,104124,Michail Antonio,Premier League,23,2025-01-26,Aston Villa,West Ham,1:1,Broken leg,,,,,,,,,,
2024/25,104124,Michail Antonio,Premier League,24,2025-02-03,Chelsea,West Ham,2:1,Broken leg,,,,,,,,,,
2024/25,104124,Michail Antonio,Premier League,25,2025-02-15,West Ham,Brentford,0:1,Broken leg,,,,,,,,,,
2024/25,104124,Michail Antonio,Premier League,26,2025-02-22,Arsenal,West Ham,0:1,Broken leg,,,,,,,,,,
2024/25,104124,Michail Antonio,Premier League,27,2025-02-27,West Ham,Leicester,2:0,Broken leg,,,,,,,,,,
2024/25,104124,Michail Antonio,Premier League,28,2025-03-10,West Ham,Newcastle,0:1,Broken leg,,,,,,,,,,
2024/25,104124,Michail Antonio,Premier League,29,2025-03-15,Everton,West Ham,1:1,Broken leg,,,,,,,,,,
2024/25,104124,Michail Antonio,Premier League,30,2025-04-01,Wolves,West Ham,1:0,Broken leg,,,,,,,,,,
2024/25,104124,Michail Antonio,Premier League,31,2025-04-05,West Ham,Bournemouth,2:2,Broken leg,,,,,,,,,,
2024/25,104124,Michail Antonio,Premier League,32,2025-04-13,Liverpool,West Ham,2:1,Broken leg,,,,,,,,,,
2024/25,104124,Michail Antonio,Premier League,33,2025-04-19,West Ham,Southampton,1:1,Broken leg,,,,,,,,,,
2024/25,104124,Michail Antonio,Premier League,34,2025-04-26,Brighton,West Ham,3:2,Broken leg,,,,,,,,,,
2024/25,104124,Michail Antonio,Premier League,35,2025-05-04,West Ham,Tottenham,1:1,Broken leg,,,,,,,,,,
2024/25,104124,Michail Antonio,Premier League,36,2025-05-11,Man Utd,West Ham,0:2,Broken leg,,,,,,,,,,
2024/25,104124,Michail Antonio,Premier League,37,2025-05-18,West Ham,Nott'm Forest,1:2,Broken leg,,,,,,,,,,
2024/25,104124,Michail Antonio,Premier League,38,2025-05-25,Ipswich,West Ham,1:3,Broken leg,,,,,,,,,,
2024/25,104124,Michail Antonio,FA Cup,Third Round,2025-01-10,Aston Villa,West Ham,2:1,Broken leg,,,,,,,,,,
2024/25,104124,Michail Antonio,EFL Cup,Second Round,2024-08-28,West Ham,Bournemouth,1:0,on the bench,,,,,,,,,,
2024/25,104124,Michail Antonio,EFL Cup,Third Round,2024-09-25,Liverpool,West Ham,5:1,CF,,,,,,,60,,30,
2024/25,104124,Michail Antonio,Gold Cup Qualification,Qualifying Round 1st leg,2025-03-22,St. Vincent,Jamaica,1:1,Broken leg,,,,,,,,,,
2024/25,104124,Michail Antonio,Gold Cup Qualification,Qualifying Round 2nd leg,2025-03-26,Jamaica,St. Vincent,3:0,Broken leg,,,,,,,,,,
2024/25,104124,Michail Antonio,Gold Cup,Group C,2025-06-17,Jamaica,Guatemala,0:1,,,,,,,,85,,5,
2024/25,104124,Michail Antonio,Gold Cup,Group C,2025-06-21,Jamaica,Guadeloupe,2:1,,,,,,,,81,,9,
2024/25,104124,Michail Antonio,Gold Cup,Group C,2025-06-25,Panama,Jamaica,4:1,,,,,,,,72,,18,
2024/25,104124,Michail Antonio,CONCACAF Nations League A,Group B,2024-09-07,Jamaica,Cuba,0:0,CF,,,,,,,,,90,
2024/25,104124,Michail Antonio,CONCACAF Nations League A,Group B,2024-09-11,Honduras,Jamaica,1:2,CF,1,,,57,,,,84,84,
2024/25,104124,Michail Antonio,CONCACAF Nations League A,Group B,2024-10-11,Nicaragua,Jamaica,0:2,on the bench,,,,,,,,,,
2024/25,104124,Michail Antonio,CONCACAF Nations League A,Group B,2024-10-15,Jamaica,Honduras,0:0,CF,,,,77,,,,83,83,
2024/25,104124,Michail Antonio,CONCACAF Nations League Finals,Quarter-Finals 1st leg,2024-11-15,Jamaica,USA,0:1,Yellow card suspension,,,,,,,,,,
2024/25,104124,Michail Antonio,CONCACAF Nations League Finals,Quarter-Finals 2nd leg,2024-11-19,USA,Jamaica,4:2,Not in squad,,,,,,,,,,
