﻿season,player_id,player_name,competition,journey,date,home_team,away_team,result,position,goals,assists,own_goals,yellow_cards,second_yellow_cards,red_cards,substitutions_on,substitutions_off,minutes_played,transfermarkt_score
2019/20,110864,Sam Johnstone,Championship,1,2019-08-03,Nott'm Forest,West Brom,1:2,GK,,,,,,,,,90,
2019/20,110864,Sam Johnstone,Championship,2,2019-08-10,West Brom,Millwall,1:1,GK,,,,,,,,,90,
2019/20,110864,Sam Johnstone,Championship,3,2019-08-17,Luton,West Brom,1:2,GK,,,,,,,,,90,
2019/20,110864,Sam Johnstone,Championship,4,2019-08-21,West Brom,Reading,1:1,GK,,,,,,,,,90,
2019/20,110864,Sam Johnstone,Championship,5,2019-08-24,Derby,West Brom,1:1,GK,,,,,,,,,90,
2019/20,110864,Sam Johnstone,Championship,6,2019-08-31,West Brom,Blackburn,3:2,GK,,,,,,,,,90,
2019/20,110864,Sam Johnstone,Championship,7,2019-09-14,Fulham,West Brom,1:1,GK,,,,,,,,,90,
2019/20,110864,Sam Johnstone,Championship,8,2019-09-22,West Brom,Huddersfield,4:2,GK,,,,,,,,,90,
2019/20,110864,Sam Johnstone,Championship,9,2019-09-28,QPR,West Brom,0:2,GK,,,,,,,,,90,
2019/20,110864,Sam Johnstone,Championship,10,2019-10-01,Leeds,West Brom,1:0,GK,,,,,,,,,90,
2019/20,110864,Sam Johnstone,Championship,11,2019-10-05,West Brom,Cardiff,4:2,GK,,,,,,,,,90,
2019/20,110864,Sam Johnstone,Championship,12,2019-10-19,Middlesbrough,West Brom,0:1,GK,,,,,,,,,90,
2019/20,110864,Sam Johnstone,Championship,13,2019-10-22,West Brom,Barnsley,2:2,GK,,,,,,,,,90,
2019/20,110864,Sam Johnstone,Championship,14,2019-10-26,West Brom,Charlton,2:2,GK,,,,,,,,,90,
2019/20,110864,Sam Johnstone,Championship,15,2019-11-04,Stoke City,West Brom,0:2,GK,,,,,,,,,90,
2019/20,110864,Sam Johnstone,Championship,16,2019-11-09,Hull City,West Brom,0:1,GK,,,,91,,,,,90,
2019/20,110864,Sam Johnstone,Championship,17,2019-11-23,West Brom,Sheff Wed,2:1,GK,,,,,,,,,90,
2019/20,110864,Sam Johnstone,Championship,18,2019-11-27,West Brom,Bristol City,4:1,GK,,,,,,,,,90,
2019/20,110864,Sam Johnstone,Championship,19,2019-12-02,Preston,West Brom,0:1,GK,,,,,,,,,90,
2019/20,110864,Sam Johnstone,Championship,20,2019-12-08,West Brom,Swansea,5:1,GK,,,,,,,,,90,
2019/20,110864,Sam Johnstone,Championship,21,2019-12-11,Wigan,West Brom,1:1,GK,,,1,,,,,,90,
2019/20,110864,Sam Johnstone,Championship,22,2019-12-14,Birmingham,West Brom,2:3,GK,,,,,,,,,90,
2019/20,110864,Sam Johnstone,Championship,23,2019-12-21,West Brom,Brentford,1:1,GK,,,,,,,,,90,
2019/20,110864,Sam Johnstone,Championship,24,2019-12-26,Barnsley,West Brom,1:1,GK,,,,,,,,,90,
2019/20,110864,Sam Johnstone,Championship,25,2019-12-29,West Brom,Middlesbrough,0:2,GK,,,,,,,,,90,
2019/20,110864,Sam Johnstone,Championship,26,2020-01-01,West Brom,Leeds,1:1,GK,,,,,,,,,90,
2019/20,110864,Sam Johnstone,Championship,27,2020-01-11,Charlton,West Brom,2:2,GK,,,1,,,,,,90,
2019/20,110864,Sam Johnstone,Championship,28,2020-01-20,West Brom,Stoke City,0:1,GK,,,,,,,,,90,
2019/20,110864,Sam Johnstone,Championship,29,2020-01-28,Cardiff,West Brom,2:1,GK,,,,,,,,,90,
2019/20,110864,Sam Johnstone,Championship,30,2020-02-01,West Brom,Luton,2:0,GK,,,,,,,,,90,
2019/20,110864,Sam Johnstone,Championship,31,2020-02-09,Millwall,West Brom,0:2,GK,,,,,,,,,90,
2019/20,110864,Sam Johnstone,Championship,32,2020-02-12,Reading,West Brom,1:2,GK,,,,,,,,,90,
2019/20,110864,Sam Johnstone,Championship,33,2020-02-15,West Brom,Nott'm Forest,2:2,GK,,,,,,,,,90,
2019/20,110864,Sam Johnstone,Championship,34,2020-02-22,Bristol City,West Brom,0:3,GK,,,,,,,,,90,
2019/20,110864,Sam Johnstone,Championship,35,2020-02-25,West Brom,Preston,2:0,GK,,,,,,,,,90,
2019/20,110864,Sam Johnstone,Championship,36,2020-02-29,West Brom,Wigan,0:1,GK,,,,,,,,,90,
2019/20,110864,Sam Johnstone,Championship,37,2020-03-07,Swansea,West Brom,0:0,GK,,,,,,,,,90,
2019/20,110864,Sam Johnstone,Championship,38,2020-06-20,West Brom,Birmingham,0:0,GK,,,,,,,,,90,
2019/20,110864,Sam Johnstone,Championship,39,2020-06-26,Brentford,West Brom,1:0,GK,,,,,,,,,90,
2020/21,110864,Sam Johnstone,Championship,40,2020-07-01,Sheff Wed,West Brom,0:3,GK,,,,,,,,,90,
2020/21,110864,Sam Johnstone,Championship,41,2020-07-05,West Brom,Hull City,4:2,GK,,,,,,,,,90,
2020/21,110864,Sam Johnstone,Championship,42,2020-07-08,West Brom,Derby,2:0,GK,,,,,,,,,90,
2020/21,110864,Sam Johnstone,Championship,43,2020-07-11,Blackburn,West Brom,1:1,GK,,,,,,,,,90,
2020/21,110864,Sam Johnstone,Championship,44,2020-07-14,West Brom,Fulham,0:0,GK,,,,,,,,,90,
2020/21,110864,Sam Johnstone,Championship,45,2020-07-17,Huddersfield,West Brom,2:1,GK,,,,,,,,,90,
2020/21,110864,Sam Johnstone,Championship,46,2020-07-22,West Brom,QPR,2:2,GK,,,,,,,,,90,
2019/20,110864,Sam Johnstone,FA Cup,Third Round,2020-01-05,Charlton,West Brom,0:1,Not in squad,,,,,,,,,,
2019/20,110864,Sam Johnstone,FA Cup,Fourth Round,2020-01-25,West Ham,West Brom,0:1,Not in squad,,,,,,,,,,
2019/20,110864,Sam Johnstone,FA Cup,Fifth Round,2020-03-03,West Brom,Newcastle,2:3,Not in squad,,,,,,,,,,
2019/20,110864,Sam Johnstone,EFL Cup,First Round,2019-08-13,West Brom,Millwall,1:2,on the bench,,,,,,,,,,
