﻿season,player_id,player_name,competition,journey,date,home_team,away_team,result,position,goals,assists,own_goals,yellow_cards,second_yellow_cards,red_cards,substitutions_on,substitutions_off,minutes_played,transfermarkt_score
2024/25,1045123,Trey Nyoni,UEFA Champions League,Group Stage,2024-09-17,AC Milan,Liverpool,1:3,Not in squad,,,,,,,,,,
2024/25,1045123,Trey Nyoni,UEFA Champions League,Group Stage,2024-10-02,Liverpool,Bologna,2:0,on the bench,,,,,,,,,,
2024/25,1045123,Trey Nyoni,UEFA Champions League,Group Stage,2024-10-23,Leipzig,Liverpool,0:1,on the bench,,,,,,,,,,
2024/25,1045123,Trey Nyoni,UEFA Champions League,Group Stage,2024-11-05,Liverpool,Leverkusen,4:0,Not in squad,,,,,,,,,,
2024/25,1045123,Trey Nyoni,UEFA Champions League,Group Stage,2024-11-27,Liverpool,Real Madrid,2:0,Not in squad,,,,,,,,,,
2024/25,1045123,Trey Nyoni,UEFA Champions League,Group Stage,2024-12-10,Girona,Liverpool,0:1,Not in squad,,,,,,,,,,
2024/25,1045123,Trey Nyoni,UEFA Champions League,Group Stage,2025-01-21,Liverpool,Lille,2:1,Not in squad,,,,,,,,,,
2024/25,1045123,Trey Nyoni,UEFA Champions League,Group Stage,2025-01-29,PSV,Liverpool,3:2,CM,,,,,,,64,,26,
2024/25,1045123,Trey Nyoni,UEFA Champions League,last 16 1st leg,2025-03-05,PSG,Liverpool,0:1,on the bench,,,,,,,,,,
2024/25,1045123,Trey Nyoni,UEFA Champions League,last 16 2nd leg,2025-03-11,Liverpool,PSG,1:5 on pens,Not in squad,,,,,,,,,,
2024/25,1045123,Trey Nyoni,International Friendlies,9,2024-09-04,England U18,Portugal U18,2:2,AM,1,,,,,,,63,63,
2023/24,1045123,Trey Nyoni,International Friendlies,,,,,,,,,,,,,,,,
2024/25,1045123,Trey Nyoni,International Friendlies,6,2024-09-04,Italy U19,England U19,2:2,Not in squad,,,,,,,,,,
2023/24,1045123,Trey Nyoni,International Friendlies,,,,,,,,,,,,,,,,
2024/25,1045123,Trey Nyoni,International Friendlies,9,2024-09-06,Switzerland U18,England U18,1:1,on the bench,,,,,,,,,,
2023/24,1045123,Trey Nyoni,International Friendlies,,,,,,,,,,,,,,,,
2024/25,1045123,Trey Nyoni,International Friendlies,2,2024-09-07,Croatia U19,England U19,1:1,Not in squad,,,,,,,,,,
2023/24,1045123,Trey Nyoni,International Friendlies,,,,,,,,,,,,,,,,
2024/25,1045123,Trey Nyoni,International Friendlies,2,2024-09-08,France U18,England U18,1:3 on pens,,1,,,,,,,87,87,
2023/24,1045123,Trey Nyoni,International Friendlies,,,,,,,,,,,,,,,,
2024/25,1045123,Trey Nyoni,International Friendlies,2,2024-09-10,Germany U19,England U19,3:2,Not in squad,,,,,,,,,,
2024/25,1045123,Trey Nyoni,International Friendlies,3,2024-10-09,England U19,Portugal U19,1:2,Not in squad,,,,,,,,,,
2023/24,1045123,Trey Nyoni,International Friendlies,,,,,,,,,,,,,,,,
2024/25,1045123,Trey Nyoni,International Friendlies,3,2024-10-11,Sweden U18,England U18,2:0,,,,,,,,59,,31,
2023/24,1045123,Trey Nyoni,International Friendlies,,,,,,,,,,,,,,,,
2024/25,1045123,Trey Nyoni,International Friendlies,4,2024-10-12,Netherlands U19,England U19,1:4,Not in squad,,,,,,,,,,
2023/24,1045123,Trey Nyoni,International Friendlies,,,,,,,,,,,,,,,,
2024/25,1045123,Trey Nyoni,International Friendlies,8,2024-10-14,England U18,Ukraine U19,3:1,AM,,,,,,,,84,84,
2023/24,1045123,Trey Nyoni,International Friendlies,,,,,,,,,,,,,,,,
2024/25,1045123,Trey Nyoni,International Friendlies,37,2024-10-15,England U19,France U19,4:2,Not in squad,,,,,,,,,,
2023/24,1045123,Trey Nyoni,International Friendlies,,,,,,,,,,,,,,,,
2024/25,1045123,Trey Nyoni,International Friendlies,37,2024-11-15,Poland U18,England U18,3:1,Not in squad,,,,,,,,,,
2024/25,1045123,Trey Nyoni,International Friendlies,37,2024-11-18,Germany U18,England U18,1:0,Not in squad,,,,,,,,,,
2024/25,1045123,Trey Nyoni,International Friendlies,12,2025-03-20,England U18,Czechia U18,2:2,Not in squad,,,,,,,,,,
2024/25,1045123,Trey Nyoni,International Friendlies,12,2025-03-22,France U18,England U18,2:2,Not in squad,,,,,,,,,,
2023/24,1045123,Trey Nyoni,International Friendlies,,,,,,,,,,,,,,,,
2024/25,1045123,Trey Nyoni,International Friendlies,12,2025-03-24,England U20,Switzerland U21,2:2,RM,,,,,,,,59,59,
2023/24,1045123,Trey Nyoni,International Friendlies,,,,,,,,,,,,,,,,
2024/25,1045123,Trey Nyoni,International Friendlies,12,2025-03-25,Portugal U18,England U18,0:1,Not in squad,,,,,,,,,,
2024/25,1045123,Trey Nyoni,International Friendlies,4,2025-05-25,Morocco U18,England U18,1:3,,,,,,,,,,90,
2024/25,1045123,Trey Nyoni,International Friendlies,5,2025-05-28,England U18,Morocco U18,1:2,AM,1,,,,,,,,90,
2023/24,1045123,Trey Nyoni,International Friendlies,,,,,,,,,,,,,,,,
2024/25,1045123,Trey Nyoni,International Friendlies,7,2025-06-06,England U19,Iceland U19,3:1,Not in squad,,,,,,,,,,
2024/25,1045123,Trey Nyoni,UEFA Youth League,Group Stage,2024-09-17,AC Milan YL,Liverpool FC YL,0:0,LM,,,,,,,,,90,
2024/25,1045123,Trey Nyoni,UEFA Youth League,Group Stage,2024-10-02,Liverpool FC YL,FC Bologna YL,2:1,Not in squad,,,,,,,,,,
2024/25,1045123,Trey Nyoni,UEFA Youth League,Group Stage,2024-10-23,RB Leipzig YL,Liverpool FC YL,3:1,Not in squad,,,,,,,,,,
2024/25,1045123,Trey Nyoni,UEFA Youth League,Group Stage,2024-11-05,Liverpool FC YL,Leverkusen YL,4:1,CM,,,,,,,,,90,
2024/25,1045123,Trey Nyoni,UEFA Youth League,Group Stage,2024-11-27,Liverpool FC YL,Real Madrid YL,0:1,CM,,,,,,,,,90,
2024/25,1045123,Trey Nyoni,UEFA Youth League,Group Stage,2024-12-10,FC Girona YL,Liverpool FC YL,2:2,CM,,,,,,,,,90,
2024/25,1045123,Trey Nyoni,UEFA Youth League,intermediate stage,2025-02-11,Stuttgart YL,Liverpool FC YL,7:5 on pens,Not in squad,,,,,,,,,,
2024/25,1045123,Trey Nyoni,Premier League,1,2024-08-17,Ipswich,Liverpool,0:2,Not in squad,,,,,,,,,,
2024/25,1045123,Trey Nyoni,Premier League,2,2024-08-25,Liverpool,Brentford,2:0,Not in squad,,,,,,,,,,
2024/25,1045123,Trey Nyoni,Premier League,3,2024-09-01,Man Utd,Liverpool,0:3,Not in squad,,,,,,,,,,
2024/25,1045123,Trey Nyoni,Premier League,4,2024-09-14,Liverpool,Nott'm Forest,0:1,Not in squad,,,,,,,,,,
2024/25,1045123,Trey Nyoni,Premier League,5,2024-09-21,Liverpool,Bournemouth,3:0,Not in squad,,,,,,,,,,
2024/25,1045123,Trey Nyoni,Premier League,6,2024-09-28,Wolves,Liverpool,1:2,Not in squad,,,,,,,,,,
2024/25,1045123,Trey Nyoni,Premier League,7,2024-10-05,Crystal Palace,Liverpool,0:1,Not in squad,,,,,,,,,,
2024/25,1045123,Trey Nyoni,Premier League,8,2024-10-20,Liverpool,Chelsea,2:1,Not in squad,,,,,,,,,,
2024/25,1045123,Trey Nyoni,Premier League,9,2024-10-27,Arsenal,Liverpool,2:2,Not in squad,,,,,,,,,,
2024/25,1045123,Trey Nyoni,Premier League,10,2024-11-02,Liverpool,Brighton,2:1,Not in squad,,,,,,,,,,
2024/25,1045123,Trey Nyoni,Premier League,11,2024-11-09,Liverpool,Aston Villa,2:0,Not in squad,,,,,,,,,,
2024/25,1045123,Trey Nyoni,Premier League,12,2024-11-24,Southampton,Liverpool,2:3,Not in squad,,,,,,,,,,
2024/25,1045123,Trey Nyoni,Premier League,13,2024-12-01,Liverpool,Man City,2:0,on the bench,,,,,,,,,,
2024/25,1045123,Trey Nyoni,Premier League,14,2024-12-04,Newcastle,Liverpool,3:3,on the bench,,,,,,,,,,
2024/25,1045123,Trey Nyoni,Premier League,16,2024-12-14,Liverpool,Fulham,2:2,on the bench,,,,,,,,,,
2024/25,1045123,Trey Nyoni,Premier League,17,2024-12-22,Tottenham,Liverpool,3:6,on the bench,,,,,,,,,,
2024/25,1045123,Trey Nyoni,Premier League,18,2024-12-26,Liverpool,Leicester,3:1,Not in squad,,,,,,,,,,
2024/25,1045123,Trey Nyoni,Premier League,19,2024-12-29,West Ham,Liverpool,0:5,Not in squad,,,,,,,,,,
2024/25,1045123,Trey Nyoni,Premier League,20,2025-01-05,Liverpool,Man Utd,2:2,Not in squad,,,,,,,,,,
2024/25,1045123,Trey Nyoni,Premier League,21,2025-01-14,Nott'm Forest,Liverpool,1:1,Not in squad,,,,,,,,,,
2024/25,1045123,Trey Nyoni,Premier League,22,2025-01-18,Brentford,Liverpool,0:2,Not in squad,,,,,,,,,,
2024/25,1045123,Trey Nyoni,Premier League,23,2025-01-25,Liverpool,Ipswich,4:1,Not in squad,,,,,,,,,,
2024/25,1045123,Trey Nyoni,Premier League,24,2025-02-01,Bournemouth,Liverpool,0:2,Not in squad,,,,,,,,,,
2024/25,1045123,Trey Nyoni,Premier League,15,2025-02-12,Everton,Liverpool,2:2,Not in squad,,,,,,,,,,
2024/25,1045123,Trey Nyoni,Premier League,25,2025-02-16,Liverpool,Wolves,2:1,Not in squad,,,,,,,,,,
2024/25,1045123,Trey Nyoni,Premier League,29,2025-02-19,Aston Villa,Liverpool,2:2,Not in squad,,,,,,,,,,
2024/25,1045123,Trey Nyoni,Premier League,26,2025-02-23,Man City,Liverpool,0:2,Not in squad,,,,,,,,,,
2024/25,1045123,Trey Nyoni,Premier League,27,2025-02-26,Liverpool,Newcastle,2:0,Not in squad,,,,,,,,,,
2024/25,1045123,Trey Nyoni,Premier League,28,2025-03-08,Liverpool,Southampton,3:1,Not in squad,,,,,,,,,,
2024/25,1045123,Trey Nyoni,Premier League,30,2025-04-02,Liverpool,Everton,1:0,Not in squad,,,,,,,,,,
2024/25,1045123,Trey Nyoni,Premier League,31,2025-04-06,Fulham,Liverpool,3:2,Not in squad,,,,,,,,,,
2024/25,1045123,Trey Nyoni,Premier League,32,2025-04-13,Liverpool,West Ham,2:1,Not in squad,,,,,,,,,,
2024/25,1045123,Trey Nyoni,Premier League,33,2025-04-20,Leicester,Liverpool,0:1,Not in squad,,,,,,,,,,
2024/25,1045123,Trey Nyoni,Premier League,34,2025-04-27,Liverpool,Tottenham,5:1,Not in squad,,,,,,,,,,
2024/25,1045123,Trey Nyoni,Premier League,35,2025-05-04,Chelsea,Liverpool,3:1,Not in squad,,,,,,,,,,
2024/25,1045123,Trey Nyoni,Premier League,36,2025-05-11,Liverpool,Arsenal,2:2,Not in squad,,,,,,,,,,
2024/25,1045123,Trey Nyoni,Premier League,37,2025-05-19,Brighton,Liverpool,3:2,Not in squad,,,,,,,,,,
2024/25,1045123,Trey Nyoni,Premier League,38,2025-05-25,Liverpool,Crystal Palace,1:1,Not in squad,,,,,,,,,,
2024/25,1045123,Trey Nyoni,EFL Trophy,group A5,2024-08-27,Crewe Alexandra,Liverpool U21,5:1,Not in squad,,,,,,,,,,
2024/25,1045123,Trey Nyoni,EFL Trophy,group A5,2024-09-24,Harrogate Town,Liverpool U21,5:3 on pens,Not in squad,,,,,,,,,,
2024/25,1045123,Trey Nyoni,EFL Trophy,group A5,2024-11-06,Blackpool,Liverpool U21,7:8 on pens,Not in squad,,,,,,,,,,
2024/25,1045123,Trey Nyoni,FA Cup,Third Round,2025-01-11,Liverpool,Accrington,4:0,AM,,1,,,,,79,,11,
2024/25,1045123,Trey Nyoni,FA Cup,Fourth Round,2025-02-09,Plymouth,Liverpool,1:0,CM,,,,18,,,,76,76,
2024/25,1045123,Trey Nyoni,EFL Cup,Third Round,2024-09-25,Liverpool,West Ham,5:1,Not in squad,,,,,,,,,,
2024/25,1045123,Trey Nyoni,EFL Cup,Fourth Round,2024-10-30,Brighton,Liverpool,2:3,CM,,,,,,,64,,26,
2024/25,1045123,Trey Nyoni,EFL Cup,Quarter-Finals,2024-12-18,Southampton,Liverpool,1:2,CM,,,,,,,,86,86,
2024/25,1045123,Trey Nyoni,EFL Cup,Semi-Finals 1st Leg,2025-01-08,Tottenham,Liverpool,1:0,Not in squad,,,,,,,,,,
2024/25,1045123,Trey Nyoni,EFL Cup,Semi-Finals 2nd Leg,2025-02-06,Liverpool,Tottenham,4:0,Not in squad,,,,,,,,,,
2024/25,1045123,Trey Nyoni,EFL Cup,Final,2025-03-16,Liverpool,Newcastle,1:2,Not in squad,,,,,,,,,,
2024/25,1045123,Trey Nyoni,Premier League 2 Playoffs,Round of 16,2025-04-25,Man City U21,Liverpool U21,2:1 AET,CM,,,,64,,,,,120,
2024/25,1045123,Trey Nyoni,U18 Premier League,1,2024-08-17,Derby U18,Liverpool U18,5:1,Not in squad,,,,,,,,,,
2024/25,1045123,Trey Nyoni,U18 Premier League,2,2024-08-24,Liverpool U18,Boro U18,2:3,Not in squad,,,,,,,,,,
2024/25,1045123,Trey Nyoni,U18 Premier League,3,2024-08-31,Man Utd U18,Liverpool U18,2:0,Not in squad,,,,,,,,,,
2024/25,1045123,Trey Nyoni,U18 Premier League,4,2024-09-14,Liverpool U18,Blackburn U18,0:2,Not in squad,,,,,,,,,,
2024/25,1045123,Trey Nyoni,U18 Premier League,5,2024-09-21,Leeds U18,Liverpool U18,2:2,Not in squad,,,,,,,,,,
2024/25,1045123,Trey Nyoni,U18 Premier League,6,2024-09-28,Liverpool U18,Newcastle U18,2:3,Not in squad,,,,,,,,,,
2024/25,1045123,Trey Nyoni,U18 Premier League,8,2024-10-26,Liverpool U18,Sunderland U18,4:2,Not in squad,,,,,,,,,,
2024/25,1045123,Trey Nyoni,U18 Premier League,9,2024-11-02,Man City U18,Liverpool U18,3:1,Not in squad,,,,,,,,,,
2024/25,1045123,Trey Nyoni,U18 Premier League,10,2024-11-09,Liverpool U18,Stoke U18,2:0,CM,,,,,,,,,90,
2024/25,1045123,Trey Nyoni,U18 Premier League,11,2024-11-30,Everton U18,Liverpool U18,3:2,Not in squad,,,,,,,,,,
2024/25,1045123,Trey Nyoni,U18 Premier League,12,2024-12-14,Liverpool U18,Wolves U18,4:2,Not in squad,,,,,,,,,,
2024/25,1045123,Trey Nyoni,U18 Premier League,14,2025-01-25,Liverpool U18,Derby U18,1:4,Not in squad,,,,,,,,,,
2024/25,1045123,Trey Nyoni,U18 Premier League,16,2025-02-08,Liverpool U18,Man Utd U18,2:2,Not in squad,,,,,,,,,,
2024/25,1045123,Trey Nyoni,U18 Premier League,17,2025-02-15,Blackburn U18,Liverpool U18,5:0,Not in squad,,,,,,,,,,
2024/25,1045123,Trey Nyoni,U18 Premier League,18,2025-02-22,Newcastle U18,Liverpool U18,3:1,Not in squad,,,,,,,,,,
2024/25,1045123,Trey Nyoni,U18 Premier League,13,2025-02-26,Nottingham U18,Liverpool U18,5:2,Not in squad,,,,,,,,,,
2024/25,1045123,Trey Nyoni,U18 Premier League,19,2025-03-01,Liverpool U18,Leeds U18,1:3,Not in squad,,,,,,,,,,
2024/25,1045123,Trey Nyoni,U18 Premier League,20,2025-03-08,Liverpool U18,Nottingham U18,2:2,Not in squad,,,,,,,,,,
2024/25,1045123,Trey Nyoni,U18 Premier League,21,2025-03-15,Wolves U18,Liverpool U18,1:2,Not in squad,,,,,,,,,,
2024/25,1045123,Trey Nyoni,U18 Premier League,23,2025-04-12,Sunderland U18,Liverpool U18,6:1,Not in squad,,,,,,,,,,
2024/25,1045123,Trey Nyoni,U18 Premier League,24,2025-04-16,Liverpool U18,Man City U18,0:5,Not in squad,,,,,,,,,,
2024/25,1045123,Trey Nyoni,U18 Premier League,15,2025-04-23,Boro U18,Liverpool U18,2:7,Not in squad,,,,,,,,,,
2024/25,1045123,Trey Nyoni,U18 Premier League,25,2025-04-26,Stoke U18,Liverpool U18,3:3,Not in squad,,,,,,,,,,
2024/25,1045123,Trey Nyoni,U18 Premier League,26,2025-05-03,Liverpool U18,Everton U18,0:3,Not in squad,,,,,,,,,,
2024/25,1045123,Trey Nyoni,Premier League 2,1,2024-08-17,Liverpool U21,Man City U21,3:1,Not in squad,,,,,,,,,,
2024/25,1045123,Trey Nyoni,Premier League 2,2,2024-08-24,Liverpool U21,Leicester U21,1:2,CM,1,,,,,,,73,73,
2024/25,1045123,Trey Nyoni,Premier League 2,3,2024-09-02,Sunderland U21,Liverpool U21,2:3,Not in squad,,,,,,,,,,
2024/25,1045123,Trey Nyoni,Premier League 2,4,2024-09-21,Liverpool U21,Derby U21,3:1,DM,,1,,,,,,62,62,
2024/25,1045123,Trey Nyoni,Premier League 2,5,2024-09-27,Arsenal U21,Liverpool U21,0:3,AM,,,,,,,,84,84,
2024/25,1045123,Trey Nyoni,Premier League 2,6,2024-10-06,Man Utd U21,Liverpool U21,0:1,CM,,,,,,,,80,80,
2024/25,1045123,Trey Nyoni,Premier League 2,7,2024-10-26,Liverpool U21,Everton U21,0:2,AM,,,,,,,,,90,
2024/25,1045123,Trey Nyoni,Premier League 2,8,2024-11-02,Liverpool U21,Wolves U21,4:1,AM,1,,,,,,,,90,
2024/25,1045123,Trey Nyoni,Premier League 2,9,2024-11-30,Reading U21,Liverpool U21,1:1,CM,,,,,,,,74,74,
2024/25,1045123,Trey Nyoni,Premier League 2,10,2024-12-16,Palace U21,Liverpool U21,3:3,Not in squad,,,,,,,,,,
2024/25,1045123,Trey Nyoni,Premier League 2,12,2025-01-18,Liverpool U21,West Brom U21,0:5,CM,,,,,,,,71,71,
2024/25,1045123,Trey Nyoni,Premier League 2,13,2025-01-26,Tottenham U21,Liverpool U21,2:0,Not in squad,,,,,,,,,,
2024/25,1045123,Trey Nyoni,Premier League 2,14,2025-02-07,Southampton U21,Liverpool U21,1:1,Not in squad,,,,,,,,,,
2024/25,1045123,Trey Nyoni,Premier League 2,15,2025-02-16,Liverpool U21,Chelsea U21,0:3,CM,,,,,,,,,90,
2024/25,1045123,Trey Nyoni,Premier League 2,16,2025-02-21,Stoke U21,Liverpool U21,0:1,CM,,,,,,,,,90,
2024/25,1045123,Trey Nyoni,Premier League 2,17,2025-03-02,Liverpool U21,Boro U21,0:1,DM,,,,,,,,,90,
2024/25,1045123,Trey Nyoni,Premier League 2,11,2025-03-09,Liverpool U21,West Ham U21,1:1,DM,,,,,,,,,90,
2024/25,1045123,Trey Nyoni,Premier League 2,19,2025-04-06,Brighton U21,Liverpool U21,2:1,DM,,,,,,,,77,77,
2024/25,1045123,Trey Nyoni,Premier League 2,20,2025-04-13,Liverpool U21,Leeds U21,1:1,AM,,,,87,,,,,90,
2024/25,1045123,Trey Nyoni,Premier League 2,18,2025-04-18,Aston Villa U21,Liverpool U21,2:2,AM,,,,56,,,,,90,
2024/25,1045123,Trey Nyoni,Premier League International Cup U21,Group C,2024-08-21,Liverpool U21,PSV U21,0:4,Not in squad,,,,,,,,,,
2024/25,1045123,Trey Nyoni,Premier League International Cup U21,Group C,2024-10-30,Liverpool U21,Hertha BSC II,3:4,Not in squad,,,,,,,,,,
2024/25,1045123,Trey Nyoni,Premier League International Cup U21,Group C,2024-12-04,Liverpool U21,FCN Reserves,3:4,Not in squad,,,,,,,,,,
2024/25,1045123,Trey Nyoni,Premier League International Cup U21,Group C,2025-01-15,Liverpool U21,Sparta Prague B,1:3,RM,,,,,,,,,90,
2024/25,1045123,Trey Nyoni,2025 UEFA Under-19 Euro,Group B,2025-06-14,England U19,Norway U19,2:2,Not in squad,,,,,,,,,,
2024/25,1045123,Trey Nyoni,2025 UEFA Under-19 Euro,Group B,2025-06-17,Germany U19,England U19,5:5,Not in squad,,,,,,,,,,
2024/25,1045123,Trey Nyoni,2025 UEFA Under-19 Euro,Group B,2025-06-20,Netherlands U19,England U19,4:2,Not in squad,,,,,,,,,,
2024/25,1045123,Trey Nyoni,U20 Elite League,Group Stage,2024-09-06,Türkiye U20,England U20,1:1,Not in squad,,,,,,,,,,
2024/25,1045123,Trey Nyoni,U20 Elite League,Group Stage,2024-09-10,England U20,Romania U20,2:0,Not in squad,,,,,,,,,,
2024/25,1045123,Trey Nyoni,U20 Elite League,Group Stage,2024-10-10,Italy U20,England U20,1:2,Not in squad,,,,,,,,,,
2024/25,1045123,Trey Nyoni,U20 Elite League,Group Stage,2024-10-14,England U20,Czechia U20,3:0,Not in squad,,,,,,,,,,
2024/25,1045123,Trey Nyoni,U20 Elite League,Group Stage,2024-11-15,England U20,Germany U20,4:0,Not in squad,,,,,,,,,,
2024/25,1045123,Trey Nyoni,U20 Elite League,Group Stage,2024-11-19,Poland U20,England U20,1:1,Not in squad,,,,,,,,,,
2024/25,1045123,Trey Nyoni,U20 Elite League,Group Stage,2025-03-21,Portugal U20,England U20,1:1,,,,,,,,72,,18,
2024/25,1045123,Trey Nyoni,UEFA EURO U19 Championship Qualifiers,Group 3,2024-11-13,England U19,Lithuania U19,1:0,on the bench,,,,,,,,,,
2024/25,1045123,Trey Nyoni,UEFA EURO U19 Championship Qualifiers,Group 3,2024-11-16,England U19,Bulgaria U19,2:1,,,,,,,,87,,3,
2024/25,1045123,Trey Nyoni,UEFA EURO U19 Championship Qualifiers,Group 3,2024-11-19,Belgium U19,England U19,0:0,CM,,,,,,,,90,90,
2024/25,1045123,Trey Nyoni,UEFA EURO U19 Championship Qualifiers,group B7,2025-03-19,Wales U19,England U19,0:2,Not in squad,,,,,,,,,,
2024/25,1045123,Trey Nyoni,UEFA EURO U19 Championship Qualifiers,group B7,2025-03-22,England U19,Türkiye U19,0:0,Not in squad,,,,,,,,,,
2024/25,1045123,Trey Nyoni,UEFA EURO U19 Championship Qualifiers,group B7,2025-03-25,England U19,Portugal U19,1:0,Not in squad,,,,,,,,,,
2024/25,1045123,Trey Nyoni,FA Youth Cup,Third Round,2024-12-06,Preston U19,Liverpool U18,4:1,Not in squad,,,,,,,,,,
