﻿season,player_id,player_name,competition,journey,date,home_team,away_team,result,position,goals,assists,own_goals,yellow_cards,second_yellow_cards,red_cards,substitutions_on,substitutions_off,minutes_played,transfermarkt_score
2014/15,104124,Michail Antonio,Championship,1,2014-08-09,Nott'm Forest,Blackpool,2:0,LM,1,,,,,,,57,57,
2014/15,104124,Michail Antonio,Championship,2,2014-08-16,Bolton,Nott'm Forest,2:2,LM,,1,,,,,,86,86,
2014/15,104124,Michail Antonio,Championship,3,2014-08-19,Bournemouth,Nott'm Forest,1:2,LM,,,,,,,,46,45,
2014/15,104124,Michail Antonio,Championship,4,2014-08-23,Nott'm Forest,Reading,4:0,LM,2,1,,,,,,74,74,
2014/15,104124,Michail Antonio,Championship,5,2014-08-30,Sheff Wed,Nott'm Forest,0:1,LM,,1,,29,,,,79,79,
2014/15,104124,Michail Antonio,Championship,6,2014-09-14,Nott'm Forest,Derby,1:1,LW,,1,,,,,,,90,
2014/15,104124,Michail Antonio,Championship,7,2014-09-17,Nott'm Forest,Fulham,5:3,LW,1,1,,,,,,,90,
2014/15,104124,Michail Antonio,Championship,8,2014-09-20,Millwall,Nott'm Forest,0:0,LW,,,,,,,,,90,
2014/15,104124,Michail Antonio,Championship,9,2014-09-27,Nott'm Forest,Brighton,0:0,LM,,,,,,,,88,88,
2014/15,104124,Michail Antonio,Championship,10,2014-09-30,Wigan,Nott'm Forest,0:0,LM,,,,,,,,,90,
2014/15,104124,Michail Antonio,Championship,11,2014-10-05,Nott'm Forest,Ipswich,2:2,LM,1,,,,,,,,90,
2014/15,104124,Michail Antonio,Championship,12,2014-10-18,Cardiff,Nott'm Forest,2:1,LM,,1,,,,,,,90,
2014/15,104124,Michail Antonio,Championship,13,2014-10-21,Watford,Nott'm Forest,2:2,LM,2,,,,,,,,90,
2014/15,104124,Michail Antonio,Championship,14,2014-10-25,Nott'm Forest,Blackburn,1:3,LW,,,,,,,,,90,
2014/15,104124,Michail Antonio,Championship,15,2014-11-01,Huddersfield,Nott'm Forest,3:0,RM,,,,,,,,,90,
2014/15,104124,Michail Antonio,Championship,16,2014-11-05,Nott'm Forest,Brentford,1:3,CF,1,,,,,,,,90,
2014/15,104124,Michail Antonio,Championship,17,2014-11-08,Nott'm Forest,Norwich,2:1,RM,1,,,94,,,,,90,
2014/15,104124,Michail Antonio,Championship,18,2014-11-22,Wolves,Nott'm Forest,0:3,LM,,1,,,,,,88,88,
2014/15,104124,Michail Antonio,Championship,19,2014-11-29,Birmingham,Nott'm Forest,2:1,LM,,,,80,,,,,90,
2014/15,104124,Michail Antonio,Championship,20,2014-12-06,Nott'm Forest,Charlton,1:1,LM,,,,,,,,,90,
2014/15,104124,Michail Antonio,Championship,21,2014-12-13,Rotherham,Nott'm Forest,0:0,LW,,,,,,,,,90,
2014/15,104124,Michail Antonio,Championship,22,2014-12-20,Nott'm Forest,Leeds,1:1,LM,,,,73,,,,,90,
2014/15,104124,Michail Antonio,Championship,23,2014-12-26,Middlesbrough,Nott'm Forest,3:0,LW,,,,,,,,81,81,
2014/15,104124,Michail Antonio,Championship,24,2014-12-28,Nott'm Forest,Birmingham,1:3,LM,,,,,,,,,90,
2014/15,104124,Michail Antonio,Championship,25,2015-01-10,Nott'm Forest,Sheff Wed,0:2,LW,,,,,,,,,90,
2014/15,104124,Michail Antonio,Championship,26,2015-01-17,Derby,Nott'm Forest,1:2,LM,,,,,,,,81,81,
2014/15,104124,Michail Antonio,Championship,27,2015-01-21,Fulham,Nott'm Forest,3:2,LW,,,,,,,,,90,
2014/15,104124,Michail Antonio,Championship,28,2015-01-31,Nott'm Forest,Millwall,0:1,LW,,,,32,,,,,90,
2014/15,104124,Michail Antonio,Championship,29,2015-02-07,Brighton,Nott'm Forest,2:3,LM,,,,,,,,,90,
2014/15,104124,Michail Antonio,Championship,30,2015-02-11,Nott'm Forest,Wigan,3:0,LM,,1,,,,,,86,86,
2014/15,104124,Michail Antonio,Championship,31,2015-02-14,Blackpool,Nott'm Forest,4:4,LW,,,,,,,,,90,
2014/15,104124,Michail Antonio,Championship,32,2015-02-21,Nott'm Forest,Bolton,4:1,LM,1,,,,,,,87,87,
2014/15,104124,Michail Antonio,Championship,33,2015-02-25,Nott'm Forest,Bournemouth,2:1,LM,,,,,,,,90,90,
2014/15,104124,Michail Antonio,Championship,34,2015-02-28,Reading,Nott'm Forest,0:3,LM,,1,,,,,,82,82,
2014/15,104124,Michail Antonio,Championship,35,2015-03-03,Charlton,Nott'm Forest,2:1,LM,1,,,93,,,,,90,
2014/15,104124,Michail Antonio,Championship,36,2015-03-07,Nott'm Forest,Middlesbrough,2:1,LW,,1,,,,,,,90,
2014/15,104124,Michail Antonio,Championship,37,2015-03-14,Leeds,Nott'm Forest,0:0,LM,,,,,,,,,90,
2014/15,104124,Michail Antonio,Championship,38,2015-03-18,Nott'm Forest,Rotherham,2:0,LM,1,1,,,,,,,90,
2014/15,104124,Michail Antonio,Championship,39,2015-03-21,Norwich,Nott'm Forest,3:1,LM,,,,,,,,,90,
2014/15,104124,Michail Antonio,Championship,40,2015-04-03,Nott'm Forest,Wolves,1:2,LM,,,,,,,,83,83,
2014/15,104124,Michail Antonio,Championship,41,2015-04-06,Brentford,Nott'm Forest,2:2,LM,,,,,,,,,90,
2014/15,104124,Michail Antonio,Championship,42,2015-04-11,Nott'm Forest,Huddersfield,0:1,LM,,,,,,,,75,75,
2014/15,104124,Michail Antonio,Championship,43,2015-04-15,Nott'm Forest,Watford,1:3,LM,,,,,,,,90,90,
2014/15,104124,Michail Antonio,Championship,44,2015-04-18,Blackburn,Nott'm Forest,3:3,LM,2,1,,,,,,,90,
2014/15,104124,Michail Antonio,Championship,45,2015-04-25,Ipswich,Nott'm Forest,2:1,LW,,,,,,,,,90,
2014/15,104124,Michail Antonio,Championship,46,2015-05-02,Nott'm Forest,Cardiff,1:2,LM,,,,,,,,59,59,
2014/15,104124,Michail Antonio,FA Cup,Third Round,2015-01-03,Rochdale,Nott'm Forest,1:0,LM,,,,,,,,,90,
2014/15,104124,Michail Antonio,League Cup,First Round,2014-08-12,Tranmere,Nott'm Forest,0:1,LM,1,,,,,,,81,81,
2014/15,104124,Michail Antonio,League Cup,Second Round,2014-08-26,Huddersfield,Nott'm Forest,0:2,Centre Forward,,,,,,,,46,45,
2014/15,104124,Michail Antonio,League Cup,Third Round,2014-09-24,Tottenham,Nott'm Forest,3:1,Not in squad,,,,,,,,,,
