﻿season,player_id,player_name,competition,journey,date,home_team,away_team,result,position,goals,assists,own_goals,yellow_cards,second_yellow_cards,red_cards,substitutions_on,substitutions_off,minutes_played,transfermarkt_score
2022/23,1038173,Ranel Young,UEFA Youth League,Group A,2022-09-07,SSC Napoli YL,Liverpool FC YL,1:2,,,,,89,,,89,,1,
2022/23,1038173,Ranel Young,UEFA Youth League,Group A,2022-09-13,Liverpool FC YL,Ajax YL,4:0,Centre Forward,,,,,,,79,,11,
2022/23,1038173,Ranel Young,UEFA Youth League,Group A,2022-10-04,Liverpool FC YL,Rangers YL,4:1,on the bench,,,,,,,,,,
2022/23,1038173,Ranel Young,UEFA Youth League,Group A,2022-10-12,Rangers YL,Liverpool FC YL,3:4,on the bench,,,,,,,,,,
2022/23,1038173,Ranel Young,UEFA Youth League,Group A,2022-10-26,Ajax YL,Liverpool FC YL,3:1,,,,,,,,78,,12,
2022/23,1038173,Ranel Young,UEFA Youth League,Group A,2022-11-01,Liverpool FC YL,SSC Napoli YL,5:0,Centre Forward,,,,,,,79,,11,
2022/23,1038173,Ranel Young,UEFA Youth League,Round of 16,2023-03-01,Liverpool FC YL,FC Porto YL,7:6 on pens,Not in squad,,,,,,,,,,
2022/23,1038173,Ranel Young,UEFA Youth League,Quarter-Finals,2023-03-14,Sporting YL,Liverpool FC YL,1:0,,,,,,,,8,72,64,
2022/23,1038173,Ranel Young,U18 Premier League,1,2022-08-13,Liverpool U18,Boro U18,6:2,AM,,1,,,,,,82,82,
2022/23,1038173,Ranel Young,U18 Premier League,2,2022-08-20,Leeds U18,Liverpool U18,2:1,AM,,,,,,,,79,79,
2022/23,1038173,Ranel Young,U18 Premier League,3,2022-08-27,Liverpool U18,Man Utd U18,4:2,,,,,,,,82,,8,
2022/23,1038173,Ranel Young,U18 Premier League,20,2022-09-17,Liverpool U18,Man City U18,3:4,Not in squad,,,,,,,,,,
2022/23,1038173,Ranel Young,U18 Premier League,6,2022-10-01,Liverpool U18,Nottingham U18,1:0,,,,,,,,68,,22,
2022/23,1038173,Ranel Young,U18 Premier League,7,2022-10-15,Blackburn U18,Liverpool U18,1:2,Centre Forward,1,,,90,,,,90,90,
2022/23,1038173,Ranel Young,U18 Premier League,8,2022-10-22,Liverpool U18,Stoke U18,3:2,Centre Forward,,,,,,,,90,90,
2022/23,1038173,Ranel Young,U18 Premier League,9,2022-10-29,Wolves U18,Liverpool U18,1:0,Centre Forward,,,,,,,,,90,
2022/23,1038173,Ranel Young,U18 Premier League,11,2022-11-26,Everton U18,Liverpool U18,2:1,Centre Forward,,,,,,,,,90,
2022/23,1038173,Ranel Young,U18 Premier League,12,2022-12-03,Liverpool U18,Sunderland U18,0:4,Centre Forward,,,,,,,,89,89,
2022/23,1038173,Ranel Young,U18 Premier League,14,2023-01-07,Liverpool U18,Blackburn U18,2:3,LW,,,,,,,,72,72,
2022/23,1038173,Ranel Young,U18 Premier League,15,2023-01-14,Liverpool U18,Everton U18,2:2,LW,,,,,,,,62,62,
2022/23,1038173,Ranel Young,U18 Premier League,16,2023-01-21,Man Utd U18,Liverpool U18,3:2,,1,,,,,,70,,20,
2022/23,1038173,Ranel Young,U18 Premier League,17,2023-01-28,Boro U18,Liverpool U18,4:2,CF,,,,,,,,,90,
2022/23,1038173,Ranel Young,U18 Premier League,18,2023-02-11,Liverpool U18,Derby U18,3:3,CF,,,,,,,,,90,
2022/23,1038173,Ranel Young,U18 Premier League,5,2023-02-25,Man City U18,Liverpool U18,4:1,Centre Forward,,,,,,,,46,45,
2022/23,1038173,Ranel Young,U18 Premier League,21,2023-03-04,Nottingham U18,Liverpool U18,2:2,Not in squad,,,,,,,,,,
2022/23,1038173,Ranel Young,U18 Premier League,22,2023-03-18,Sunderland U18,Liverpool U18,5:2,Not in squad,,,,,,,,,,
2022/23,1038173,Ranel Young,U18 Premier League,23,2023-04-01,Liverpool U18,Wolves U18,3:0,Not in squad,,,,,,,,,,
2022/23,1038173,Ranel Young,U18 Premier League,4,2023-04-11,Newcastle U18,Liverpool U18,0:4,,2,,,,,,74,,16,
2022/23,1038173,Ranel Young,U18 Premier League,24,2023-04-14,Liverpool U18,Leeds U18,4:0,Centre Forward,,,,,,,,9,9,
2022/23,1038173,Ranel Young,U18 Premier League,13,2023-04-18,Derby U18,Liverpool U18,5:2,Not in squad,,,,,,,,,,
2022/23,1038173,Ranel Young,U18 Premier League,25,2023-04-22,Stoke U18,Liverpool U18,2:2,Not in squad,,,,,,,,,,
2022/23,1038173,Ranel Young,U18 Premier League,26,2023-04-29,Liverpool U18,Newcastle U18,3:1,Not in squad,,,,,,,,,,
2022/23,1038173,Ranel Young,FA Youth Cup,Third Round,2022-12-22,Bournemouth U18,Liverpool U18,1:2,LW,,,,,,,,87,87,
2022/23,1038173,Ranel Young,FA Youth Cup,Fourth Round,2023-01-11,Port Vale U18,Liverpool U18,0:1,,,,,,,,63,,27,
2022/23,1038173,Ranel Young,FA Youth Cup,Fifth Round,2023-02-03,Ipswich U18,Liverpool U18,2:0,Not in squad,,,,,,,,,,
