﻿season,player_id,player_name,competition,journey,date,home_team,away_team,result,position,goals,assists,own_goals,yellow_cards,second_yellow_cards,red_cards,substitutions_on,substitutions_off,minutes_played,transfermarkt_score
2017/18,104495,Lyle Taylor,EFL Trophy,group B6,2017-08-29,Barnet,AFC Wimbledon,3:4,on the bench,,,,,,,,,,
2017/18,104495,Lyle Taylor,EFL Trophy,group B6,2017-10-03,AFC Wimbledon,Tottenham U23,4:3,,,1,,,,,56,,34,
2017/18,104495,Lyle Taylor,EFL Trophy,group B6,2017-10-31,AFC Wimbledon,Luton,1:2,CF,1,,,,,,,41,41,
2017/18,104495,Lyle Taylor,EFL Trophy,Second Round,2017-12-05,Yeovil Town,AFC Wimbledon,2:0,Not in squad,,,,,,,,,,
2017/18,104495,Lyle Taylor,League One,1,2017-08-05,Scunthorpe Utd.,AFC Wimbledon,1:1,,,,,,,,65,,25,
2017/18,104495,Lyle Taylor,League One,2,2017-08-12,AFC Wimbledon,Shrewsbury,0:1,,,,,,,,46,,45,
2017/18,104495,Lyle Taylor,League One,3,2017-08-19,Fleetwood,AFC Wimbledon,2:0,Centre Forward,,,,,,,,,90,
2017/18,104495,Lyle Taylor,League One,4,2017-08-26,AFC Wimbledon,Doncaster,2:0,Centre Forward,,,,,,,,,90,
2017/18,104495,Lyle Taylor,League One,5,2017-09-02,Blackpool,AFC Wimbledon,1:0,Centre Forward,,,,,,,,68,68,
2017/18,104495,Lyle Taylor,League One,6,2017-09-09,AFC Wimbledon,Portsmouth,0:2,,,,,,,,58,,32,
2017/18,104495,Lyle Taylor,League One,7,2017-09-12,AFC Wimbledon,Gillingham,1:1,CF,,,,,,,,,90,
2017/18,104495,Lyle Taylor,League One,8,2017-09-16,Blackburn,AFC Wimbledon,0:1,CF,,,,,,,,80,80,
2017/18,104495,Lyle Taylor,League One,9,2017-09-22,AFC Wimbledon,MK Dons,0:2,CF,,,,,,,,,90,
2017/18,104495,Lyle Taylor,League One,10,2017-09-26,Southend United,AFC Wimbledon,1:0,CF,,,,,,,,,90,
2017/18,104495,Lyle Taylor,League One,11,2017-09-30,AFC Wimbledon,Rochdale,0:0,CF,,,,,,,,,90,
2017/18,104495,Lyle Taylor,League One,12,2017-10-07,Oxford United,AFC Wimbledon,3:0,CF,,,,,,,,,90,
2017/18,104495,Lyle Taylor,League One,13,2017-10-14,Northampton,AFC Wimbledon,0:1,CF,,1,,,,,,90,90,
2017/18,104495,Lyle Taylor,League One,14,2017-10-17,AFC Wimbledon,Rotherham,3:1,CF,3,,,,,,,,90,
2017/18,104495,Lyle Taylor,League One,15,2017-10-21,AFC Wimbledon,Plymouth,0:1,CF,,,,,,,,,90,
2017/18,104495,Lyle Taylor,League One,16,2017-10-28,Charlton,AFC Wimbledon,1:0,CF,,,,,,,,,90,
2017/18,104495,Lyle Taylor,League One,17,2017-11-12,AFC Wimbledon,Peterborough,2:2,CF,1,,,,,,,,90,
2017/18,104495,Lyle Taylor,League One,18,2017-11-18,Bristol Rovers,AFC Wimbledon,1:3,CF,,1,,,,,,73,73,
2017/18,104495,Lyle Taylor,League One,19,2017-11-21,Oldham Athletic,AFC Wimbledon,0:0,CF,,,,,,,,,90,
2017/18,104495,Lyle Taylor,League One,20,2017-11-25,AFC Wimbledon,Walsall,1:2,CF,1,,,,,,,,90,
2017/18,104495,Lyle Taylor,League One,22,2017-12-16,AFC Wimbledon,Wigan,0:4,CF,,,,,,,,,90,
2017/18,104495,Lyle Taylor,League One,23,2017-12-23,AFC Wimbledon,Bradford,2:1,CF,1,,,38,,,,88,88,
2017/18,104495,Lyle Taylor,League One,24,2017-12-26,Portsmouth,AFC Wimbledon,2:1,CF,1,,,,,,,,90,
2017/18,104495,Lyle Taylor,League One,25,2017-12-30,Gillingham,AFC Wimbledon,2:2,CF,1,,,,,,,,90,
2017/18,104495,Lyle Taylor,League One,26,2018-01-01,AFC Wimbledon,Southend United,2:0,CF,,1,,,,,,88,88,
2017/18,104495,Lyle Taylor,League One,28,2018-01-13,MK Dons,AFC Wimbledon,0:0,CF,,,,,,,,,90,
2017/18,104495,Lyle Taylor,League One,29,2018-01-20,AFC Wimbledon,Blackpool,2:0,CF,,,,,,,,90,90,
2017/18,104495,Lyle Taylor,League One,30,2018-01-27,Bradford,AFC Wimbledon,0:4,CF,,1,,,,,,70,70,
2017/18,104495,Lyle Taylor,League One,31,2018-02-03,Rotherham,AFC Wimbledon,2:0,CF,,,,,,,,,90,
2017/18,104495,Lyle Taylor,League One,21,2018-02-06,Bury,AFC Wimbledon,2:1,,,,,,,,46,,45,
2017/18,104495,Lyle Taylor,League One,32,2018-02-10,AFC Wimbledon,Northampton,1:3,CF,,1,,10,,,,,90,
2017/18,104495,Lyle Taylor,League One,33,2018-02-13,Plymouth,AFC Wimbledon,4:2,CF,2,,,,,,,,90,
2017/18,104495,Lyle Taylor,League One,34,2018-02-17,AFC Wimbledon,Bristol Rovers,1:0,CF,,,,,,,,,90,
2017/18,104495,Lyle Taylor,League One,35,2018-02-24,Peterborough,AFC Wimbledon,1:1,CF,1,,,,,,,,90,
2017/18,104495,Lyle Taylor,League One,27,2018-02-27,AFC Wimbledon,Blackburn,0:3,CF,,,,,,,,78,78,
2017/18,104495,Lyle Taylor,League One,37,2018-03-10,AFC Wimbledon,Oxford United,2:1,CF,1,,,,,,,,90,
2017/18,104495,Lyle Taylor,League One,38,2018-03-17,Rochdale,AFC Wimbledon,1:1,CF,,,,,,,,,90,
2017/18,104495,Lyle Taylor,League One,39,2018-03-24,Shrewsbury,AFC Wimbledon,1:0,CF,,,,88,,,,,90,
2017/18,104495,Lyle Taylor,League One,40,2018-03-30,AFC Wimbledon,Fleetwood,0:1,CF,,,,,,,,,90,
2017/18,104495,Lyle Taylor,League One,42,2018-04-07,AFC Wimbledon,Scunthorpe Utd.,1:1,CF,,,,,,,,,90,
2017/18,104495,Lyle Taylor,League One,36,2018-04-10,AFC Wimbledon,Charlton,1:0,Centre Forward,1,,,96,,,,,90,
2017/18,104495,Lyle Taylor,League One,43,2018-04-14,Walsall,AFC Wimbledon,2:3,CF,1,,,,,,,,90,
2017/18,104495,Lyle Taylor,League One,44,2018-04-21,AFC Wimbledon,Oldham Athletic,2:2,Centre Forward,,,,,,,,,90,
2017/18,104495,Lyle Taylor,League One,45,2018-04-28,Wigan,AFC Wimbledon,1:1,CF,,1,,,,,,80,80,
2017/18,104495,Lyle Taylor,League One,41,2018-05-01,Doncaster,AFC Wimbledon,0:0,CF,,,,,,,,,90,
2017/18,104495,Lyle Taylor,League One,46,2018-05-05,AFC Wimbledon,Bury,2:2,LW,,,,,,,,32,32,
2017/18,104495,Lyle Taylor,FA Cup,First Round,2017-11-04,AFC Wimbledon,Lincoln City,1:0,CF,1,,,,,,,29,29,
2017/18,104495,Lyle Taylor,FA Cup,Second Round,2017-12-03,AFC Wimbledon,Charlton,3:1,LW,2,,,,,,,,90,
2017/18,104495,Lyle Taylor,FA Cup,Third Round,2018-01-07,Tottenham,AFC Wimbledon,3:0,CF,,,,,,,,,90,
2017/18,104495,Lyle Taylor,EFL Cup,First Round,2017-08-08,AFC Wimbledon,Brentford,1:3 AET,CF,,,,,,,,,120,
