﻿season,player_id,player_name,competition,journey,date,home_team,away_team,result,position,goals,assists,own_goals,yellow_cards,second_yellow_cards,red_cards,substitutions_on,substitutions_off,minutes_played,transfermarkt_score
2022/23,1049905,Aidan Borland,International Friendlies,13,2022-11-04,Ireland U16,Scotland U16,4:1,,,,,,,,,75,75,
2022/23,1049905,Aidan Borland,International Friendlies,18,2023-02-21,Denmark U16,Scotland U16,3:1,,,,,,,,,67,67,
2022/23,1049905,Aidan Borland,International Friendlies,18,2023-02-23,England U16,Scotland U16,3:0,CM,,,,,,,,67,67,
2022/23,1049905,Aidan Borland,International Friendlies,18,2023-02-26,Scotland U16,Cyprus U16,5:6 on pens,,,,,,,,,,80,
