﻿season,player_id,player_name,competition,journey,date,home_team,away_team,result,position,goals,assists,own_goals,yellow_cards,second_yellow_cards,red_cards,substitutions_on,substitutions_off,minutes_played,transfermarkt_score
2023/24,1019169,Adam Harrison,UEFA Champions League,Group F,2023-09-19,AC Milan,Newcastle,0:0,Not in squad,,,,,,,,,,
2023/24,1019169,Adam Harrison,UEFA Champions League,Group F,2023-10-04,Newcastle,PSG,4:1,Not in squad,,,,,,,,,,
2023/24,1019169,Adam Harrison,UEFA Champions League,Group F,2023-10-25,Newcastle,Dortmund,0:1,Not in squad,,,,,,,,,,
2023/24,1019169,Adam Harrison,UEFA Champions League,Group F,2023-11-07,Dortmund,Newcastle,2:0,Not in squad,,,,,,,,,,
2023/24,1019169,Adam Harrison,UEFA Champions League,Group F,2023-11-28,PSG,Newcastle,1:1,Not in squad,,,,,,,,,,
2023/24,1019169,Adam Harrison,UEFA Champions League,Group F,2023-12-13,Newcastle,AC Milan,1:2,on the bench,,,,,,,,,,
2023/24,1019169,Adam Harrison,UEFA Youth League,Group F,2023-09-19,AC Milan YL,Newcastle YL,4:0,GK,,,,,,,,,90,
2023/24,1019169,Adam Harrison,UEFA Youth League,Group F,2023-10-04,Newcastle YL,Paris SG YL,0:1,on the bench,,,,,,,,,,
2023/24,1019169,Adam Harrison,UEFA Youth League,Group F,2023-10-25,Newcastle YL,Dortmund YL,1:2,Not in squad,,,,,,,,,,
2023/24,1019169,Adam Harrison,UEFA Youth League,Group F,2023-11-07,Dortmund YL,Newcastle YL,2:2,Not in squad,,,,,,,,,,
2023/24,1019169,Adam Harrison,UEFA Youth League,Group F,2023-11-28,Paris SG YL,Newcastle YL,1:2,Not in squad,,,,,,,,,,
2023/24,1019169,Adam Harrison,UEFA Youth League,Group F,2023-12-13,Newcastle YL,AC Milan YL,3:1,Not in squad,,,,,,,,,,
2023/24,1019169,Adam Harrison,Premier League,1,2023-08-12,Newcastle,Aston Villa,5:1,Not in squad,,,,,,,,,,
2023/24,1019169,Adam Harrison,Premier League,2,2023-08-19,Man City,Newcastle,1:0,Not in squad,,,,,,,,,,
2023/24,1019169,Adam Harrison,Premier League,3,2023-08-27,Newcastle,Liverpool,1:2,Not in squad,,,,,,,,,,
2023/24,1019169,Adam Harrison,Premier League,4,2023-09-02,Brighton,Newcastle,3:1,Not in squad,,,,,,,,,,
2023/24,1019169,Adam Harrison,Premier League,5,2023-09-16,Newcastle,Brentford,1:0,Not in squad,,,,,,,,,,
2023/24,1019169,Adam Harrison,Premier League,6,2023-09-24,Sheff Utd,Newcastle,0:8,Not in squad,,,,,,,,,,
2023/24,1019169,Adam Harrison,Premier League,7,2023-09-30,Newcastle,Burnley,2:0,Not in squad,,,,,,,,,,
2023/24,1019169,Adam Harrison,Premier League,8,2023-10-08,West Ham,Newcastle,2:2,Not in squad,,,,,,,,,,
2023/24,1019169,Adam Harrison,Premier League,9,2023-10-21,Newcastle,Crystal Palace,4:0,Not in squad,,,,,,,,,,
2023/24,1019169,Adam Harrison,Premier League,10,2023-10-28,Wolves,Newcastle,2:2,Not in squad,,,,,,,,,,
2023/24,1019169,Adam Harrison,Premier League,11,2023-11-04,Newcastle,Arsenal,1:0,Not in squad,,,,,,,,,,
2023/24,1019169,Adam Harrison,Premier League,12,2023-11-11,Bournemouth,Newcastle,2:0,Not in squad,,,,,,,,,,
2023/24,1019169,Adam Harrison,Premier League,13,2023-11-25,Newcastle,Chelsea,4:1,Not in squad,,,,,,,,,,
2023/24,1019169,Adam Harrison,Premier League,14,2023-12-02,Newcastle,Man Utd,1:0,Not in squad,,,,,,,,,,
2023/24,1019169,Adam Harrison,Premier League,15,2023-12-07,Everton,Newcastle,3:0,Not in squad,,,,,,,,,,
2023/24,1019169,Adam Harrison,Premier League,16,2023-12-10,Tottenham,Newcastle,4:1,Not in squad,,,,,,,,,,
2023/24,1019169,Adam Harrison,Premier League,17,2023-12-16,Newcastle,Fulham,3:0,Not in squad,,,,,,,,,,
2023/24,1019169,Adam Harrison,Premier League,18,2023-12-23,Luton,Newcastle,1:0,Not in squad,,,,,,,,,,
2023/24,1019169,Adam Harrison,Premier League,19,2023-12-26,Newcastle,Nott'm Forest,1:3,Not in squad,,,,,,,,,,
2023/24,1019169,Adam Harrison,Premier League,20,2024-01-01,Liverpool,Newcastle,4:2,Not in squad,,,,,,,,,,
2023/24,1019169,Adam Harrison,Premier League,21,2024-01-13,Newcastle,Man City,2:3,Not in squad,,,,,,,,,,
2023/24,1019169,Adam Harrison,Premier League,22,2024-01-30,Aston Villa,Newcastle,1:3,Not in squad,,,,,,,,,,
2023/24,1019169,Adam Harrison,Premier League,23,2024-02-03,Newcastle,Luton,4:4,Not in squad,,,,,,,,,,
2023/24,1019169,Adam Harrison,Premier League,24,2024-02-10,Nott'm Forest,Newcastle,2:3,Not in squad,,,,,,,,,,
2023/24,1019169,Adam Harrison,Premier League,25,2024-02-17,Newcastle,Bournemouth,2:2,Not in squad,,,,,,,,,,
2023/24,1019169,Adam Harrison,Premier League,26,2024-02-24,Arsenal,Newcastle,4:1,Not in squad,,,,,,,,,,
2023/24,1019169,Adam Harrison,Premier League,27,2024-03-02,Newcastle,Wolves,3:0,Not in squad,,,,,,,,,,
2023/24,1019169,Adam Harrison,Premier League,28,2024-03-11,Chelsea,Newcastle,3:2,Not in squad,,,,,,,,,,
2023/24,1019169,Adam Harrison,Premier League,30,2024-03-30,Newcastle,West Ham,4:3,Not in squad,,,,,,,,,,
2023/24,1019169,Adam Harrison,Premier League,31,2024-04-02,Newcastle,Everton,1:1,Not in squad,,,,,,,,,,
2023/24,1019169,Adam Harrison,Premier League,32,2024-04-06,Fulham,Newcastle,0:1,Not in squad,,,,,,,,,,
2023/24,1019169,Adam Harrison,Premier League,33,2024-04-13,Newcastle,Tottenham,4:0,Not in squad,,,,,,,,,,
2023/24,1019169,Adam Harrison,Premier League,29,2024-04-24,Crystal Palace,Newcastle,2:0,Not in squad,,,,,,,,,,
2023/24,1019169,Adam Harrison,Premier League,35,2024-04-27,Newcastle,Sheff Utd,5:1,Not in squad,,,,,,,,,,
2023/24,1019169,Adam Harrison,Premier League,36,2024-05-04,Burnley,Newcastle,1:4,Not in squad,,,,,,,,,,
2023/24,1019169,Adam Harrison,Premier League,37,2024-05-11,Newcastle,Brighton,1:1,Not in squad,,,,,,,,,,
2023/24,1019169,Adam Harrison,Premier League,34,2024-05-15,Man Utd,Newcastle,3:2,Not in squad,,,,,,,,,,
2023/24,1019169,Adam Harrison,Premier League,38,2024-05-19,Brentford,Newcastle,2:4,Not in squad,,,,,,,,,,
2023/24,1019169,Adam Harrison,EFL Trophy,group A2,2023-09-05,Wrexham,Newcastle U21,1:0,Not in squad,,,,,,,,,,
2023/24,1019169,Adam Harrison,EFL Trophy,group A2,2023-10-10,Port Vale,Newcastle U21,4:3 on pens,Not in squad,,,,,,,,,,
2023/24,1019169,Adam Harrison,EFL Trophy,group A2,2023-11-21,Crewe Alexandra,Newcastle U21,2:1,Not in squad,,,,,,,,,,
2023/24,1019169,Adam Harrison,FA Cup,Third Round,2024-01-06,Sunderland,Newcastle,0:3,Not in squad,,,,,,,,,,
2023/24,1019169,Adam Harrison,FA Cup,Fourth Round,2024-01-27,Fulham,Newcastle,0:2,Not in squad,,,,,,,,,,
2023/24,1019169,Adam Harrison,FA Cup,Fifth Round,2024-02-27,Blackburn,Newcastle,4:5 on pens,Not in squad,,,,,,,,,,
2023/24,1019169,Adam Harrison,FA Cup,Quarter-Finals,2024-03-16,Man City,Newcastle,2:0,Not in squad,,,,,,,,,,
2023/24,1019169,Adam Harrison,EFL Cup,Third Round,2023-09-27,Newcastle,Man City,1:0,Not in squad,,,,,,,,,,
2023/24,1019169,Adam Harrison,EFL Cup,Fourth Round,2023-11-01,Man Utd,Newcastle,0:3,Not in squad,,,,,,,,,,
2023/24,1019169,Adam Harrison,EFL Cup,Quarter-Finals,2023-12-19,Chelsea,Newcastle,5:3 on pens,Not in squad,,,,,,,,,,
2023/24,1019169,Adam Harrison,U18 Premier League,1,2023-08-12,Newcastle U18,Everton U18,4:2,GK,,,,,,,,,90,
2023/24,1019169,Adam Harrison,U18 Premier League,2,2023-08-19,Derby U18,Newcastle U18,5:3,GK,,,,,,,,,90,
2023/24,1019169,Adam Harrison,U18 Premier League,3,2023-08-26,Newcastle U18,Nottingham U18,3:2,GK,,,,94,,,,,90,
2023/24,1019169,Adam Harrison,U18 Premier League,4,2023-09-16,Leeds U18,Newcastle U18,1:1,GK,,,,,,,,,90,
2023/24,1019169,Adam Harrison,U18 Premier League,5,2023-09-23,Newcastle U18,Blackburn U18,3:0,on the bench,,,,,,,,,,
2023/24,1019169,Adam Harrison,U18 Premier League,6,2023-09-30,Man Utd U18,Newcastle U18,5:1,on the bench,,,,,,,,,,
2023/24,1019169,Adam Harrison,U18 Premier League,7,2023-10-07,Stoke U18,Newcastle U18,4:1,GK,,,,,,,,59,59,
2023/24,1019169,Adam Harrison,U18 Premier League,18,2023-10-28,Liverpool U18,Newcastle U18,1:2,Not in squad,,,,,,,,,,
2023/24,1019169,Adam Harrison,U18 Premier League,10,2023-11-11,Newcastle U18,Sunderland U18,3:0,Not in squad,,,,,,,,,,
2023/24,1019169,Adam Harrison,U18 Premier League,22,2024-01-06,Newcastle U18,Wolves U18,3:2,GK,,,,,,,,,90,
2023/24,1019169,Adam Harrison,U18 Premier League,14,2024-01-13,Newcastle U18,Man Utd U18,1:3,GK,,,,,,,,,90,
2023/24,1019169,Adam Harrison,U18 Premier League,15,2024-01-27,Sunderland U18,Newcastle U18,2:2,on the bench,,,,,,,,,,
2023/24,1019169,Adam Harrison,U18 Premier League,16,2024-02-10,Newcastle U18,Man City U18,1:2,on the bench,,,,,,,,,,
2023/24,1019169,Adam Harrison,U18 Premier League,17,2024-02-17,Newcastle U18,Derby U18,1:2,on the bench,,,,,,,,,,
2023/24,1019169,Adam Harrison,U18 Premier League,9,2024-02-21,Man City U18,Newcastle U18,4:2,on the bench,,,,,,,,,,
2023/24,1019169,Adam Harrison,U18 Premier League,11,2024-03-02,Newcastle U18,Boro U18,1:3,on the bench,,,,,,,,,,
2023/24,1019169,Adam Harrison,U18 Premier League,19,2024-03-09,Nottingham U18,Newcastle U18,1:4,GK,,,,,,,,,90,
2023/24,1019169,Adam Harrison,U18 Premier League,20,2024-03-16,Newcastle U18,Stoke U18,2:4,GK,,,,,,,,,90,
2023/24,1019169,Adam Harrison,U18 Premier League,21,2024-04-06,Blackburn U18,Newcastle U18,2:1,on the bench,,,,,,,,,,
2023/24,1019169,Adam Harrison,U18 Premier League,8,2024-04-16,Newcastle U18,Liverpool U18,4:3,on the bench,,,,,,,,,,
2023/24,1019169,Adam Harrison,U18 Premier League,13,2024-04-20,Wolves U18,Newcastle U18,1:0,GK,,,,,,,,,90,
2023/24,1019169,Adam Harrison,U18 Premier League,25,2024-05-04,Newcastle U18,Leeds U18,2:1,GK,,,,,,,,,90,
2023/24,1019169,Adam Harrison,U18 Premier League,26,2024-05-07,Boro U18,Newcastle U18,3:4,GK,,,,,,,,,90,
2023/24,1019169,Adam Harrison,U18 Premier League,24,2024-05-18,Everton U18,Newcastle U18,8:0,GK,,,,,,,,,90,
2023/24,1019169,Adam Harrison,Premier League 2,1,2023-08-13,Newcastle U21,Southampton U21,5:3,Not in squad,,,,,,,,,,
2023/24,1019169,Adam Harrison,Premier League 2,2,2023-08-19,Tottenham U21,Newcastle U21,4:1,Not in squad,,,,,,,,,,
2023/24,1019169,Adam Harrison,Premier League 2,3,2023-08-25,Reading U21,Newcastle U21,1:0,Not in squad,,,,,,,,,,
2023/24,1019169,Adam Harrison,Premier League 2,4,2023-09-02,Newcastle U21,Man City U21,0:4,Not in squad,,,,,,,,,,
2023/24,1019169,Adam Harrison,Premier League 2,5,2023-09-23,Brighton U21,Newcastle U21,1:1,Not in squad,,,,,,,,,,
2023/24,1019169,Adam Harrison,Premier League 2,6,2023-09-29,Newcastle U21,Nottingham U21,1:1,Not in squad,,,,,,,,,,
2023/24,1019169,Adam Harrison,Premier League 2,7,2023-10-29,Newcastle U21,Everton U21,1:0,Not in squad,,,,,,,,,,
2023/24,1019169,Adam Harrison,Premier League 2,10,2023-12-16,Man Utd U21,Newcastle U21,3:2,Not in squad,,,,,,,,,,
2023/24,1019169,Adam Harrison,Premier League 2,8,2024-01-08,Leicester U21,Newcastle U21,2:2,Not in squad,,,,,,,,,,
2023/24,1019169,Adam Harrison,Premier League 2,12,2024-01-28,Blackburn U21,Newcastle U21,2:1,Not in squad,,,,,,,,,,
2023/24,1019169,Adam Harrison,Premier League 2,13,2024-02-09,Boro U21,Newcastle U21,3:2,Not in squad,,,,,,,,,,
2023/24,1019169,Adam Harrison,Premier League 2,14,2024-02-17,Newcastle U21,Liverpool U21,1:2,Not in squad,,,,,,,,,,
2023/24,1019169,Adam Harrison,Premier League 2,15,2024-03-04,Wolves U21,Newcastle U21,2:2,on the bench,,,,,,,,,,
2023/24,1019169,Adam Harrison,Premier League 2,16,2024-03-08,Newcastle U21,Chelsea U21,1:7,Not in squad,,,,,,,,,,
2023/24,1019169,Adam Harrison,Premier League 2,17,2024-03-18,Sunderland U21,Newcastle U21,2:3,Not in squad,,,,,,,,,,
2023/24,1019169,Adam Harrison,Premier League 2,18,2024-04-05,Newcastle U21,West Brom U21,3:2,Not in squad,,,,,,,,,,
2023/24,1019169,Adam Harrison,Premier League 2,19,2024-04-13,Newcastle U21,Fulham U21,1:3,Not in squad,,,,,,,,,,
2023/24,1019169,Adam Harrison,Premier League 2,9,2024-04-19,Newcastle U21,Leeds U21,0:2,Not in squad,,,,,,,,,,
2023/24,1019169,Adam Harrison,Premier League 2,20,2024-04-26,Stoke U21,Newcastle U21,1:2,Not in squad,,,,,,,,,,
2023/24,1019169,Adam Harrison,Premier League 2,11,2024-04-29,Newcastle U21,Aston Villa U21,0:1,Not in squad,,,,,,,,,,
2023/24,1019169,Adam Harrison,Premier League Cup,Group F,2023-09-13,Huddersf. U21,Newcastle U21,1:1,Information not yet available,,,,,,,,,,
2023/24,1019169,Adam Harrison,Premier League Cup,Group F,2023-10-07,Newcastle U21,Fleetwood U21,2:2,Information not yet available,,,,,,,,,,
2023/24,1019169,Adam Harrison,Premier League Cup,Group F,2023-11-11,Newcastle U21,Nottingham U21,0:3,Information not yet available,,,,,,,,,,
2023/24,1019169,Adam Harrison,Premier League Cup,Group F,2023-11-24,Newcastle U21,Huddersf. U21,0:1,Information not yet available,,,,,,,,,,
2023/24,1019169,Adam Harrison,Premier League Cup,Group F,2024-02-02,Fleetwood U21,Newcastle U21,1:1,Information not yet available,,,,,,,,,,
2023/24,1019169,Adam Harrison,Premier League Cup,Group F,2024-02-05,Nottingham U21,Newcastle U21,1:2,Information not yet available,,,,,,,,,,
2023/24,1019169,Adam Harrison,FA Youth Cup,Third Round,2023-12-19,Newcastle U18,Leyton U18,7:2,GK,,,,,,,,,90,
2023/24,1019169,Adam Harrison,FA Youth Cup,Fourth Round,2024-01-17,Newcastle U18,Bournemouth U18,0:5,GK,,,,45,,,,,90,
