﻿season,player_id,player_name,competition,journey,date,home_team,away_team,result,position,goals,assists,own_goals,yellow_cards,second_yellow_cards,red_cards,substitutions_on,substitutions_off,minutes_played,transfermarkt_score
2025/26,1038173,Ranel Young,Prva liga Srbije,1,2025-08-03,Kabel Novi Sad,FK Usce,1:1,Not in squad,,,,,,,,,,
2025/26,1038173,Ranel Young,Prva liga Srbije,2,2025-08-09,FK Usce,Jedinstvo Ub,1:1,Not in squad,,,,,,,,,,
2025/26,1038173,Ranel Young,Prva liga Srbije,3,2025-08-16,Borac Cacak,FK Usce,0:1,on the bench,,,,,,,,,,
2025/26,1038173,Ranel Young,Prva liga Srbije,4,2025-08-20,FK Usce,FK Zemun,0:0,Centre Forward,,,,,,,67,,23,
2025/26,1038173,Ranel Young,Prva liga Srbije,5,2025-08-24,Vozdovac,FK Usce,2:1,LW,,,,,,,,46,45,
2025/26,1038173,Ranel Young,Prva liga Srbije,6,2025-08-30,FK Usce,Smederevo 1924,3:1,Centre Forward,,,,,,,86,,4,
2025/26,1038173,Ranel Young,Prva liga Srbije,7,2025-09-07,Dinamo Jug,FK Usce,2:1,Centre Forward,,1,,,,,46,,45,
2025/26,1038173,Ranel Young,Prva liga Srbije,8,2025-09-12,FK Usce,FK FAP Priboj,2:0,Centre Forward,,,,,,,,46,45,
2025/26,1038173,Ranel Young,Prva liga Srbije,9,2025-09-19,FK Loznica,FK Usce,2:1,Not in squad,,,,,,,,,,
2025/26,1038173,Ranel Young,Prva liga Srbije,10,2025-09-24,FK Usce,Dubocica,1:1,Not in squad,,,,,,,,,,
2025/26,1038173,Ranel Young,Prva liga Srbije,11,2025-09-29,Trayal,FK Usce,1:0,Not in squad,,,,,,,,,,
2025/26,1038173,Ranel Young,Prva liga Srbije,12,2025-10-05,Vrsac,FK Usce,4:1,Not in squad,,,,,,,,,,
2025/26,1038173,Ranel Young,Prva liga Srbije,13,2025-10-10,FK Usce,Graficar,0:1,Not in squad,,,,,,,,,,
2025/26,1038173,Ranel Young,Prva liga Srbije,14,2025-10-18,Tekstilac,FK Usce,1:0,Not in squad,,,,,,,,,,
2025/26,1038173,Ranel Young,Prva liga Srbije,15,2025-10-24,FK Usce,Macva,1:2,Not in squad,,,,,,,,,,
2025/26,1038173,Ranel Young,Prva liga Srbije,16,2025-10-31,FK Usce,Kabel Novi Sad,0:1,Not in squad,,,,,,,,,,
2025/26,1038173,Ranel Young,Prva liga Srbije,17,2025-11-09,Jedinstvo Ub,FK Usce,3:0,Not in squad,,,,,,,,,,
2025/26,1038173,Ranel Young,Prva liga Srbije,18,2025-11-14,FK Usce,Borac Cacak,2:1,Not in squad,,,,,,,,,,
2025/26,1038173,Ranel Young,Prva liga Srbije,19,2025-11-22,FK Zemun,FK Usce,2:1,Not in squad,,,,,,,,,,
2025/26,1038173,Ranel Young,Prva liga Srbije,20,2025-11-28,FK Usce,Vozdovac,1:3,Information not yet available,,,,,,,,,,
