﻿season,player_id,player_name,competition,journey,date,home_team,away_team,result,position,goals,assists,own_goals,yellow_cards,second_yellow_cards,red_cards,substitutions_on,substitutions_off,minutes_played,transfermarkt_score
2021/22,104495,Lyle Taylor,Championship,1,2021-08-08,Coventry,Nott'm Forest,2:1,CF,1,,,58,,,,88,88,
2021/22,104495,Lyle Taylor,Championship,2,2021-08-14,Nott'm Forest,Bournemouth,1:2,CF,,,,,,,,76,76,
2021/22,104495,Lyle Taylor,Championship,3,2021-08-18,Nott'm Forest,Blackburn,1:2,on the bench,,,,,,,,,,
2021/22,104495,Lyle Taylor,Championship,4,2021-08-21,Stoke City,Nott'm Forest,1:0,CF,,,,,,,,71,71,
2021/22,104495,Lyle Taylor,Championship,5,2021-08-28,Derby,Nott'm Forest,1:1,CF,,,,,,,,,90,
2021/22,104495,Lyle Taylor,Championship,6,2021-09-12,Nott'm Forest,Cardiff,1:2,CF,,,,,,,,,90,
2021/22,104495,Lyle Taylor,Championship,7,2021-09-15,Nott'm Forest,Middlesbrough,0:2,CF,,,,,,,,66,66,
2021/22,104495,Lyle Taylor,Championship,8,2021-09-18,Huddersfield,Nott'm Forest,0:2,on the bench,,,,,,,,,,
2021/22,104495,Lyle Taylor,Championship,9,2021-09-25,Nott'm Forest,Millwall,1:1,CF,,,,,,,27,,63,
2021/22,104495,Lyle Taylor,Championship,10,2021-09-29,Barnsley,Nott'm Forest,1:3,on the bench,,,,,,,,,,
2021/22,104495,Lyle Taylor,Championship,11,2021-10-02,Birmingham,Nott'm Forest,0:3,CF,,,,,,,77,,13,
2021/22,104495,Lyle Taylor,Championship,12,2021-10-16,Nott'm Forest,Blackpool,2:1,on the bench,,,,,,,,,,
2021/22,104495,Lyle Taylor,Championship,13,2021-10-19,Bristol City,Nott'm Forest,1:2,CF,2,,,,,,81,,9,
2021/22,104495,Lyle Taylor,Championship,14,2021-10-24,Nott'm Forest,Fulham,0:4,on the bench,,,,,,,,,,
2021/22,104495,Lyle Taylor,Championship,15,2021-10-29,QPR,Nott'm Forest,1:1,,,,,,,,61,,29,
2021/22,104495,Lyle Taylor,Championship,16,2021-11-02,Nott'm Forest,Sheff Utd,1:1,CF,,,,,,,,63,63,
2021/22,104495,Lyle Taylor,Championship,17,2021-11-06,Nott'm Forest,Preston,3:0,,,,,93,,,71,,19,
2021/22,104495,Lyle Taylor,Championship,18,2021-11-20,Reading,Nott'm Forest,1:1,on the bench,,,,,,,,,,
2021/22,104495,Lyle Taylor,Championship,19,2021-11-23,Nott'm Forest,Luton,0:0,CF,,,,26,,,,65,65,
2021/22,104495,Lyle Taylor,Championship,20,2021-11-26,West Brom,Nott'm Forest,0:0,on the bench,,,,,,,,,,
2021/22,104495,Lyle Taylor,Championship,21,2021-12-04,Nott'm Forest,Peterborough,2:0,,,,,,,,85,,5,
2021/22,104495,Lyle Taylor,Championship,22,2021-12-11,Swansea,Nott'm Forest,1:4,,,1,,,,,86,,4,
2021/22,104495,Lyle Taylor,Championship,23,2021-12-18,Nott'm Forest,Hull City,2:1,on the bench,,,,,,,,,,
2021/22,104495,Lyle Taylor,Championship,24,2021-12-26,Middlesbrough,Nott'm Forest,2:0,,,,,,,,75,,15,
2021/22,104495,Lyle Taylor,Championship,25,2021-12-30,Nott'm Forest,Huddersfield,0:1,,,,,,,,72,,18,
2021/22,104495,Lyle Taylor,Championship,27,2022-01-15,Millwall,Nott'm Forest,0:1,on the bench,,,,,,,,,,
2021/22,104495,Lyle Taylor,Championship,28,2022-01-22,Nott'm Forest,Derby,2:1,CF,,,,,,,84,,6,
2021/22,104495,Lyle Taylor,Championship,26,2022-01-25,Nott'm Forest,Barnsley,3:0,Not in squad,,,,,,,,,,
2020/21,104495,Lyle Taylor,Championship,,,,,,,,,,,,,,,,
2021/22,104495,Lyle Taylor,Championship,29,2022-01-30,Derby,Birmingham,2:2,CF,1,,,,,,,80,80,
2021/22,104495,Lyle Taylor,Championship,30,2022-02-04,Birmingham,Sheff Utd,1:2,CF,1,,,57,,,,,90,
2021/22,104495,Lyle Taylor,Championship,31,2022-02-09,Bournemouth,Birmingham,3:1,CF,,,,,,,,,90,
2021/22,104495,Lyle Taylor,Championship,32,2022-02-12,Birmingham,Luton,3:0,CF,1,1,,,,,,74,74,
2021/22,104495,Lyle Taylor,Championship,33,2022-02-19,Stoke City,Birmingham,2:2,CF,,,,,,,,,90,
2021/22,104495,Lyle Taylor,Championship,34,2022-02-22,Reading,Birmingham,2:1,CF,,,,,,,,,90,
2021/22,104495,Lyle Taylor,Championship,35,2022-02-26,Birmingham,Huddersfield,0:2,Not in squad,,,,,,,,,,
2021/22,104495,Lyle Taylor,Championship,36,2022-03-05,Bristol City,Birmingham,1:2,CF,,,,,,,,,90,
2021/22,104495,Lyle Taylor,Championship,37,2022-03-12,Birmingham,Hull City,0:0,CF,,,,,,,,,90,
2021/22,104495,Lyle Taylor,Championship,38,2022-03-15,Birmingham,Middlesbrough,0:2,Not in squad,,,,,,,,,,
2021/22,104495,Lyle Taylor,Championship,39,2022-03-19,Swansea,Birmingham,0:0,Not in squad,,,,,,,,,,
2021/22,104495,Lyle Taylor,Championship,40,2022-04-03,Birmingham,West Brom,1:0,LW,1,,,75,,,,90,90,
2021/22,104495,Lyle Taylor,Championship,41,2022-04-09,Nott'm Forest,Birmingham,2:0,Not in squad,,,,,,,,,,
2021/22,104495,Lyle Taylor,Championship,42,2022-04-15,Birmingham,Coventry,2:4,CF,,,,,,,,,90,
2021/22,104495,Lyle Taylor,Championship,43,2022-04-18,Blackpool,Birmingham,6:1,CF,,,,,,,,,90,
2021/22,104495,Lyle Taylor,Championship,44,2022-04-23,Birmingham,Millwall,2:2,CF,1,,,54,,,,,90,
2021/22,104495,Lyle Taylor,Championship,45,2022-04-30,Cardiff,Birmingham,1:1,CF,,,,,,,,,90,
2021/22,104495,Lyle Taylor,Championship,46,2022-05-07,Birmingham,Blackburn,1:2,CF,,,,,,,,90,90,
2021/22,104495,Lyle Taylor,FA Cup,Third Round,2022-01-09,Nott'm Forest,Arsenal,1:0,on the bench,,,,,,,,,,
2021/22,104495,Lyle Taylor,EFL Cup,First Round,2021-08-11,Nott'm Forest,Bradford,2:1,Not in squad,,,,,,,,,,
2021/22,104495,Lyle Taylor,EFL Cup,Second Round,2021-08-24,Nott'm Forest,Wolves,0:4,CF,,,,,,,61,,29,
2021/22,104495,Lyle Taylor,Gold Cup Qualification,First Round,2021-07-03,Trinidad,Montserrat,6:1,CF,1,,,,,,,,90,
