﻿season,player_id,player_name,competition,journey,date,home_team,away_team,result,position,goals,assists,own_goals,yellow_cards,second_yellow_cards,red_cards,substitutions_on,substitutions_off,minutes_played,transfermarkt_score
2013/14,104495,Lyle Taylor,Scottish Premiership,20,2014-01-01,Celtic,Partick Thistle,1:0,CF,,,,,,,,65,65,
2013/14,104495,Lyle Taylor,Scottish Premiership,21,2014-01-05,Heart of Midl.,Partick Thistle,0:2,CF,1,,,,,,,76,76,
2013/14,104495,Lyle Taylor,Scottish Premiership,22,2014-01-11,Partick Thistle,Ross County,3:3,CF,2,,,,,,,,90,
2013/14,104495,Lyle Taylor,Scottish Premiership,23,2014-01-18,Partick Thistle,Kilmarnock FC,1:1,CF,,,,,,,,,90,
2013/14,104495,Lyle Taylor,Scottish Premiership,16,2014-01-21,Partick Thistle,St. Johnstone,0:1,CF,,,,,,,,,90,
2013/14,104495,Lyle Taylor,Scottish Premiership,24,2014-01-25,St. Mirren,Partick Thistle,0:0,CF,,,,,,,,69,69,
2013/14,104495,Lyle Taylor,Scottish Premiership,25,2014-02-01,Partick Thistle,Dundee United,1:1,CF,,,,93,,,,,90,
2013/14,104495,Lyle Taylor,Scottish Premiership,26,2014-02-15,Motherwell FC,Partick Thistle,4:3,CF,,,,,,,,78,78,
2013/14,104495,Lyle Taylor,Scottish Premiership,27,2014-02-22,Partick Thistle,Aberdeen FC,3:1,CF,3,,,,,,,85,85,
2013/14,104495,Lyle Taylor,Scottish Premiership,28,2014-03-01,Ross County,Partick Thistle,1:1,CF,,1,,34,,,,84,84,
2013/14,104495,Lyle Taylor,Scottish Premiership,29,2014-03-15,Partick Thistle,Hibernian FC,3:1,CF,,1,,,,,,79,79,
2013/14,104495,Lyle Taylor,Scottish Premiership,30,2014-03-22,Inverness CT,Partick Thistle,1:0,CF,,,,,,,,80,80,
2013/14,104495,Lyle Taylor,Scottish Premiership,31,2014-03-26,Partick Thistle,Celtic,1:5,CF,,,,,,,,78,78,
2013/14,104495,Lyle Taylor,Scottish Premiership,32,2014-03-29,St. Johnstone,Partick Thistle,1:1,CF,,,,,,,,,90,
2013/14,104495,Lyle Taylor,Scottish Premiership,33,2014-04-05,Partick Thistle,Heart of Midl.,2:4,CF,,,,,,,,,90,
2013/14,104495,Lyle Taylor,Scottish Premiership,34,2014-04-19,Kilmarnock FC,Partick Thistle,1:2,,,,,,,,70,,20,
2013/14,104495,Lyle Taylor,Scottish Premiership,35,2014-04-25,Partick Thistle,St. Mirren,1:1,,,,,,,,73,,17,
2013/14,104495,Lyle Taylor,Scottish Premiership,36,2014-05-03,Hibernian FC,Partick Thistle,1:1,,,,,,,,19,,71,
2013/14,104495,Lyle Taylor,Scottish Premiership,37,2014-05-07,Heart of Midl.,Partick Thistle,2:4,CF,1,1,,,,,,79,79,
2013/14,104495,Lyle Taylor,Scottish Premiership,38,2014-05-10,Partick Thistle,Ross County,2:3,CF,1,1,,,,,,,90,
2013/14,104495,Lyle Taylor,EFL Trophy,First Round,2013-09-03,Scunthorpe Utd.,Sheff Utd,3:5 on pens,,,,,,,,62,,28,
2013/14,104495,Lyle Taylor,EFL Trophy,Second Round,2013-10-08,Sheff Utd,Hartlepool,0:1,CF,,,,40,,,,57,57,
2013/14,104495,Lyle Taylor,League One,1,2013-08-02,Sheff Utd,Notts County,2:1,,,,,,,,68,,22,
2013/14,104495,Lyle Taylor,League One,2,2013-08-10,Brentford,Sheff Utd,3:1,CF,,,,,,,,,90,
2013/14,104495,Lyle Taylor,League One,3,2013-08-17,Sheff Utd,Colchester Utd.,1:1,CF,,,,,,,,,90,
2013/14,104495,Lyle Taylor,League One,4,2013-08-24,Bradford,Sheff Utd,2:0,CF,,,,,,,,,90,
2013/14,104495,Lyle Taylor,League One,5,2013-08-31,Sheff Utd,MK Dons,0:1,CF,,,,,,,,57,57,
2013/14,104495,Lyle Taylor,League One,6,2013-09-07,Rotherham,Sheff Utd,3:1,,,,,,,,70,,20,
2013/14,104495,Lyle Taylor,League One,7,2013-09-14,Carlisle United,Sheff Utd,1:0,,,,,,,,61,,29,
2013/14,104495,Lyle Taylor,League One,8,2013-09-21,Sheff Utd,Preston,0:1,,,,,,,,72,,18,
2013/14,104495,Lyle Taylor,League One,9,2013-09-28,Wolves,Sheff Utd,2:0,,,,,,,,80,,10,
2013/14,104495,Lyle Taylor,League One,10,2013-10-04,Sheff Utd,Crawley Town,1:1,,,,,,,,60,,30,
2013/14,104495,Lyle Taylor,League One,11,2013-10-13,Coventry,Sheff Utd,3:2,,2,,,,,,41,,49,
2013/14,104495,Lyle Taylor,League One,12,2013-10-19,Sheff Utd,Port Vale,2:1,CF,,,,,,,,,90,
2013/14,104495,Lyle Taylor,League One,13,2013-10-22,Peterborough,Sheff Utd,0:0,CF,,,,,,,,71,71,
2013/14,104495,Lyle Taylor,League One,14,2013-10-26,Sheff Utd,Crewe Alexandra,3:1,CF,,,,,,,,82,82,
2013/14,104495,Lyle Taylor,League One,15,2013-11-02,Shrewsbury,Sheff Utd,2:0,CF,,,,,,,,,90,
2013/14,104495,Lyle Taylor,League One,16,2013-11-16,Sheff Utd,Gillingham,1:2,,,,,,,,79,,11,
2013/14,104495,Lyle Taylor,League One,17,2013-11-23,Bristol City,Sheff Utd,0:1,CF,,,,,,,,63,63,
2013/14,104495,Lyle Taylor,League One,18,2013-11-26,Sheff Utd,Walsall,1:1,,,,,,,,81,,9,
2013/14,104495,Lyle Taylor,League One,19,2013-11-30,Leyton Orient,Sheff Utd,1:1,,,,,,,,79,,11,
2013/14,104495,Lyle Taylor,League One,20,2013-12-14,Sheff Utd,Swindon Town,1:0,on the bench,,,,,,,,,,
2013/14,104495,Lyle Taylor,League One,21,2013-12-21,Stevenage,Sheff Utd,0:0,on the bench,,,,,,,,,,
2013/14,104495,Lyle Taylor,League One,22,2013-12-26,Sheff Utd,Oldham Athletic,1:1,,,,,,,,85,,5,
2013/14,104495,Lyle Taylor,League One,23,2013-12-29,Sheff Utd,Tranmere,3:1,on the bench,,,,,,,,,,
2013/14,104495,Lyle Taylor,FA Cup,First Round,2013-11-09,Colchester Utd.,Sheff Utd,2:3,,,,,,,,90,,1,
2013/14,104495,Lyle Taylor,FA Cup,Second Round,2013-12-08,Cambridge Utd.,Sheff Utd,0:2,,,,,,,,86,,4,
2013/14,104495,Lyle Taylor,League Cup,First Round,2013-08-06,Sheff Utd,Burton Albion,1:2,,,,,,,,61,,29,
