﻿season,player_id,player_name,competition,journey,date,home_team,away_team,result,position,goals,assists,own_goals,yellow_cards,second_yellow_cards,red_cards,substitutions_on,substitutions_off,minutes_played,transfermarkt_score
2025/26,1063329,Andrés García,UEFA Europa League,Group Stage,2025-09-25,Aston Villa,Bologna,1:0,on the bench,,,,,,,,,,
2025/26,1063329,Andrés García,UEFA Europa League,Group Stage,2025-10-02,Feyenoord,Aston Villa,0:2,Muscle injury,,,,,,,,,,
2025/26,1063329,Andrés García,UEFA Europa League,Group Stage,2025-10-23,Go Ahead Eagles,Aston Villa,2:1,Muscle injury,,,,,,,,,,
2025/26,1063329,Andrés García,UEFA Europa League,Group Stage,2025-11-06,Aston Villa,M. Tel Aviv,2:0,Muscle injury,,,,,,,,,,
2025/26,1063329,Andrés García,UEFA Europa League,Group Stage,2025-11-27,Aston Villa,Young Boys,2:1,on the bench,,,,,,,,,,
2025/26,1063329,Andrés García,Premier League,1,2025-08-16,Aston Villa,Newcastle,0:0,Muscle injury,,,,,,,,,,
2025/26,1063329,Andrés García,Premier League,2,2025-08-23,Brentford,Aston Villa,1:0,Muscle injury,,,,,,,,,,
2025/26,1063329,Andrés García,Premier League,3,2025-08-31,Aston Villa,Crystal Palace,0:3,Muscle injury,,,,,,,,,,
2025/26,1063329,Andrés García,Premier League,4,2025-09-13,Everton,Aston Villa,0:0,Muscle injury,,,,,,,,,,
2025/26,1063329,Andrés García,Premier League,5,2025-09-21,Sunderland,Aston Villa,1:1,Muscle injury,,,,,,,,,,
2025/26,1063329,Andrés García,Premier League,6,2025-09-28,Aston Villa,Fulham,3:1,Muscle injury,,,,,,,,,,
2025/26,1063329,Andrés García,Premier League,7,2025-10-05,Aston Villa,Burnley,2:1,Muscle injury,,,,,,,,,,
2025/26,1063329,Andrés García,Premier League,8,2025-10-19,Tottenham,Aston Villa,1:2,Muscle injury,,,,,,,,,,
2025/26,1063329,Andrés García,Premier League,9,2025-10-26,Aston Villa,Man City,1:0,Muscle injury,,,,,,,,,,
2025/26,1063329,Andrés García,Premier League,10,2025-11-01,Liverpool,Aston Villa,2:0,Muscle injury,,,,,,,,,,
2025/26,1063329,Andrés García,Premier League,11,2025-11-09,Aston Villa,Bournemouth,4:0,Muscle injury,,,,,,,,,,
2025/26,1063329,Andrés García,Premier League,12,2025-11-23,Leeds,Aston Villa,1:2,Muscle injury,,,,,,,,,,
2025/26,1063329,Andrés García,Premier League,13,2025-11-30,Aston Villa,Wolves,1:0,Muscle injury,,,,,,,,,,
2025/26,1063329,Andrés García,Premier League,14,2025-12-03,Brighton,Aston Villa,3:4,on the bench,,,,,,,,,,
2025/26,1063329,Andrés García,EFL Cup,Third Round,2025-09-16,Brentford,Aston Villa,5:3 on pens,Muscle injury,,,,,,,,,,
