﻿season,player_id,player_name,competition,journey,date,home_team,away_team,result,position,goals,assists,own_goals,yellow_cards,second_yellow_cards,red_cards,substitutions_on,substitutions_off,minutes_played,transfermarkt_score
2022/23,104495,Lyle Taylor,Premier League,1,2022-08-06,Newcastle,Nott'm Forest,2:0,on the bench,,,,,,,,,,
2022/23,104495,Lyle Taylor,Premier League,2,2022-08-14,Nott'm Forest,West Ham,1:0,on the bench,,,,,,,,,,
2022/23,104495,Lyle Taylor,Premier League,3,2022-08-20,Everton,Nott'm Forest,1:1,Not in squad,,,,,,,,,,
2022/23,104495,Lyle Taylor,Premier League,4,2022-08-28,Nott'm Forest,Tottenham,0:2,Not in squad,,,,,,,,,,
2022/23,104495,Lyle Taylor,Premier League,5,2022-08-31,Man City,Nott'm Forest,6:0,Not in squad,,,,,,,,,,
2022/23,104495,Lyle Taylor,Premier League,6,2022-09-03,Nott'm Forest,Bournemouth,2:3,Not in squad,,,,,,,,,,
2022/23,104495,Lyle Taylor,Premier League,8,2022-09-16,Nott'm Forest,Fulham,2:3,Not in squad,,,,,,,,,,
2022/23,104495,Lyle Taylor,Premier League,9,2022-10-03,Leicester,Nott'm Forest,4:0,Not in squad,,,,,,,,,,
2022/23,104495,Lyle Taylor,Premier League,10,2022-10-10,Nott'm Forest,Aston Villa,1:1,Not in squad,,,,,,,,,,
2022/23,104495,Lyle Taylor,Premier League,11,2022-10-15,Wolves,Nott'm Forest,1:0,Not in squad,,,,,,,,,,
2022/23,104495,Lyle Taylor,Premier League,12,2022-10-18,Brighton,Nott'm Forest,0:0,Not in squad,,,,,,,,,,
2022/23,104495,Lyle Taylor,Premier League,13,2022-10-22,Nott'm Forest,Liverpool,1:0,Not in squad,,,,,,,,,,
2022/23,104495,Lyle Taylor,Premier League,14,2022-10-30,Arsenal,Nott'm Forest,5:0,Not in squad,,,,,,,,,,
2022/23,104495,Lyle Taylor,Premier League,15,2022-11-05,Nott'm Forest,Brentford,2:2,Not in squad,,,,,,,,,,
2022/23,104495,Lyle Taylor,Premier League,16,2022-11-12,Nott'm Forest,Crystal Palace,1:0,Not in squad,,,,,,,,,,
2022/23,104495,Lyle Taylor,Premier League,17,2022-12-27,Man Utd,Nott'm Forest,3:0,Not in squad,,,,,,,,,,
2022/23,104495,Lyle Taylor,Premier League,18,2023-01-01,Nott'm Forest,Chelsea,1:1,Not in squad,,,,,,,,,,
2022/23,104495,Lyle Taylor,Premier League,19,2023-01-04,Southampton,Nott'm Forest,0:1,Not in squad,,,,,,,,,,
2022/23,104495,Lyle Taylor,Premier League,20,2023-01-14,Nott'm Forest,Leicester,2:0,Not in squad,,,,,,,,,,
2022/23,104495,Lyle Taylor,Premier League,21,2023-01-21,Bournemouth,Nott'm Forest,1:1,Not in squad,,,,,,,,,,
2022/23,104495,Lyle Taylor,Premier League,22,2023-02-05,Nott'm Forest,Leeds,1:0,Not in squad,,,,,,,,,,
2022/23,104495,Lyle Taylor,Premier League,23,2023-02-11,Fulham,Nott'm Forest,2:0,Not in squad,,,,,,,,,,
2022/23,104495,Lyle Taylor,Premier League,24,2023-02-18,Nott'm Forest,Man City,1:1,Not in squad,,,,,,,,,,
2022/23,104495,Lyle Taylor,Premier League,25,2023-02-25,West Ham,Nott'm Forest,4:0,Not in squad,,,,,,,,,,
2022/23,104495,Lyle Taylor,Premier League,26,2023-03-05,Nott'm Forest,Everton,2:2,Not in squad,,,,,,,,,,
2022/23,104495,Lyle Taylor,Premier League,27,2023-03-11,Tottenham,Nott'm Forest,3:1,Not in squad,,,,,,,,,,
2022/23,104495,Lyle Taylor,Premier League,28,2023-03-17,Nott'm Forest,Newcastle,1:2,Not in squad,,,,,,,,,,
2022/23,104495,Lyle Taylor,Premier League,29,2023-04-01,Nott'm Forest,Wolves,1:1,Not in squad,,,,,,,,,,
2022/23,104495,Lyle Taylor,Premier League,7,2023-04-04,Leeds,Nott'm Forest,2:1,Not in squad,,,,,,,,,,
2022/23,104495,Lyle Taylor,Premier League,30,2023-04-08,Aston Villa,Nott'm Forest,2:0,Not in squad,,,,,,,,,,
2022/23,104495,Lyle Taylor,Premier League,31,2023-04-16,Nott'm Forest,Man Utd,0:2,Not in squad,,,,,,,,,,
2022/23,104495,Lyle Taylor,Premier League,32,2023-04-22,Liverpool,Nott'm Forest,3:2,Not in squad,,,,,,,,,,
2022/23,104495,Lyle Taylor,Premier League,33,2023-04-26,Nott'm Forest,Brighton,3:1,Not in squad,,,,,,,,,,
2022/23,104495,Lyle Taylor,Premier League,34,2023-04-29,Brentford,Nott'm Forest,2:1,Not in squad,,,,,,,,,,
2022/23,104495,Lyle Taylor,Premier League,35,2023-05-08,Nott'm Forest,Southampton,4:3,Not in squad,,,,,,,,,,
2022/23,104495,Lyle Taylor,Premier League,36,2023-05-13,Chelsea,Nott'm Forest,2:2,Not in squad,,,,,,,,,,
2022/23,104495,Lyle Taylor,Premier League,37,2023-05-20,Nott'm Forest,Arsenal,1:0,Not in squad,,,,,,,,,,
2022/23,104495,Lyle Taylor,Premier League,38,2023-05-28,Crystal Palace,Nott'm Forest,1:1,Not in squad,,,,,,,,,,
2022/23,104495,Lyle Taylor,FA Cup,Third Round,2023-01-07,Blackpool,Nott'm Forest,4:1,Not in squad,,,,,,,,,,
2022/23,104495,Lyle Taylor,EFL Cup,Second Round,2022-08-23,Grimsby Town,Nott'm Forest,0:3,Not in squad,,,,,,,,,,
2022/23,104495,Lyle Taylor,EFL Cup,Third Round,2022-11-09,Nott'm Forest,Tottenham,2:0,Not in squad,,,,,,,,,,
2022/23,104495,Lyle Taylor,EFL Cup,Fourth Round,2022-12-21,Blackburn,Nott'm Forest,1:4,Not in squad,,,,,,,,,,
2022/23,104495,Lyle Taylor,EFL Cup,Quarter-Finals,2023-01-11,Nott'm Forest,Wolves,5:4 on pens,Not in squad,,,,,,,,,,
2022/23,104495,Lyle Taylor,EFL Cup,Semi-Finals 1st Leg,2023-01-25,Nott'm Forest,Man Utd,0:3,Not in squad,,,,,,,,,,
2022/23,104495,Lyle Taylor,EFL Cup,Semi-Finals 2nd Leg,2023-02-01,Man Utd,Nott'm Forest,2:0,Not in squad,,,,,,,,,,
2022/23,104495,Lyle Taylor,Premier League 2 Playoffs,Semi-Finals,2023-05-08,Nottingham U21,West Brom U21,3:0,Not in squad,,,,,,,,,,
2022/23,104495,Lyle Taylor,Premier League 2 Playoffs,Final,2023-05-15,Leeds U21,Nottingham U21,3:0,Not in squad,,,,,,,,,,
2022/23,104495,Lyle Taylor,Premier League 2,1,2022-08-08,Nottingham U21,Southampton U21,1:3,Not in squad,,,,,,,,,,
2022/23,104495,Lyle Taylor,Premier League 2,3,2022-08-22,Nottingham U21,Boro U21,1:4,Not in squad,,,,,,,,,,
2022/23,104495,Lyle Taylor,Premier League 2,4,2022-08-29,Leeds U21,Nottingham U21,5:1,Not in squad,,,,,,,,,,
2022/23,104495,Lyle Taylor,Premier League 2,6,2022-09-16,Newcastle U21,Nottingham U21,2:1,Not in squad,,,,,,,,,,
2022/23,104495,Lyle Taylor,Premier League 2,7,2022-10-03,Nottingham U21,Sunderland U21,1:0,Not in squad,,,,,,,,,,
2022/23,104495,Lyle Taylor,Premier League 2,8,2022-10-10,Derby U21,Nottingham U21,0:1,Not in squad,,,,,,,,,,
2022/23,104495,Lyle Taylor,Premier League 2,5,2022-10-17,Nottingham U21,Stoke U21,4:1,Not in squad,,,,,,,,,,
2022/23,104495,Lyle Taylor,Premier League 2,9,2022-10-21,Aston Villa U21,Nottingham U21,1:1,Not in squad,,,,,,,,,,
2022/23,104495,Lyle Taylor,Premier League 2,10,2022-10-31,Nottingham U21,Norwich U21,4:1,Not in squad,,,,,,,,,,
2022/23,104495,Lyle Taylor,Premier League 2,11,2022-11-07,West Brom U21,Nottingham U21,1:5,Not in squad,,,,,,,,,,
2022/23,104495,Lyle Taylor,Premier League 2,12,2023-01-06,Nottingham U21,Leeds U21,1:0,Not in squad,,,,,,,,,,
2022/23,104495,Lyle Taylor,Premier League 2,13,2023-01-15,Stoke U21,Nottingham U21,1:2,Not in squad,,,,,,,,,,
2022/23,104495,Lyle Taylor,Premier League 2,14,2023-01-27,Nottingham U21,Derby U21,7:2,Not in squad,,,,,,,,,,
2022/23,104495,Lyle Taylor,Premier League 2,16,2023-02-17,Norwich U21,Nottingham U21,0:3,Not in squad,,,,,,,,,,
2022/23,104495,Lyle Taylor,Premier League 2,17,2023-02-27,Nottingham U21,West Brom U21,0:0,Not in squad,,,,,,,,,,
2022/23,104495,Lyle Taylor,Premier League 2,18,2023-03-03,Southampton U21,Nottingham U21,0:2,Not in squad,,,,,,,,,,
2022/23,104495,Lyle Taylor,Premier League 2,19,2023-03-18,Nottingham U21,Newcastle U21,3:1,Not in squad,,,,,,,,,,
2022/23,104495,Lyle Taylor,Premier League 2,20,2023-04-03,Sunderland U21,Nottingham U21,3:1,Not in squad,,,,,,,,,,
2022/23,104495,Lyle Taylor,Premier League 2,21,2023-04-14,Boro U21,Nottingham U21,0:1,Not in squad,,,,,,,,,,
2022/23,104495,Lyle Taylor,Premier League 2,22,2023-04-21,Nottingham U21,Aston Villa U21,4:3,CF,1,,,,,,,64,64,
2021/22,104495,Lyle Taylor,CONCACAF Nations League B,Group B,2022-06-05,Montserrat,Guyana,1:2,on the bench,,,,,,,,,,
2021/22,104495,Lyle Taylor,CONCACAF Nations League B,Group B,2022-06-07,Haiti,Montserrat,3:2,,1,,,,,,46,,45,
2021/22,104495,Lyle Taylor,CONCACAF Nations League B,Group B,2022-06-12,Montserrat,Bermuda,3:2,,2,,,,,,,,90,
2021/22,104495,Lyle Taylor,CONCACAF Nations League B,Group B,2022-06-15,Bermuda,Montserrat,3:0,Not in squad,,,,,,,,,,
2022/23,104495,Lyle Taylor,CONCACAF Nations League B,Group B,2023-03-25,Montserrat,Haiti,0:4,Not in squad,,,,,,,,,,
2022/23,104495,Lyle Taylor,CONCACAF Nations League B,Group B,2023-03-29,Guyana,Montserrat,0:0,Not in squad,,,,,,,,,,
2022/23,104495,Lyle Taylor,Premier League Cup,Group A,2022-09-06,Charlton U21,Nottingham U21,1:3,Information not yet available,,,,,,,,,,
2022/23,104495,Lyle Taylor,Premier League Cup,Group A,2022-11-11,Nottingham U21,Fulham U21,0:2,Information not yet available,,,,,,,,,,
2022/23,104495,Lyle Taylor,Premier League Cup,Group A,2022-11-18,Nottingham U21,Hull U21,1:0,Information not yet available,,,,,,,,,,
2022/23,104495,Lyle Taylor,Premier League Cup,Group A,2022-12-09,Fulham U21,Nottingham U21,3:0,Information not yet available,,,,,,,,,,
2022/23,104495,Lyle Taylor,Premier League Cup,Group A,2023-01-30,Hull U21,Nottingham U21,0:2,Information not yet available,,,,,,,,,,
2022/23,104495,Lyle Taylor,Premier League Cup,Round of 16,2023-02-24,Derby U21,Nottingham U21,0:2,Information not yet available,,,,,,,,,,
2022/23,104495,Lyle Taylor,Premier League Cup,Quarter-Finals,2023-03-13,Bristol U21,Nottingham U21,5:6 on pens,Information not yet available,,,,,,,,,,
2022/23,104495,Lyle Taylor,Premier League Cup,Semi-Finals,2023-04-11,Blackburn U21,Nottingham U21,6:1,Information not yet available,,,,,,,,,,
