﻿season,player_id,player_name,competition,journey,date,home_team,away_team,result,position,goals,assists,own_goals,yellow_cards,second_yellow_cards,red_cards,substitutions_on,substitutions_off,minutes_played,transfermarkt_score
2023/24,1005649,Murillo,Copa América,Group D,2024-06-25,Brazil,Costa Rica,0:0,Not in squad,,,,,,,,,,
2023/24,1005649,Murillo,Copa América,Group D,2024-06-29,Paraguay,Brazil,1:4,Not in squad,,,,,,,,,,
2024/25,1005649,Murillo,Copa América,Group D,2024-07-03,Brazil,Colombia,1:1,Not in squad,,,,,,,,,,
2024/25,1005649,Murillo,Copa América,Quarter-Finals,2024-07-07,Uruguay,Brazil,4:2 on pens,Not in squad,,,,,,,,,,
2023/24,1005649,Murillo,World Cup qualification South America,Group A,2023-09-09,Brazil,Bolivia,5:1,Not in squad,,,,,,,,,,
2023/24,1005649,Murillo,World Cup qualification South America,Group A,2023-09-13,Peru,Brazil,0:1,Not in squad,,,,,,,,,,
2023/24,1005649,Murillo,World Cup qualification South America,Group A,2023-10-13,Brazil,Venezuela,1:1,Not in squad,,,,,,,,,,
2023/24,1005649,Murillo,World Cup qualification South America,Group A,2023-10-18,Uruguay,Brazil,2:0,Not in squad,,,,,,,,,,
2023/24,1005649,Murillo,World Cup qualification South America,Group A,2023-11-17,Colombia,Brazil,2:1,Not in squad,,,,,,,,,,
2023/24,1005649,Murillo,World Cup qualification South America,Group A,2023-11-22,Brazil,Argentina,0:1,Not in squad,,,,,,,,,,
2024/25,1005649,Murillo,World Cup qualification South America,Group A,2024-09-07,Brazil,Ecuador,1:0,Not in squad,,,,,,,,,,
2024/25,1005649,Murillo,World Cup qualification South America,Group A,2024-09-11,Paraguay,Brazil,1:0,Not in squad,,,,,,,,,,
2024/25,1005649,Murillo,World Cup qualification South America,Group A,2024-10-11,Chile,Brazil,1:2,Not in squad,,,,,,,,,,
2024/25,1005649,Murillo,World Cup qualification South America,Group A,2024-10-16,Brazil,Peru,4:0,Not in squad,,,,,,,,,,
2024/25,1005649,Murillo,World Cup qualification South America,Group A,2024-11-14,Venezuela,Brazil,1:1,on the bench,,,,,,,,,,
2024/25,1005649,Murillo,World Cup qualification South America,Group A,2024-11-20,Brazil,Uruguay,1:1,on the bench,,,,,,,,,,
2024/25,1005649,Murillo,World Cup qualification South America,Group A,2025-03-21,Brazil,Colombia,2:1,on the bench,,,,,,,,,,
2024/25,1005649,Murillo,World Cup qualification South America,Group A,2025-03-26,Argentina,Brazil,4:1,CB,,,,28,,,,46,45,
2024/25,1005649,Murillo,World Cup qualification South America,Group A,2025-06-06,Ecuador,Brazil,0:0,Not in squad,,,,,,,,,,
2024/25,1005649,Murillo,World Cup qualification South America,Group A,2025-06-11,Brazil,Paraguay,1:0,Not in squad,,,,,,,,,,
2025/26,1005649,Murillo,World Cup qualification South America,Group A,2025-09-05,Brazil,Chile,3:0,Not in squad,,,,,,,,,,
2025/26,1005649,Murillo,World Cup qualification South America,Group A,2025-09-10,Bolivia,Brazil,1:0,Not in squad,,,,,,,,,,
2023/24,1005649,Murillo,International Friendlies,4,2024-03-23,England,Brazil,0:1,Not in squad,,,,,,,,,,
2023/24,1005649,Murillo,International Friendlies,18,2024-03-26,Spain,Brazil,3:3,Not in squad,,,,,,,,,,
2023/24,1005649,Murillo,International Friendlies,45,2024-06-09,Mexico,Brazil,2:3,Not in squad,,,,,,,,,,
2023/24,1005649,Murillo,International Friendlies,11,2024-06-13,USA,Brazil,1:1,Not in squad,,,,,,,,,,
2023/24,1005649,Murillo,Premier League,4,2023-09-02,Chelsea,Nott'm Forest,0:1,Not in squad,,,,,,,,,,
2023/24,1005649,Murillo,Premier League,5,2023-09-18,Nott'm Forest,Burnley,1:1,Not in squad,,,,,,,,,,
2023/24,1005649,Murillo,Premier League,6,2023-09-23,Man City,Nott'm Forest,2:0,Not in squad,,,,,,,,,,
2023/24,1005649,Murillo,Premier League,7,2023-10-01,Nott'm Forest,Brentford,1:1,CB,,,,,,,,,90,
2023/24,1005649,Murillo,Premier League,8,2023-10-07,Crystal Palace,Nott'm Forest,0:0,CB,,,,,,,,,90,
2023/24,1005649,Murillo,Premier League,9,2023-10-21,Nott'm Forest,Luton,2:2,CB,,,,98,,,,,90,
2023/24,1005649,Murillo,Premier League,10,2023-10-29,Liverpool,Nott'm Forest,3:0,CB,,,,,,,,,90,
2023/24,1005649,Murillo,Premier League,11,2023-11-05,Nott'm Forest,Aston Villa,2:0,CB,,,,,,,,,90,
2023/24,1005649,Murillo,Premier League,12,2023-11-12,West Ham,Nott'm Forest,3:2,CB,,,,,,,,76,76,
2023/24,1005649,Murillo,Premier League,13,2023-11-25,Nott'm Forest,Brighton,2:3,CB,,,,,,,,,90,
2023/24,1005649,Murillo,Premier League,14,2023-12-02,Nott'm Forest,Everton,0:1,CB,,,,,,,,,90,
2023/24,1005649,Murillo,Premier League,15,2023-12-06,Fulham,Nott'm Forest,5:0,CB,,,,,,,,,90,
2023/24,1005649,Murillo,Premier League,16,2023-12-09,Wolves,Nott'm Forest,1:1,CB,,,,,,,,78,78,
2023/24,1005649,Murillo,Premier League,17,2023-12-15,Nott'm Forest,Tottenham,0:2,CB,,,,82,,,,,90,
2023/24,1005649,Murillo,Premier League,18,2023-12-23,Nott'm Forest,Bournemouth,2:3,CB,,,,,,,,,90,
2023/24,1005649,Murillo,Premier League,19,2023-12-26,Newcastle,Nott'm Forest,1:3,CB,,1,,,,,,,90,
2023/24,1005649,Murillo,Premier League,20,2023-12-30,Nott'm Forest,Man Utd,2:1,CB,,,,,,,,,90,
2023/24,1005649,Murillo,Premier League,21,2024-01-20,Brentford,Nott'm Forest,3:2,CB,,,,,,,,,90,
2023/24,1005649,Murillo,Premier League,22,2024-01-30,Nott'm Forest,Arsenal,1:2,CB,,,,,,,,,90,
2023/24,1005649,Murillo,Premier League,23,2024-02-04,Bournemouth,Nott'm Forest,1:1,CB,,,,,,,,,90,
2023/24,1005649,Murillo,Premier League,24,2024-02-10,Nott'm Forest,Newcastle,2:3,CB,,,,,,,,,90,
2023/24,1005649,Murillo,Premier League,25,2024-02-17,Nott'm Forest,West Ham,2:0,CB,,,,,,,,,90,
2023/24,1005649,Murillo,Premier League,26,2024-02-24,Aston Villa,Nott'm Forest,4:2,CB,,,,15,,,,46,45,
2023/24,1005649,Murillo,Premier League,27,2024-03-02,Nott'm Forest,Liverpool,0:1,CB,,,,,,,,,90,
2023/24,1005649,Murillo,Premier League,28,2024-03-10,Brighton,Nott'm Forest,1:0,CB,,,,,,,,,90,
2023/24,1005649,Murillo,Premier League,29,2024-03-16,Luton,Nott'm Forest,1:1,CB,,,,,,,,,90,
2023/24,1005649,Murillo,Premier League,30,2024-03-30,Nott'm Forest,Crystal Palace,1:1,CB,,,,,,,,,90,
2023/24,1005649,Murillo,Premier League,31,2024-04-02,Nott'm Forest,Fulham,3:1,CB,,1,,,,,,,90,
2023/24,1005649,Murillo,Premier League,32,2024-04-07,Tottenham,Nott'm Forest,3:1,CB,,,1,,,,,,90,
2023/24,1005649,Murillo,Premier League,33,2024-04-13,Nott'm Forest,Wolves,2:2,CB,,,,95,,,,,90,
2023/24,1005649,Murillo,Premier League,34,2024-04-21,Everton,Nott'm Forest,2:0,CB,,,,,,,,,90,
2023/24,1005649,Murillo,Premier League,35,2024-04-28,Nott'm Forest,Man City,0:2,CB,,,,,,,,74,74,
2023/24,1005649,Murillo,Premier League,36,2024-05-04,Sheff Utd,Nott'm Forest,1:3,CB,,,,,,,,,90,
2023/24,1005649,Murillo,Premier League,37,2024-05-11,Nott'm Forest,Chelsea,2:3,CB,,,,,,,,,90,
2023/24,1005649,Murillo,Premier League,38,2024-05-19,Burnley,Nott'm Forest,1:2,CB,,,,,,,,,90,
2023/24,1005649,Murillo,FA Cup,Third Round,2024-01-07,Nott'm Forest,Blackpool,2:2,CB,,,,,,,,,90,
2023/24,1005649,Murillo,FA Cup,Third Round Replay,2024-01-17,Blackpool,Nott'm Forest,2:3 AET,CB,,,,35,,,,102,102,
2023/24,1005649,Murillo,FA Cup,Fourth Round,2024-01-26,Bristol City,Nott'm Forest,0:0,CB,,,,,,,,,90,
2023/24,1005649,Murillo,FA Cup,4th round deciders,2024-02-07,Nott'm Forest,Bristol City,6:4 on pens,on the bench,,,,,,,,,,
2023/24,1005649,Murillo,FA Cup,Fifth Round,2024-02-28,Nott'm Forest,Man Utd,0:1,CB,,,,,,,,,90,
