﻿season,player_id,player_name,competition,journey,date,home_team,away_team,result,position,goals,assists,own_goals,yellow_cards,second_yellow_cards,red_cards,substitutions_on,substitutions_off,minutes_played,transfermarkt_score
2010/11,104124,Michail Antonio,Championship,1,2010-08-07,Reading,Scunthorpe Utd.,1:2,,,,,,,,75,,15,
2010/11,104124,Michail Antonio,Championship,2,2010-08-14,Portsmouth,Reading,1:1,,,,,,,,68,,22,
2010/11,104124,Michail Antonio,Championship,3,2010-08-21,Reading,Nott'm Forest,1:1,on the bench,,,,,,,,,,
2010/11,104124,Michail Antonio,Championship,4,2010-08-28,Leicester,Reading,1:2,,,,,,,,45,,45,
2010/11,104124,Michail Antonio,Championship,5,2010-09-11,Reading,Crystal Palace,3:0,on the bench,,,,,,,,,,
2010/11,104124,Michail Antonio,Championship,6,2010-09-14,Millwall,Reading,0:0,,,,,,,,82,,8,
2010/11,104124,Michail Antonio,Championship,7,2010-09-18,Middlesbrough,Reading,3:1,,,,,,,,77,,13,
2010/11,104124,Michail Antonio,Championship,8,2010-09-25,Reading,Barnsley,3:0,on the bench,,,,,,,,,,
2010/11,104124,Michail Antonio,Championship,9,2010-09-28,Reading,Ipswich,1:0,,,,,,,,71,,19,
2010/11,104124,Michail Antonio,Championship,10,2010-10-02,Preston,Reading,1:1,on the bench,,,,,,,,,,
2010/11,104124,Michail Antonio,Championship,11,2010-10-16,Reading,Swansea,0:1,on the bench,,,,,,,,,,
2010/11,104124,Michail Antonio,Championship,12,2010-10-19,Bristol City,Reading,1:0,on the bench,,,,,,,,,,
2010/11,104124,Michail Antonio,Championship,13,2010-10-23,Burnley,Reading,0:4,,1,,,,,,82,,8,
2010/11,104124,Michail Antonio,Championship,14,2010-10-30,Reading,Doncaster,4:3,,,1,,,,,82,,8,
2010/11,104124,Michail Antonio,Championship,15,2010-11-06,QPR,Reading,3:1,,,,,96,,,81,,9,
2010/11,104124,Michail Antonio,Championship,16,2010-11-10,Reading,Cardiff,1:1,on the bench,,,,,,,,,,
2010/11,104124,Michail Antonio,Championship,17,2010-11-13,Reading,Norwich,3:3,,,,,,,,53,,37,
2010/11,104124,Michail Antonio,Championship,18,2010-11-20,Watford,Reading,1:1,,,,,,,,85,,5,
2010/11,104124,Michail Antonio,Championship,19,2010-11-27,Reading,Leeds,0:0,,,,,,,,77,,13,
2010/11,104124,Michail Antonio,Championship,21,2010-12-11,Reading,Coventry,0:0,Not in squad,,,,,,,,,,
2010/11,104124,Michail Antonio,Championship,22,2010-12-18,Derby,Reading,1:2,on the bench,,,,,,,,,,
2010/11,104124,Michail Antonio,Championship,23,2010-12-26,Reading,Bristol City,4:1,on the bench,,,,,,,,,,
2010/11,104124,Michail Antonio,Championship,24,2010-12-28,Hull City,Reading,1:1,,,,,,,,72,,18,
2010/11,104124,Michail Antonio,Championship,25,2011-01-01,Swansea,Reading,1:0,,,,,,,,71,,19,
2010/11,104124,Michail Antonio,Championship,26,2011-01-03,Reading,Burnley,2:1,Not in squad,,,,,,,,,,
2010/11,104124,Michail Antonio,Championship,27,2011-01-15,Doncaster,Reading,0:3,on the bench,,,,,,,,,,
2010/11,104124,Michail Antonio,Championship,28,2011-01-22,Reading,Hull City,1:1,Not in squad,,,,,,,,,,
2010/11,104124,Michail Antonio,Championship,29,2011-02-01,Cardiff,Reading,2:2,Not in squad,,,,,,,,,,
2010/11,104124,Michail Antonio,Championship,30,2011-02-04,Reading,QPR,0:1,Not in squad,,,,,,,,,,
2010/11,104124,Michail Antonio,Championship,31,2011-02-12,Norwich,Reading,2:1,,,,,,,,72,,18,
2010/11,104124,Michail Antonio,Championship,20,2011-02-15,Sheff Utd,Reading,1:1,,,,,82,,,70,,20,
2010/11,104124,Michail Antonio,Championship,32,2011-02-19,Reading,Watford,1:1,on the bench,,,,,,,,,,
2010/11,104124,Michail Antonio,Championship,33,2011-02-22,Reading,Millwall,2:1,on the bench,,,,,,,,,,
2010/11,104124,Michail Antonio,Championship,34,2011-02-26,Crystal Palace,Reading,3:3,on the bench,,,,,,,,,,
2010/11,104124,Michail Antonio,Championship,35,2011-03-05,Reading,Middlesbrough,5:2,,,,,,,,82,,8,
2010/11,104124,Michail Antonio,Championship,36,2011-03-08,Ipswich,Reading,1:3,on the bench,,,,,,,,,,
2010/11,104124,Michail Antonio,Championship,38,2011-03-19,Barnsley,Reading,0:1,,,,,,,,78,,12,
2010/11,104124,Michail Antonio,Championship,39,2011-04-02,Reading,Portsmouth,2:0,on the bench,,,,,,,,,,
2010/11,104124,Michail Antonio,Championship,37,2011-04-05,Reading,Preston,2:1,on the bench,,,,,,,,,,
2010/11,104124,Michail Antonio,Championship,40,2011-04-09,Nott'm Forest,Reading,3:4,on the bench,,,,,,,,,,
2010/11,104124,Michail Antonio,Championship,41,2011-04-12,Scunthorpe Utd.,Reading,0:2,on the bench,,,,,,,,,,
2010/11,104124,Michail Antonio,Championship,42,2011-04-16,Reading,Leicester,3:1,on the bench,,,,,,,,,,
2010/11,104124,Michail Antonio,Championship,43,2011-04-22,Leeds,Reading,0:0,on the bench,,,,,,,,,,
2010/11,104124,Michail Antonio,Championship,44,2011-04-25,Reading,Sheff Utd,2:3,,,,,,,,64,,26,
2010/11,104124,Michail Antonio,Championship,45,2011-04-30,Coventry,Reading,0:0,,,,,,,,,61,61,
2010/11,104124,Michail Antonio,Championship,46,2011-05-07,Reading,Derby,2:1,RM,,,,,,,,58,58,
2010/11,104124,Michail Antonio,FA Cup,Third Round,2011-01-08,Reading,West Brom,1:0,on the bench,,,,,,,,,,
2010/11,104124,Michail Antonio,FA Cup,Fourth Round,2011-01-29,Stevenage,Reading,1:2,,,,,,,,75,,15,
2010/11,104124,Michail Antonio,FA Cup,Fifth Round,2011-03-01,Everton,Reading,0:1,on the bench,,,,,,,,,,
2010/11,104124,Michail Antonio,FA Cup,Sixth Round,2011-03-13,Man City,Reading,1:0,on the bench,,,,,,,,,,
2010/11,104124,Michail Antonio,League Cup,First Round,2010-08-11,Torquay,Reading,0:1 AET,,,,,,,,,113,113,
2010/11,104124,Michail Antonio,League Cup,Second Round,2010-08-24,Reading,Northampton,5:7 on pens,,,,,,,,,46,46,
2010/11,104124,Michail Antonio,Championship Play-Offs,Play Off 1st leg,2011-05-13,Reading,Cardiff,0:0,Not in squad,,,,,,,,,,
2010/11,104124,Michail Antonio,Championship Play-Offs,Play Off 2st leg,2011-05-17,Cardiff,Reading,0:3,Not in squad,,,,,,,,,,
2010/11,104124,Michail Antonio,Championship Play-Offs,Final,2011-05-30,Reading,Swansea,2:4,Not in squad,,,,,,,,,,
