﻿season,player_id,player_name,competition,journey,date,home_team,away_team,result,position,goals,assists,own_goals,yellow_cards,second_yellow_cards,red_cards,substitutions_on,substitutions_off,minutes_played,transfermarkt_score
2024/25,104495,Lyle Taylor,EFL Trophy,group B5,2024-09-17,Colchester Utd.,MK Dons,2:1,Not in squad,,,,,,,,,,
2024/25,104495,Lyle Taylor,EFL Trophy,group B5,2024-10-08,Leyton Orient,Colchester Utd.,5:3 on pens,Not in squad,,,,,,,,,,
2024/25,104495,Lyle Taylor,EFL Trophy,group B5,2024-11-12,Colchester Utd.,Arsenal U21,3:0,on the bench,,,,,,,,,,
2024/25,104495,Lyle Taylor,EFL Trophy,Second Round,2024-12-10,Colchester Utd.,AFC Wimbledon,2:0,CF,2,,,,,,,84,84,
2024/25,104495,Lyle Taylor,EFL Trophy,Round of 16,2025-01-14,Cheltenham,Colchester Utd.,2:1,CF,1,,,66,,,,66,66,
2024/25,104495,Lyle Taylor,League Two,1,2024-08-10,AFC Wimbledon,Colchester Utd.,4:2,Calf injury,,,,,,,,,,
2024/25,104495,Lyle Taylor,League Two,2,2024-08-17,Colchester Utd.,MK Dons,2:0,Calf injury,,,,,,,,,,
2024/25,104495,Lyle Taylor,League Two,3,2024-08-24,Colchester Utd.,Harrogate Town,0:1,Calf injury,,,,,,,,,,
2024/25,104495,Lyle Taylor,League Two,4,2024-08-31,Accrington,Colchester Utd.,1:1,,,,,,,,46,,45,
2024/25,104495,Lyle Taylor,League Two,5,2024-09-07,Colchester Utd.,Bromley,1:1,CF,,,,,,,,79,79,
2024/25,104495,Lyle Taylor,League Two,6,2024-09-14,Morecambe FC,Colchester Utd.,3:3,CF,1,,,,,,,69,69,
2024/25,104495,Lyle Taylor,League Two,7,2024-09-21,Colchester Utd.,Tranmere,3:0,CF,2,,,,,,,67,67,
2024/25,104495,Lyle Taylor,League Two,8,2024-09-28,Walsall,Colchester Utd.,4:0,CF,,,,15,,,,81,81,
2024/25,104495,Lyle Taylor,League Two,9,2024-10-01,Port Vale,Colchester Utd.,1:1,,,,,,,,63,,27,
2024/25,104495,Lyle Taylor,League Two,10,2024-10-05,Colchester Utd.,Carlisle United,0:0,CF,,,,,,,,,90,
2024/25,104495,Lyle Taylor,League Two,12,2024-10-19,Colchester Utd.,Cheltenham,1:2,CF,1,,,,,,,,90,
2024/25,104495,Lyle Taylor,League Two,13,2024-10-22,Chesterfield,Colchester Utd.,1:1,,,,,96,,,79,,11,
2024/25,104495,Lyle Taylor,League Two,14,2024-10-26,Colchester Utd.,Salford,1:2,CF,,,,,,,,,90,
2024/25,104495,Lyle Taylor,League Two,15,2024-11-09,Barrow,Colchester Utd.,1:1,CF,1,,,95,,,,,90,
2024/25,104495,Lyle Taylor,League Two,16,2024-11-16,Colchester Utd.,Bradford,1:1,CF,,,,,,,,,90,
2024/25,104495,Lyle Taylor,League Two,17,2024-11-23,Grimsby Town,Colchester Utd.,0:1,CF,,,,,,,,75,75,
2024/25,104495,Lyle Taylor,League Two,11,2024-11-30,Fleetwood,Colchester Utd.,0:0,Not in squad,,,,,,,,,,
2024/25,104495,Lyle Taylor,League Two,18,2024-12-03,Colchester Utd.,Swindon Town,4:0,,,,,,,,64,,26,
2024/25,104495,Lyle Taylor,League Two,20,2024-12-14,Colchester Utd.,Newport County,0:0,,,,,,,,65,,25,
2024/25,104495,Lyle Taylor,League Two,21,2024-12-20,Crewe Alexandra,Colchester Utd.,0:0,AM,,,,,,,,89,89,
2024/25,104495,Lyle Taylor,League Two,22,2024-12-26,Colchester Utd.,Gillingham,2:0,CF,1,,,,,,,73,73,
2024/25,104495,Lyle Taylor,League Two,23,2024-12-29,Colchester Utd.,Doncaster,1:1,CF,1,,,,,,,,90,
2024/25,104495,Lyle Taylor,League Two,24,2025-01-01,Swindon Town,Colchester Utd.,3:2,,,,,,,,73,,17,
2024/25,104495,Lyle Taylor,League Two,25,2025-01-04,Colchester Utd.,Accrington,0:2,CF,,,,,,,,,90,
2024/25,104495,Lyle Taylor,League Two,27,2025-01-18,Bromley,Colchester Utd.,0:1,CF,,1,,,,,,77,77,
2024/25,104495,Lyle Taylor,League Two,26,2025-01-21,Harrogate Town,Colchester Utd.,0:0,CF,,,,,,,,64,64,
2024/25,104495,Lyle Taylor,League Two,28,2025-01-25,Colchester Utd.,Morecambe FC,1:0,,,,,95,,,55,,35,
2024/25,104495,Lyle Taylor,League Two,30,2025-02-01,Tranmere,Colchester Utd.,1:3,CF,2,,,23,,,,78,78,
2024/25,104495,Lyle Taylor,League Two,31,2025-02-08,Colchester Utd.,Walsall,2:1,CF,,,,,,,,90,90,
2024/25,104495,Lyle Taylor,League Two,32,2025-02-15,Carlisle United,Colchester Utd.,0:0,CF,,,,,,,,82,82,
2024/25,104495,Lyle Taylor,League Two,19,2025-02-18,Notts County,Colchester Utd.,1:1,,,,,,,,69,,21,
2024/25,104495,Lyle Taylor,League Two,33,2025-02-22,Colchester Utd.,AFC Wimbledon,1:1,CF,,,,6,,,,90,90,
2024/25,104495,Lyle Taylor,League Two,34,2025-03-01,MK Dons,Colchester Utd.,0:1,CF,,,,,,,,73,73,
2024/25,104495,Lyle Taylor,League Two,35,2025-03-04,Colchester Utd.,Chesterfield,1:0,,,,,,,,46,,45,
2024/25,104495,Lyle Taylor,League Two,36,2025-03-08,Cheltenham,Colchester Utd.,0:1,CF,,,,,,,,81,81,
2024/25,104495,Lyle Taylor,League Two,29,2025-03-11,Colchester Utd.,Port Vale,2:1,,,1,,,,,46,,45,
2024/25,104495,Lyle Taylor,League Two,37,2025-03-15,Colchester Utd.,Fleetwood,3:0,CF,1,,,,,,,78,78,
2024/25,104495,Lyle Taylor,League Two,38,2025-03-22,Bradford,Colchester Utd.,4:1,CF,,,,,,,,73,73,
2024/25,104495,Lyle Taylor,League Two,39,2025-03-28,Colchester Utd.,Grimsby Town,1:2,CF,,,,,,,,,90,
2024/25,104495,Lyle Taylor,League Two,40,2025-04-01,Gillingham,Colchester Utd.,1:1,on the bench,,,,,,,,,,
2024/25,104495,Lyle Taylor,League Two,41,2025-04-05,Colchester Utd.,Notts County,1:0,AM,,,,,,,,,90,
2024/25,104495,Lyle Taylor,League Two,42,2025-04-12,Newport County,Colchester Utd.,0:2,AM,,,,,,,,12,12,
2024/25,104495,Lyle Taylor,League Two,43,2025-04-18,Colchester Utd.,Crewe Alexandra,0:0,Calf injury,,,,,,,,,,
2024/25,104495,Lyle Taylor,League Two,44,2025-04-21,Doncaster,Colchester Utd.,3:0,Calf injury,,,,,,,,,,
2024/25,104495,Lyle Taylor,League Two,45,2025-04-26,Salford,Colchester Utd.,4:1,Calf injury,,,,,,,,,,
2024/25,104495,Lyle Taylor,League Two,46,2025-05-03,Colchester Utd.,Barrow,0:0,Calf injury,,,,,,,,,,
2024/25,104495,Lyle Taylor,FA Cup,First Round,2024-11-02,Swindon Town,Colchester Utd.,2:1 AET,CF,,,,,,,,69,69,
2024/25,104495,Lyle Taylor,EFL Cup,First Round,2024-08-13,Colchester Utd.,Reading,6:5 on pens,Calf injury,,,,,,,,,,
2024/25,104495,Lyle Taylor,EFL Cup,Second Round,2024-08-28,Colchester Utd.,Brentford,0:1,Calf injury,,,,,,,,,,
2024/25,104495,Lyle Taylor,CONCACAF Nations League B,Group A,2024-09-05,Montserrat,El Salvador,1:4,Not in squad,,,,,,,,,,
2024/25,104495,Lyle Taylor,CONCACAF Nations League B,Group A,2024-09-08,St. Vincent,Montserrat,2:0,Not in squad,,,,,,,,,,
2024/25,104495,Lyle Taylor,CONCACAF Nations League B,Group A,2024-10-10,Bonaire,Montserrat,0:1,CF,1,,,,,,,,90,
2024/25,104495,Lyle Taylor,CONCACAF Nations League B,Group A,2024-10-13,Montserrat,Bonaire,0:1,CF,,,,,,,,,90,
2024/25,104495,Lyle Taylor,CONCACAF Nations League B,Group A,2024-11-14,Montserrat,St. Vincent,1:2,Not in squad,,,,,,,,,,
2024/25,104495,Lyle Taylor,CONCACAF Nations League B,Group A,2024-11-18,El Salvador,Montserrat,1:0,Not in squad,,,,,,,,,,
