﻿season,player_id,player_name,competition,journey,date,home_team,away_team,result,position,goals,assists,own_goals,yellow_cards,second_yellow_cards,red_cards,substitutions_on,substitutions_off,minutes_played,transfermarkt_score
2021/22,1009658,Julio Soler,Professional Football League (- 23/24),1,2022-06-07,Rosario Central,Lanús,0:0,on the bench,,,,,,,,,,
2021/22,1009658,Julio Soler,Professional Football League (- 23/24),2,2022-06-11,Lanús,Defensa,1:1,on the bench,,,,,,,,,,
2021/22,1009658,Julio Soler,Professional Football League (- 23/24),3,2022-06-15,Atl. Tucumán,Lanús,2:1,on the bench,,,,,,,,,,
2021/22,1009658,Julio Soler,Professional Football League (- 23/24),4,2022-06-19,Lanús,Colon,1:0,Not in squad,,,,,,,,,,
2021/22,1009658,Julio Soler,Professional Football League (- 23/24),5,2022-06-26,River Plate,Lanús,2:1,Not in squad,,,,,,,,,,
2022/23,1009658,Julio Soler,Professional Football League (- 23/24),6,2022-07-03,Unión Santa Fe,Lanús,3:0,,,,,,,,83,,7,
2022/23,1009658,Julio Soler,Professional Football League (- 23/24),7,2022-07-10,Lanús,Huracán,2:3,on the bench,,,,,,,,,,
2022/23,1009658,Julio Soler,Professional Football League (- 23/24),8,2022-07-17,Godoy Cruz,Lanús,2:1,on the bench,,,,,,,,,,
2022/23,1009658,Julio Soler,Professional Football League (- 23/24),9,2022-07-21,Lanús,Vélez Sarsfield,2:2,on the bench,,,,,,,,,,
2022/23,1009658,Julio Soler,Professional Football League (- 23/24),10,2022-07-24,Gimnasia,Lanús,1:0,on the bench,,,,,,,,,,
2022/23,1009658,Julio Soler,Professional Football League (- 23/24),11,2022-07-31,Lanús,Aldosivi,0:1,on the bench,,,,,,,,,,
2022/23,1009658,Julio Soler,Professional Football League (- 23/24),12,2022-08-06,Sarmiento Junin,Lanús,2:1,Not in squad,,,,,,,,,,
2022/23,1009658,Julio Soler,Professional Football League (- 23/24),13,2022-08-13,Lanús,Independiente,1:1,on the bench,,,,,,,,,,
2022/23,1009658,Julio Soler,Professional Football League (- 23/24),14,2022-08-17,Newell's,Lanús,2:0,on the bench,,,,,,,,,,
2022/23,1009658,Julio Soler,Professional Football League (- 23/24),15,2022-08-21,Lanús,Arsenal Sarandí,1:0,on the bench,,,,,,,,,,
2022/23,1009658,Julio Soler,Professional Football League (- 23/24),16,2022-08-26,Central Córdoba,Lanús,2:2,on the bench,,,,,,,,,,
2022/23,1009658,Julio Soler,Professional Football League (- 23/24),17,2022-09-03,Lanús,Tigre,1:2,on the bench,,,,,,,,,,
2022/23,1009658,Julio Soler,Professional Football League (- 23/24),18,2022-09-09,Barracas C.,Lanús,2:0,Not in squad,,,,,,,,,,
2022/23,1009658,Julio Soler,Professional Football League (- 23/24),19,2022-09-15,Lanús,Boca Juniors,0:1,Not in squad,,,,,,,,,,
2022/23,1009658,Julio Soler,Professional Football League (- 23/24),20,2022-09-18,Banfield,Lanús,1:2,on the bench,,,,,,,,,,
2022/23,1009658,Julio Soler,Professional Football League (- 23/24),21,2022-09-24,Lanús,San Lorenzo,2:0,LB,,,,,,,83,,7,
2022/23,1009658,Julio Soler,Professional Football League (- 23/24),22,2022-10-02,CA Talleres,Lanús,0:1,on the bench,,,,,,,,,,
2022/23,1009658,Julio Soler,Professional Football League (- 23/24),23,2022-10-07,Lanús,Argentinos Jrs.,0:4,Not in squad,,,,,,,,,,
2022/23,1009658,Julio Soler,Professional Football League (- 23/24),24,2022-10-11,Estudiantes LP,Lanús,3:1,Not in squad,,,,,,,,,,
2022/23,1009658,Julio Soler,Professional Football League (- 23/24),25,2022-10-13,Lanús,Patronato,0:1,Not in squad,,,,,,,,,,
2022/23,1009658,Julio Soler,Professional Football League (- 23/24),26,2022-10-19,Lanús,Racing Club,0:1,on the bench,,,,,,,,,,
2022/23,1009658,Julio Soler,Professional Football League (- 23/24),27,2022-10-26,Platense,Lanús,1:1,Not in squad,,,,,,,,,,
2021/22,1009658,Julio Soler,Copa Argentina,First Round,2022-02-23,Lanús,Def. Cambaceres,5:0,Not in squad,,,,,,,,,,
2022/23,1009658,Julio Soler,Copa Argentina,Second Round,2022-07-13,Lanús,Godoy Cruz,1:3,on the bench,,,,,,,,,,
2021/22,1009658,Julio Soler,Copa de la Liga Profesional de Fútbol (- 23/24),1,2022-02-12,Huracán,Lanús,1:0,Not in squad,,,,,,,,,,
2021/22,1009658,Julio Soler,Copa de la Liga Profesional de Fútbol (- 23/24),2,2022-02-16,Lanús,Barracas C.,2:0,Not in squad,,,,,,,,,,
2021/22,1009658,Julio Soler,Copa de la Liga Profesional de Fútbol (- 23/24),3,2022-02-19,Estudiantes LP,Lanús,2:1,Not in squad,,,,,,,,,,
2021/22,1009658,Julio Soler,Copa de la Liga Profesional de Fútbol (- 23/24),4,2022-03-01,Lanús,Tigre,0:0,Not in squad,,,,,,,,,,
2021/22,1009658,Julio Soler,Copa de la Liga Profesional de Fútbol (- 23/24),5,2022-03-07,Arsenal Sarandí,Lanús,2:2,Not in squad,,,,,,,,,,
2021/22,1009658,Julio Soler,Copa de la Liga Profesional de Fútbol (- 23/24),6,2022-03-13,Lanús,Colon,1:1,Not in squad,,,,,,,,,,
2021/22,1009658,Julio Soler,Copa de la Liga Profesional de Fútbol (- 23/24),7,2022-03-19,Lanús,Banfield,0:1,Not in squad,,,,,,,,,,
2021/22,1009658,Julio Soler,Copa de la Liga Profesional de Fútbol (- 23/24),8,2022-04-02,Vélez Sarsfield,Lanús,3:1,Not in squad,,,,,,,,,,
2021/22,1009658,Julio Soler,Copa de la Liga Profesional de Fútbol (- 23/24),9,2022-04-12,Lanús,Aldosivi,1:2,Not in squad,,,,,,,,,,
2021/22,1009658,Julio Soler,Copa de la Liga Profesional de Fútbol (- 23/24),10,2022-04-18,Boca Juniors,Lanús,1:1,Not in squad,,,,,,,,,,
2021/22,1009658,Julio Soler,Copa de la Liga Profesional de Fútbol (- 23/24),11,2022-04-21,Lanús,Rosario Central,3:1,on the bench,,,,,,,,,,
2021/22,1009658,Julio Soler,Copa de la Liga Profesional de Fútbol (- 23/24),12,2022-04-25,Godoy Cruz,Lanús,1:1,on the bench,,,,,,,,,,
2021/22,1009658,Julio Soler,Copa de la Liga Profesional de Fútbol (- 23/24),13,2022-05-01,Lanús,Independiente,1:0,,,,,,,,77,,13,
2021/22,1009658,Julio Soler,Copa de la Liga Profesional de Fútbol (- 23/24),14,2022-05-10,Central Córdoba,Lanús,3:3,Not in squad,,,,,,,,,,
2021/22,1009658,Julio Soler,Copa LPF Proyección,1,2022-02-11,Huracán II,Lanús II,0:2,,,,,,,,,,90,
2021/22,1009658,Julio Soler,Copa LPF Proyección,2,2022-02-16,Lanús II,Barracas C. II,0:2,,,,,,,,,,90,
2021/22,1009658,Julio Soler,Copa LPF Proyección,3,2022-02-21,Estudiantes II,Lanús II,4:3,,,,,,,,,,90,
2021/22,1009658,Julio Soler,Copa LPF Proyección,4,2022-02-25,Lanús II,Tigre II,1:1,,,,,,,,,,90,
2021/22,1009658,Julio Soler,Copa LPF Proyección,5,2022-03-03,Arsenal FC II,Lanús II,1:1,,,,,,,,,,90,
2021/22,1009658,Julio Soler,Copa LPF Proyección,6,2022-03-11,Lanús II,CA Colón II,1:0,,,,,,,,,,90,
2021/22,1009658,Julio Soler,Copa LPF Proyección,7,2022-03-17,Lanús II,Banfield II,1:1,,,,,,,,,,90,
2021/22,1009658,Julio Soler,Copa LPF Proyección,8,2022-03-31,Vélez II,Lanús II,2:3,,,,,,,,,,90,
2021/22,1009658,Julio Soler,Copa LPF Proyección,9,2022-04-07,Lanús II,Aldosivi II,2:1,,,,,,,,76,,14,
2021/22,1009658,Julio Soler,Copa LPF Proyección,10,2022-04-13,Boca Juniors II,Lanús II,1:3,,,,,,,,,,90,
2021/22,1009658,Julio Soler,Copa LPF Proyección,13,2022-04-29,Lanús II,Indep'te II,1:2,Not in squad,,,,,,,,,,
2021/22,1009658,Julio Soler,Copa LPF Proyección,14,2022-05-06,C. Córdoba II,Lanús II,2:2,,,,,,,,,77,77,
2021/22,1009658,Julio Soler,Copa LPF Proyección,12,2022-05-24,Godoy Cruz II,Lanús II,0:1,Not in squad,,,,,,,,,,
2022/23,1009658,Julio Soler,Copa LPF Proyección,11,2022-09-19,Lanús II,Ros. Central II,1:0,Not in squad,,,,,,,,,,
2021/22,1009658,Julio Soler,Copa Sudamericana,Group A,2022-04-08,Metropolitanos,Lanús,0:0,Not in squad,,,,,,,,,,
2021/22,1009658,Julio Soler,Copa Sudamericana,Group A,2022-04-15,Lanús,Barcelona SC,3:1,Not in squad,,,,,,,,,,
2021/22,1009658,Julio Soler,Copa Sudamericana,Group A,2022-04-29,Wanderers,Lanús,0:1,Not in squad,,,,,,,,,,
2021/22,1009658,Julio Soler,Copa Sudamericana,Group A,2022-05-05,Barcelona SC,Lanús,1:1,Not in squad,,,,,,,,,,
2021/22,1009658,Julio Soler,Copa Sudamericana,Group A,2022-05-20,Lanús,Wanderers,1:2,Not in squad,,,,,,,,,,
2021/22,1009658,Julio Soler,Copa Sudamericana,Group A,2022-05-26,Lanús,Metropolitanos,1:0,Not in squad,,,,,,,,,,
2022/23,1009658,Julio Soler,Copa Sudamericana,last 16 1st leg,2022-07-01,Independiente,Lanús,2:1,Not in squad,,,,,,,,,,
2022/23,1009658,Julio Soler,Copa Sudamericana,last 16 2nd leg,2022-07-08,Lanús,Independiente,0:0,on the bench,,,,,,,,,,
