﻿season,player_id,player_name,competition,journey,date,home_team,away_team,result,position,goals,assists,own_goals,yellow_cards,second_yellow_cards,red_cards,substitutions_on,substitutions_off,minutes_played,transfermarkt_score
2016/17,108725,Chris Wood,International Friendlies,5,2016-10-09,Mexico,New Zealand,2:1,CF,,,,,,,,,90,
2016/17,108725,Chris Wood,International Friendlies,2,2016-10-11,USA,New Zealand,1:1,CF,,,,,,,,,90,
2016/17,108725,Chris Wood,International Friendlies,4,2017-06-02,N. Ireland,New Zealand,1:0,CF,,,,,,,,,90,
2016/17,108725,Chris Wood,International Friendlies,3,2017-06-12,Belarus,New Zealand,1:0,CF,,,,,,,,,90,
2016/17,108725,Chris Wood,Championship,1,2016-08-07,QPR,Leeds,3:0,CF,,,,,,,,,90,
2016/17,108725,Chris Wood,Championship,2,2016-08-13,Leeds,Birmingham,1:2,CF,,,,,,,,60,60,
2016/17,108725,Chris Wood,Championship,3,2016-08-16,Leeds,Fulham,1:1,CF,1,,,,,,,,90,
2016/17,108725,Chris Wood,Championship,4,2016-08-20,Sheff Wed,Leeds,0:2,CF,1,,,,,,,,90,
2016/17,108725,Chris Wood,Championship,5,2016-08-27,Nott'm Forest,Leeds,3:1,CF,,,,,,,,,90,
2016/17,108725,Chris Wood,Championship,6,2016-09-10,Leeds,Huddersfield,0:1,CF,,,,,,,,,90,
2016/17,108725,Chris Wood,Championship,7,2016-09-13,Leeds,Blackburn,2:1,CF,1,,,,,,61,,29,
2016/17,108725,Chris Wood,Championship,8,2016-09-17,Cardiff,Leeds,0:2,CF,1,,,,,,,90,90,
2016/17,108725,Chris Wood,Championship,9,2016-09-24,Leeds,Ipswich,1:0,CF,1,,,,,,,,90,
2016/17,108725,Chris Wood,Championship,10,2016-09-27,Bristol City,Leeds,1:0,CF,,,,,,,,,90,
2016/17,108725,Chris Wood,Championship,11,2016-10-01,Leeds,Barnsley,2:1,CF,,,,,,,,,90,
2016/17,108725,Chris Wood,Championship,12,2016-10-15,Derby,Leeds,1:0,CF,,,,,,,,82,82,
2016/17,108725,Chris Wood,Championship,13,2016-10-18,Leeds,Wigan,1:1,CF,1,,,,,,,85,85,
2016/17,108725,Chris Wood,Championship,14,2016-10-22,Wolves,Leeds,0:1,CF,,,,,,,,90,90,
2016/17,108725,Chris Wood,Championship,15,2016-10-29,Leeds,Burton Albion,2:0,CF,1,,,,,,,,90,
2016/17,108725,Chris Wood,Championship,16,2016-11-05,Norwich,Leeds,2:3,CF,1,,,,,,,,90,
2016/17,108725,Chris Wood,Championship,17,2016-11-20,Leeds,Newcastle,0:2,CF,,,,,,,,,90,
2016/17,108725,Chris Wood,Championship,18,2016-11-26,Rotherham,Leeds,1:2,CF,1,,,,,,,,90,
2016/17,108725,Chris Wood,Championship,19,2016-12-03,Leeds,Aston Villa,2:0,CF,1,,,,,,,,90,
2016/17,108725,Chris Wood,Championship,20,2016-12-09,Brighton,Leeds,2:0,CF,,,,,,,,,90,
2016/17,108725,Chris Wood,Championship,21,2016-12-13,Leeds,Reading,2:0,CF,1,,,,,,,33,33,
2016/17,108725,Chris Wood,Championship,22,2016-12-17,Leeds,Brentford,1:0,Not in squad,,,,,,,,,,
2016/17,108725,Chris Wood,Championship,23,2016-12-26,Preston,Leeds,1:4,CF,,1,,,,,81,,9,
2016/17,108725,Chris Wood,Championship,24,2016-12-29,Aston Villa,Leeds,1:1,CF,,,,,,,69,,21,
2016/17,108725,Chris Wood,Championship,25,2017-01-02,Leeds,Rotherham,3:0,CF,2,,,,,,,82,82,
2016/17,108725,Chris Wood,Championship,26,2017-01-13,Leeds,Derby,1:0,CF,1,,,,,,,,90,
2016/17,108725,Chris Wood,Championship,27,2017-01-21,Barnsley,Leeds,3:2,CF,2,,,,,,,,90,
2016/17,108725,Chris Wood,Championship,28,2017-01-25,Leeds,Nott'm Forest,2:0,CF,1,,,,,,,,90,
2016/17,108725,Chris Wood,Championship,29,2017-02-01,Blackburn,Leeds,1:2,CF,,,,,,,,,90,
2016/17,108725,Chris Wood,Championship,30,2017-02-05,Huddersfield,Leeds,2:1,CF,1,,,,,,,,90,
2016/17,108725,Chris Wood,Championship,31,2017-02-11,Leeds,Cardiff,0:2,CF,,,,,,,,,90,
2016/17,108725,Chris Wood,Championship,32,2017-02-14,Leeds,Bristol City,2:1,CF,1,,,,,,,,90,
2016/17,108725,Chris Wood,Championship,33,2017-02-18,Ipswich,Leeds,1:1,CF,,1,,,,,,86,86,
2016/17,108725,Chris Wood,Championship,34,2017-02-25,Leeds,Sheff Wed,1:0,CF,1,,,92,,,,,90,
2016/17,108725,Chris Wood,Championship,35,2017-03-03,Birmingham,Leeds,1:3,CF,2,,,,,,,,90,
2016/17,108725,Chris Wood,Championship,36,2017-03-07,Fulham,Leeds,1:1,Not in squad,,,,,,,,,,
2016/17,108725,Chris Wood,Championship,37,2017-03-11,Leeds,QPR,0:0,CF,,,,,,,,,90,
2016/17,108725,Chris Wood,Championship,38,2017-03-18,Leeds,Brighton,2:0,CF,2,,,,,,,,90,
2016/17,108725,Chris Wood,Championship,39,2017-04-01,Reading,Leeds,1:0,CF,,,,,,,,,90,
2016/17,108725,Chris Wood,Championship,40,2017-04-04,Brentford,Leeds,2:0,CF,,,,,,,,,90,
2016/17,108725,Chris Wood,Championship,41,2017-04-08,Leeds,Preston,3:0,CF,,1,,78,,,,80,80,
2016/17,108725,Chris Wood,Championship,42,2017-04-14,Newcastle,Leeds,1:1,CF,1,,,,,,,,90,
2016/17,108725,Chris Wood,Championship,43,2017-04-17,Leeds,Wolves,0:1,CF,,,,85,,,,,90,
2016/17,108725,Chris Wood,Championship,44,2017-04-22,Burton Albion,Leeds,2:1,CF,,1,,,,,,,90,
2016/17,108725,Chris Wood,Championship,45,2017-04-29,Leeds,Norwich,3:3,CF,1,,,,,,,,90,
2016/17,108725,Chris Wood,Championship,46,2017-05-07,Wigan,Leeds,1:1,CF,1,,,,,,,,90,
2016/17,108725,Chris Wood,FA Cup,Third Round,2017-01-09,Cambridge Utd.,Leeds,1:2,on the bench,,,,,,,,,,
2016/17,108725,Chris Wood,FA Cup,Fourth Round,2017-01-29,Sutton Utd,Leeds,1:0,Not in squad,,,,,,,,,,
2016/17,108725,Chris Wood,EFL Cup,First Round,2016-08-10,Fleetwood,Leeds,6:7 on pens,CF,1,,,,,,,,120,
2016/17,108725,Chris Wood,EFL Cup,Second Round,2016-08-23,Luton,Leeds,0:1,Not in squad,,,,,,,,,,
2016/17,108725,Chris Wood,EFL Cup,Third Round,2016-09-20,Leeds,Blackburn,1:0,CF,1,,,,,,71,,19,
2016/17,108725,Chris Wood,EFL Cup,Fourth Round,2016-10-25,Leeds,Norwich,5:4 on pens,CF,1,,,,,,67,,53,
2016/17,108725,Chris Wood,EFL Cup,Quarter-Finals,2016-11-29,Liverpool,Leeds,2:0,CF,,,,,,,62,,28,
2016/17,108725,Chris Wood,Confederations Cup 2017,Group A,2017-06-17,Russia,New Zealand,2:0,CF,,,,,,,,,90,
2016/17,108725,Chris Wood,Confederations Cup 2017,Group A,2017-06-21,Mexico,New Zealand,2:1,CF,1,,,,,,,,90,
2016/17,108725,Chris Wood,Confederations Cup 2017,Group A,2017-06-24,New Zealand,Portugal,0:4,CF,,,,,,,,,90,
