﻿season,player_id,player_name,competition,journey,date,home_team,away_team,result,position,goals,assists,own_goals,yellow_cards,second_yellow_cards,red_cards,substitutions_on,substitutions_off,minutes_played,transfermarkt_score
2023/24,1086375,Gustavo Nunes,Copa Libertadores,Group C,2024-04-03,The Strongest,Grêmio,2:0,Not in squad,,,,,,,,,,
2023/24,1086375,Gustavo Nunes,Copa Libertadores,Group C,2024-04-10,Grêmio,Huachipato,0:2,,,,,,,,46,,45,
2023/24,1086375,Gustavo Nunes,Copa Libertadores,Group C,2024-04-24,Estudiantes LP,Grêmio,0:1,,,1,,,,,71,,19,
2023/24,1086375,Gustavo Nunes,Copa Libertadores,Group C,2024-05-30,Grêmio,The Strongest,4:0,,1,,,,,,69,,21,
2023/24,1086375,Gustavo Nunes,Copa Libertadores,Group C,2024-06-05,Huachipato,Grêmio,0:1,Centre Forward,,,,,,,68,,22,
2023/24,1086375,Gustavo Nunes,Copa Libertadores,Group C,2024-06-09,Grêmio,Estudiantes LP,1:1,Centre Forward,,,,,,,55,,35,
2024/25,1086375,Gustavo Nunes,Copa Libertadores,last 16 1st leg,2024-08-14,Grêmio,Fluminense,2:1,,,,,,,,63,,27,
2024/25,1086375,Gustavo Nunes,Copa Libertadores,last 16 2nd leg,2024-08-21,Fluminense,Grêmio,6:3 on pens,,1,,,,,,46,,45,
2023/24,1086375,Gustavo Nunes,Campeonato Brasileiro Série A,1,2024-04-14,Vasco da Gama,Grêmio,2:1,,,,,,,,58,,32,
2023/24,1086375,Gustavo Nunes,Campeonato Brasileiro Série A,2,2024-04-18,Grêmio,Athletico-PR,2:0,,,,,71,,,55,,35,
2023/24,1086375,Gustavo Nunes,Campeonato Brasileiro Série A,3,2024-04-20,Grêmio,Cuiabá-MT,1:0,Centre Forward,,,,,,,,90,90,
2023/24,1086375,Gustavo Nunes,Campeonato Brasileiro Série A,4,2024-04-28,EC Bahia,Grêmio,1:0,,,,,78,,,46,,45,
2023/24,1086375,Gustavo Nunes,Campeonato Brasileiro Série A,7,2024-06-01,Grêmio,RB Bragantino,0:2,LM,,,,50,,,,,90,
2023/24,1086375,Gustavo Nunes,Campeonato Brasileiro Série A,8,2024-06-14,Flamengo,Grêmio,2:1,Yellow card suspension,,,,,,,,,,
2023/24,1086375,Gustavo Nunes,Campeonato Brasileiro Série A,9,2024-06-16,Grêmio,Botafogo,1:2,RM,1,,,39,,,,,90,
2023/24,1086375,Gustavo Nunes,Campeonato Brasileiro Série A,10,2024-06-20,Fortaleza,Grêmio,1:0,LW,,,,,,,,,90,
2023/24,1086375,Gustavo Nunes,Campeonato Brasileiro Série A,11,2024-06-22,Grêmio,Internacional,0:1,LM,,,,60,,,,,90,
2023/24,1086375,Gustavo Nunes,Campeonato Brasileiro Série A,12,2024-06-27,Atlético-GO,Grêmio,1:1,,,,,,,,32,,58,
2023/24,1086375,Gustavo Nunes,Campeonato Brasileiro Série A,13,2024-06-30,Grêmio,Fluminense,1:0,LM,1,,,,,,,,90,
2024/25,1086375,Gustavo Nunes,Campeonato Brasileiro Série A,14,2024-07-05,Grêmio,Palmeiras,2:2,LM,,1,,,,,,81,81,
2024/25,1086375,Gustavo Nunes,Campeonato Brasileiro Série A,15,2024-07-07,Juventude,Grêmio,3:0,LM,,,,,,,,74,74,
2024/25,1086375,Gustavo Nunes,Campeonato Brasileiro Série A,16,2024-07-10,Grêmio,Cruzeiro,0:2,LM,,,,,,,,59,59,
2024/25,1086375,Gustavo Nunes,Campeonato Brasileiro Série A,17,2024-07-18,São Paulo,Grêmio,1:0,,,,,,,,74,,16,
2024/25,1086375,Gustavo Nunes,Campeonato Brasileiro Série A,18,2024-07-21,Grêmio,EC Vitória,2:0,,,,,,,,69,,21,
2024/25,1086375,Gustavo Nunes,Campeonato Brasileiro Série A,19,2024-07-26,Corinthians,Grêmio,2:2,,,,,,,,58,,32,
2024/25,1086375,Gustavo Nunes,Campeonato Brasileiro Série A,20,2024-07-29,Grêmio,Vasco da Gama,1:0,,,,,,,,73,,17,
2024/25,1086375,Gustavo Nunes,Campeonato Brasileiro Série A,21,2024-08-04,Athletico-PR,Grêmio,0:2,LW,,,,,,,,,90,
2024/25,1086375,Gustavo Nunes,Campeonato Brasileiro Série A,22,2024-08-11,Cuiabá-MT,Grêmio,1:3,LM,1,,,,,,,,90,
2024/25,1086375,Gustavo Nunes,Campeonato Brasileiro Série A,23,2024-08-17,Grêmio,EC Bahia,0:2,,,,,,,,46,,45,
2024/25,1086375,Gustavo Nunes,Campeonato Brasileiro Série A,24,2024-08-25,Criciúma,Grêmio,0:1,Not in squad,,,,,,,,,,
2023/24,1086375,Gustavo Nunes,Copa do Brasil,3rd round 1st leg,2024-05-01,Operário-PR,Grêmio,0:0,LW,,,,,,,,,90,
2024/25,1086375,Gustavo Nunes,Copa do Brasil,3rd round 2nd leg,2024-07-14,Grêmio,Operário-PR,3:1,,1,,,,,,46,,45,
2024/25,1086375,Gustavo Nunes,Copa do Brasil,last 16 1st leg,2024-08-01,Corinthians,Grêmio,0:0,,,,,,,97,64,,26,
2024/25,1086375,Gustavo Nunes,Copa do Brasil,last 16 2nd leg,2024-08-08,Grêmio,Corinthians,1:3 on pens,Red card suspension,,,,,,,,,,
2023/24,1086375,Gustavo Nunes,Campeonato Gaúcho - Fase Final,Quarter-Finals,2024-03-10,Grêmio,Brasil Pelotas,2:0,LW,,,,,,,,,90,
2023/24,1086375,Gustavo Nunes,Campeonato Gaúcho - Fase Final,Semi-Finals 1st Leg,2024-03-16,Caxias-RS,Grêmio,1:2,LW,,,,,,,,84,84,
2023/24,1086375,Gustavo Nunes,Campeonato Gaúcho - Fase Final,Semi-Finals 2nd Leg,2024-03-27,Grêmio,Caxias-RS,3:2,LW,,1,,,,,,74,74,
2023/24,1086375,Gustavo Nunes,Campeonato Gaúcho - Fase Final,final 1st leg,2024-03-30,Juventude,Grêmio,0:0,LW,,,,,,,,86,86,
2023/24,1086375,Gustavo Nunes,Campeonato Gaúcho - Fase Final,final 2nd leg,2024-04-06,Grêmio,Juventude,3:1,LW,,,,,,,,79,79,
2023/24,1086375,Gustavo Nunes,Campeonato Gaúcho,4,2024-02-01,Grêmio,Juventude,1:0,Not in squad,,,,,,,,,,
2023/24,1086375,Gustavo Nunes,Campeonato Gaúcho,5,2024-02-03,Avenida,Grêmio,0:1,Not in squad,,,,,,,,,,
2023/24,1086375,Gustavo Nunes,Campeonato Gaúcho,6,2024-02-07,Grêmio,Novo Hamburgo,2:0,Not in squad,,,,,,,,,,
2023/24,1086375,Gustavo Nunes,Campeonato Gaúcho,7,2024-02-10,Grêmio,São Luiz,1:1,,,1,,,,,44,,46,
2023/24,1086375,Gustavo Nunes,Campeonato Gaúcho,8,2024-02-14,Ypiranga-RS,Grêmio,0:0,LW,,,,,,,,,90,
2023/24,1086375,Gustavo Nunes,Campeonato Gaúcho,9,2024-02-17,Grêmio,Santa Cruz-RS,6:2,LW,1,,,,,,,,90,
2023/24,1086375,Gustavo Nunes,Campeonato Gaúcho,10,2024-02-25,Internacional,Grêmio,3:2,LW,,,,,,,,79,79,
2023/24,1086375,Gustavo Nunes,Campeonato Gaúcho,11,2024-03-02,Grêmio,Guarany Bagé,4:1,LW,,,,62,,,,,90,
2023/24,1086375,Gustavo Nunes,Copa São Paulo de Futebol Júnior,Group 4,2024-01-03,Grêmio U20,S. Branca U20,6:0,,,,,,,,,,90,
2023/24,1086375,Gustavo Nunes,Copa São Paulo de Futebol Júnior,Group 4,2024-01-06,Figueirense U20,Grêmio U20,0:6,,,1,,,,,,64,64,
2023/24,1086375,Gustavo Nunes,Copa São Paulo de Futebol Júnior,Group 4,2024-01-09,Bebedouro U20,Grêmio U20,2:6,,,,,,,,72,,18,
2023/24,1086375,Gustavo Nunes,Copa São Paulo de Futebol Júnior,First Round,2024-01-12,Grêmio U20,Mirassol U20,4:1,,1,1,,,,,,,90,
2023/24,1086375,Gustavo Nunes,Copa São Paulo de Futebol Júnior,Second Round,2024-01-14,Coimbra EC U20,Grêmio U20,2:4,,1,,,,,,,,90,
2023/24,1086375,Gustavo Nunes,Copa São Paulo de Futebol Júnior,Round of 16,2024-01-17,Athletico U20,Grêmio U20,5:3,,1,,,,,,,,90,
