﻿season,player_id,player_name,competition,journey,date,home_team,away_team,result,position,goals,assists,own_goals,yellow_cards,second_yellow_cards,red_cards,substitutions_on,substitutions_off,minutes_played,transfermarkt_score
2022/23,1099929,Tom Taylor,FA Youth Cup,Third Round,2022-12-01,Huddersf. U19,Ipswich U18,2:3 AET,Not in squad,,,,,,,,,,
2022/23,1099929,Tom Taylor,FA Youth Cup,Fourth Round,2023-01-17,Ipswich U18,Nottingham U18,5:3 on pens,,,,,,,,67,,53,
2022/23,1099929,Tom Taylor,FA Youth Cup,Fifth Round,2023-02-03,Ipswich U18,Liverpool U18,2:0,,,,,,,,78,,12,
2022/23,1099929,Tom Taylor,FA Youth Cup,Quarter-Finals,2023-02-22,Ipswich U18,West Ham U18,2:4 AET,,,,,105,,,83,,37,
