﻿season,player_id,player_name,competition,journey,date,home_team,away_team,result,position,goals,assists,own_goals,yellow_cards,second_yellow_cards,red_cards,substitutions_on,substitutions_off,minutes_played,transfermarkt_score
2025/26,1064471,Fer López,Premier League,1,2025-08-16,Wolves,Man City,0:4,AM,,,,,,,72,,18,
2025/26,1064471,Fer López,Premier League,2,2025-08-23,Bournemouth,Wolves,1:0,on the bench,,,,,,,,,,
2025/26,1064471,Fer López,Premier League,3,2025-08-30,Wolves,Everton,2:3,AM,,,,,,,63,,27,
2025/26,1064471,Fer López,Premier League,4,2025-09-13,Newcastle,Wolves,1:0,,,,,,,,77,,13,
2025/26,1064471,Fer López,Premier League,5,2025-09-20,Wolves,Leeds,1:3,AM,,1,,12,,,,46,45,
2025/26,1064471,Fer López,Premier League,6,2025-09-27,Tottenham,Wolves,1:1,on the bench,,,,,,,,,,
2025/26,1064471,Fer López,Premier League,7,2025-10-05,Wolves,Brighton,1:1,on the bench,,,,,,,,,,
2025/26,1064471,Fer López,Premier League,8,2025-10-18,Sunderland,Wolves,2:0,,,,,,,,76,,14,
2025/26,1064471,Fer López,Premier League,9,2025-10-26,Wolves,Burnley,2:3,on the bench,,,,,,,,,,
2025/26,1064471,Fer López,Premier League,10,2025-11-01,Fulham,Wolves,3:0,on the bench,,,,,,,,,,
2025/26,1064471,Fer López,Premier League,11,2025-11-08,Chelsea,Wolves,3:0,Not in squad,,,,,,,,,,
2025/26,1064471,Fer López,Premier League,12,2025-11-22,Wolves,Crystal Palace,0:2,on the bench,,,,,,,,,,
2025/26,1064471,Fer López,Premier League,13,2025-11-30,Aston Villa,Wolves,1:0,Not in squad,,,,,,,,,,
2025/26,1064471,Fer López,Premier League,14,2025-12-03,Wolves,Nott'm Forest,0:1,Not in squad,,,,,,,,,,
2025/26,1064471,Fer López,EFL Cup,Second Round,2025-08-26,Wolves,West Ham,3:2,AM,,,,,,,,73,73,
2025/26,1064471,Fer López,EFL Cup,Third Round,2025-09-23,Wolves,Everton,2:0,on the bench,,,,,,,,,,
2025/26,1064471,Fer López,EFL Cup,Fourth Round,2025-10-29,Wolves,Chelsea,3:4,AM,,,,,,,,46,45,
2025/26,1064471,Fer López,UEFA European Under-21 Championship Qualifying,Group 1,2025-09-05,Spain U21,Cyprus U21,3:0,,,,,,,,59,,31,
2025/26,1064471,Fer López,UEFA European Under-21 Championship Qualifying,Group 1,2025-09-09,Kosovo U21,Spain U21,1:3,CM,,1,,,,,,80,80,
2025/26,1064471,Fer López,UEFA European Under-21 Championship Qualifying,Group 1,2025-10-14,Spain U21,Finland U21,2:1,on the bench,,,,,,,,,,
2025/26,1064471,Fer López,UEFA European Under-21 Championship Qualifying,Group 1,2025-11-14,Spain U21,San Marino U21,7:0,Not in squad,,,,,,,,,,
2025/26,1064471,Fer López,UEFA European Under-21 Championship Qualifying,Group 1,2025-11-18,Romania U21,Spain U21,0:2,Not in squad,,,,,,,,,,
