﻿season,player_id,player_name,competition,journey,date,home_team,away_team,result,position,goals,assists,own_goals,yellow_cards,second_yellow_cards,red_cards,substitutions_on,substitutions_off,minutes_played,transfermarkt_score
2018/19,104124,Michail Antonio,Premier League,1,2018-08-12,Liverpool,West Ham,4:0,RM,,,,52,,,,,90,
2018/19,104124,Michail Antonio,Premier League,2,2018-08-18,West Ham,Bournemouth,1:2,Not in squad,,,,,,,,,,
2018/19,104124,Michail Antonio,Premier League,3,2018-08-25,Arsenal,West Ham,3:1,LM,,,,,,,,63,63,
2018/19,104124,Michail Antonio,Premier League,4,2018-09-01,West Ham,Wolves,0:1,RM,,,,,,,,75,75,
2018/19,104124,Michail Antonio,Premier League,5,2018-09-16,Everton,West Ham,1:3,CF,,,,,,,64,,26,
2018/19,104124,Michail Antonio,Premier League,6,2018-09-23,West Ham,Chelsea,0:0,CF,,,,,,,,65,65,
2018/19,104124,Michail Antonio,Premier League,7,2018-09-29,West Ham,Man Utd,3:1,CF,,,,,,,83,,7,
2018/19,104124,Michail Antonio,Premier League,8,2018-10-05,Brighton,West Ham,1:0,,,,,,,,60,,30,
2018/19,104124,Michail Antonio,Premier League,9,2018-10-20,West Ham,Tottenham,0:1,LM,,,,,,,72,,18,
2018/19,104124,Michail Antonio,Premier League,10,2018-10-27,Leicester,West Ham,1:1,,,,,,,,61,,29,
2018/19,104124,Michail Antonio,Premier League,11,2018-11-03,West Ham,Burnley,4:2,RM,,1,,,,,86,,4,
2018/19,104124,Michail Antonio,Premier League,12,2018-11-10,Huddersfield,West Ham,1:1,RM,,,,,,,64,,26,
2018/19,104124,Michail Antonio,Premier League,13,2018-11-24,West Ham,Man City,0:4,CF,,,,,,,,,90,
2018/19,104124,Michail Antonio,Premier League,14,2018-12-01,Newcastle,West Ham,0:3,Not in squad,,,,,,,,,,
2018/19,104124,Michail Antonio,Premier League,15,2018-12-04,West Ham,Cardiff,3:1,RB,1,,,,,,,,90,
2018/19,104124,Michail Antonio,Premier League,16,2018-12-08,West Ham,Crystal Palace,3:2,on the bench,,,,,,,,,,
2018/19,104124,Michail Antonio,Premier League,17,2018-12-15,Fulham,West Ham,0:2,CF,1,,,,,,,85,85,
2018/19,104124,Michail Antonio,Premier League,18,2018-12-22,West Ham,Watford,0:2,Centre Forward,,,,69,,,,,90,
2018/19,104124,Michail Antonio,Premier League,19,2018-12-27,Southampton,West Ham,1:2,RB,,1,,,,,,,90,
2018/19,104124,Michail Antonio,Premier League,20,2018-12-30,Burnley,West Ham,2:0,RB,,,,,,,,,90,
2018/19,104124,Michail Antonio,Premier League,21,2019-01-02,West Ham,Brighton,2:2,RM,,1,,,,,63,,27,
2018/19,104124,Michail Antonio,Premier League,22,2019-01-12,West Ham,Arsenal,1:0,Centre Forward,,,,,,,,82,82,
2018/19,104124,Michail Antonio,Premier League,23,2019-01-19,Bournemouth,West Ham,2:0,Centre Forward,,,,,,,,,90,
2018/19,104124,Michail Antonio,Premier League,24,2019-01-29,Wolves,West Ham,3:0,CF,,,,,,,,,90,
2018/19,104124,Michail Antonio,Premier League,25,2019-02-04,West Ham,Liverpool,1:1,Centre Forward,1,,,,,,,,90,
2018/19,104124,Michail Antonio,Premier League,26,2019-02-09,Crystal Palace,West Ham,1:1,Centre Forward,,,,,,,,73,73,
2018/19,104124,Michail Antonio,Premier League,27,2019-02-22,West Ham,Fulham,3:1,Centre Forward,1,,,,,,,,90,
2018/19,104124,Michail Antonio,Premier League,28,2019-02-27,Man City,West Ham,1:0,RM,,,,87,,,,,90,
2018/19,104124,Michail Antonio,Premier League,29,2019-03-02,West Ham,Newcastle,2:0,on the bench,,,,,,,,,,
2018/19,104124,Michail Antonio,Premier League,30,2019-03-09,Cardiff,West Ham,2:0,LM,,,,,,,58,,32,
2018/19,104124,Michail Antonio,Premier League,31,2019-03-16,West Ham,Huddersfield,4:3,Centre Forward,,,,,,,,46,45,
2018/19,104124,Michail Antonio,Premier League,32,2019-03-30,West Ham,Everton,0:2,LM,,,,,,,46,,45,
2018/19,104124,Michail Antonio,Premier League,33,2019-04-08,Chelsea,West Ham,2:0,Not in squad,,,,,,,,,,
2018/19,104124,Michail Antonio,Premier League,34,2019-04-13,Man Utd,West Ham,2:1,CF,,,,,,,73,,17,
2018/19,104124,Michail Antonio,Premier League,35,2019-04-20,West Ham,Leicester,2:2,Centre Forward,1,,,,,,,,90,
2018/19,104124,Michail Antonio,Premier League,36,2019-04-27,Tottenham,West Ham,0:1,Centre Forward,1,,,,,,,,90,
2018/19,104124,Michail Antonio,Premier League,37,2019-05-04,West Ham,Southampton,3:0,LW,,,,,,,,,90,
2018/19,104124,Michail Antonio,Premier League,38,2019-05-12,Watford,West Ham,1:4,Centre Forward,,3,,,,,,,90,
2018/19,104124,Michail Antonio,FA Cup,Third Round,2019-01-05,West Ham,Birmingham,2:0,RB,,1,,,,,,,90,
2018/19,104124,Michail Antonio,FA Cup,Fourth Round,2019-01-26,AFC Wimbledon,West Ham,4:2,RB,,,,,,,,,90,
2018/19,104124,Michail Antonio,EFL Cup,Second Round,2018-08-28,AFC Wimbledon,West Ham,1:3,CF,,,,,,,81,,9,
2018/19,104124,Michail Antonio,EFL Cup,Third Round,2018-09-26,West Ham,Macclesfield,8:0,CF,1,,,,,,,62,62,
2018/19,104124,Michail Antonio,EFL Cup,Fourth Round,2018-10-31,West Ham,Tottenham,1:3,LW,,,,,,,,,90,
