﻿season,player_id,player_name,competition,journey,date,home_team,away_team,result,position,goals,assists,own_goals,yellow_cards,second_yellow_cards,red_cards,substitutions_on,substitutions_off,minutes_played,transfermarkt_score
2008/09,101118,Joel Robles,International Friendlies,12,2008-08-19,Portugal U19,Spain U19,0:1,Not in squad,,,,,,,,,,
2008/09,101118,Joel Robles,International Friendlies,5,2009-02-10,England U19,Spain U19,0:3,on the bench,,,,,,,,,,
2008/09,101118,Joel Robles,International Friendlies,5,2009-05-23,Estonia U19,Spain U19,0:3,Not in squad,,,,,,,,,,
2008/09,101118,Joel Robles,European U19 Championship 2008,Group A,2008-07-14,Germany U19,Spain U19,2:1,Not in squad,,,,,,,,,,
2008/09,101118,Joel Robles,European U19 Championship 2008,Group A,2008-07-17,Spain U19,Hungary U19,0:1,Not in squad,,,,,,,,,,
2008/09,101118,Joel Robles,European U19 Championship 2008,Group A,2008-07-20,Spain U19,Bulgaria U19,4:0,Not in squad,,,,,,,,,,
2008/09,101118,Joel Robles,UEFA EURO U19 Championship Qualifiers,Group 13,2008-10-02,Spain U19,Faroe U19,5:0,Not in squad,,,,,,,,,,
2008/09,101118,Joel Robles,UEFA EURO U19 Championship Qualifiers,Group 13,2008-10-04,Belarus U19,Spain U19,0:4,Not in squad,,,,,,,,,,
2008/09,101118,Joel Robles,UEFA EURO U19 Championship Qualifiers,Group 13,2008-10-07,Spain U19,Switzerland U19,0:2,Not in squad,,,,,,,,,,
2008/09,101118,Joel Robles,UEFA EURO U19 Championship Qualifiers,Group G,2009-05-21,Czechia U19,Spain U19,1:5,Not in squad,,,,,,,,,,
2008/09,101118,Joel Robles,UEFA EURO U19 Championship Qualifiers,Group G,2009-05-23,Estonia U19,Spain U19,0:3,Information not yet available,,,,,,,,,,
2008/09,101118,Joel Robles,UEFA EURO U19 Championship Qualifiers,Group G,2009-05-26,Spain U19,Germany U19,1:0,Not in squad,,,,,,,,,,
