﻿season,player_id,player_name,competition,journey,date,home_team,away_team,result,position,goals,assists,own_goals,yellow_cards,second_yellow_cards,red_cards,substitutions_on,substitutions_off,minutes_played,transfermarkt_score
2021/22,108725,Chris Wood,World Cup qualification Playoffs,Qualifying Round,2022-06-14,Costa Rica,New Zealand,1:0,CF,,,,,,,,,90,
2021/22,108725,Chris Wood,International Friendlies,9,2021-07-12,Australia U23,New Zealand U23,0:2,,1,,,,,,,,90,
2020/21,108725,Chris Wood,International Friendlies,,,,,,,,,,,,,,,,
2021/22,108725,Chris Wood,International Friendlies,2,2021-10-09,Curaçao,New Zealand,1:2,CF,1,,,,,,,,90,
2021/22,108725,Chris Wood,International Friendlies,2,2021-10-12,Bahrain,New Zealand,0:1,CF,,,,,,,,,90,
2021/22,108725,Chris Wood,International Friendlies,3,2021-11-16,New Zealand,The Gambia,2:0,CF,2,,,,,,,,90,
2021/22,108725,Chris Wood,International Friendlies,52,2022-01-28,Jordan,New Zealand,3:1,CF,1,,,,,,,,90,
2021/22,108725,Chris Wood,International Friendlies,10,2022-06-05,Peru,New Zealand,1:0,CF,,,,,,,,71,71,
2021/22,108725,Chris Wood,International Friendlies,10,2022-06-09,Oman,New Zealand,0:0,CF,,,,,,,78,,12,
2021/22,108725,Chris Wood,Premier League,1,2021-08-14,Burnley,Brighton,1:2,CF,,,,,,,,,90,
2021/22,108725,Chris Wood,Premier League,2,2021-08-21,Liverpool,Burnley,2:0,CF,,,,,,,,75,75,
2021/22,108725,Chris Wood,Premier League,3,2021-08-29,Burnley,Leeds,1:1,CF,1,,,,,,,,90,
2021/22,108725,Chris Wood,Premier League,4,2021-09-13,Everton,Burnley,3:1,CF,,,,,,,,86,86,
2021/22,108725,Chris Wood,Premier League,5,2021-09-18,Burnley,Arsenal,0:1,CF,,,,,,,,82,82,
2021/22,108725,Chris Wood,Premier League,6,2021-09-25,Leicester,Burnley,2:2,CF,,,,,,,,,90,
2021/22,108725,Chris Wood,Premier League,7,2021-10-02,Burnley,Norwich,0:0,CF,,,,24,,,,80,80,
2021/22,108725,Chris Wood,Premier League,8,2021-10-16,Man City,Burnley,2:0,CF,,,,,,,,82,82,
2021/22,108725,Chris Wood,Premier League,9,2021-10-23,Southampton,Burnley,2:2,CF,,,,,,,,90,90,
2021/22,108725,Chris Wood,Premier League,10,2021-10-30,Burnley,Brentford,3:1,CF,1,,,,,,,,90,
2021/22,108725,Chris Wood,Premier League,11,2021-11-06,Chelsea,Burnley,1:1,CF,,,,,,,,61,61,
2021/22,108725,Chris Wood,Premier League,12,2021-11-20,Burnley,Crystal Palace,3:3,CF,1,,,,,,,80,80,
2021/22,108725,Chris Wood,Premier League,14,2021-12-01,Wolves,Burnley,0:0,CF,,,,,,,,59,59,
2021/22,108725,Chris Wood,Premier League,15,2021-12-04,Newcastle,Burnley,1:0,CF,,,,,,,,,90,
2021/22,108725,Chris Wood,Premier League,16,2021-12-12,Burnley,West Ham,0:0,CF,,,,,,,,60,60,
2021/22,108725,Chris Wood,Premier League,20,2021-12-30,Man Utd,Burnley,3:1,CF,,,,,,,,,90,
2021/22,108725,Chris Wood,Premier League,21,2022-01-02,Leeds,Burnley,3:1,CF,,,,,,,,84,84,
2020/21,108725,Chris Wood,Premier League,,,,,,,,,,,,,,,,
2021/22,108725,Chris Wood,Premier League,22,2022-01-15,Newcastle,Watford,1:1,CF,,,,,,,,,90,
2021/22,108725,Chris Wood,Premier League,23,2022-01-22,Leeds,Newcastle,0:1,CF,,,,,,,,,90,
2021/22,108725,Chris Wood,Premier League,24,2022-02-08,Newcastle,Everton,3:1,CF,,,,,,,,,90,
2021/22,108725,Chris Wood,Premier League,25,2022-02-13,Newcastle,Aston Villa,1:0,CF,,,,,,,,,90,
2021/22,108725,Chris Wood,Premier League,26,2022-02-19,West Ham,Newcastle,1:1,CF,,,,,,,,,90,
2021/22,108725,Chris Wood,Premier League,27,2022-02-26,Brentford,Newcastle,0:2,CF,,,,,,,,,90,
2021/22,108725,Chris Wood,Premier League,28,2022-03-05,Newcastle,Brighton,2:1,CF,,,,,,,,,90,
2021/22,108725,Chris Wood,Premier League,21,2022-03-10,Southampton,Newcastle,1:2,CF,1,,,,,,,,90,
2021/22,108725,Chris Wood,Premier League,29,2022-03-13,Chelsea,Newcastle,1:0,CF,,,,,,,,,90,
2021/22,108725,Chris Wood,Premier League,20,2022-03-17,Everton,Newcastle,1:0,CF,,,,,,,,,90,
2021/22,108725,Chris Wood,Premier League,31,2022-04-03,Tottenham,Newcastle,5:1,CF,,,,,,,,70,70,
2021/22,108725,Chris Wood,Premier League,32,2022-04-08,Newcastle,Wolves,1:0,CF,1,,,,,,,,90,
2021/22,108725,Chris Wood,Premier League,33,2022-04-17,Newcastle,Leicester,2:1,CF,,,,,,,,69,69,
2021/22,108725,Chris Wood,Premier League,30,2022-04-20,Newcastle,Crystal Palace,1:0,CF,,,,,,,,,90,
2021/22,108725,Chris Wood,Premier League,34,2022-04-23,Norwich,Newcastle,0:3,on the bench,,,,,,,,,,
2021/22,108725,Chris Wood,Premier League,35,2022-04-30,Newcastle,Liverpool,0:1,CF,,,,,,,67,,23,
2021/22,108725,Chris Wood,Premier League,36,2022-05-08,Man City,Newcastle,5:0,CF,,,,,,,,68,68,
2021/22,108725,Chris Wood,Premier League,37,2022-05-16,Newcastle,Arsenal,2:0,Hip injury,,,,,,,,,,
2021/22,108725,Chris Wood,Premier League,38,2022-05-22,Burnley,Newcastle,1:2,CF,,,,,,,72,,18,
2021/22,108725,Chris Wood,FA Cup,Third Round,2022-01-08,Burnley,Huddersfield,1:2,CF,,,,,,,,46,45,
2021/22,108725,Chris Wood,EFL Cup,Second Round,2021-08-25,Newcastle,Burnley,3:4 on pens,CF,,,,,,,,,90,
2021/22,108725,Chris Wood,EFL Cup,Third Round,2021-09-21,Burnley,Rochdale,4:1,CF,,,,,,,77,,13,
2021/22,108725,Chris Wood,EFL Cup,Fourth Round,2021-10-27,Burnley,Tottenham,0:1,CF,,,,,,,60,,30,
2021/22,108725,Chris Wood,World Cup qualification Oceania,Group B,2022-03-18,Papua N. Guinea,New Zealand,0:1,Not in squad,,,,,,,,,,
2021/22,108725,Chris Wood,World Cup qualification Oceania,Group B,2022-03-21,New Zealand,Fiji,4:0,CF,2,,,,,,,75,75,
2021/22,108725,Chris Wood,World Cup qualification Oceania,Group B,2022-03-24,New Zealand,New Caledonia,7:1,CF,2,,,,,,71,,19,
2021/22,108725,Chris Wood,World Cup qualification Oceania,Semi-Finals,2022-03-27,New Zealand,Tahiti,1:0,CF,,,,,,,,,90,
2021/22,108725,Chris Wood,World Cup qualification Oceania,Final,2022-03-30,Solomons,New Zealand,0:5,CF,1,,,,,,,83,83,
