﻿season,player_id,player_name,competition,journey,date,home_team,away_team,result,position,goals,assists,own_goals,yellow_cards,second_yellow_cards,red_cards,substitutions_on,substitutions_off,minutes_played,transfermarkt_score
2022/23,1042886,Chido Obi,International Friendlies,8,2022-08-23,Italy U16,England U16,2:1,Not in squad,,,,,,,,,,
2022/23,1042886,Chido Obi,International Friendlies,12,2022-08-25,Italy U16,England U16,2:3,Not in squad,,,,,,,,,,
2021/22,1042886,Chido Obi,International Friendlies,,,,,,,,,,,,,,,,
2022/23,1042886,Chido Obi,International Friendlies,10,2022-10-14,Portugal U16,Denmark U16,2:1,CF,,,,,,,,46,45,
2022/23,1042886,Chido Obi,International Friendlies,14,2022-10-16,Belgium U16,Denmark U16,3:2,,1,,,,,,,58,58,
2022/23,1042886,Chido Obi,International Friendlies,48,2022-10-18,Turkey U16,Denmark U16,1:4,CF,,,,,,,70,,20,
2021/22,1042886,Chido Obi,International Friendlies,,,,,,,,,,,,,,,,
2022/23,1042886,Chido Obi,International Friendlies,6,2022-11-23,Belgium U16,England U16,1:0,Not in squad,,,,,,,,,,
2022/23,1042886,Chido Obi,International Friendlies,7,2022-11-25,Germany U16,England U16,1:2,Not in squad,,,,,,,,,,
2022/23,1042886,Chido Obi,International Friendlies,19,2022-11-27,England U16,USA U16,1:2,Not in squad,,,,,,,,,,
2022/23,1042886,Chido Obi,International Friendlies,19,2022-12-20,England U16,Turkey U16,3:0,Not in squad,,,,,,,,,,
2022/23,1042886,Chido Obi,International Friendlies,20,2022-12-22,England U16,Turkey U16,4:0,Not in squad,,,,,,,,,,
2022/23,1042886,Chido Obi,International Friendlies,17,2023-02-21,Cyprus U16,England U16,0:3,,,,,,,,71,,9,
2021/22,1042886,Chido Obi,International Friendlies,,,,,,,,,,,,,,,,
2022/23,1042886,Chido Obi,International Friendlies,18,2023-02-21,Denmark U16,Scotland U16,3:1,Not in squad,,,,,,,,,,
2022/23,1042886,Chido Obi,International Friendlies,17,2023-02-23,Cyprus U16,Denmark U16,0:3,Not in squad,,,,,,,,,,
2021/22,1042886,Chido Obi,International Friendlies,,,,,,,,,,,,,,,,
2022/23,1042886,Chido Obi,International Friendlies,18,2023-02-23,England U16,Scotland U16,3:0,,,,,,,,61,,19,
2022/23,1042886,Chido Obi,International Friendlies,18,2023-02-26,England U16,Denmark U16,1:0,Not in squad,,,,,,,,,,
2021/22,1042886,Chido Obi,International Friendlies,,,,,,,,,,,,,,,,
2022/23,1042886,Chido Obi,International Friendlies,30,2023-04-02,Denmark U16,S. Arabia U16,7:0,CF,1,,,,,,,58,58,
2021/22,1042886,Chido Obi,International Friendlies,,,,,,,,,,,,,,,,
2022/23,1042886,Chido Obi,International Friendlies,30,2023-04-04,England U16,C. Africa U16,3:2,Not in squad,,,,,,,,,,
2021/22,1042886,Chido Obi,International Friendlies,,,,,,,,,,,,,,,,
2022/23,1042886,Chido Obi,International Friendlies,30,2023-04-04,Denmark U16,Guinea U16,3:0,on the bench,,,,,,,,,,
2021/22,1042886,Chido Obi,International Friendlies,,,,,,,,,,,,,,,,
2022/23,1042886,Chido Obi,International Friendlies,14,2023-04-06,England U16,Belgium U16,3:0,Not in squad,,,,,,,,,,
2021/22,1042886,Chido Obi,International Friendlies,,,,,,,,,,,,,,,,
2022/23,1042886,Chido Obi,International Friendlies,30,2023-04-06,France U16,Denmark U16,2:1,CF,,,,,,,,56,56,
2021/22,1042886,Chido Obi,International Friendlies,,,,,,,,,,,,,,,,
2022/23,1042886,Chido Obi,International Friendlies,30,2023-04-08,England U16,Romania U16,8:7 on pens,Not in squad,,,,,,,,,,
2021/22,1042886,Chido Obi,International Friendlies,,,,,,,,,,,,,,,,
2022/23,1042886,Chido Obi,International Friendlies,30,2023-04-08,Denmark U16,Czechia U16,6:3 on pens,CF,1,,,,,,,47,47,
2022/23,1042886,Chido Obi,International Friendlies,30,2023-04-10,Denmark U16,Belgium U16,0:2,Not in squad,,,,,,,,,,
2021/22,1042886,Chido Obi,International Friendlies,,,,,,,,,,,,,,,,
2022/23,1042886,Chido Obi,International Friendlies,30,2023-04-10,England U16,Japan U16,4:3 on pens,Not in squad,,,,,,,,,,
2021/22,1042886,Chido Obi,International Friendlies,,,,,,,,,,,,,,,,
2022/23,1042886,Chido Obi,International Friendlies,20,2023-05-17,Denmark U16,Poland U16,2:3,Not in squad,,,,,,,,,,
2022/23,1042886,Chido Obi,U18 Premier League,1,2022-08-13,Arsenal U18,Chelsea U18,0:1,Not in squad,,,,,,,,,,
2022/23,1042886,Chido Obi,U18 Premier League,2,2022-08-20,Fulham U18,Arsenal U18,1:1,Not in squad,,,,,,,,,,
2022/23,1042886,Chido Obi,U18 Premier League,3,2022-08-27,Arsenal U18,Spurs U18,4:1,Not in squad,,,,,,,,,,
2022/23,1042886,Chido Obi,U18 Premier League,4,2022-09-17,Arsenal U18,West Brom U18,4:4,,,,,,,,74,,16,
2022/23,1042886,Chido Obi,U18 Premier League,5,2022-10-01,Norwich U18,Arsenal U18,1:2,Not in squad,,,,,,,,,,
2022/23,1042886,Chido Obi,U18 Premier League,6,2022-10-22,Arsenal U18,Brighton U18,2:2,Not in squad,,,,,,,,,,
2022/23,1042886,Chido Obi,U18 Premier League,7,2022-10-29,Aston Villa U18,Arsenal U18,3:1,,,,,,,,46,,45,
2022/23,1042886,Chido Obi,U18 Premier League,8,2022-11-19,Arsenal U18,Southampton U18,1:2,Not in squad,,,,,,,,,,
2022/23,1042886,Chido Obi,U18 Premier League,9,2022-11-26,Arsenal U18,West Ham U18,1:4,Not in squad,,,,,,,,,,
2022/23,1042886,Chido Obi,U18 Premier League,12,2023-01-07,Arsenal U18,Norwich U18,4:3,Not in squad,,,,,,,,,,
2022/23,1042886,Chido Obi,U18 Premier League,14,2023-01-28,Arsenal U18,Fulham U18,2:2,Not in squad,,,,,,,,,,
2022/23,1042886,Chido Obi,U18 Premier League,15,2023-02-11,Brighton U18,Arsenal U18,3:1,Not in squad,,,,,,,,,,
2022/23,1042886,Chido Obi,U18 Premier League,16,2023-02-18,Chelsea U18,Arsenal U18,1:4,Not in squad,,,,,,,,,,
2022/23,1042886,Chido Obi,U18 Premier League,17,2023-02-28,Arsenal U18,Palace U18,1:3,Not in squad,,,,,,,,,,
2022/23,1042886,Chido Obi,U18 Premier League,13,2023-03-04,West Brom U18,Arsenal U18,1:4,Not in squad,,,,,,,,,,
2022/23,1042886,Chido Obi,U18 Premier League,11,2023-03-11,Palace U18,Arsenal U18,4:3,Not in squad,,,,,,,,,,
2022/23,1042886,Chido Obi,U18 Premier League,18,2023-03-18,Spurs U18,Arsenal U18,3:2,Not in squad,,,,,,,,,,
2022/23,1042886,Chido Obi,U18 Premier League,19,2023-03-28,Arsenal U18,Leicester U18,1:2,Not in squad,,,,,,,,,,
2022/23,1042886,Chido Obi,U18 Premier League,20,2023-04-15,West Ham U18,Arsenal U18,2:0,Not in squad,,,,,,,,,,
2022/23,1042886,Chido Obi,U18 Premier League,10,2023-04-18,Leicester U18,Arsenal U18,2:2,Not in squad,,,,,,,,,,
2022/23,1042886,Chido Obi,U18 Premier League,22,2023-04-29,Arsenal U18,Aston Villa U18,2:1,Not in squad,,,,,,,,,,
2022/23,1042886,Chido Obi,U18 Premier League,21,2023-05-05,Southampton U18,Arsenal U18,5:1,Not in squad,,,,,,,,,,
2022/23,1042886,Chido Obi,FA Youth Cup,Third Round,2022-12-19,Arsenal U18,Millwall U18,6:0,Not in squad,,,,,,,,,,
2022/23,1042886,Chido Obi,FA Youth Cup,Fourth Round,2023-01-17,Newcastle U18,Arsenal U18,2:3,Not in squad,,,,,,,,,,
2022/23,1042886,Chido Obi,FA Youth Cup,Fifth Round,2023-02-06,Watford U18,Arsenal U18,2:4,Not in squad,,,,,,,,,,
2022/23,1042886,Chido Obi,FA Youth Cup,Quarter-Finals,2023-02-23,Arsenal U18,Cambridge U18,3:2,Not in squad,,,,,,,,,,
2022/23,1042886,Chido Obi,FA Youth Cup,Semi-Finals,2023-04-04,Arsenal U18,Man City U18,2:1 AET,Not in squad,,,,,,,,,,
2022/23,1042886,Chido Obi,FA Youth Cup,Final,2023-04-25,Arsenal U18,West Ham U18,1:5,Not in squad,,,,,,,,,,
