﻿season,player_id,player_name,competition,journey,date,home_team,away_team,result,position,goals,assists,own_goals,yellow_cards,second_yellow_cards,red_cards,substitutions_on,substitutions_off,minutes_played,transfermarkt_score
2024/25,1010854,Mathis Amougou,UEFA Conference League,last 16 1st leg,2025-03-06,Copenhagen,Chelsea,1:2,on the bench,,,,,,,,,,
2024/25,1010854,Mathis Amougou,UEFA Conference League,last 16 2nd leg,2025-03-13,Chelsea,Copenhagen,1:0,on the bench,,,,,,,,,,
2024/25,1010854,Mathis Amougou,UEFA Conference League,Quarter-Finals 1st leg,2025-04-10,Legia Warszawa,Chelsea,0:3,CM,,,,,,,75,,15,
2024/25,1010854,Mathis Amougou,UEFA Conference League,Quarter-Finals 2nd leg,2025-04-17,Chelsea,Legia Warszawa,1:2,on the bench,,,,,,,,,,
2024/25,1010854,Mathis Amougou,UEFA Conference League,Semi-Finals 1st Leg,2025-05-01,Djurgården,Chelsea,1:4,on the bench,,,,,,,,,,
2024/25,1010854,Mathis Amougou,UEFA Conference League,Semi-Finals 2nd Leg,2025-05-08,Chelsea,Djurgården,1:0,Not in squad,,,,,,,,,,
2024/25,1010854,Mathis Amougou,UEFA Conference League,Final,2025-05-28,Real Betis,Chelsea,1:4,on the bench,,,,,,,,,,
2024/25,1010854,Mathis Amougou,International Friendlies,3,2024-07-09,France U19,Uzbekistan U20,3:0,,,,,,,,60,,30,
2023/24,1010854,Mathis Amougou,International Friendlies,,,,,,,,,,,,,,,,
2024/25,1010854,Mathis Amougou,International Friendlies,9,2024-09-06,France U20,Switzerland U20,5:3,,1,,,,,,,,90,
2024/25,1010854,Mathis Amougou,International Friendlies,9,2024-09-09,France U20,Switzerland U20,2:1,on the bench,,,,,,,,,,
2023/24,1010854,Mathis Amougou,International Friendlies,,,,,,,,,,,,,,,,
2024/25,1010854,Mathis Amougou,International Friendlies,2,2024-09-10,Poland U19,France U19,1:2,Not in squad,,,,,,,,,,
2024/25,1010854,Mathis Amougou,International Friendlies,3,2024-10-09,France U19,Denmark U19,1:1,Not in squad,,,,,,,,,,
2023/24,1010854,Mathis Amougou,International Friendlies,,,,,,,,,,,,,,,,
2024/25,1010854,Mathis Amougou,International Friendlies,3,2024-10-11,France U20,Morocco U20,4:3,Not in squad,,,,,,,,,,
2023/24,1010854,Mathis Amougou,International Friendlies,,,,,,,,,,,,,,,,
2024/25,1010854,Mathis Amougou,International Friendlies,4,2024-10-12,France U19,Belgium U19,3:2,Not in squad,,,,,,,,,,
2023/24,1010854,Mathis Amougou,International Friendlies,,,,,,,,,,,,,,,,
2024/25,1010854,Mathis Amougou,International Friendlies,4,2024-10-14,France U20,Morocco U20,5:4,Not in squad,,,,,,,,,,
2023/24,1010854,Mathis Amougou,International Friendlies,,,,,,,,,,,,,,,,
2024/25,1010854,Mathis Amougou,International Friendlies,37,2024-10-15,England U19,France U19,4:2,Not in squad,,,,,,,,,,
2023/24,1010854,Mathis Amougou,International Friendlies,,,,,,,,,,,,,,,,
2024/25,1010854,Mathis Amougou,International Friendlies,6,2024-11-16,France U20,Denmark U20,1:1,Not in squad,,,,,,,,,,
2024/25,1010854,Mathis Amougou,International Friendlies,6,2024-11-18,USA U20,France U20,2:1,Not in squad,,,,,,,,,,
2024/25,1010854,Mathis Amougou,FIFA Club World Cup,Group D,2025-06-16,Chelsea,LAFC,2:0,Not in squad,,,,,,,,,,
2024/25,1010854,Mathis Amougou,FIFA Club World Cup,Group D,2025-06-20,Flamengo,Chelsea,3:1,Not in squad,,,,,,,,,,
2024/25,1010854,Mathis Amougou,FIFA Club World Cup,Group D,2025-06-25,Esperance,Chelsea,0:3,Not in squad,,,,,,,,,,
2024/25,1010854,Mathis Amougou,FIFA Club World Cup,Round of 16,2025-06-28,Benfica,Chelsea,1:4 AET,Not in squad,,,,,,,,,,
2025/26,1010854,Mathis Amougou,FIFA Club World Cup,Quarter-Finals,2025-07-05,Palmeiras,Chelsea,1:2,Not in squad,,,,,,,,,,
2025/26,1010854,Mathis Amougou,FIFA Club World Cup,Semi-Finals,2025-07-08,Fluminense,Chelsea,0:2,Not in squad,,,,,,,,,,
2024/25,1010854,Mathis Amougou,Premier League,24,2025-02-03,Chelsea,West Ham,2:1,Not in squad,,,,,,,,,,
2024/25,1010854,Mathis Amougou,Premier League,25,2025-02-14,Brighton,Chelsea,3:0,on the bench,,,,,,,,,,
2024/25,1010854,Mathis Amougou,Premier League,26,2025-02-22,Aston Villa,Chelsea,2:1,on the bench,,,,,,,,,,
2024/25,1010854,Mathis Amougou,Premier League,27,2025-02-25,Chelsea,Southampton,4:0,,,,,,,,83,,7,
2024/25,1010854,Mathis Amougou,Premier League,28,2025-03-09,Chelsea,Leicester,1:0,on the bench,,,,,,,,,,
2024/25,1010854,Mathis Amougou,Premier League,29,2025-03-16,Arsenal,Chelsea,1:0,Not in squad,,,,,,,,,,
2024/25,1010854,Mathis Amougou,Premier League,30,2025-04-03,Chelsea,Tottenham,1:0,Not in squad,,,,,,,,,,
2024/25,1010854,Mathis Amougou,Premier League,31,2025-04-06,Brentford,Chelsea,0:0,Not in squad,,,,,,,,,,
2024/25,1010854,Mathis Amougou,Premier League,32,2025-04-13,Chelsea,Ipswich,2:2,Not in squad,,,,,,,,,,
2024/25,1010854,Mathis Amougou,Premier League,33,2025-04-20,Fulham,Chelsea,1:2,Not in squad,,,,,,,,,,
2024/25,1010854,Mathis Amougou,Premier League,34,2025-04-26,Chelsea,Everton,1:0,Not in squad,,,,,,,,,,
2024/25,1010854,Mathis Amougou,Premier League,35,2025-05-04,Chelsea,Liverpool,3:1,Not in squad,,,,,,,,,,
2024/25,1010854,Mathis Amougou,Premier League,36,2025-05-11,Newcastle,Chelsea,2:0,Not in squad,,,,,,,,,,
2024/25,1010854,Mathis Amougou,Premier League,37,2025-05-16,Chelsea,Man Utd,1:0,Not in squad,,,,,,,,,,
2024/25,1010854,Mathis Amougou,Premier League,38,2025-05-25,Nott'm Forest,Chelsea,0:1,Not in squad,,,,,,,,,,
2024/25,1010854,Mathis Amougou,Ligue 1,1,2024-08-17,Monaco,Saint-Étienne,1:0,DM,,,,,,,,,90,
2024/25,1010854,Mathis Amougou,Ligue 1,2,2024-08-24,Saint-Étienne,Le Havre AC,0:2,DM,,,,,,,,,90,
2024/25,1010854,Mathis Amougou,Ligue 1,3,2024-08-31,Stade Brestois,Saint-Étienne,4:0,DM,,,,,,,,85,85,
2024/25,1010854,Mathis Amougou,Ligue 1,4,2024-09-13,Saint-Étienne,Lille,1:0,CM,,,,,,,,81,81,
2024/25,1010854,Mathis Amougou,Ligue 1,5,2024-09-20,Nice,Saint-Étienne,8:0,CM,,,,,,,,35,35,
2024/25,1010854,Mathis Amougou,Ligue 1,6,2024-09-29,FC Nantes,Saint-Étienne,2:2,CM,,,,73,,,,83,83,
2024/25,1010854,Mathis Amougou,Ligue 1,7,2024-10-05,Saint-Étienne,AJ Auxerre,3:1,CM,,,,,,,,78,78,
2024/25,1010854,Mathis Amougou,Ligue 1,8,2024-10-19,Saint-Étienne,Lens,0:2,CM,,,,61,,,,68,68,
2024/25,1010854,Mathis Amougou,Ligue 1,9,2024-10-26,Angers SCO,Saint-Étienne,4:2,,,,,,,,65,,25,
2024/25,1010854,Mathis Amougou,Ligue 1,10,2024-11-02,Saint-Étienne,R. Strasbourg,2:0,on the bench,,,,,,,,,,
2024/25,1010854,Mathis Amougou,Ligue 1,11,2024-11-10,Lyon,Saint-Étienne,1:0,,,,,,,,87,,3,
2024/25,1010854,Mathis Amougou,Ligue 1,12,2024-11-23,Saint-Étienne,Montpellier,1:0,,,,,,,,71,,19,
2024/25,1010854,Mathis Amougou,Ligue 1,13,2024-11-30,Stade Rennais,Saint-Étienne,5:0,,,,,,,,67,,23,
2024/25,1010854,Mathis Amougou,Ligue 1,14,2024-12-08,Saint-Étienne,Marseille,0:2,CM,,,,,,,75,,15,
2024/25,1010854,Mathis Amougou,Ligue 1,15,2024-12-13,Toulouse,Saint-Étienne,2:1,,,,,,,,64,,26,
2024/25,1010854,Mathis Amougou,Ligue 1,16,2025-01-04,Saint-Étienne,Stade Reims,3:1,unknown injury,,,,,,,,,,
2024/25,1010854,Mathis Amougou,Ligue 1,17,2025-01-12,PSG,Saint-Étienne,2:1,CM,,,,,,,63,,27,
2024/25,1010854,Mathis Amougou,Ligue 1,18,2025-01-19,Saint-Étienne,FC Nantes,1:1,CM,,,,,,,71,,19,
2024/25,1010854,Mathis Amougou,Ligue 1,19,2025-01-24,AJ Auxerre,Saint-Étienne,1:1,CM,,,,,,,,,90,
2024/25,1010854,Mathis Amougou,Ligue 1,20,2025-02-01,Lille,Saint-Étienne,4:1,Not in squad,,,,,,,,,,
2024/25,1010854,Mathis Amougou,Coupe de France,Fifth Round,2024-12-22,Saint-Étienne,Marseille,0:4,unknown injury,,,,,,,,,,
2024/25,1010854,Mathis Amougou,FA Cup,Fourth Round,2025-02-08,Brighton,Chelsea,2:1,on the bench,,,,,,,,,,
2024/25,1010854,Mathis Amougou,Championnat National 3 - Groupe I,1,2024-08-25,Saint-Étienne B,UF Mâcon,1:3,Not in squad,,,,,,,,,,
2024/25,1010854,Mathis Amougou,Championnat National 3 - Groupe I,2,2024-08-31,FC Limonest,Saint-Étienne B,2:2,Not in squad,,,,,,,,,,
2024/25,1010854,Mathis Amougou,Championnat National 3 - Groupe I,3,2024-09-07,Saint-Étienne B,Lyon La Duchère,1:2,Not in squad,,,,,,,,,,
2024/25,1010854,Mathis Amougou,Championnat National 3 - Groupe I,4,2024-09-21,Thonon Évian,Saint-Étienne B,4:2,Not in squad,,,,,,,,,,
2024/25,1010854,Mathis Amougou,Championnat National 3 - Groupe I,5,2024-10-06,Saint-Étienne B,Olymp. Lyon B,1:0,Not in squad,,,,,,,,,,
2024/25,1010854,Mathis Amougou,Championnat National 3 - Groupe I,6,2024-10-19,Chassieu Déci.,Saint-Étienne B,2:2,Not in squad,,,,,,,,,,
2024/25,1010854,Mathis Amougou,Championnat National 3 - Groupe I,7,2024-11-03,Saint-Étienne B,Clermont B,1:3,DM,,,,,,,,,90,
2024/25,1010854,Mathis Amougou,Championnat National 3 - Groupe I,8,2024-11-10,Saint-Étienne B,AC Seyssinet,1:0,Not in squad,,,,,,,,,,
2024/25,1010854,Mathis Amougou,Championnat National 3 - Groupe I,9,2024-11-23,Espaly,Saint-Étienne B,2:2,Not in squad,,,,,,,,,,
2024/25,1010854,Mathis Amougou,Championnat National 3 - Groupe I,10,2024-12-08,Saint-Étienne B,Chambéry SF,0:0,Not in squad,,,,,,,,,,
2024/25,1010854,Mathis Amougou,Championnat National 3 - Groupe I,11,2024-12-14,Bourgoin-Jall.,Saint-Étienne B,2:3,Not in squad,,,,,,,,,,
2024/25,1010854,Mathis Amougou,Championnat National 3 - Groupe I,12,2025-01-12,Saint-Étienne B,Hauts Lyonnais,0:0,Not in squad,,,,,,,,,,
2024/25,1010854,Mathis Amougou,Championnat National 3 - Groupe I,14,2025-01-26,Saint-Étienne B,FC Limonest,1:0,Not in squad,,,,,,,,,,
2024/25,1010854,Mathis Amougou,Championnat National 3 - Groupe I,13,2025-02-01,FC Chamalières,Saint-Étienne B,2:0,Not in squad,,,,,,,,,,
2024/25,1010854,Mathis Amougou,UEFA EURO U19 Championship Qualifiers,Group 5,2024-11-13,France U19,Liechtenst. U19,7:0,on the bench,,,,,,,,,,
2024/25,1010854,Mathis Amougou,UEFA EURO U19 Championship Qualifiers,Group 5,2024-11-16,France U19,Wales U19,2:1,CM,,,,,,,,,90,
2024/25,1010854,Mathis Amougou,UEFA EURO U19 Championship Qualifiers,Group 5,2024-11-19,Scotland U19,France U19,0:0,CM,,,,,,,,,90,
2024/25,1010854,Mathis Amougou,UEFA EURO U19 Championship Qualifiers,group B5,2025-03-19,Spain U19,France U19,2:1,,,,,,,,66,,24,
2024/25,1010854,Mathis Amougou,UEFA EURO U19 Championship Qualifiers,group B5,2025-03-22,France U19,Latvia U19,2:1,DM,,,,,,,,82,82,
2024/25,1010854,Mathis Amougou,UEFA EURO U19 Championship Qualifiers,group B5,2025-03-25,France U19,Italy U19,0:2,DM,,,,22,,,,70,70,
