﻿season,player_id,player_name,competition,journey,date,home_team,away_team,result,position,goals,assists,own_goals,yellow_cards,second_yellow_cards,red_cards,substitutions_on,substitutions_off,minutes_played,transfermarkt_score
2023/24,1049905,Aidan Borland,International Friendlies,8,2023-08-15,Switzerland U17,Scotland U17,1:1,CM,,,,,,,,46,45,
2023/24,1049905,Aidan Borland,International Friendlies,8,2023-08-17,Switzerland U17,Scotland U17,2:3,,,,,,,,78,,12,
2023/24,1049905,Aidan Borland,EFL Trophy,group B2,2023-09-19,Sutton Utd,Aston Villa U21,6:7 on pens,Not in squad,,,,,,,,,,
2023/24,1049905,Aidan Borland,EFL Trophy,group B2,2023-10-10,Charlton,Aston Villa U21,4:2,,,,,,,,73,,17,
2023/24,1049905,Aidan Borland,EFL Trophy,group B2,2023-11-07,Crawley Town,Aston Villa U21,3:2,on the bench,,,,,,,,,,
2023/24,1049905,Aidan Borland,Premier League 2 Playoffs,Round of 16,2024-05-06,Tottenham U21,Aston Villa U21,4:3 AET,CM,,,,,,,,,120,
2023/24,1049905,Aidan Borland,U18 Premier League,1,2023-08-12,Aston Villa U18,Spurs U18,4:0,Not in squad,,,,,,,,,,
2023/24,1049905,Aidan Borland,U18 Premier League,2,2023-08-19,Southampton U18,Aston Villa U18,0:2,,,,,91,,,64,,26,
2023/24,1049905,Aidan Borland,U18 Premier League,3,2023-08-26,Aston Villa U18,Chelsea U18,1:5,,,,,,,,46,,45,
2023/24,1049905,Aidan Borland,U18 Premier League,4,2023-09-16,West Ham U18,Aston Villa U18,5:2,,,1,,,,,56,,34,
2023/24,1049905,Aidan Borland,U18 Premier League,5,2023-09-23,Aston Villa U18,West Brom U18,7:1,DM,,2,,,,,,66,66,
2023/24,1049905,Aidan Borland,U18 Premier League,6,2023-09-30,Leicester U18,Aston Villa U18,3:3,DM,,1,,,,,,,90,
2023/24,1049905,Aidan Borland,U18 Premier League,7,2023-10-07,Aston Villa U18,Reading U18,3:1,DM,,,,,,,,,90,
2023/24,1049905,Aidan Borland,U18 Premier League,8,2023-10-28,Fulham U18,Aston Villa U18,7:2,Not in squad,,,,,,,,,,
2023/24,1049905,Aidan Borland,U18 Premier League,9,2023-11-04,Norwich U18,Aston Villa U18,0:7,DM,,,,,,,,,90,
2023/24,1049905,Aidan Borland,U18 Premier League,12,2023-12-16,Palace U18,Aston Villa U18,3:2,Not in squad,,,,,,,,,,
2023/24,1049905,Aidan Borland,U18 Premier League,13,2024-01-06,Aston Villa U18,Arsenal U18,2:3,DM,,,,,,,,,90,
2023/24,1049905,Aidan Borland,U18 Premier League,14,2024-01-12,Spurs U18,Aston Villa U18,3:2,Not in squad,,,,,,,,,,
2023/24,1049905,Aidan Borland,U18 Premier League,15,2024-01-27,Aston Villa U18,Norwich U18,1:4,Not in squad,,,,,,,,,,
2023/24,1049905,Aidan Borland,U18 Premier League,17,2024-02-17,Aston Villa U18,Fulham U18,0:2,Not in squad,,,,,,,,,,
2023/24,1049905,Aidan Borland,U18 Premier League,18,2024-02-24,Chelsea U18,Aston Villa U18,2:0,Not in squad,,,,,,,,,,
2023/24,1049905,Aidan Borland,U18 Premier League,19,2024-03-09,Aston Villa U18,West Ham U18,2:4,Not in squad,,,,,,,,,,
2023/24,1049905,Aidan Borland,U18 Premier League,20,2024-03-16,West Brom U18,Aston Villa U18,2:2,Not in squad,,,,,,,,,,
2023/24,1049905,Aidan Borland,U18 Premier League,21,2024-04-06,Aston Villa U18,Southampton U18,0:4,Not in squad,,,,,,,,,,
2023/24,1049905,Aidan Borland,U18 Premier League,11,2024-04-18,Aston Villa U18,Brighton U18,0:6,Not in squad,,,,,,,,,,
2023/24,1049905,Aidan Borland,U18 Premier League,23,2024-04-20,Arsenal U18,Aston Villa U18,4:2,Not in squad,,,,,,,,,,
2023/24,1049905,Aidan Borland,U18 Premier League,24,2024-04-27,Aston Villa U18,Palace U18,0:1,Not in squad,,,,,,,,,,
2023/24,1049905,Aidan Borland,U18 Premier League,16,2024-05-01,Reading U18,Aston Villa U18,3:2,Not in squad,,,,,,,,,,
2023/24,1049905,Aidan Borland,U18 Premier League,25,2024-05-04,Brighton U18,Aston Villa U18,3:2,Not in squad,,,,,,,,,,
2023/24,1049905,Aidan Borland,U18 Premier League,26,2024-05-11,Aston Villa U18,Leicester U18,2:4,Not in squad,,,,,,,,,,
2023/24,1049905,Aidan Borland,Premier League 2,1,2023-08-11,Aston Villa U21,West Brom U21,0:3,Not in squad,,,,,,,,,,
2023/24,1049905,Aidan Borland,Premier League 2,2,2023-08-18,Southampton U21,Aston Villa U21,4:2,Not in squad,,,,,,,,,,
2023/24,1049905,Aidan Borland,Premier League 2,3,2023-08-25,Man City U21,Aston Villa U21,4:4,Not in squad,,,,,,,,,,
2023/24,1049905,Aidan Borland,Premier League 2,4,2023-09-01,Aston Villa U21,Derby U21,3:1,Not in squad,,,,,,,,,,
2023/24,1049905,Aidan Borland,Premier League 2,5,2023-09-24,Blackburn U21,Aston Villa U21,2:3,,,,,,,,90,,1,
2023/24,1049905,Aidan Borland,Premier League 2,6,2023-09-29,Aston Villa U21,Sunderland U21,2:3,Not in squad,,,,,,,,,,
2023/24,1049905,Aidan Borland,Premier League 2,8,2023-11-03,Brighton U21,Aston Villa U21,2:1,on the bench,,,,,,,,,,
2023/24,1049905,Aidan Borland,Premier League 2,10,2023-12-15,Aston Villa U21,Fulham U21,1:1,,,,,,,,65,,25,
2023/24,1049905,Aidan Borland,Premier League 2,12,2024-01-27,Tottenham U21,Aston Villa U21,5:3,CM,,,,,,,,,90,
2023/24,1049905,Aidan Borland,Premier League 2,13,2024-02-09,Aston Villa U21,Everton U21,2:1,CM,,,,92,,,,,90,
2023/24,1049905,Aidan Borland,Premier League 2,14,2024-02-16,Aston Villa U21,Boro U21,4:0,CM,,,,,,,,,90,
2023/24,1049905,Aidan Borland,Premier League 2,9,2024-02-23,Aston Villa U21,Stoke U21,2:2,CM,1,,,83,,,,,90,
2023/24,1049905,Aidan Borland,Premier League 2,15,2024-03-03,Liverpool U21,Aston Villa U21,0:2,DM,,,,,,,,,90,
2023/24,1049905,Aidan Borland,Premier League 2,16,2024-03-11,Palace U21,Aston Villa U21,4:2,DM,,,,,,,,46,45,
2023/24,1049905,Aidan Borland,Premier League 2,17,2024-03-15,Aston Villa U21,Leicester U21,2:2,DM,,,,,,,,,90,
2023/24,1049905,Aidan Borland,Premier League 2,18,2024-04-08,Aston Villa U21,Chelsea U21,0:4,CM,,,,,,,,,90,
2023/24,1049905,Aidan Borland,Premier League 2,19,2024-04-15,Arsenal U21,Aston Villa U21,3:5,DM,,1,1,,,,,,90,
2023/24,1049905,Aidan Borland,Premier League 2,7,2024-04-19,Nottingham U21,Aston Villa U21,3:0,CM,,,,,,,,72,72,
2023/24,1049905,Aidan Borland,Premier League 2,20,2024-04-26,Aston Villa U21,Norwich U21,1:4,CM,,,,92,,,,,90,
2023/24,1049905,Aidan Borland,Premier League 2,11,2024-04-29,Newcastle U21,Aston Villa U21,0:1,DM,,,,,,,,,90,
2023/24,1049905,Aidan Borland,UEFA European Under-17 Championship qualification,Group 7,2023-10-21,Belarus U17,Scotland U17,3:1,CM,,,,,,,,,90,
2023/24,1049905,Aidan Borland,UEFA European Under-17 Championship qualification,Group 7,2023-10-24,Scotland U17,Kazakhstan U17,2:0,CM,,,,,,,,81,81,
2023/24,1049905,Aidan Borland,UEFA European Under-17 Championship qualification,Group 7,2023-10-27,Scotland U17,Türkiye U17,0:3,,,,,,,,68,,22,
2023/24,1049905,Aidan Borland,Premier League Cup,Group A,2023-09-15,Brighton U21,Aston Villa U21,2:2,Information not yet available,,,,,,,,,,
2023/24,1049905,Aidan Borland,Premier League Cup,Group A,2023-10-06,Aston Villa U21,Hull U21,1:0,Information not yet available,,,,,,,,,,
2023/24,1049905,Aidan Borland,Premier League Cup,Group A,2023-11-13,Swansea U21,Aston Villa U21,3:4,Information not yet available,,,,,,,,,,
2023/24,1049905,Aidan Borland,Premier League Cup,Group A,2023-12-08,Aston Villa U21,Brighton U21,4:0,Information not yet available,,,,,,,,,,
2023/24,1049905,Aidan Borland,Premier League Cup,Group A,2024-01-23,Hull U21,Aston Villa U21,2:3,Information not yet available,,,,,,,,,,
2023/24,1049905,Aidan Borland,Premier League Cup,Group A,2024-02-02,Aston Villa U21,Swansea U21,1:1,Information not yet available,,,,,,,,,,
2023/24,1049905,Aidan Borland,Premier League Cup,Round of 16,2024-02-27,Aston Villa U21,Blackburn U21,6:2,Information not yet available,,,,,,,,,,
2023/24,1049905,Aidan Borland,Premier League Cup,Quarter-Finals,2024-04-02,Aston Villa U21,Tottenham U21,1:3,Information not yet available,,,,,,,,,,
2023/24,1049905,Aidan Borland,FA Youth Cup,Third Round,2023-12-13,Burton U18,Aston Villa U18,3:1,,,,,,,,,,90,
