﻿season,player_id,player_name,competition,journey,date,home_team,away_team,result,position,goals,assists,own_goals,yellow_cards,second_yellow_cards,red_cards,substitutions_on,substitutions_off,minutes_played,transfermarkt_score
2025/26,1071819,Ollie Harrison,UEFA Champions League,Group Stage,2025-09-17,Bayern Munich,Chelsea,3:1,Not in squad,,,,,,,,,,
2025/26,1071819,Ollie Harrison,UEFA Champions League,Group Stage,2025-09-30,Chelsea,Benfica,1:0,Not in squad,,,,,,,,,,
2025/26,1071819,Ollie Harrison,UEFA Champions League,Group Stage,2025-10-22,Chelsea,Ajax,5:1,Not in squad,,,,,,,,,,
2025/26,1071819,Ollie Harrison,UEFA Champions League,Group Stage,2025-11-05,Qarabağ,Chelsea,2:2,Not in squad,,,,,,,,,,
2025/26,1071819,Ollie Harrison,UEFA Champions League,Group Stage,2025-11-25,Chelsea,Barcelona,3:0,Not in squad,,,,,,,,,,
2025/26,1071819,Ollie Harrison,UEFA Youth League,Group Stage,2025-09-17,FC Bayern YL,Chelsea YL,2:3,DM,,,,,,,,,90,
2025/26,1071819,Ollie Harrison,UEFA Youth League,Group Stage,2025-09-30,Chelsea YL,Benfica YL,5:2,DM,,,,,,,,,90,
2025/26,1071819,Ollie Harrison,UEFA Youth League,Group Stage,2025-10-22,Chelsea YL,Ajax YL,6:3,DM,,,,,,,,,90,
2025/26,1071819,Ollie Harrison,UEFA Youth League,Group Stage,2025-11-05,Qarabag YL,Chelsea YL,0:5,CM,,,,88,,,,,90,
2025/26,1071819,Ollie Harrison,UEFA Youth League,Group Stage,2025-11-25,Chelsea YL,Barcelona YL,1:1,DM,,,,,,,,,90,
2025/26,1071819,Ollie Harrison,Premier League,1,2025-08-17,Chelsea,Crystal Palace,0:0,Not in squad,,,,,,,,,,
2025/26,1071819,Ollie Harrison,Premier League,2,2025-08-22,West Ham,Chelsea,1:5,Not in squad,,,,,,,,,,
2025/26,1071819,Ollie Harrison,Premier League,3,2025-08-30,Chelsea,Fulham,2:0,Not in squad,,,,,,,,,,
2025/26,1071819,Ollie Harrison,Premier League,4,2025-09-13,Brentford,Chelsea,2:2,Not in squad,,,,,,,,,,
2025/26,1071819,Ollie Harrison,Premier League,5,2025-09-20,Man Utd,Chelsea,2:1,Not in squad,,,,,,,,,,
2025/26,1071819,Ollie Harrison,Premier League,6,2025-09-27,Chelsea,Brighton,1:3,Not in squad,,,,,,,,,,
2025/26,1071819,Ollie Harrison,Premier League,7,2025-10-04,Chelsea,Liverpool,2:1,Not in squad,,,,,,,,,,
2025/26,1071819,Ollie Harrison,Premier League,8,2025-10-18,Nott'm Forest,Chelsea,0:3,Not in squad,,,,,,,,,,
2025/26,1071819,Ollie Harrison,Premier League,9,2025-10-25,Chelsea,Sunderland,1:2,Not in squad,,,,,,,,,,
2025/26,1071819,Ollie Harrison,Premier League,10,2025-11-01,Tottenham,Chelsea,0:1,Not in squad,,,,,,,,,,
2025/26,1071819,Ollie Harrison,Premier League,11,2025-11-08,Chelsea,Wolves,3:0,Not in squad,,,,,,,,,,
2025/26,1071819,Ollie Harrison,Premier League,12,2025-11-22,Burnley,Chelsea,0:2,Not in squad,,,,,,,,,,
2025/26,1071819,Ollie Harrison,Premier League,13,2025-11-30,Chelsea,Arsenal,1:1,Not in squad,,,,,,,,,,
2025/26,1071819,Ollie Harrison,Premier League,14,2025-12-03,Leeds,Chelsea,3:1,Not in squad,,,,,,,,,,
2025/26,1071819,Ollie Harrison,EFL Trophy,group B3,2025-08-26,Shrewsbury,Chelsea U21,3:1,DM,,,,,,,,,90,
2025/26,1071819,Ollie Harrison,EFL Trophy,group B3,2025-09-23,Northampton,Chelsea U21,3:0,Not in squad,,,,,,,,,,
2025/26,1071819,Ollie Harrison,EFL Trophy,group B3,2025-10-28,Walsall,Chelsea U21,4:2 on pens,DM,,,,,,,,61,61,
2025/26,1071819,Ollie Harrison,EFL Cup,Third Round,2025-09-23,Lincoln City,Chelsea,1:2,on the bench,,,,,,,,,,
2025/26,1071819,Ollie Harrison,EFL Cup,Fourth Round,2025-10-29,Wolves,Chelsea,3:4,Not in squad,,,,,,,,,,
2025/26,1071819,Ollie Harrison,Premier League 2,1,2025-08-18,Chelsea U21,Man City U21,3:1,DM,,,,,,,,,90,
2025/26,1071819,Ollie Harrison,Premier League 2,2,2025-08-22,Newcastle U21,Chelsea U21,0:5,DM,,,,,,,,,90,
2025/26,1071819,Ollie Harrison,Premier League 2,3,2025-08-29,Aston Villa U21,Chelsea U21,1:2,DM,,,,,,,,,90,
2025/26,1071819,Ollie Harrison,Premier League 2,4,2025-09-20,Chelsea U21,Ipswich U21,2:4,DM,,,,,,,,,90,
2025/26,1071819,Ollie Harrison,Premier League 2,5,2025-09-27,Chelsea U21,Stoke U21,1:2,DM,,,,,,,,,90,
2025/26,1071819,Ollie Harrison,Premier League 2,6,2025-10-05,Burnley U21,Chelsea U21,0:1,DM,,,,,,,,64,64,
2025/26,1071819,Ollie Harrison,Premier League 2,7,2025-10-25,Chelsea U21,Arsenal U21,2:1,DM,,,,,,,,,90,
2025/26,1071819,Ollie Harrison,Premier League 2,8,2025-10-31,Everton U21,Chelsea U21,1:0,DM,,,,,,,,,90,
2025/26,1071819,Ollie Harrison,Premier League 2,9,2025-11-08,Chelsea U21,Reading U21,4:1,DM,,,,,,,,52,52,
2025/26,1071819,Ollie Harrison,Premier League International Cup U21,Group C,2025-10-18,Chelsea U21,Din. Zagreb II,1:2,DM,,,,,,,,46,45,
2025/26,1071819,Ollie Harrison,Premier League International Cup U21,Group C,2025-12-03,Chelsea U21,Paris SG U23,1:3,Not in squad,,,,,,,,,,
