﻿season,player_id,player_name,competition,journey,date,home_team,away_team,result,position,goals,assists,own_goals,yellow_cards,second_yellow_cards,red_cards,substitutions_on,substitutions_off,minutes_played,transfermarkt_score
2025/26,1108466,Rio Ngumoha,UEFA Champions League,Group Stage,2025-09-17,Liverpool,Atlético,3:2,LW,,,,,,,74,,16,
2025/26,1108466,Rio Ngumoha,UEFA Champions League,Group Stage,2025-09-30,Galatasaray,Liverpool,1:0,on the bench,,,,,,,,,,
2025/26,1108466,Rio Ngumoha,UEFA Champions League,Group Stage,2025-10-22,Frankfurt,Liverpool,1:5,on the bench,,,,,,,,,,
2025/26,1108466,Rio Ngumoha,UEFA Champions League,Group Stage,2025-11-04,Liverpool,Real Madrid,1:0,on the bench,,,,,,,,,,
2025/26,1108466,Rio Ngumoha,UEFA Champions League,Group Stage,2025-11-26,Liverpool,PSV,1:4,on the bench,,,,,,,,,,
2025/26,1108466,Rio Ngumoha,International Friendlies,1,2025-09-03,England U19,Ukraine U19,2:0,Centre Forward,,,,,,,,60,60,
2025/26,1108466,Rio Ngumoha,International Friendlies,2,2025-09-06,England U19,Spain U19,3:3,,,1,,,,,69,,21,
2025/26,1108466,Rio Ngumoha,International Friendlies,3,2025-09-09,England U19,Netherlands U19,4:1,,,,,,,,46,,45,
2025/26,1108466,Rio Ngumoha,International Friendlies,4,2025-10-11,England U19,Belgium U19,4:1,Centre Forward,,,,,,,,67,67,
2025/26,1108466,Rio Ngumoha,International Friendlies,4,2025-10-14,England U19,Wales U19,7:0,,,,,,,,66,,24,
2025/26,1108466,Rio Ngumoha,Premier League,1,2025-08-15,Liverpool,Bournemouth,4:2,on the bench,,,,,,,,,,
2025/26,1108466,Rio Ngumoha,Premier League,2,2025-08-25,Newcastle,Liverpool,2:3,CF,1,,,,,,90,,1,
2025/26,1108466,Rio Ngumoha,Premier League,3,2025-08-31,Liverpool,Arsenal,1:0,on the bench,,,,,,,,,,
2025/26,1108466,Rio Ngumoha,Premier League,4,2025-09-14,Burnley,Liverpool,0:1,LW,,,,,,,87,,3,
2025/26,1108466,Rio Ngumoha,Premier League,5,2025-09-20,Liverpool,Everton,2:1,on the bench,,,,,,,,,,
2025/26,1108466,Rio Ngumoha,Premier League,6,2025-09-27,Crystal Palace,Liverpool,2:1,LW,,,,,,,84,,6,
2025/26,1108466,Rio Ngumoha,Premier League,7,2025-10-04,Chelsea,Liverpool,2:1,Not in squad,,,,,,,,,,
2025/26,1108466,Rio Ngumoha,Premier League,8,2025-10-19,Liverpool,Man Utd,1:2,on the bench,,,,,,,,,,
2025/26,1108466,Rio Ngumoha,Premier League,9,2025-10-25,Brentford,Liverpool,3:2,,,,,,,,70,,20,
2025/26,1108466,Rio Ngumoha,Premier League,10,2025-11-01,Liverpool,Aston Villa,2:0,on the bench,,,,,,,,,,
2025/26,1108466,Rio Ngumoha,Premier League,11,2025-11-09,Man City,Liverpool,3:0,on the bench,,,,,,,,,,
2025/26,1108466,Rio Ngumoha,Premier League,12,2025-11-22,Liverpool,Nott'm Forest,0:3,LW,,,,,,,78,,12,
2025/26,1108466,Rio Ngumoha,Premier League,13,2025-11-30,West Ham,Liverpool,0:2,on the bench,,,,,,,,,,
2025/26,1108466,Rio Ngumoha,Premier League,14,2025-12-03,Liverpool,Sunderland,1:1,on the bench,,,,,,,,,,
2025/26,1108466,Rio Ngumoha,Community Shield,Final,2025-08-10,Crystal Palace,Liverpool,5:4 on pens,on the bench,,,,,,,,,,
2025/26,1108466,Rio Ngumoha,EFL Cup,Third Round,2025-09-23,Liverpool,Southampton,2:1,LW,,,,,,,,75,75,
2025/26,1108466,Rio Ngumoha,EFL Cup,Fourth Round,2025-10-29,Liverpool,Crystal Palace,0:3,LW,,,,,,,,86,86,
2025/26,1108466,Rio Ngumoha,UEFA EURO U19 Championship Qualifiers,Group 8,2025-11-12,England U19,Lithuania U19,2:0,LW,,1,,,,,,68,68,
2025/26,1108466,Rio Ngumoha,UEFA EURO U19 Championship Qualifiers,Group 8,2025-11-15,England U19,Latvia U19,7:0,LW,1,,,,,,,,90,
2025/26,1108466,Rio Ngumoha,UEFA EURO U19 Championship Qualifiers,Group 8,2025-11-18,Scotland U19,England U19,0:4,,,,,,,,86,,4,
