﻿season,player_id,player_name,competition,journey,date,home_team,away_team,result,position,goals,assists,own_goals,yellow_cards,second_yellow_cards,red_cards,substitutions_on,substitutions_off,minutes_played,transfermarkt_score
2023/24,1004327,Min-hyeok Yang,World Cup qualification Asia,Group C,2024-03-21,South Korea,Thailand,1:1,Not in squad,,,,,,,,,,
2023/24,1004327,Min-hyeok Yang,World Cup qualification Asia,Group C,2024-03-26,Thailand,South Korea,0:3,Not in squad,,,,,,,,,,
2023/24,1004327,Min-hyeok Yang,World Cup qualification Asia,Group C,2024-06-06,Singapore,South Korea,0:7,Not in squad,,,,,,,,,,
2023/24,1004327,Min-hyeok Yang,World Cup qualification Asia,Group C,2024-06-11,South Korea,China,1:0,Not in squad,,,,,,,,,,
2024/25,1004327,Min-hyeok Yang,World Cup qualification Asia,Group 2,2024-09-05,South Korea,Palestine,0:0,Not in squad,,,,,,,,,,
2024/25,1004327,Min-hyeok Yang,World Cup qualification Asia,Group 2,2024-09-10,Oman,South Korea,1:3,on the bench,,,,,,,,,,
2024/25,1004327,Min-hyeok Yang,World Cup qualification Asia,Group 2,2024-10-10,Jordan,South Korea,0:2,Not in squad,,,,,,,,,,
2024/25,1004327,Min-hyeok Yang,World Cup qualification Asia,Group 2,2024-10-15,South Korea,Iraq,3:2,Not in squad,,,,,,,,,,
2024/25,1004327,Min-hyeok Yang,World Cup qualification Asia,Group 2,2024-11-14,Kuwait,South Korea,1:3,Not in squad,,,,,,,,,,
2024/25,1004327,Min-hyeok Yang,World Cup qualification Asia,Group 2,2024-11-19,Palestine,South Korea,1:1,Not in squad,,,,,,,,,,
2024/25,1004327,Min-hyeok Yang,World Cup qualification Asia,Group 2,2025-03-20,South Korea,Oman,1:1,on the bench,,,,,,,,,,
2024/25,1004327,Min-hyeok Yang,World Cup qualification Asia,Group 2,2025-03-25,South Korea,Jordan,1:1,,,,,,,,46,,45,
2024/25,1004327,Min-hyeok Yang,World Cup qualification Asia,Group 2,2025-06-05,Iraq,South Korea,0:2,Not in squad,,,,,,,,,,
2024/25,1004327,Min-hyeok Yang,World Cup qualification Asia,Group 2,2025-06-10,South Korea,Kuwait,4:0,Not in squad,,,,,,,,,,
2023/24,1004327,Min-hyeok Yang,International Friendlies,42,2023-08-30,Indonesia U17,South Korea U17,0:1,Not in squad,,,,,,,,,,
2023/24,1004327,Min-hyeok Yang,International Friendlies,33,2023-10-11,Morocco U17,South Korea U17,3:2,,1,,,,,,,70,70,
2023/24,1004327,Min-hyeok Yang,International Friendlies,24,2023-10-14,South Korea U17,Belgium U18,3:3,,,,,,,,,60,60,
2023/24,1004327,Min-hyeok Yang,International Friendlies,24,2023-10-17,England U18,South Korea U17,1:1,LW,,,,,,,,83,83,
2022/23,1004327,Min-hyeok Yang,International Friendlies,,,,,,,,,,,,,,,,
2023/24,1004327,Min-hyeok Yang,International Friendlies,33,2024-01-06,Iraq,South Korea,0:1,Not in squad,,,,,,,,,,
2023/24,1004327,Min-hyeok Yang,K League 1,1,2024-03-02,Gangwon FC,Jeju United,1:1,LW,,1,,,,,,46,45,
2023/24,1004327,Min-hyeok Yang,K League 1,2,2024-03-10,Gwangju FC,Gangwon FC,4:2,Centre Forward,1,,,,,,,88,88,
2023/24,1004327,Min-hyeok Yang,K League 1,3,2024-03-16,Daejeon Hana C.,Gangwon FC,1:1,LW,,,,,,,,59,59,
2023/24,1004327,Min-hyeok Yang,K League 1,4,2024-03-31,Gangwon FC,FC Seoul,1:1,LW,,,,,,,,71,71,
2023/24,1004327,Min-hyeok Yang,K League 1,5,2024-04-03,Gangwon FC,Daegu FC,3:0,LW,,,,,,,,86,86,
2023/24,1004327,Min-hyeok Yang,K League 1,6,2024-04-07,Jeonbuk Hyundai,Gangwon FC,2:3,LW,,,,,,,,62,62,
2023/24,1004327,Min-hyeok Yang,K League 1,7,2024-04-13,Ulsan HD,Gangwon FC,4:0,LW,,,,,,,,64,64,
2023/24,1004327,Min-hyeok Yang,K League 1,8,2024-04-21,Gangwon FC,Incheon Utd.,4:1,LW,,1,,,,,,65,65,
2023/24,1004327,Min-hyeok Yang,K League 1,9,2024-04-27,Gimcheon Sangmu,Gangwon FC,1:0,LW,,,,,,,,70,70,
2023/24,1004327,Min-hyeok Yang,K League 1,10,2024-05-01,Gangwon FC,Pohang Steelers,2:4,LW,1,,,,,,,,90,
2023/24,1004327,Min-hyeok Yang,K League 1,11,2024-05-05,Suwon FC,Gangwon FC,1:2,LW,,,,,,,,90,90,
2023/24,1004327,Min-hyeok Yang,K League 1,12,2024-05-11,Gangwon FC,Daejeon Hana C.,3:3,LW,1,,,,,,,90,90,
2023/24,1004327,Min-hyeok Yang,K League 1,13,2024-05-19,Gangwon FC,Ulsan HD,1:0,Centre Forward,,,,,,,,,90,
2023/24,1004327,Min-hyeok Yang,K League 1,14,2024-05-26,Daegu FC,Gangwon FC,1:2,Centre Forward,,,,,,,,,90,
2023/24,1004327,Min-hyeok Yang,K League 1,15,2024-05-29,Gangwon FC,Jeonbuk Hyundai,2:1,Centre Forward,1,,,,,,,,90,
2023/24,1004327,Min-hyeok Yang,K League 1,16,2024-06-02,Jeju United,Gangwon FC,1:2,Centre Forward,,1,,,,,,90,90,
2023/24,1004327,Min-hyeok Yang,K League 1,17,2024-06-15,Gangwon FC,Suwon FC,3:1,Centre Forward,1,,,,,,,,90,
2023/24,1004327,Min-hyeok Yang,K League 1,18,2024-06-22,Gangwon FC,Gimcheon Sangmu,2:3,Centre Forward,,,,,,,,90,90,
2023/24,1004327,Min-hyeok Yang,K League 1,19,2024-06-26,FC Seoul,Gangwon FC,2:0,Centre Forward,,,,,,,,83,83,
2023/24,1004327,Min-hyeok Yang,K League 1,20,2024-06-30,Incheon Utd.,Gangwon FC,0:1,Centre Forward,,,,,,,,,90,
2024/25,1004327,Min-hyeok Yang,K League 1,21,2024-07-07,Gangwon FC,Gwangju FC,2:0,Centre Forward,,,,,,,,80,80,
2024/25,1004327,Min-hyeok Yang,K League 1,22,2024-07-10,Pohang Steelers,Gangwon FC,2:0,Centre Forward,,,,,,,,,90,
2024/25,1004327,Min-hyeok Yang,K League 1,23,2024-07-13,Daejeon Hana C.,Gangwon FC,1:1,Centre Forward,,,,,,,,,90,
2024/25,1004327,Min-hyeok Yang,K League 1,24,2024-07-20,Gangwon FC,Jeju United,4:0,Centre Forward,2,,,,,,,,90,
2024/25,1004327,Min-hyeok Yang,K League 1,25,2024-07-26,Gangwon FC,Jeonbuk Hyundai,4:2,Centre Forward,1,1,,,,,,84,84,
2024/25,1004327,Min-hyeok Yang,K League 1,26,2024-08-09,Gimcheon Sangmu,Gangwon FC,1:2,Centre Forward,,1,,,,,,46,45,
2024/25,1004327,Min-hyeok Yang,K League 1,27,2024-08-18,Gangwon FC,Gwangju FC,3:2,Centre Forward,,,,,,,,,90,
2024/25,1004327,Min-hyeok Yang,K League 1,28,2024-08-24,FC Seoul,Gangwon FC,2:0,Centre Forward,,,,,,,,71,71,
2024/25,1004327,Min-hyeok Yang,K League 1,29,2024-09-01,Gangwon FC,Suwon FC,2:2,Centre Forward,,,,73,,,,76,76,
2024/25,1004327,Min-hyeok Yang,K League 1,30,2024-09-13,Ulsan HD,Gangwon FC,2:0,,,,,,,,63,,27,
2024/25,1004327,Min-hyeok Yang,K League 1,31,2024-09-22,Pohang Steelers,Gangwon FC,2:1,CF,1,,,,,,,,90,
2024/25,1004327,Min-hyeok Yang,K League 1,32,2024-09-28,Gangwon FC,Daegu FC,1:1,Centre Forward,,,,,,,,,90,
2024/25,1004327,Min-hyeok Yang,K League 1,33,2024-10-06,Incheon Utd.,Gangwon FC,1:3,LW,1,1,,,,,,,90,
2024/25,1004327,Min-hyeok Yang,K League 1,34,2024-10-20,Gangwon FC,FC Seoul,1:0,Centre Forward,,,,,,,,,90,
2024/25,1004327,Min-hyeok Yang,K League 1,35,2024-10-26,Gangwon FC,Gimcheon Sangmu,1:0,Centre Forward,1,,,,,,,,90,
2024/25,1004327,Min-hyeok Yang,K League 1,36,2024-11-01,Ulsan HD,Gangwon FC,2:1,Centre Forward,,,,,,,,,90,
2024/25,1004327,Min-hyeok Yang,K League 1,37,2024-11-09,Suwon FC,Gangwon FC,4:0,Centre Forward,,,,40,,,,,90,
2024/25,1004327,Min-hyeok Yang,K League 1,38,2024-11-23,Gangwon FC,Pohang Steelers,1:0,Centre Forward,1,,,,,,,84,84,
2023/24,1004327,Min-hyeok Yang,Korea Cup,Third Round,2024-04-17,Gangwon FC,Hwaseong FC,3:1 AET,Not in squad,,,,,,,,,,
2023/24,1004327,Min-hyeok Yang,Korea Cup,Round of 16,2024-06-19,FC Seoul,Gangwon FC,5:4 on pens,Not in squad,,,,,,,,,,
