﻿season,player_id,player_name,competition,journey,date,home_team,away_team,result,position,goals,assists,own_goals,yellow_cards,second_yellow_cards,red_cards,substitutions_on,substitutions_off,minutes_played,transfermarkt_score
2022/23,1069512,Jonah Kusi-Asare,International Friendlies,13,2022-10-06,Norway U15,Sweden U16,3:0,,,,,,,,60,,30,
2022/23,1069512,Jonah Kusi-Asare,International Friendlies,14,2022-10-09,Norway U15,Sweden U16,3:2,CF,2,,,,,,,46,45,
2022/23,1069512,Jonah Kusi-Asare,International Friendlies,7,2023-05-04,Sweden U16,Italy U16,2:5,CF,,1,,,,,,,90,
2022/23,1069512,Jonah Kusi-Asare,International Friendlies,10,2023-05-06,Portugal U16,Sweden U16,3:0,CF,,,,,,,68,,22,
2022/23,1069512,Jonah Kusi-Asare,International Friendlies,19,2023-05-09,Sweden U16,Belgium U16,2:1,CF,,,,77,,,,80,80,
2023/24,1069512,Jonah Kusi-Asare,Allsvenskan,21,2023-08-28,AIK,Varbergs BoIS,3:0,,,,,,,,81,,9,
2023/24,1069512,Jonah Kusi-Asare,Allsvenskan,22,2023-09-03,Hammarby,AIK,4:2,,,,,,,,71,,19,
2023/24,1069512,Jonah Kusi-Asare,Allsvenskan,23,2023-09-18,AIK,Degerfors,2:0,on the bench,,,,,,,,,,
2023/24,1069512,Jonah Kusi-Asare,Allsvenskan,24,2023-09-24,AIK,Djurgården,2:0,on the bench,,,,,,,,,,
2023/24,1069512,Jonah Kusi-Asare,Allsvenskan,25,2023-10-01,Häcken,AIK,2:0,CF,,,,,,,74,,16,
2023/24,1069512,Jonah Kusi-Asare,Allsvenskan,27,2023-10-23,Elfsborg,AIK,3:0,on the bench,,,,,,,,,,
2023/24,1069512,Jonah Kusi-Asare,Allsvenskan,28,2023-10-29,AIK,Halmstads BK,1:1,on the bench,,,,,,,,,,
2023/24,1069512,Jonah Kusi-Asare,Allsvenskan,29,2023-11-06,IFK Göteborg,AIK,1:1,on the bench,,,,,,,,,,
2023/24,1069512,Jonah Kusi-Asare,Allsvenskan,30,2023-11-12,AIK,Värnamo,3:1,,,,,,,,72,,18,
