﻿season,player_id,player_name,competition,journey,date,home_team,away_team,result,position,goals,assists,own_goals,yellow_cards,second_yellow_cards,red_cards,substitutions_on,substitutions_off,minutes_played,transfermarkt_score
2023/24,104495,Lyle Taylor,EFL Trophy,group B3,2023-11-18,Wycombe,AFC Wimbledon,1:0,CF,,,,,,,,46,45,
2023/24,104495,Lyle Taylor,EFL Trophy,Second Round,2023-12-05,Wycombe,Fulham U21,3:2,Not in squad,,,,,,,,,,
2023/24,104495,Lyle Taylor,EFL Trophy,Round of 16,2024-01-09,Wycombe,West Ham U21,2:1,Not in squad,,,,,,,,,,
2023/24,104495,Lyle Taylor,League One,19,2023-11-25,Wycombe,Reading,1:2,,,,,,,,60,,30,
2023/24,104495,Lyle Taylor,League One,20,2023-11-28,Barnsley,Wycombe,1:0,,,,,,,,58,,32,
2023/24,104495,Lyle Taylor,League One,21,2023-12-09,Wycombe,Shrewsbury,0:1,,,,,,,,55,,35,
2023/24,104495,Lyle Taylor,League One,22,2023-12-16,Derby,Wycombe,1:1,CF,,,,,,,,68,68,
2023/24,104495,Lyle Taylor,League One,23,2023-12-23,Wycombe,Port Vale,1:1,,,,,86,,,71,,19,
2023/24,104495,Lyle Taylor,League One,24,2023-12-26,Exeter City,Wycombe,1:0,,,,,,,,69,,21,
2023/24,104495,Lyle Taylor,League One,25,2023-12-29,Leyton Orient,Wycombe,0:0,,,,,,,,76,,14,
2023/24,104495,Lyle Taylor,League One,26,2024-01-01,Wycombe,Bristol Rovers,3:2,Not in squad,,,,,,,,,,
2023/24,104495,Lyle Taylor,League One,27,2024-01-06,Burton Albion,Wycombe,1:1,Not in squad,,,,,,,,,,
2022/23,104495,Lyle Taylor,League One,,,,,,,,,,,,,,,,
2023/24,104495,Lyle Taylor,League One,28,2024-01-13,Cambridge Utd.,Fleetwood,2:1,CF,1,1,,,,,57,,33,
2023/24,104495,Lyle Taylor,League One,29,2024-01-20,Exeter City,Cambridge Utd.,0:0,CF,,,,31,,,,,90,
2023/24,104495,Lyle Taylor,League One,30,2024-01-27,Cambridge Utd.,Burton Albion,0:0,CF,,,,94,,,,,90,
2023/24,104495,Lyle Taylor,League One,31,2024-02-03,Shrewsbury,Cambridge Utd.,1:2,CF,2,,,,,,,85,85,
2023/24,104495,Lyle Taylor,League One,32,2024-02-10,Cambridge Utd.,Cheltenham,0:1,CF,,,,,,,,,90,
2023/24,104495,Lyle Taylor,League One,33,2024-02-13,Portsmouth,Cambridge Utd.,3:1,CF,,,,,,,,,90,
2023/24,104495,Lyle Taylor,League One,34,2024-02-17,Carlisle United,Cambridge Utd.,0:4,CF,,1,,,,,,74,74,
2023/24,104495,Lyle Taylor,League One,18,2024-02-20,Cambridge Utd.,Bolton,1:2,,,,,,,91,72,,18,
2023/24,104495,Lyle Taylor,League One,35,2024-02-24,Cambridge Utd.,Peterborough,0:1,Red card suspension,,,,,,,,,,
2023/24,104495,Lyle Taylor,League One,25,2024-02-27,Stevenage,Cambridge Utd.,1:0,Red card suspension,,,,,,,,,,
2023/24,104495,Lyle Taylor,League One,36,2024-03-02,Bolton,Cambridge Utd.,2:0,Not in squad,,,,,,,,,,
2023/24,104495,Lyle Taylor,League One,37,2024-03-09,Cambridge Utd.,Northampton,1:1,CF,,,,,,,,,90,
2023/24,104495,Lyle Taylor,League One,38,2024-03-12,Lincoln City,Cambridge Utd.,6:0,CF,,,,,,,,,90,
2023/24,104495,Lyle Taylor,League One,39,2024-03-16,Reading,Cambridge Utd.,4:0,CF,,,,,,,,82,82,
2023/24,104495,Lyle Taylor,League One,41,2024-03-29,Barnsley,Cambridge Utd.,0:2,CF,,,,,,,,54,54,
2023/24,104495,Lyle Taylor,League One,42,2024-04-01,Cambridge Utd.,Wigan,3:1,Groin injury,,,,,,,,,,
2023/24,104495,Lyle Taylor,League One,43,2024-04-06,Blackpool,Cambridge Utd.,1:0,Groin injury,,,,,,,,,,
2023/24,104495,Lyle Taylor,League One,44,2024-04-13,Cambridge Utd.,Charlton,1:1,Groin injury,,,,,,,,,,
2023/24,104495,Lyle Taylor,League One,27,2024-04-16,Bristol Rovers,Cambridge Utd.,1:0,Not in squad,,,,,,,,,,
2023/24,104495,Lyle Taylor,League One,45,2024-04-20,Cambridge Utd.,Derby,0:1,,,,,,,,80,,10,
2023/24,104495,Lyle Taylor,League One,40,2024-04-23,Cambridge Utd.,Wycombe,1:1,,,,,,,,76,,14,
2023/24,104495,Lyle Taylor,League One,46,2024-04-27,Port Vale,Cambridge Utd.,0:0,Not in squad,,,,,,,,,,
2023/24,104495,Lyle Taylor,FA Cup,Second Round,2023-12-02,Wycombe,Morecambe FC,0:2,CF,,,,,,,,,90,
2023/24,104495,Lyle Taylor,CONCACAF Nations League B,Group B,2023-09-09,Barbados,Montserrat,2:3,,2,,,,,,,,90,
2023/24,104495,Lyle Taylor,CONCACAF Nations League B,Group B,2023-09-12,Dominican Rep.,Montserrat,3:0,,,,,,,,,85,85,
2023/24,104495,Lyle Taylor,CONCACAF Nations League B,Group B,2023-10-13,Montserrat,Nicaragua,0:3,,,,,,,49,,43,43,
2023/24,104495,Lyle Taylor,World Cup qualification CONCACAF,Group D,2024-06-06,Nicaragua,Montserrat,4:1,CF,,,,,,,,90,90,
2023/24,104495,Lyle Taylor,World Cup qualification CONCACAF,Group D,2024-06-10,Montserrat,Panama,1:3,CF,,,,,,,,72,72,
