﻿season,player_id,player_name,competition,journey,date,home_team,away_team,result,position,goals,assists,own_goals,yellow_cards,second_yellow_cards,red_cards,substitutions_on,substitutions_off,minutes_played,transfermarkt_score
2025/26,1085591,Bendito Mantato,International Friendlies,1,2025-09-03,England U18,Uzbekistan U18,-:-,Information not yet available,,,,,,,,,,
2025/26,1085591,Bendito Mantato,International Friendlies,2,2025-09-03,England U18,Uzbekistan U17,3:1,,,,,,,,64,,26,
2025/26,1085591,Bendito Mantato,International Friendlies,45,2025-09-06,England U18,Morocco U17,4:1,LB,,,,,,,,65,65,
2025/26,1085591,Bendito Mantato,International Friendlies,1,2025-09-09,England U18,Canada U17,3:2,,,,,,,,46,,45,
2025/26,1085591,Bendito Mantato,International Friendlies,3,2025-10-09,England U18,France U18,1:0,,,,,,,,,74,74,
2025/26,1085591,Bendito Mantato,International Friendlies,4,2025-10-12,England U18,France U18,2:2,,,,,,,,63,,27,
2025/26,1085591,Bendito Mantato,EFL Trophy,group A4,2025-09-30,Lincoln City,Man Utd U21,3:0,LB,,,,,,,,,90,
2025/26,1085591,Bendito Mantato,EFL Trophy,group A4,2025-10-21,Barnsley,Man Utd U21,5:2,LM,,,,,,,,,90,
2025/26,1085591,Bendito Mantato,EFL Trophy,group A4,2025-11-04,Notts County,Man Utd U21,0:2,Not in squad,,,,,,,,,,
2025/26,1085591,Bendito Mantato,U18 Premier League,1,2025-08-16,Everton U18,Man Utd U18,0:1,Not in squad,,,,,,,,,,
2025/26,1085591,Bendito Mantato,U18 Premier League,2,2025-08-23,Man Utd U18,Boro U18,5:0,Centre Forward,1,1,,,,,,,90,
2025/26,1085591,Bendito Mantato,U18 Premier League,3,2025-08-30,Derby U18,Man Utd U18,0:4,Not in squad,,,,,,,,,,
2025/26,1085591,Bendito Mantato,U18 Premier League,4,2025-09-13,Man Utd U18,Burnley U18,1:0,Not in squad,,,,,,,,,,
2025/26,1085591,Bendito Mantato,U18 Premier League,5,2025-09-20,Wolves U18,Man Utd U18,0:4,Not in squad,,,,,,,,,,
2025/26,1085591,Bendito Mantato,U18 Premier League,6,2025-09-27,Man Utd U18,Man City U18,2:4,Not in squad,,,,,,,,,,
2025/26,1085591,Bendito Mantato,U18 Premier League,7,2025-10-18,Nottingham U18,Man Utd U18,2:1,Not in squad,,,,,,,,,,
2025/26,1085591,Bendito Mantato,U18 Premier League,8,2025-10-25,Man Utd U18,Sunderland U18,0:1,Not in squad,,,,,,,,,,
2025/26,1085591,Bendito Mantato,U18 Premier League,9,2025-11-01,Blackburn U18,Man Utd U18,0:0,Not in squad,,,,,,,,,,
2025/26,1085591,Bendito Mantato,U18 Premier League,10,2025-11-08,Man Utd U18,Leeds U18,0:0,Not in squad,,,,,,,,,,
2025/26,1085591,Bendito Mantato,U18 Premier League,11,2025-11-29,Liverpool U18,Man Utd U18,0:7,Centre Forward,1,1,,,,,,74,74,
2025/26,1085591,Bendito Mantato,Premier League 2,1,2025-08-18,Boro U21,Man Utd U21,0:1,LB,,,,,,,,,90,
2025/26,1085591,Bendito Mantato,Premier League 2,2,2025-08-22,Man Utd U21,Norwich U21,4:2,Not in squad,,,,,,,,,,
2025/26,1085591,Bendito Mantato,Premier League 2,3,2025-08-31,Man Utd U21,Man City U21,2:1,LB,,,,,,,,,90,
2025/26,1085591,Bendito Mantato,Premier League 2,4,2025-09-21,Liverpool U21,Man Utd U21,1:2,LW,,,,,,,,,90,
2025/26,1085591,Bendito Mantato,Premier League 2,5,2025-09-27,Man Utd U21,Palace U21,4:1,Centre Forward,,,,,,,,63,63,
2025/26,1085591,Bendito Mantato,Premier League 2,6,2025-10-03,Everton U21,Man Utd U21,1:2,,,,,,,,80,,10,
2025/26,1085591,Bendito Mantato,Premier League 2,7,2025-10-25,Man Utd U21,Tottenham U21,4:1,,,,,,,,67,,23,
2025/26,1085591,Bendito Mantato,Premier League 2,8,2025-10-31,Man Utd U21,Blackburn U21,0:4,Not in squad,,,,,,,,,,
2025/26,1085591,Bendito Mantato,Premier League International Cup U21,Group D,2025-09-24,Man Utd U21,Bilbao Athletic,2:1,Centre Forward,,,,,,,,,90,
2025/26,1085591,Bendito Mantato,Premier League International Cup U21,Group D,2025-12-02,Man Utd U21,RSCA Futures,1:4,RM,,,,,,,,,90,
2025/26,1085591,Bendito Mantato,National League Cup,Group A,2025-09-16,Brackley,Man Utd U21,2:1,LB,,,,,,,,79,79,
2025/26,1085591,Bendito Mantato,National League Cup,Group A,2025-10-28,Rochdale,Man Utd U21,0:2,Centre Forward,,,,,,,,,90,
2025/26,1085591,Bendito Mantato,National League Cup,Group A,2025-11-25,Solihull Moors,Man Utd U21,4:1,Centre Forward,1,,,,,,,,90,
