﻿season,player_id,player_name,competition,journey,date,home_team,away_team,result,position,goals,assists,own_goals,yellow_cards,second_yellow_cards,red_cards,substitutions_on,substitutions_off,minutes_played,transfermarkt_score
2024/25,106987,Marcel Sabitzer,Bundesliga,1,2024-08-24,Dortmund,Frankfurt,2:0,RM,,,,,,,,81,3,81.0
2024/25,106987,Marcel Sabitzer,Bundesliga,2,2024-08-31,Werder Bremen,Dortmund,0:0,RM,,,,,,,,,3,90.0
2024/25,106987,Marcel Sabitzer,Bundesliga,3,2024-09-13,Dortmund,Heidenheim,4:2,RM,,,,,,,59,,3,31.0
2024/25,106987,Marcel Sabitzer,Bundesliga,4,2024-09-22,Stuttgart,Dortmund,5:1,RM,,,,77,,,,,4,90.0
2024/25,106987,Marcel Sabitzer,Bundesliga,5,2024-09-27,Dortmund,VfL Bochum,4:2,Knock,,,,,,,,,,
2024/25,106987,Marcel Sabitzer,Bundesliga,6,2024-10-05,Union Berlin,Dortmund,2:1,CM,,,,83,,,76,,,14.0
2024/25,106987,Marcel Sabitzer,Bundesliga,7,2024-10-18,Dortmund,St. Pauli,2:1,LM,,,,,,,,,3,90.0
2024/25,106987,Marcel Sabitzer,Bundesliga,8,2024-10-26,Augsburg,Dortmund,2:1,CM,,,,,,,,46,4,45.0
2024/25,106987,Marcel Sabitzer,Bundesliga,9,2024-11-02,Dortmund,Leipzig,2:1,CM,,,,,,,,67,3,67.0
2024/25,106987,Marcel Sabitzer,Bundesliga,10,2024-11-09,Mainz,Dortmund,3:1,CM,,,,,,,,,4,90.0
2024/25,106987,Marcel Sabitzer,Bundesliga,11,2024-11-23,Dortmund,Freiburg,4:0,CM,,,,,,,,69,3,69.0
2024/25,106987,Marcel Sabitzer,Bundesliga,12,2024-11-30,Dortmund,Bayern Munich,1:1,CM,,,,,,,,90,3,90.0
2024/25,106987,Marcel Sabitzer,Bundesliga,13,2024-12-07,Mönchengladbach,Dortmund,1:1,CM,,,,,,,,,3,90.0
2024/25,106987,Marcel Sabitzer,Bundesliga,14,2024-12-15,Dortmund,Hoffenheim,1:1,CM,,,,,,,61,,4,29.0
2024/25,106987,Marcel Sabitzer,Bundesliga,15,2024-12-22,Wolfsburg,Dortmund,1:3,Knock,,,,,,,,,,
2024/25,106987,Marcel Sabitzer,Bundesliga,16,2025-01-10,Dortmund,Leverkusen,2:3,CM,,,,,,,78,,,12.0
2024/25,106987,Marcel Sabitzer,Bundesliga,17,2025-01-14,Holstein Kiel,Dortmund,4:2,AM,,,,,,,,59,5,59.0
2024/25,106987,Marcel Sabitzer,Bundesliga,18,2025-01-17,Frankfurt,Dortmund,2:0,on the bench,,,,,,,,,,
2024/25,106987,Marcel Sabitzer,Bundesliga,19,2025-01-25,Dortmund,Werder Bremen,2:2,CM,,,,,,,12,,3,78.0
2024/25,106987,Marcel Sabitzer,Bundesliga,20,2025-02-01,Heidenheim,Dortmund,1:2,CM,,,,,,,,,3,90.0
2024/25,106987,Marcel Sabitzer,Bundesliga,21,2025-02-08,Dortmund,Stuttgart,1:2,DM,,,,,,,,,4,90.0
2024/25,106987,Marcel Sabitzer,Bundesliga,22,2025-02-15,VfL Bochum,Dortmund,2:0,DM,,,,,,,,46,5,45.0
2024/25,106987,Marcel Sabitzer,Bundesliga,23,2025-02-22,Dortmund,Union Berlin,6:0,CM,,,,,,,,85,2,85.0
2024/25,106987,Marcel Sabitzer,Bundesliga,24,2025-03-01,St. Pauli,Dortmund,0:2,DM,,,,,,,,,3,90.0
2024/25,106987,Marcel Sabitzer,Bundesliga,25,2025-03-08,Dortmund,Augsburg,0:1,CM,,,,,,,75,,4,15.0
2024/25,106987,Marcel Sabitzer,Bundesliga,26,2025-03-15,Leipzig,Dortmund,2:0,CM,,,,,,,,33,4,33.0
2024/25,106987,Marcel Sabitzer,Bundesliga,27,2025-03-30,Dortmund,Mainz,3:1,Knee medial ligament tear,,,,,,,,,,
2024/25,106987,Marcel Sabitzer,Bundesliga,28,2025-04-05,Freiburg,Dortmund,1:4,Knee medial ligament tear,,,,,,,,,,
2024/25,106987,Marcel Sabitzer,Bundesliga,29,2025-04-12,Bayern Munich,Dortmund,2:2,Knee medial ligament tear,,,,,,,,,,
2024/25,106987,Marcel Sabitzer,Bundesliga,30,2025-04-20,Dortmund,Mönchengladbach,3:2,Knee medial ligament tear,,,,,,,,,,
2024/25,106987,Marcel Sabitzer,Bundesliga,31,2025-04-26,Hoffenheim,Dortmund,2:3,Knee medial ligament tear,,,,,,,,,,
2024/25,106987,Marcel Sabitzer,Bundesliga,32,2025-05-03,Dortmund,Wolfsburg,4:0,CM,,,,,,,82,,,8.0
2024/25,106987,Marcel Sabitzer,Bundesliga,33,2025-05-11,Leverkusen,Dortmund,2:4,CM,,,,,,,46,,2,45.0
2024/25,106987,Marcel Sabitzer,Bundesliga,34,2025-05-17,Dortmund,Holstein Kiel,3:0,CM,1,,,90,,,,,1,90.0
2024/25,106987,Marcel Sabitzer,UEFA Champions League,Group Stage,2024-09-18,Club Brugge,Dortmund,0:3,RM,,,,,,,,68,68,
2024/25,106987,Marcel Sabitzer,UEFA Champions League,Group Stage,2024-10-01,Dortmund,Celtic,7:1,CM,,,,,,,70,,20,
2024/25,106987,Marcel Sabitzer,UEFA Champions League,Group Stage,2024-10-22,Real Madrid,Dortmund,5:2,CM,,,,,,,,,90,
2024/25,106987,Marcel Sabitzer,UEFA Champions League,Group Stage,2024-11-05,Dortmund,Sturm Graz,1:0,CM,,,,,,,,67,67,
2024/25,106987,Marcel Sabitzer,UEFA Champions League,Group Stage,2024-11-27,Dinamo Zagreb,Dortmund,0:3,CM,,,,,,,,61,61,
2024/25,106987,Marcel Sabitzer,UEFA Champions League,Group Stage,2024-12-11,Dortmund,Barcelona,2:3,CM,,,,42,,,,,90,
2024/25,106987,Marcel Sabitzer,UEFA Champions League,Group Stage,2025-01-21,Bologna,Dortmund,2:1,on the bench,,,,,,,,,,
2024/25,106987,Marcel Sabitzer,UEFA Champions League,Group Stage,2025-01-29,Dortmund,Shakhtar D.,3:1,CM,,,,,,,,,90,
2024/25,106987,Marcel Sabitzer,UEFA Champions League,intermediate stage 1st leg,2025-02-11,Sporting,Dortmund,0:3,DM,,,,,,,,,90,
2024/25,106987,Marcel Sabitzer,UEFA Champions League,intermediate stage 2nd leg,2025-02-19,Dortmund,Sporting,0:0,DM,,,,74,,,,89,89,
2024/25,106987,Marcel Sabitzer,UEFA Champions League,last 16 1st leg,2025-03-04,Dortmund,Lille,1:1,CM,,,,,,,,,90,
2024/25,106987,Marcel Sabitzer,UEFA Champions League,last 16 2nd leg,2025-03-12,Lille,Dortmund,1:2,DM,,,,,,,,,90,
2024/25,106987,Marcel Sabitzer,UEFA Champions League,Quarter-Finals 1st leg,2025-04-09,Barcelona,Dortmund,4:0,Knee medial ligament tear,,,,,,,,,,
2024/25,106987,Marcel Sabitzer,UEFA Champions League,Quarter-Finals 2nd leg,2025-04-15,Dortmund,Barcelona,3:1,Knee medial ligament tear,,,,,,,,,,
2024/25,106987,Marcel Sabitzer,World Cup qualification Europe,Group H,2025-06-07,Austria,Romania,2:1,LM,1,,,,,,,,90,
2024/25,106987,Marcel Sabitzer,World Cup qualification Europe,Group H,2025-06-10,San Marino,Austria,0:4,CM,,1,,,,,,,90,
2025/26,106987,Marcel Sabitzer,World Cup qualification Europe,Group H,2025-09-06,Austria,Cyprus,1:0,LM,1,,,,,,,,90,
2025/26,106987,Marcel Sabitzer,World Cup qualification Europe,Group H,2025-09-09,Bosnia,Austria,1:2,LM,1,,,70,,,,,90,
2025/26,106987,Marcel Sabitzer,World Cup qualification Europe,Group H,2025-10-09,Austria,San Marino,10:0,LM,,2,,,,,,72,72,
2025/26,106987,Marcel Sabitzer,World Cup qualification Europe,Group H,2025-10-12,Romania,Austria,1:0,LM,,,,,,,,,90,
2025/26,106987,Marcel Sabitzer,World Cup qualification Europe,Group H,2025-11-15,Cyprus,Austria,0:2,LM,,,,,,,,90,90,
2025/26,106987,Marcel Sabitzer,World Cup qualification Europe,Group H,2025-11-18,Austria,Bosnia,1:1,LM,,1,,,,,,,90,
2024/25,106987,Marcel Sabitzer,DFB-Pokal,First Round,2024-08-17,Phönix Lübeck,Dortmund,1:4,RM,,,,,,,,,90,
2024/25,106987,Marcel Sabitzer,DFB-Pokal,Second Round,2024-10-29,Wolfsburg,Dortmund,1:0 AET,LM,,,,,,,99,,21,
2024/25,106987,Marcel Sabitzer,FIFA Club World Cup,Group F,2025-06-17,Fluminense,Dortmund,0:0,DM,,,,,,,,77,77,
2024/25,106987,Marcel Sabitzer,FIFA Club World Cup,Group F,2025-06-21,Sundowns,Dortmund,3:4,CM,,,,,,,62,,28,
2024/25,106987,Marcel Sabitzer,FIFA Club World Cup,Group F,2025-06-25,Dortmund,Ulsan HD,1:0,on the bench,,,,,,,,,,
2025/26,106987,Marcel Sabitzer,FIFA Club World Cup,Round of 16,2025-07-02,Dortmund,Monterrey,2:1,CM,,,,,,,55,,35,
2025/26,106987,Marcel Sabitzer,FIFA Club World Cup,Quarter-Finals,2025-07-05,Real Madrid,Dortmund,3:2,CM,,,,,,,,,90,
2024/25,106987,Marcel Sabitzer,UEFA Nations League B,Group 3,2024-09-06,Slovenia,Austria,1:1,CM,,,,35,,,,,90,
2024/25,106987,Marcel Sabitzer,UEFA Nations League B,Group 3,2024-09-09,Norway,Austria,2:1,CM,1,,,,,,,,90,
2024/25,106987,Marcel Sabitzer,UEFA Nations League B,Group 3,2024-10-10,Austria,Kazakhstan,4:0,LM,1,,,,,,,,90,
2024/25,106987,Marcel Sabitzer,UEFA Nations League B,Group 3,2024-10-13,Austria,Norway,5:1,LM,,2,,,,,,,90,
2024/25,106987,Marcel Sabitzer,UEFA Nations League B,Group 3,2024-11-14,Kazakhstan,Austria,0:2,on the bench,,,,,,,,,,
2024/25,106987,Marcel Sabitzer,UEFA Nations League B,Group 3,2024-11-17,Austria,Slovenia,1:1,LM,,,,,,,,,90,
2024/25,106987,Marcel Sabitzer,UEFA Nations League Play-off,Play Off 1st leg,2025-03-20,Austria,Serbia,1:1,Knee medial ligament tear,,,,,,,,,,
2024/25,106987,Marcel Sabitzer,UEFA Nations League Play-off,Play Off 2st leg,2025-03-23,Serbia,Austria,2:0,Knee medial ligament tear,,,,,,,,,,
