﻿season,player_id,player_name,competition,journey,date,home_team,away_team,result,position,goals,assists,own_goals,yellow_cards,second_yellow_cards,red_cards,substitutions_on,substitutions_off,minutes_played,transfermarkt_score
2024/25,1108464,Reggie Walsh,UEFA Conference League,last 16 2nd leg,2025-03-13,Chelsea,Copenhagen,1:0,on the bench,,,,,,,,,,
2024/25,1108464,Reggie Walsh,UEFA Conference League,Quarter-Finals 1st leg,2025-04-10,Legia Warszawa,Chelsea,0:3,Not in squad,,,,,,,,,,
2024/25,1108464,Reggie Walsh,UEFA Conference League,Quarter-Finals 2nd leg,2025-04-17,Chelsea,Legia Warszawa,1:2,on the bench,,,,,,,,,,
2024/25,1108464,Reggie Walsh,UEFA Conference League,Semi-Finals 1st Leg,2025-05-01,Djurgården,Chelsea,1:4,CM,,,,,,,88,,2,
2024/25,1108464,Reggie Walsh,UEFA Conference League,Semi-Finals 2nd Leg,2025-05-08,Chelsea,Djurgården,1:0,AM,,,,,,,,,90,
2025/26,1108464,Reggie Walsh,U17 World Cup,Group E,2025-11-04,England U17,Venezuela U17,0:3,on the bench,,,,,,,,,,
2025/26,1108464,Reggie Walsh,U17 World Cup,Group E,2025-11-07,England U17,Haiti U17,8:1,DM,1,1,,,,,,,90,
2025/26,1108464,Reggie Walsh,U17 World Cup,Group E,2025-11-10,Egypt U17,England U17,0:3,,,,,,,,76,,14,
2025/26,1108464,Reggie Walsh,U17 World Cup,Round of 32,2025-11-15,South Korea U17,England U17,0:2,,,,,,,,83,,7,
2025/26,1108464,Reggie Walsh,U17 World Cup,Round of 16,2025-11-18,Austria U17,England U17,4:0,,,,,,,,66,,24,
2024/25,1108464,Reggie Walsh,International Friendlies,6,2024-11-15,Belgium U17,England U17,1:1,Not in squad,,,,,,,,,,
2024/25,1108464,Reggie Walsh,International Friendlies,7,2024-11-18,Belgium U17,England U17,2:1,Not in squad,,,,,,,,,,
2024/25,1108464,Reggie Walsh,International Friendlies,23,2025-02-20,Netherlands U17,England U17,2:3,Not in squad,,,,,,,,,,
2024/25,1108464,Reggie Walsh,Premier League,29,2025-03-16,Arsenal,Chelsea,1:0,Not in squad,,,,,,,,,,
2024/25,1108464,Reggie Walsh,Premier League,30,2025-04-03,Chelsea,Tottenham,1:0,Not in squad,,,,,,,,,,
2024/25,1108464,Reggie Walsh,Premier League,31,2025-04-06,Brentford,Chelsea,0:0,Not in squad,,,,,,,,,,
2024/25,1108464,Reggie Walsh,Premier League,32,2025-04-13,Chelsea,Ipswich,2:2,Not in squad,,,,,,,,,,
2024/25,1108464,Reggie Walsh,Premier League,33,2025-04-20,Fulham,Chelsea,1:2,Not in squad,,,,,,,,,,
2024/25,1108464,Reggie Walsh,Premier League,34,2025-04-26,Chelsea,Everton,1:0,Not in squad,,,,,,,,,,
2024/25,1108464,Reggie Walsh,Premier League,35,2025-05-04,Chelsea,Liverpool,3:1,Not in squad,,,,,,,,,,
2024/25,1108464,Reggie Walsh,Premier League 2 Playoffs,Round of 16,2025-04-26,Chelsea U21,Wolves U21,4:0,Not in squad,,,,,,,,,,
2024/25,1108464,Reggie Walsh,Premier League 2 Playoffs,Quarter-Finals,2025-05-02,Palace U21,Chelsea U21,6:0,Not in squad,,,,,,,,,,
2024/25,1108464,Reggie Walsh,U18 Premier League,1,2024-08-17,Chelsea U18,Brighton U18,2:5,,,,,,,,72,,18,
2024/25,1108464,Reggie Walsh,U18 Premier League,2,2024-08-24,Arsenal U18,Chelsea U18,1:0,,,,,93,,,80,,10,
2024/25,1108464,Reggie Walsh,U18 Premier League,3,2024-08-31,Chelsea U18,Leicester U18,2:5,,,,,,,,83,,7,
2024/25,1108464,Reggie Walsh,U18 Premier League,5,2024-09-21,Chelsea U18,Aston Villa U18,6:2,Not in squad,,,,,,,,,,
2024/25,1108464,Reggie Walsh,U18 Premier League,6,2024-09-28,West Ham U18,Chelsea U18,2:3,on the bench,,,,,,,,,,
2024/25,1108464,Reggie Walsh,U18 Premier League,7,2024-10-19,Chelsea U18,Reading U18,1:2,on the bench,,,,,,,,,,
2024/25,1108464,Reggie Walsh,U18 Premier League,8,2024-10-26,Southampton U18,Chelsea U18,2:1,Not in squad,,,,,,,,,,
2024/25,1108464,Reggie Walsh,U18 Premier League,9,2024-11-02,Chelsea U18,Fulham U18,2:1,Not in squad,,,,,,,,,,
2024/25,1108464,Reggie Walsh,U18 Premier League,10,2024-11-09,Norwich U18,Chelsea U18,1:3,AM,1,,,,,,,80,80,
2024/25,1108464,Reggie Walsh,U18 Premier League,11,2024-11-30,Chelsea U18,Spurs U18,3:3,AM,1,,,,,,,,90,
2024/25,1108464,Reggie Walsh,U18 Premier League,12,2024-12-17,Palace U18,Chelsea U18,4:2,AM,,,,80,,,,86,86,
2024/25,1108464,Reggie Walsh,U18 Premier League,13,2025-01-11,Chelsea U18,West Brom U18,4:1,CM,,,,46,,,,,90,
2024/25,1108464,Reggie Walsh,U18 Premier League,14,2025-01-25,Brighton U18,Chelsea U18,3:4,Not in squad,,,,,,,,,,
2024/25,1108464,Reggie Walsh,U18 Premier League,16,2025-02-08,Leicester U18,Chelsea U18,1:3,Not in squad,,,,,,,,,,
2024/25,1108464,Reggie Walsh,U18 Premier League,18,2025-02-22,Chelsea U18,West Ham U18,2:2,CM,,1,,,,,,,90,
2024/25,1108464,Reggie Walsh,U18 Premier League,19,2025-03-01,Aston Villa U18,Chelsea U18,1:2,CM,,,,65,,,,,90,
2024/25,1108464,Reggie Walsh,U18 Premier League,20,2025-03-08,West Brom U18,Chelsea U18,2:4,CM,,,,,,,,,90,
2024/25,1108464,Reggie Walsh,U18 Premier League,15,2025-03-11,Chelsea U18,Arsenal U18,2:3,CM,,,,,,,,64,64,
2024/25,1108464,Reggie Walsh,U18 Premier League,21,2025-03-15,Chelsea U18,Palace U18,1:0,AM,,,,,,,,90,90,
2024/25,1108464,Reggie Walsh,U18 Premier League,22,2025-04-01,Reading U18,Chelsea U18,0:2,DM,,,,,,,,,90,
2024/25,1108464,Reggie Walsh,U18 Premier League,23,2025-04-12,Chelsea U18,Southampton U18,4:3,AM,1,,,51,,,,,90,
2024/25,1108464,Reggie Walsh,U18 Premier League,24,2025-04-15,Fulham U18,Chelsea U18,1:0,Not in squad,,,,,,,,,,
2024/25,1108464,Reggie Walsh,U18 Premier League,25,2025-04-26,Chelsea U18,Norwich U18,5:1,AM,1,1,,,,,,79,79,
2024/25,1108464,Reggie Walsh,U18 Premier League,26,2025-05-03,Spurs U18,Chelsea U18,0:0,DM,,,,,,,,,90,
2024/25,1108464,Reggie Walsh,Premier League 2,16,2025-02-21,Chelsea U21,Man Utd U21,2:0,,,,,,,,71,,19,
2024/25,1108464,Reggie Walsh,Premier League 2,17,2025-02-28,Man City U21,Chelsea U21,5:0,Not in squad,,,,,,,,,,
2024/25,1108464,Reggie Walsh,Premier League 2,18,2025-03-14,Norwich U21,Chelsea U21,1:3,Not in squad,,,,,,,,,,
2024/25,1108464,Reggie Walsh,Premier League 2,19,2025-04-04,Chelsea U21,Aston Villa U21,4:1,Not in squad,,,,,,,,,,
2024/25,1108464,Reggie Walsh,Premier League 2,20,2025-04-14,Palace U21,Chelsea U21,2:4,,,,,,,,86,,4,
2024/25,1108464,Reggie Walsh,UEFA European Under-17 Championship qualification,Group 1,2024-10-24,England U17,Malta U17,4:0,on the bench,,,,,,,,,,
2024/25,1108464,Reggie Walsh,UEFA European Under-17 Championship qualification,Group 1,2024-10-27,England U17,Latvia U17,4:0,,,,,,,,46,,45,
2024/25,1108464,Reggie Walsh,UEFA European Under-17 Championship qualification,Group 1,2024-10-30,Sweden U17,England U17,2:4,DM,1,,,,,,,68,68,
2024/25,1108464,Reggie Walsh,Premier League Cup,Round of 16,2025-03-07,Chelsea U21,Ipswich U21,2:1,Not in squad,,,,,,,,,,
2024/25,1108464,Reggie Walsh,Premier League Cup,Quarter-Finals,2025-04-07,Burnley U21,Chelsea U21,2:0,,,,,,,,86,,4,
2024/25,1108464,Reggie Walsh,FA Youth Cup,Third Round,2024-12-13,Leicester U18,Chelsea U18,2:3,DM,,,,,,,,62,62,
2024/25,1108464,Reggie Walsh,FA Youth Cup,Fourth Round,2025-01-15,Chelsea U18,Merstham U18,7:1,CM,1,,,18,,,,72,72,
2024/25,1108464,Reggie Walsh,FA Youth Cup,Fifth Round,2025-02-12,Man Utd U18,Chelsea U18,5:1,CM,1,,,,,,,46,45,
