﻿season,player_id,player_name,competition,journey,date,home_team,away_team,result,position,goals,assists,own_goals,yellow_cards,second_yellow_cards,red_cards,substitutions_on,substitutions_off,minutes_played,transfermarkt_score
2019/20,105470,Alisson,UEFA Champions League,Group E,2019-09-17,Napoli,Liverpool,2:0,Calf injury,,,,,,,,,,
2019/20,105470,Alisson,UEFA Champions League,Group E,2019-10-02,Liverpool,Salzburg,4:3,Calf injury,,,,,,,,,,
2019/20,105470,Alisson,UEFA Champions League,Group E,2019-10-23,Genk,Liverpool,1:4,GK,,,,,,,,,90,
2019/20,105470,Alisson,UEFA Champions League,Group E,2019-11-05,Liverpool,Genk,2:1,GK,,,,,,,,,90,
2019/20,105470,Alisson,UEFA Champions League,Group E,2019-11-27,Liverpool,Napoli,1:1,GK,,,,,,,,,90,
2019/20,105470,Alisson,UEFA Champions League,Group E,2019-12-10,Salzburg,Liverpool,0:2,GK,,,,,,,,,90,
2019/20,105470,Alisson,UEFA Champions League,last 16 1st leg,2020-02-18,Atlético,Liverpool,1:0,GK,,,,,,,,,90,
2019/20,105470,Alisson,UEFA Champions League,last 16 2nd leg,2020-03-11,Liverpool,Atlético,2:3 AET,Hip injury,,,,,,,,,,
2019/20,105470,Alisson,UEFA Super Cup,Final,2019-08-14,Liverpool,Chelsea,7:6 on pens,Calf injury,,,,,,,,,,
2019/20,105470,Alisson,International Friendlies,5,2019-09-07,Brazil,Colombia,2:2,Calf injury,,,,,,,,,,
2019/20,105470,Alisson,International Friendlies,5,2019-09-11,Brazil,Peru,0:1,Calf injury,,,,,,,,,,
2019/20,105470,Alisson,International Friendlies,7,2019-10-10,Brazil,Senegal,1:1,Calf injury,,,,,,,,,,
2019/20,105470,Alisson,International Friendlies,7,2019-10-13,Brazil,Nigeria,1:1,Calf injury,,,,,,,,,,
2019/20,105470,Alisson,International Friendlies,10,2019-11-15,Brazil,Argentina,0:1,GK,,,,,,,,,90,
2019/20,105470,Alisson,International Friendlies,42,2019-11-19,Brazil,South Korea,3:0,GK,,,,,,,,,90,
2019/20,105470,Alisson,FIFA Club World Cup,Semi-Finals,2019-12-18,Monterrey,Liverpool,1:2,GK,,,,,,,,,90,
2019/20,105470,Alisson,FIFA Club World Cup,Final,2019-12-21,Liverpool,Flamengo,1:0 AET,GK,,,,,,,,,120,
2019/20,105470,Alisson,Premier League,1,2019-08-09,Liverpool,Norwich,4:1,GK,,,,,,,,39,39,
2019/20,105470,Alisson,Premier League,2,2019-08-17,Southampton,Liverpool,1:2,Calf injury,,,,,,,,,,
2019/20,105470,Alisson,Premier League,3,2019-08-24,Liverpool,Arsenal,3:1,Calf injury,,,,,,,,,,
2019/20,105470,Alisson,Premier League,4,2019-08-31,Burnley,Liverpool,0:3,Calf injury,,,,,,,,,,
2019/20,105470,Alisson,Premier League,5,2019-09-14,Liverpool,Newcastle,3:1,Calf injury,,,,,,,,,,
2019/20,105470,Alisson,Premier League,6,2019-09-22,Chelsea,Liverpool,1:2,Calf injury,,,,,,,,,,
2019/20,105470,Alisson,Premier League,7,2019-09-28,Sheff Utd,Liverpool,0:1,Calf injury,,,,,,,,,,
2019/20,105470,Alisson,Premier League,8,2019-10-05,Liverpool,Leicester,2:1,Calf injury,,,,,,,,,,
2019/20,105470,Alisson,Premier League,9,2019-10-20,Man Utd,Liverpool,1:1,GK,,,,,,,,,90,
2019/20,105470,Alisson,Premier League,10,2019-10-27,Liverpool,Tottenham,2:1,GK,,,,,,,,,90,
2019/20,105470,Alisson,Premier League,11,2019-11-02,Aston Villa,Liverpool,1:2,GK,,,,,,,,,90,
2019/20,105470,Alisson,Premier League,12,2019-11-10,Liverpool,Man City,3:1,GK,,,,,,,,,90,
2019/20,105470,Alisson,Premier League,13,2019-11-23,Crystal Palace,Liverpool,1:2,GK,,,,,,,,,90,
2019/20,105470,Alisson,Premier League,14,2019-11-30,Liverpool,Brighton,2:1,GK,,,,,,76,,,76,
2019/20,105470,Alisson,Premier League,15,2019-12-04,Liverpool,Everton,5:2,Red card suspension,,,,,,,,,,
2019/20,105470,Alisson,Premier League,16,2019-12-07,Bournemouth,Liverpool,0:3,GK,,,,,,,,,90,
2019/20,105470,Alisson,Premier League,17,2019-12-14,Liverpool,Watford,2:0,GK,,,,,,,,,90,
2019/20,105470,Alisson,Premier League,19,2019-12-26,Leicester,Liverpool,0:4,GK,,,,,,,,,90,
2019/20,105470,Alisson,Premier League,20,2019-12-29,Liverpool,Wolves,1:0,GK,,,,,,,,,90,
2019/20,105470,Alisson,Premier League,21,2020-01-02,Liverpool,Sheff Utd,2:0,GK,,,,,,,,,90,
2019/20,105470,Alisson,Premier League,22,2020-01-11,Tottenham,Liverpool,0:1,GK,,,,,,,,,90,
2019/20,105470,Alisson,Premier League,23,2020-01-19,Liverpool,Man Utd,2:0,GK,,1,,,,,,,90,
2019/20,105470,Alisson,Premier League,24,2020-01-23,Wolves,Liverpool,1:2,GK,,,,,,,,,90,
2019/20,105470,Alisson,Premier League,18,2020-01-29,West Ham,Liverpool,0:2,GK,,,,,,,,,90,
2019/20,105470,Alisson,Premier League,25,2020-02-01,Liverpool,Southampton,4:0,GK,,,,,,,,,90,
2019/20,105470,Alisson,Premier League,26,2020-02-15,Norwich,Liverpool,0:1,GK,,,,,,,,,90,
2019/20,105470,Alisson,Premier League,27,2020-02-24,Liverpool,West Ham,3:2,GK,,,,,,,,,90,
2019/20,105470,Alisson,Premier League,28,2020-02-29,Watford,Liverpool,3:0,GK,,,,,,,,,90,
2019/20,105470,Alisson,Premier League,29,2020-03-07,Liverpool,Bournemouth,2:1,Hip injury,,,,,,,,,,
2019/20,105470,Alisson,Premier League,30,2020-06-21,Everton,Liverpool,0:0,GK,,,,,,,,,90,
2019/20,105470,Alisson,Premier League,31,2020-06-24,Liverpool,Crystal Palace,4:0,GK,,,,,,,,,90,
2020/21,105470,Alisson,Premier League,32,2020-07-02,Man City,Liverpool,4:0,GK,,,,,,,,,90,
2020/21,105470,Alisson,Premier League,33,2020-07-05,Liverpool,Aston Villa,2:0,GK,,,,,,,,,90,
2020/21,105470,Alisson,Premier League,34,2020-07-08,Brighton,Liverpool,1:3,GK,,,,,,,,,90,
2020/21,105470,Alisson,Premier League,35,2020-07-11,Liverpool,Burnley,1:1,GK,,,,,,,,,90,
2020/21,105470,Alisson,Premier League,36,2020-07-15,Arsenal,Liverpool,2:1,GK,,,,,,,,,90,
2020/21,105470,Alisson,Premier League,37,2020-07-22,Liverpool,Chelsea,5:3,GK,,,,,,,,,90,
2020/21,105470,Alisson,Premier League,38,2020-07-26,Newcastle,Liverpool,1:3,GK,,,,,,,,,90,
2019/20,105470,Alisson,Community Shield,Final,2019-08-04,Liverpool,Man City,5:6 on pens,GK,,,,,,,,,90,
2019/20,105470,Alisson,FA Cup,Third Round,2020-01-05,Liverpool,Everton,1:0,Not in squad,,,,,,,,,,
2019/20,105470,Alisson,FA Cup,Fourth Round,2020-01-26,Shrewsbury,Liverpool,2:2,Not in squad,,,,,,,,,,
2019/20,105470,Alisson,FA Cup,4th round deciders,2020-02-04,Liverpool,Shrewsbury,1:0,Not in squad,,,,,,,,,,
2019/20,105470,Alisson,FA Cup,Fifth Round,2020-03-03,Chelsea,Liverpool,2:0,Hip injury,,,,,,,,,,
2019/20,105470,Alisson,EFL Cup,Third Round,2019-09-25,MK Dons,Liverpool,0:2,Calf injury,,,,,,,,,,
2019/20,105470,Alisson,EFL Cup,Fourth Round,2019-10-30,Liverpool,Arsenal,10:9 on pens,Not in squad,,,,,,,,,,
2019/20,105470,Alisson,EFL Cup,Quarter-Finals,2019-12-17,Aston Villa,Liverpool,5:0,Not in squad,,,,,,,,,,
