﻿season,player_id,player_name,competition,journey,date,home_team,away_team,result,position,goals,assists,own_goals,yellow_cards,second_yellow_cards,red_cards,substitutions_on,substitutions_off,minutes_played,transfermarkt_score
2018/19,108354,Jordan Ayew,International Friendlies,48,2019-06-09,Namibia,Ghana,1:0,,,,,,,,,46,45,
2018/19,108354,Jordan Ayew,Premier League,1,2018-08-11,Fulham,Crystal Palace,0:2,Knock,,,,,,,,,,
2018/19,108354,Jordan Ayew,Premier League,2,2018-08-20,Crystal Palace,Liverpool,0:2,on the bench,,,,,,,,,,
2018/19,108354,Jordan Ayew,Premier League,3,2018-08-26,Watford,Crystal Palace,2:1,on the bench,,,,,,,,,,
2018/19,108354,Jordan Ayew,Premier League,4,2018-09-01,Crystal Palace,Southampton,0:2,CF,,,,,,,,76,76,
2018/19,108354,Jordan Ayew,Premier League,5,2018-09-15,Huddersfield,Crystal Palace,0:1,CF,,1,,,,,,,90,
2018/19,108354,Jordan Ayew,Premier League,6,2018-09-22,Crystal Palace,Newcastle,0:0,CF,,,,,,,,71,71,
2018/19,108354,Jordan Ayew,Premier League,7,2018-10-01,Bournemouth,Crystal Palace,2:1,CF,,,,,,,,82,82,
2018/19,108354,Jordan Ayew,Premier League,8,2018-10-06,Crystal Palace,Wolves,0:1,CF,,,,,,,,72,72,
2018/19,108354,Jordan Ayew,Premier League,9,2018-10-21,Everton,Crystal Palace,2:0,on the bench,,,,,,,,,,
2018/19,108354,Jordan Ayew,Premier League,10,2018-10-28,Crystal Palace,Arsenal,2:2,CF,,,,8,,,,64,64,
2018/19,108354,Jordan Ayew,Premier League,11,2018-11-04,Chelsea,Crystal Palace,3:1,CF,,,,,,,71,,19,
2018/19,108354,Jordan Ayew,Premier League,12,2018-11-10,Crystal Palace,Tottenham,0:1,CF,,,,,,,,,90,
2018/19,108354,Jordan Ayew,Premier League,13,2018-11-24,Man Utd,Crystal Palace,0:0,,,,,,,,90,,1,
2018/19,108354,Jordan Ayew,Premier League,14,2018-12-01,Crystal Palace,Burnley,2:0,on the bench,,,,,,,,,,
2018/19,108354,Jordan Ayew,Premier League,15,2018-12-04,Brighton,Crystal Palace,3:1,on the bench,,,,,,,,,,
2018/19,108354,Jordan Ayew,Premier League,16,2018-12-08,West Ham,Crystal Palace,3:2,CF,,,,,,,66,,24,
2018/19,108354,Jordan Ayew,Premier League,17,2018-12-15,Crystal Palace,Leicester,1:0,CF,,,,,,,,78,78,
2018/19,108354,Jordan Ayew,Premier League,18,2018-12-22,Man City,Crystal Palace,2:3,,,,,,,,88,,2,
2018/19,108354,Jordan Ayew,Premier League,19,2018-12-26,Crystal Palace,Cardiff,0:0,on the bench,,,,,,,,,,
2018/19,108354,Jordan Ayew,Premier League,20,2018-12-30,Crystal Palace,Chelsea,0:1,on the bench,,,,,,,,,,
2018/19,108354,Jordan Ayew,Premier League,21,2019-01-02,Wolves,Crystal Palace,0:2,CF,1,,,,,,,88,88,
2018/19,108354,Jordan Ayew,Premier League,22,2019-01-12,Crystal Palace,Watford,1:2,CF,,,,,,,,83,83,
2018/19,108354,Jordan Ayew,Premier League,23,2019-01-19,Liverpool,Crystal Palace,4:3,CF,,,,42,,,,81,81,
2018/19,108354,Jordan Ayew,Premier League,24,2019-01-30,Southampton,Crystal Palace,1:1,CF,,,,,,,,,90,
2018/19,108354,Jordan Ayew,Premier League,25,2019-02-02,Crystal Palace,Fulham,2:0,CF,,,,6,,,,82,82,
2018/19,108354,Jordan Ayew,Premier League,26,2019-02-09,Crystal Palace,West Ham,1:1,on the bench,,,,,,,,,,
2018/19,108354,Jordan Ayew,Premier League,27,2019-02-23,Leicester,Crystal Palace,1:4,CF,,1,,,,,86,,4,
2018/19,108354,Jordan Ayew,Premier League,28,2019-02-27,Crystal Palace,Man Utd,1:3,on the bench,,,,,,,,,,
2018/19,108354,Jordan Ayew,Premier League,29,2019-03-02,Burnley,Crystal Palace,1:3,on the bench,,,,,,,,,,
2018/19,108354,Jordan Ayew,Premier League,30,2019-03-09,Crystal Palace,Brighton,1:2,on the bench,,,,,,,,,,
2018/19,108354,Jordan Ayew,Premier League,32,2019-03-30,Crystal Palace,Huddersfield,2:0,on the bench,,,,,,,,,,
2018/19,108354,Jordan Ayew,Premier League,31,2019-04-03,Tottenham,Crystal Palace,2:0,on the bench,,,,,,,,,,
2018/19,108354,Jordan Ayew,Premier League,33,2019-04-06,Newcastle,Crystal Palace,0:1,on the bench,,,,,,,,,,
2018/19,108354,Jordan Ayew,Premier League,34,2019-04-14,Crystal Palace,Man City,1:3,on the bench,,,,,,,,,,
2018/19,108354,Jordan Ayew,Premier League,35,2019-04-21,Arsenal,Crystal Palace,2:3,CF,,,,,,,78,,12,
2018/19,108354,Jordan Ayew,Premier League,36,2019-04-27,Crystal Palace,Everton,0:0,on the bench,,,,,,,,,,
2018/19,108354,Jordan Ayew,Premier League,37,2019-05-04,Cardiff,Crystal Palace,2:3,CF,,,,,,,,78,78,
2018/19,108354,Jordan Ayew,Premier League,38,2019-05-12,Crystal Palace,Bournemouth,5:3,Not in squad,,,,,,,,,,
2018/19,108354,Jordan Ayew,Championship,1,2018-08-04,Sheff Utd,Swansea,1:2,Not in squad,,,,,,,,,,
2018/19,108354,Jordan Ayew,FA Cup,Third Round,2019-01-05,Crystal Palace,Grimsby Town,1:0,,1,,,,,,68,,22,
2018/19,108354,Jordan Ayew,FA Cup,Fourth Round,2019-01-27,Crystal Palace,Tottenham,2:0,Centre Forward,,,,,,,88,,2,
2018/19,108354,Jordan Ayew,FA Cup,Fifth Round,2019-02-17,Doncaster,Crystal Palace,0:2,LW,,,,,,,,60,60,
2018/19,108354,Jordan Ayew,FA Cup,Sixth Round,2019-03-16,Watford,Crystal Palace,2:1,on the bench,,,,,,,,,,
2018/19,108354,Jordan Ayew,EFL Cup,Second Round,2018-08-28,Swansea,Crystal Palace,0:1,Not in squad,,,,,,,,,,
2018/19,108354,Jordan Ayew,EFL Cup,Third Round,2018-09-25,West Brom,Crystal Palace,0:3,,,,,,,,85,,5,
2018/19,108354,Jordan Ayew,EFL Cup,Fourth Round,2018-10-31,Middlesbrough,Crystal Palace,1:0,CF,,,,,,,,65,65,
2018/19,108354,Jordan Ayew,Africa Cup of Nations,Group F,2019-06-25,Ghana,Benin,2:2,CF,1,,,,,,,,90,
2018/19,108354,Jordan Ayew,Africa Cup of Nations,Group F,2019-06-29,Cameroon,Ghana,0:0,CF,,,,,,,,,90,
2019/20,108354,Jordan Ayew,Africa Cup of Nations,Group F,2019-07-02,Guinea-Bissau,Ghana,0:2,CF,1,,,,,,,,90,
2019/20,108354,Jordan Ayew,Africa Cup of Nations,Round of 16,2019-07-08,Ghana,Tunisia,5:6 on pens,CF,,,,,,,,,120,
