﻿season,player_id,player_name,competition,journey,date,home_team,away_team,result,position,goals,assists,own_goals,yellow_cards,second_yellow_cards,red_cards,substitutions_on,substitutions_off,minutes_played,transfermarkt_score
2011/12,108725,Chris Wood,UEFA Europa League,Group H,2011-09-15,Birmingham,Braga,1:3,,,,,,,,60,,30,
2011/12,108725,Chris Wood,UEFA Europa League,Group H,2011-09-29,NK Maribor,Birmingham,1:2,on the bench,,,,,,,,,,
2011/12,108725,Chris Wood,UEFA Europa League,Group H,2011-10-20,Club Brugge,Birmingham,1:2,,1,,,,,,73,,17,
2011/12,108725,Chris Wood,UEFA Europa League,Group H,2011-11-03,Birmingham,Club Brugge,2:2,,,,,,,,66,,24,
2011/12,108725,Chris Wood,UEFA Europa League,Group H,2011-11-30,Braga,Birmingham,1:0,CF,,,,,,,76,,14,
2011/12,108725,Chris Wood,UEFA Europa League,Group H,2011-12-15,Birmingham,NK Maribor,1:0,on the bench,,,,,,,,,,
2011/12,108725,Chris Wood,UEFA Europa League Qualifying,Qualifying Round 1st leg,2011-08-18,Nacional,Birmingham,0:0,,,,,,,,,,90,
2011/12,108725,Chris Wood,UEFA Europa League Qualifying,Qualifying Round 2nd leg,2011-08-25,Birmingham,Nacional,3:0,,1,,,,,,,88,88,
2012/13,108725,Chris Wood,Olympic Games,Group C,2012-07-26,Belarus,New Zealand,1:0,,,,,,,,,,90,
2012/13,108725,Chris Wood,Olympic Games,Group C,2012-07-29,Egypt,New Zealand,1:1,,1,,,,,,,,90,
2012/13,108725,Chris Wood,Olympic Games,Group C,2012-08-01,Brazil Olympic,New Zealand,3:0,,,,,,,,,,90,
2011/12,108725,Chris Wood,International Friendlies,1,2012-02-29,New Zealand,Jamaica,2:3,CF,1,,,,,,,,90,
2011/12,108725,Chris Wood,International Friendlies,1,2012-05-24,El Salvador,New Zealand,2:2,CF,,,,,,,65,,25,
2011/12,108725,Chris Wood,International Friendlies,1,2012-05-27,Honduras,New Zealand,0:1,CF,,,,,,,46,,45,
2011/12,108725,Chris Wood,Premier League,20,2012-01-03,Tottenham,West Brom,1:0,Not in squad,,,,,,,,,,
2011/12,108725,Chris Wood,Championship,1,2011-08-06,Derby,Birmingham,2:1,,,,,,,,59,,31,
2011/12,108725,Chris Wood,Championship,2,2011-08-13,Birmingham,Coventry,1:0,,,,,,,,,68,68,
2011/12,108725,Chris Wood,Championship,4,2011-08-21,Middlesbrough,Birmingham,3:1,,,,,,,,72,,18,
2011/12,108725,Chris Wood,Championship,5,2011-08-28,Watford,Birmingham,2:2,,1,,,,,,,,90,
2011/12,108725,Chris Wood,Championship,6,2011-09-11,Birmingham,Millwall,3:0,,3,,,,,,,,90,
2011/12,108725,Chris Wood,Championship,7,2011-09-18,Southampton,Birmingham,4:1,,1,,,,,,,,90,
2011/12,108725,Chris Wood,Championship,8,2011-09-24,Birmingham,Barnsley,1:1,,,,,,,,,65,65,
2011/12,108725,Chris Wood,Championship,10,2011-10-02,Nott'm Forest,Birmingham,1:3,,2,,,,,,59,,31,
2011/12,108725,Chris Wood,Championship,11,2011-10-16,Birmingham,Leicester,2:0,,1,,,,,,,90,90,
2011/12,108725,Chris Wood,Championship,13,2011-10-23,Bristol City,Birmingham,0:2,,,,,,,,,75,75,
2011/12,108725,Chris Wood,Championship,9,2011-10-26,Birmingham,Leeds,1:0,,,,,,,,70,,20,
2011/12,108725,Chris Wood,Championship,14,2011-10-29,Birmingham,Brighton,0:0,,,,,,,,,67,67,
2011/12,108725,Chris Wood,Championship,16,2011-11-06,Reading,Birmingham,1:0,CF,,,,,,,,,90,
2011/12,108725,Chris Wood,Championship,17,2011-11-19,Birmingham,Peterborough,1:1,CF,,,,,,,,71,71,
2011/12,108725,Chris Wood,Championship,3,2011-11-22,Birmingham,Burnley,2:1,,,,,,,,88,,2,
2011/12,108725,Chris Wood,Championship,18,2011-11-26,Blackpool,Birmingham,2:2,,,,,,,,89,,1,
2011/12,108725,Chris Wood,Championship,20,2011-12-04,Cardiff,Birmingham,1:0,,,,,,,,75,,15,
2011/12,108725,Chris Wood,Championship,12,2011-12-07,Hull City,Birmingham,2:1,CF,1,,,,,,,76,76,
2011/12,108725,Chris Wood,Championship,21,2011-12-10,Birmingham,Doncaster,2:1,CF,,,,,,,,73,73,
2011/12,108725,Chris Wood,Championship,22,2011-12-19,Crystal Palace,Birmingham,1:0,,,,,,,,83,,7,
2011/12,108725,Chris Wood,Championship,23,2011-12-26,Birmingham,West Ham,1:1,CF,,,,,,,,56,56,
2011/12,108725,Chris Wood,Championship,24,2011-12-31,Birmingham,Blackpool,3:0,,,1,,,,,82,,8,
2011/12,108725,Chris Wood,Championship,25,2012-01-02,Peterborough,Birmingham,1:1,,,,,,,,70,,20,
2010/11,108725,Chris Wood,Championship,,,,,,,,,,,,,,,,
2011/12,108725,Chris Wood,Championship,26,2012-01-14,Brighton,Bristol City,2:0,CF,,,,,,,,,90,
2011/12,108725,Chris Wood,Championship,27,2012-01-21,Bristol City,Doncaster,2:1,CF,1,,,,,,,76,76,
2011/12,108725,Chris Wood,Championship,28,2012-01-28,Reading,Bristol City,1:0,CF,,,,,,,,,90,
2011/12,108725,Chris Wood,Championship,29,2012-02-04,Bristol City,Leeds,0:3,CF,,,,,,,,71,71,
2011/12,108725,Chris Wood,Championship,30,2012-02-11,Hull City,Bristol City,3:0,CF,,,,,,,,,90,
2011/12,108725,Chris Wood,Championship,31,2012-02-14,Bristol City,Crystal Palace,2:2,CF,,,,,,,,,90,
2011/12,108725,Chris Wood,Championship,32,2012-02-18,Peterborough,Bristol City,3:0,,,,,,,,46,,45,
2011/12,108725,Chris Wood,Championship,33,2012-02-25,Bristol City,Blackpool,1:3,LW,,,,,,,,71,71,
2011/12,108725,Chris Wood,Championship,34,2012-03-03,Ipswich,Bristol City,3:0,,,,,,,,26,,64,
2011/12,108725,Chris Wood,Championship,35,2012-03-06,Bristol City,Leicester,3:2,,,,,,,,81,,9,
2011/12,108725,Chris Wood,Championship,36,2012-03-10,Bristol City,Cardiff,1:2,on the bench,,,,,,,,,,
2011/12,108725,Chris Wood,Championship,37,2012-03-17,Portsmouth,Bristol City,0:0,,,,,,,,62,,28,
2011/12,108725,Chris Wood,Championship,38,2012-03-20,Bristol City,Watford,0:2,,,,,,,,59,,31,
2011/12,108725,Chris Wood,Championship,39,2012-03-24,Middlesbrough,Bristol City,1:1,,,,,,,,90,,1,
2011/12,108725,Chris Wood,Championship,40,2012-03-31,Bristol City,Derby,1:1,on the bench,,,,,,,,,,
2011/12,108725,Chris Wood,Championship,41,2012-04-07,Nott'm Forest,Bristol City,0:1,CF,1,,,,,,,,90,
2011/12,108725,Chris Wood,Championship,42,2012-04-09,Bristol City,Coventry,3:1,,1,,,,,,66,,24,
2011/12,108725,Chris Wood,Championship,43,2012-04-14,Birmingham,Bristol City,2:2,CF,,,,,,,,,90,
2011/12,108725,Chris Wood,Championship,44,2012-04-17,Bristol City,West Ham,1:1,CF,,,,,,,,,90,
2011/12,108725,Chris Wood,Championship,45,2012-04-21,Bristol City,Barnsley,2:0,CF,,1,,,,,,46,45,
2011/12,108725,Chris Wood,Championship,46,2012-04-28,Burnley,Bristol City,1:1,CF,,,,,,,,77,77,
2011/12,108725,Chris Wood,Premier Reserve League,14,2012-01-09,Chelsea Res.,West Brom Res.,2:3,CF,1,,,,,,,,90,
2011/12,108725,Chris Wood,FA Cup,Third Round,2012-01-07,West Brom,Cardiff,4:2,on the bench,,,,,,,,,,
2011/12,108725,Chris Wood,League Cup,Third Round,2011-09-21,Man City,Birmingham,2:0,Not in squad,,,,,,,,,,
2011/12,108725,Chris Wood,World Cup qualification Oceania,Group B,2012-06-02,Fiji,New Zealand,0:1,LW,,,,,,,54,,36,
2011/12,108725,Chris Wood,World Cup qualification Oceania,Group B,2012-06-04,Papua N. Guinea,New Zealand,1:2,LW,1,,,,,,,,90,
2011/12,108725,Chris Wood,World Cup qualification Oceania,Group B,2012-06-06,New Zealand,Solomons,1:1,CF,1,,,,,,,,90,
2011/12,108725,Chris Wood,World Cup qualification Oceania,Semi-Finals,2012-06-08,New Zealand,New Caledonia,0:2,LW,,,,,,,,63,63,
2011/12,108725,Chris Wood,World Cup qualification Oceania,Third Place Play-Off,2012-06-10,Solomons,New Zealand,3:4,CF,3,,,,,,,63,63,
2012/13,108725,Chris Wood,World Cup qualification Oceania,Group 1,2012-09-07,New Caledonia,New Zealand,0:2,LW,1,1,,,,,,90,90,
2012/13,108725,Chris Wood,World Cup qualification Oceania,Group 1,2012-09-11,New Zealand,Solomons,6:1,CF,1,1,,86,,,73,,17,
2012/13,108725,Chris Wood,World Cup qualification Oceania,Group 1,2012-10-12,Tahiti,New Zealand,0:2,Centre Forward,,,,,,,,61,61,
2012/13,108725,Chris Wood,World Cup qualification Oceania,Group 1,2012-10-16,New Zealand,Tahiti,3:0,on the bench,,,,,,,,,,
2012/13,108725,Chris Wood,World Cup qualification Oceania,Group 1,2013-03-22,New Zealand,New Caledonia,2:1,Centre Forward,,,,,,,,,90,
2012/13,108725,Chris Wood,World Cup qualification Oceania,Group 1,2013-03-26,Solomons,New Zealand,0:2,Not in squad,,,,,,,,,,
