﻿season,player_id,player_name,competition,journey,date,home_team,away_team,result,position,goals,assists,own_goals,yellow_cards,second_yellow_cards,red_cards,substitutions_on,substitutions_off,minutes_played,transfermarkt_score
2025/26,1086375,Gustavo Nunes,Premier League Cup,Group E,2025-09-30,Exeter City U21,Brentford U21,1:0,Hamstring injury,,,,,,,,,,
2025/26,1086375,Gustavo Nunes,Premier League Cup,Group E,2025-10-21,Luton U21,Brentford U21,1:6,LM,,1,,,,,,63,63,
2025/26,1086375,Gustavo Nunes,Premier League Cup,Group E,2025-11-24,Brentford U21,Exeter City U21,3:0,Not in squad,,,,,,,,,,
2025/26,1086375,Gustavo Nunes,Premier League Cup,Group E,2025-11-28,West Brom U21,Brentford U21,1:0,LM,,,,,,38,,,38,
