﻿season,player_id,player_name,competition,journey,date,home_team,away_team,result,position,goals,assists,own_goals,yellow_cards,second_yellow_cards,red_cards,substitutions_on,substitutions_off,minutes_played,transfermarkt_score
2023/24,1080903,Spike Brits,International Friendlies,8,2023-09-06,England U17,Portugal U17,2:3,GK,,,,,,,,,90,
2023/24,1080903,Spike Brits,International Friendlies,31,2023-09-09,England U17,Morocco U16,6:7 on pens,on the bench,,,,,,,,,,
2023/24,1080903,Spike Brits,International Friendlies,6,2023-09-12,England U17,Spain U17,4:1,GK,,,,,,,,,90,
2023/24,1080903,Spike Brits,International Friendlies,4,2023-10-11,England U17,Norway U16,3:0,GK,,,,,,,,83,83,
2023/24,1080903,Spike Brits,International Friendlies,11,2023-10-13,England U17,Norway U16,2:2,on the bench,,,,,,,,,,
2023/24,1080903,Spike Brits,UEFA Youth League,Group G,2023-09-19,Man City YL,Red Star YL,5:2,Not in squad,,,,,,,,,,
2023/24,1080903,Spike Brits,UEFA Youth League,Group G,2023-10-04,RB Leipzig YL,Man City YL,1:1,Not in squad,,,,,,,,,,
2023/24,1080903,Spike Brits,UEFA Youth League,Group G,2023-10-25,Young Boys YL,Man City YL,0:4,Not in squad,,,,,,,,,,
2023/24,1080903,Spike Brits,UEFA Youth League,Group G,2023-11-07,Man City YL,Young Boys YL,3:0,Not in squad,,,,,,,,,,
2023/24,1080903,Spike Brits,UEFA Youth League,Group G,2023-11-28,Man City YL,RB Leipzig YL,2:1,Not in squad,,,,,,,,,,
2023/24,1080903,Spike Brits,UEFA Youth League,Group G,2023-12-13,Red Star YL,Man City YL,2:2,Not in squad,,,,,,,,,,
2023/24,1080903,Spike Brits,UEFA Youth League,Round of 16,2024-02-27,Mainz 05 YL,Man City YL,2:1,on the bench,,,,,,,,,,
2023/24,1080903,Spike Brits,EFL Trophy,group A6,2023-08-29,Grimsby Town,Man City U21,4:6 on pens,Not in squad,,,,,,,,,,
2023/24,1080903,Spike Brits,EFL Trophy,group A6,2023-09-26,Barnsley,Man City U21,3:1,Not in squad,,,,,,,,,,
2023/24,1080903,Spike Brits,EFL Trophy,group A6,2023-10-31,Bradford,Man City U21,3:0,Not in squad,,,,,,,,,,
2023/24,1080903,Spike Brits,U18 Premier League,3,2023-08-26,Man City U18,Blackburn U18,6:0,GK,,,,,,,,,90,
2023/24,1080903,Spike Brits,U18 Premier League,4,2023-09-16,Boro U18,Man City U18,0:6,Not in squad,,,,,,,,,,
2023/24,1080903,Spike Brits,U18 Premier League,5,2023-09-23,Man City U18,Leeds U18,5:2,on the bench,,,,,,,,,,
2023/24,1080903,Spike Brits,U18 Premier League,6,2023-09-30,Derby U18,Man City U18,0:3,on the bench,,,,,,,,,,
2023/24,1080903,Spike Brits,U18 Premier League,14,2023-10-07,Everton U18,Man City U18,0:0,GK,,,,,,,,,90,
2023/24,1080903,Spike Brits,U18 Premier League,22,2023-10-28,Man City U18,Nottingham U18,3:4,on the bench,,,,,,,,,,
2023/24,1080903,Spike Brits,U18 Premier League,10,2023-11-11,Man City U18,Wolves U18,3:0,Not in squad,,,,,,,,,,
2023/24,1080903,Spike Brits,U18 Premier League,17,2023-12-02,Man City U18,Liverpool U18,3:0,Not in squad,,,,,,,,,,
2023/24,1080903,Spike Brits,U18 Premier League,12,2023-12-08,Man City U18,Sunderland U18,1:3,on the bench,,,,,,,,,,
2023/24,1080903,Spike Brits,U18 Premier League,25,2024-01-06,Man City U18,Stoke U18,3:1,Not in squad,,,,,,,,,,
2023/24,1080903,Spike Brits,U18 Premier League,2,2024-01-20,Man Utd U18,Man City U18,1:0,Not in squad,,,,,,,,,,
2023/24,1080903,Spike Brits,U18 Premier League,15,2024-01-27,Man City U18,Derby U18,5:1,Not in squad,,,,,,,,,,
2023/24,1080903,Spike Brits,U18 Premier League,16,2024-02-10,Newcastle U18,Man City U18,1:2,GK,,,,,,,,,90,
2023/24,1080903,Spike Brits,U18 Premier League,11,2024-02-17,Liverpool U18,Man City U18,1:2,GK,,,,,,,,,90,
2023/24,1080903,Spike Brits,U18 Premier League,9,2024-02-21,Man City U18,Newcastle U18,4:2,GK,,,,,,,,,90,
2023/24,1080903,Spike Brits,U18 Premier League,19,2024-03-09,Man City U18,Man Utd U18,4:1,GK,,,,,,,,,90,
2023/24,1080903,Spike Brits,U18 Premier League,20,2024-03-16,Sunderland U18,Man City U18,1:3,on the bench,,,,,,,,,,
2023/24,1080903,Spike Brits,U18 Premier League,21,2024-04-06,Wolves U18,Man City U18,2:1,Not in squad,,,,,,,,,,
2023/24,1080903,Spike Brits,U18 Premier League,8,2024-04-13,Nottingham U18,Man City U18,1:4,GK,,,,,,,,,90,
2023/24,1080903,Spike Brits,U18 Premier League,23,2024-04-20,Man City U18,Boro U18,2:1,Not in squad,,,,,,,,,,
2023/24,1080903,Spike Brits,U18 Premier League,24,2024-04-27,Leeds U18,Man City U18,1:4,Not in squad,,,,,,,,,,
2023/24,1080903,Spike Brits,U18 Premier League,7,2024-04-30,Man City U18,Everton U18,1:1,Not in squad,,,,,,,,,,
2023/24,1080903,Spike Brits,U18 Premier League,13,2024-05-04,Stoke U18,Man City U18,1:3,GK,,,,,,,,,90,
2023/24,1080903,Spike Brits,U18 Premier League,26,2024-05-14,Blackburn U18,Man City U18,2:3,Not in squad,,,,,,,,,,
2023/24,1080903,Spike Brits,Premier League 2,1,2023-08-12,Man City U21,Tottenham U21,0:5,Not in squad,,,,,,,,,,
2023/24,1080903,Spike Brits,Premier League 2,2,2023-08-18,Fulham U21,Man City U21,2:1,Not in squad,,,,,,,,,,
2023/24,1080903,Spike Brits,Premier League 2,3,2023-08-25,Man City U21,Aston Villa U21,4:4,Not in squad,,,,,,,,,,
2023/24,1080903,Spike Brits,Premier League 2,4,2023-09-02,Newcastle U21,Man City U21,0:4,Not in squad,,,,,,,,,,
2023/24,1080903,Spike Brits,Premier League 2,5,2023-09-22,Man City U21,Chelsea U21,1:2,Not in squad,,,,,,,,,,
2023/24,1080903,Spike Brits,Premier League 2,6,2023-09-30,Man City U21,West Ham U21,2:2,Not in squad,,,,,,,,,,
2023/24,1080903,Spike Brits,Premier League 2,7,2023-10-28,Derby U21,Man City U21,4:2,Not in squad,,,,,,,,,,
2023/24,1080903,Spike Brits,Premier League 2,8,2023-11-03,Arsenal U21,Man City U21,3:3,Not in squad,,,,,,,,,,
2023/24,1080903,Spike Brits,Premier League 2,9,2023-12-02,Man City U21,Palace U21,0:3,Not in squad,,,,,,,,,,
2023/24,1080903,Spike Brits,Premier League 2,10,2023-12-17,Man City U21,Norwich U21,0:6,Not in squad,,,,,,,,,,
2023/24,1080903,Spike Brits,Premier League 2,11,2024-01-15,Stoke U21,Man City U21,5:1,Not in squad,,,,,,,,,,
2023/24,1080903,Spike Brits,Premier League 2,12,2024-01-29,Everton U21,Man City U21,1:1,Not in squad,,,,,,,,,,
2023/24,1080903,Spike Brits,Premier League 2,13,2024-02-11,Man City U21,Wolves U21,3:3,Not in squad,,,,,,,,,,
2023/24,1080903,Spike Brits,Premier League 2,14,2024-02-19,Man Utd U21,Man City U21,2:1,Not in squad,,,,,,,,,,
2023/24,1080903,Spike Brits,Premier League 2,15,2024-03-04,Man City U21,Nottingham U21,2:0,Not in squad,,,,,,,,,,
2023/24,1080903,Spike Brits,Premier League 2,16,2024-03-11,Man City U21,Sunderland U21,2:2,Not in squad,,,,,,,,,,
2023/24,1080903,Spike Brits,Premier League 2,17,2024-03-17,Liverpool U21,Man City U21,2:0,Not in squad,,,,,,,,,,
2023/24,1080903,Spike Brits,Premier League 2,18,2024-04-08,Leicester U21,Man City U21,1:3,on the bench,,,,,,,,,,
2023/24,1080903,Spike Brits,Premier League 2,19,2024-04-12,Man City U21,West Brom U21,2:0,Not in squad,,,,,,,,,,
2023/24,1080903,Spike Brits,Premier League 2,20,2024-04-26,Reading U21,Man City U21,3:0,on the bench,,,,,,,,,,
2023/24,1080903,Spike Brits,2024 UEFA Under-17 Euro,Group D,2024-05-21,France U17,England U17,0:4,GK,,,,,,,,,90,
2023/24,1080903,Spike Brits,2024 UEFA Under-17 Euro,Group D,2024-05-24,Portugal U17,England U17,4:1,GK,,,,,,,,,90,
2023/24,1080903,Spike Brits,2024 UEFA Under-17 Euro,Group D,2024-05-27,England U17,Spain U17,3:1,on the bench,,,,,,,,,,
2023/24,1080903,Spike Brits,2024 UEFA Under-17 Euro,Quarter-Finals,2024-05-30,Italy U17,England U17,6:5 on pens,on the bench,,,,,,,,,,
2023/24,1080903,Spike Brits,UEFA European Under-17 Championship qualification,group 9,2023-11-03,England U17,Faroe U17,8:0,GK,,,,,,,,,90,
2023/24,1080903,Spike Brits,UEFA European Under-17 Championship qualification,group 9,2023-11-06,England U17,Kosovo U17,5:0,GK,,,,,,,,,90,
2023/24,1080903,Spike Brits,UEFA European Under-17 Championship qualification,group 9,2023-11-09,Croatia U17,England U17,1:5,GK,,,,,,,,,90,
2023/24,1080903,Spike Brits,UEFA European Under-17 Championship qualification,group B1,2024-03-20,England U17,N. Ireland U17,5:1,GK,,,,,,,,,90,
2023/24,1080903,Spike Brits,UEFA European Under-17 Championship qualification,group B1,2024-03-23,England U17,Hungary U17,5:0,GK,,,,,,,,,90,
2023/24,1080903,Spike Brits,UEFA European Under-17 Championship qualification,group B1,2024-03-26,France U17,England U17,2:1,on the bench,,,,,,,,,,
2023/24,1080903,Spike Brits,FA Youth Cup,Third Round,2023-12-19,Watford U18,Man City U18,0:2,Not in squad,,,,,,,,,,
2023/24,1080903,Spike Brits,FA Youth Cup,Fourth Round,2024-01-12,West Ham U18,Man City U18,0:2 AET,Not in squad,,,,,,,,,,
2023/24,1080903,Spike Brits,FA Youth Cup,Fifth Round,2024-02-14,Man City U18,Reading U18,2:1,on the bench,,,,,,,,,,
2023/24,1080903,Spike Brits,FA Youth Cup,Quarter-Finals,2024-02-24,Man City U18,Spurs U18,2:1,on the bench,,,,,,,,,,
2023/24,1080903,Spike Brits,FA Youth Cup,Semi-Finals,2024-04-02,Man City U18,Bristol U18,1:0,on the bench,,,,,,,,,,
2023/24,1080903,Spike Brits,FA Youth Cup,Final,2024-05-10,Man City U18,Leeds U18,4:0,Not in squad,,,,,,,,,,
