﻿season,player_id,player_name,competition,journey,date,home_team,away_team,result,position,goals,assists,own_goals,yellow_cards,second_yellow_cards,red_cards,substitutions_on,substitutions_off,minutes_played,transfermarkt_score
2023/24,1004708,Josh Acheampong,International Friendlies,6,2023-09-06,France U18,England U18,2:0,Not in squad,,,,,,,,,,
2023/24,1004708,Josh Acheampong,International Friendlies,22,2023-09-08,England U18,Japan U17,0:4,Not in squad,,,,,,,,,,
2023/24,1004708,Josh Acheampong,International Friendlies,6,2023-09-10,Portugal U18,England U18,2:1,Not in squad,,,,,,,,,,
2023/24,1004708,Josh Acheampong,International Friendlies,10,2023-10-11,England U18,Belgium U18,1:1,RB,,,,48,,,,74,74,
2023/24,1004708,Josh Acheampong,International Friendlies,11,2023-10-14,England U18,Morocco U17,1:0,on the bench,,,,,,,,,,
2023/24,1004708,Josh Acheampong,International Friendlies,24,2023-10-17,England U18,South Korea U17,1:1,RB,,,,,,,,,90,
2023/24,1004708,Josh Acheampong,International Friendlies,17,2024-03-20,Czechia U18,England U18,1:2,CB,,,,,,,,61,61,
2023/24,1004708,Josh Acheampong,International Friendlies,4,2024-03-22,England U18,Germany U18,0:0,on the bench,,,,,,,,,,
2023/24,1004708,Josh Acheampong,International Friendlies,21,2024-03-25,England U18,Netherlands U18,2:1,CB,,,,87,,,,,90,
2023/24,1004708,Josh Acheampong,International Friendlies,8,2024-05-22,England U18,N. Ireland U18,4:2,Not in squad,,,,,,,,,,
2023/24,1004708,Josh Acheampong,International Friendlies,9,2024-05-26,England U18,Morocco U18,2:1,Not in squad,,,,,,,,,,
2023/24,1004708,Josh Acheampong,Premier League,1,2023-08-13,Chelsea,Liverpool,1:1,Not in squad,,,,,,,,,,
2023/24,1004708,Josh Acheampong,Premier League,2,2023-08-20,West Ham,Chelsea,3:1,Not in squad,,,,,,,,,,
2023/24,1004708,Josh Acheampong,Premier League,3,2023-08-25,Chelsea,Luton,3:0,Not in squad,,,,,,,,,,
2023/24,1004708,Josh Acheampong,Premier League,4,2023-09-02,Chelsea,Nott'm Forest,0:1,Not in squad,,,,,,,,,,
2023/24,1004708,Josh Acheampong,Premier League,5,2023-09-17,Bournemouth,Chelsea,0:0,Not in squad,,,,,,,,,,
2023/24,1004708,Josh Acheampong,Premier League,6,2023-09-24,Chelsea,Aston Villa,0:1,Not in squad,,,,,,,,,,
2023/24,1004708,Josh Acheampong,Premier League,7,2023-10-02,Fulham,Chelsea,0:2,Not in squad,,,,,,,,,,
2023/24,1004708,Josh Acheampong,Premier League,8,2023-10-07,Burnley,Chelsea,1:4,Not in squad,,,,,,,,,,
2023/24,1004708,Josh Acheampong,Premier League,9,2023-10-21,Chelsea,Arsenal,2:2,Not in squad,,,,,,,,,,
2023/24,1004708,Josh Acheampong,Premier League,10,2023-10-28,Chelsea,Brentford,0:2,Not in squad,,,,,,,,,,
2023/24,1004708,Josh Acheampong,Premier League,11,2023-11-06,Tottenham,Chelsea,1:4,Not in squad,,,,,,,,,,
2023/24,1004708,Josh Acheampong,Premier League,12,2023-11-12,Chelsea,Man City,4:4,Not in squad,,,,,,,,,,
2023/24,1004708,Josh Acheampong,Premier League,13,2023-11-25,Newcastle,Chelsea,4:1,Not in squad,,,,,,,,,,
2023/24,1004708,Josh Acheampong,Premier League,14,2023-12-03,Chelsea,Brighton,3:2,Not in squad,,,,,,,,,,
2023/24,1004708,Josh Acheampong,Premier League,15,2023-12-06,Man Utd,Chelsea,2:1,Not in squad,,,,,,,,,,
2023/24,1004708,Josh Acheampong,Premier League,16,2023-12-10,Everton,Chelsea,2:0,Not in squad,,,,,,,,,,
2023/24,1004708,Josh Acheampong,Premier League,17,2023-12-16,Chelsea,Sheff Utd,2:0,Not in squad,,,,,,,,,,
2023/24,1004708,Josh Acheampong,Premier League,18,2023-12-24,Wolves,Chelsea,2:1,Not in squad,,,,,,,,,,
2023/24,1004708,Josh Acheampong,Premier League,19,2023-12-27,Chelsea,Crystal Palace,2:1,Not in squad,,,,,,,,,,
2023/24,1004708,Josh Acheampong,Premier League,20,2023-12-30,Luton,Chelsea,2:3,Not in squad,,,,,,,,,,
2023/24,1004708,Josh Acheampong,Premier League,21,2024-01-13,Chelsea,Fulham,1:0,Not in squad,,,,,,,,,,
2023/24,1004708,Josh Acheampong,Premier League,22,2024-01-31,Liverpool,Chelsea,4:1,Not in squad,,,,,,,,,,
2023/24,1004708,Josh Acheampong,Premier League,23,2024-02-04,Chelsea,Wolves,2:4,Not in squad,,,,,,,,,,
2023/24,1004708,Josh Acheampong,Premier League,24,2024-02-12,Crystal Palace,Chelsea,1:3,Not in squad,,,,,,,,,,
2023/24,1004708,Josh Acheampong,Premier League,25,2024-02-17,Man City,Chelsea,1:1,Not in squad,,,,,,,,,,
2023/24,1004708,Josh Acheampong,Premier League,27,2024-03-02,Brentford,Chelsea,2:2,Not in squad,,,,,,,,,,
2023/24,1004708,Josh Acheampong,Premier League,28,2024-03-11,Chelsea,Newcastle,3:2,on the bench,,,,,,,,,,
2023/24,1004708,Josh Acheampong,Premier League,30,2024-03-30,Chelsea,Burnley,2:2,on the bench,,,,,,,,,,
2023/24,1004708,Josh Acheampong,Premier League,31,2024-04-04,Chelsea,Man Utd,4:3,Not in squad,,,,,,,,,,
2023/24,1004708,Josh Acheampong,Premier League,32,2024-04-07,Sheff Utd,Chelsea,2:2,Not in squad,,,,,,,,,,
2023/24,1004708,Josh Acheampong,Premier League,33,2024-04-15,Chelsea,Everton,6:0,Not in squad,,,,,,,,,,
2023/24,1004708,Josh Acheampong,Premier League,29,2024-04-23,Arsenal,Chelsea,5:0,Not in squad,,,,,,,,,,
2023/24,1004708,Josh Acheampong,Premier League,35,2024-04-27,Aston Villa,Chelsea,2:2,on the bench,,,,,,,,,,
2023/24,1004708,Josh Acheampong,Premier League,26,2024-05-02,Chelsea,Tottenham,2:0,,,,,,,,85,,5,
2023/24,1004708,Josh Acheampong,Premier League,36,2024-05-05,Chelsea,West Ham,5:0,Not in squad,,,,,,,,,,
2023/24,1004708,Josh Acheampong,Premier League,37,2024-05-11,Nott'm Forest,Chelsea,2:3,Not in squad,,,,,,,,,,
2023/24,1004708,Josh Acheampong,Premier League,34,2024-05-15,Brighton,Chelsea,1:2,Not in squad,,,,,,,,,,
2023/24,1004708,Josh Acheampong,Premier League,38,2024-05-19,Chelsea,Bournemouth,2:1,Not in squad,,,,,,,,,,
2023/24,1004708,Josh Acheampong,EFL Trophy,group B6,2023-08-29,MK Dons,Chelsea U21,4:1,Not in squad,,,,,,,,,,
2023/24,1004708,Josh Acheampong,EFL Trophy,group B6,2023-09-26,Northampton,Chelsea U21,5:6 on pens,Not in squad,,,,,,,,,,
2023/24,1004708,Josh Acheampong,EFL Trophy,group B6,2023-11-07,Oxford United,Chelsea U21,5:0,Not in squad,,,,,,,,,,
2023/24,1004708,Josh Acheampong,FA Cup,Third Round,2024-01-06,Chelsea,Preston,4:0,Not in squad,,,,,,,,,,
2023/24,1004708,Josh Acheampong,FA Cup,Fourth Round,2024-01-26,Chelsea,Aston Villa,0:0,Not in squad,,,,,,,,,,
2023/24,1004708,Josh Acheampong,FA Cup,4th round deciders,2024-02-07,Aston Villa,Chelsea,1:3,Not in squad,,,,,,,,,,
2023/24,1004708,Josh Acheampong,FA Cup,Fifth Round,2024-02-28,Chelsea,Leeds,3:2,Not in squad,,,,,,,,,,
2023/24,1004708,Josh Acheampong,FA Cup,Quarter-Finals,2024-03-17,Chelsea,Leicester,4:2,on the bench,,,,,,,,,,
2023/24,1004708,Josh Acheampong,FA Cup,Semi-Finals,2024-04-20,Man City,Chelsea,1:0,Not in squad,,,,,,,,,,
2023/24,1004708,Josh Acheampong,EFL Cup,Second Round,2023-08-30,Chelsea,AFC Wimbledon,2:1,Not in squad,,,,,,,,,,
2023/24,1004708,Josh Acheampong,EFL Cup,Third Round,2023-09-27,Chelsea,Brighton,1:0,Not in squad,,,,,,,,,,
2023/24,1004708,Josh Acheampong,EFL Cup,Fourth Round,2023-11-01,Chelsea,Blackburn,2:0,Not in squad,,,,,,,,,,
2023/24,1004708,Josh Acheampong,EFL Cup,Quarter-Finals,2023-12-19,Chelsea,Newcastle,5:3 on pens,Not in squad,,,,,,,,,,
2023/24,1004708,Josh Acheampong,EFL Cup,Semi-Finals 1st Leg,2024-01-09,Middlesbrough,Chelsea,1:0,Not in squad,,,,,,,,,,
2023/24,1004708,Josh Acheampong,EFL Cup,Semi-Finals 2nd Leg,2024-01-23,Chelsea,Middlesbrough,6:1,Not in squad,,,,,,,,,,
2023/24,1004708,Josh Acheampong,EFL Cup,Final,2024-02-25,Chelsea,Liverpool,0:1 AET,Not in squad,,,,,,,,,,
2023/24,1004708,Josh Acheampong,U18 Premier League - Final Stage,Final,2024-05-14,Chelsea U18,Man Utd U18,1:2,RB,1,,,,,,,,90,
2023/24,1004708,Josh Acheampong,Premier League 2 Playoffs,Round of 16,2024-05-03,Chelsea U21,Brighton U21,5:4 AET,Not in squad,,,,,,,,,,
2023/24,1004708,Josh Acheampong,Premier League 2 Playoffs,Quarter-Finals,2024-05-11,Arsenal U21,Chelsea U21,2:3,Not in squad,,,,,,,,,,
2023/24,1004708,Josh Acheampong,Premier League 2 Playoffs,Semi-Finals,2024-05-19,Tottenham U21,Chelsea U21,2:1,RM,,,,,,,,67,67,
2023/24,1004708,Josh Acheampong,U18 Premier League,2,2023-08-19,Chelsea U18,Palace U18,2:1,Not in squad,,,,,,,,,,
2023/24,1004708,Josh Acheampong,U18 Premier League,3,2023-08-26,Aston Villa U18,Chelsea U18,1:5,Not in squad,,,,,,,,,,
2023/24,1004708,Josh Acheampong,U18 Premier League,4,2023-09-16,Chelsea U18,Fulham U18,1:3,RB,,,,,,,,89,89,
2023/24,1004708,Josh Acheampong,U18 Premier League,5,2023-09-23,Norwich U18,Chelsea U18,3:6,RB,,,,,,,,,90,
2023/24,1004708,Josh Acheampong,U18 Premier League,6,2023-09-30,Chelsea U18,Arsenal U18,3:2,RB,,1,,,,,,,90,
2023/24,1004708,Josh Acheampong,U18 Premier League,7,2023-10-07,Brighton U18,Chelsea U18,0:2,RB,,,,,,,,,90,
2023/24,1004708,Josh Acheampong,U18 Premier League,8,2023-10-28,Chelsea U18,Spurs U18,3:4,RB,,,,36,,,,90,90,
2023/24,1004708,Josh Acheampong,U18 Premier League,12,2023-12-16,Chelsea U18,West Brom U18,9:1,Not in squad,,,,,,,,,,
2023/24,1004708,Josh Acheampong,U18 Premier League,10,2023-12-19,Chelsea U18,Southampton U18,3:2,Not in squad,,,,,,,,,,
2023/24,1004708,Josh Acheampong,U18 Premier League,13,2024-01-06,Leicester U18,Chelsea U18,2:2,Not in squad,,,,,,,,,,
2023/24,1004708,Josh Acheampong,U18 Premier League,9,2024-02-13,West Ham U18,Chelsea U18,2:3,RB,,,,,,,,,90,
2023/24,1004708,Josh Acheampong,U18 Premier League,17,2024-02-17,Spurs U18,Chelsea U18,1:4,RB,1,1,,,,,,69,69,
2023/24,1004708,Josh Acheampong,U18 Premier League,18,2024-02-24,Chelsea U18,Aston Villa U18,2:0,Not in squad,,,,,,,,,,
2023/24,1004708,Josh Acheampong,U18 Premier League,19,2024-03-09,Palace U18,Chelsea U18,0:1,Not in squad,,,,,,,,,,
2023/24,1004708,Josh Acheampong,U18 Premier League,16,2024-03-13,Chelsea U18,Brighton U18,3:0,CB,,1,,,,,,,90,
2023/24,1004708,Josh Acheampong,U18 Premier League,20,2024-03-16,Chelsea U18,Reading U18,2:0,Not in squad,,,,,,,,,,
2023/24,1004708,Josh Acheampong,U18 Premier League,21,2024-04-06,Chelsea U18,West Ham U18,4:3,Not in squad,,,,,,,,,,
2023/24,1004708,Josh Acheampong,U18 Premier League,22,2024-04-13,West Brom U18,Chelsea U18,2:2,Not in squad,,,,,,,,,,
2023/24,1004708,Josh Acheampong,U18 Premier League,11,2024-04-17,Reading U18,Chelsea U18,1:4,Not in squad,,,,,,,,,,
2023/24,1004708,Josh Acheampong,U18 Premier League,23,2024-04-20,Fulham U18,Chelsea U18,3:3,Not in squad,,,,,,,,,,
2023/24,1004708,Josh Acheampong,U18 Premier League,24,2024-04-27,Chelsea U18,Leicester U18,3:2,Not in squad,,,,,,,,,,
2023/24,1004708,Josh Acheampong,U18 Premier League,25,2024-05-04,Chelsea U18,Norwich U18,1:2,Not in squad,,,,,,,,,,
2023/24,1004708,Josh Acheampong,U18 Premier League,15,2024-05-07,Southampton U18,Chelsea U18,1:2,RB,,,,,,,,,90,
2023/24,1004708,Josh Acheampong,U18 Premier League,26,2024-05-11,Arsenal U18,Chelsea U18,5:2,Not in squad,,,,,,,,,,
2023/24,1004708,Josh Acheampong,Premier League 2,1,2023-08-11,Chelsea U21,Blackburn U21,6:1,Not in squad,,,,,,,,,,
2023/24,1004708,Josh Acheampong,Premier League 2,2,2023-08-18,Chelsea U21,Brighton U21,2:3,,,,,,,,74,,16,
2023/24,1004708,Josh Acheampong,Premier League 2,3,2023-08-25,Norwich U21,Chelsea U21,3:2,Not in squad,,,,,,,,,,
2023/24,1004708,Josh Acheampong,Premier League 2,4,2023-09-01,Chelsea U21,West Brom U21,3:0,Not in squad,,,,,,,,,,
2023/24,1004708,Josh Acheampong,Premier League 2,5,2023-09-22,Man City U21,Chelsea U21,1:2,Not in squad,,,,,,,,,,
2023/24,1004708,Josh Acheampong,Premier League 2,6,2023-10-02,Tottenham U21,Chelsea U21,4:2,Not in squad,,,,,,,,,,
2023/24,1004708,Josh Acheampong,Premier League 2,7,2023-10-27,Chelsea U21,Leicester U21,1:1,Not in squad,,,,,,,,,,
2023/24,1004708,Josh Acheampong,Premier League 2,8,2023-11-03,Chelsea U21,Fulham U21,2:2,Not in squad,,,,,,,,,,
2023/24,1004708,Josh Acheampong,Premier League 2,10,2023-12-17,Liverpool U21,Chelsea U21,2:1,Not in squad,,,,,,,,,,
2023/24,1004708,Josh Acheampong,Premier League 2,11,2024-01-12,Chelsea U21,Man Utd U21,3:2,Not in squad,,,,,,,,,,
2023/24,1004708,Josh Acheampong,Premier League 2,12,2024-01-27,Chelsea U21,Reading U21,3:2,Not in squad,,,,,,,,,,
2023/24,1004708,Josh Acheampong,Premier League 2,13,2024-02-09,West Ham U21,Chelsea U21,0:2,Not in squad,,,,,,,,,,
2023/24,1004708,Josh Acheampong,Premier League 2,14,2024-02-19,Leeds U21,Chelsea U21,0:2,Not in squad,,,,,,,,,,
2023/24,1004708,Josh Acheampong,Premier League 2,9,2024-02-23,Boro U21,Chelsea U21,1:3,Not in squad,,,,,,,,,,
2023/24,1004708,Josh Acheampong,Premier League 2,15,2024-03-01,Chelsea U21,Arsenal U21,2:4,Not in squad,,,,,,,,,,
2023/24,1004708,Josh Acheampong,Premier League 2,16,2024-03-08,Newcastle U21,Chelsea U21,1:7,Not in squad,,,,,,,,,,
2023/24,1004708,Josh Acheampong,Premier League 2,17,2024-03-15,Chelsea U21,Nottingham U21,2:3,Not in squad,,,,,,,,,,
2023/24,1004708,Josh Acheampong,Premier League 2,18,2024-04-08,Aston Villa U21,Chelsea U21,0:4,RM,,,,,,,,81,81,
2023/24,1004708,Josh Acheampong,Premier League 2,19,2024-04-12,Palace U21,Chelsea U21,2:2,,,,,,,,62,,28,
2023/24,1004708,Josh Acheampong,Premier League 2,20,2024-04-26,Chelsea U21,Southampton U21,2:0,Not in squad,,,,,,,,,,
2023/24,1004708,Josh Acheampong,Premier League International Cup U21,Group B,2023-09-16,Chelsea U21,Olymp. Lyon B,1:3,Information not yet available,,,,,,,,,,
2023/24,1004708,Josh Acheampong,Premier League International Cup U21,Group B,2023-10-31,Chelsea U21,Din. Zagreb II,4:1,Information not yet available,,,,,,,,,,
2023/24,1004708,Josh Acheampong,Premier League International Cup U21,Group B,2023-12-20,Chelsea U21,Celtic B,3:1,Information not yet available,,,,,,,,,,
2023/24,1004708,Josh Acheampong,Premier League International Cup U21,Group B,2024-01-09,Chelsea U21,Valencia B,1:1,Information not yet available,,,,,,,,,,
2023/24,1004708,Josh Acheampong,Premier League International Cup U21,Quarter-Finals,2024-02-15,Chelsea U21,PSV U21,1:2,Information not yet available,,,,,,,,,,
2023/24,1004708,Josh Acheampong,Premier League Cup,Group D,2023-09-19,Chelsea U21,Luton U21,4:1,Information not yet available,,,,,,,,,,
2023/24,1004708,Josh Acheampong,Premier League Cup,Group D,2023-10-06,Colchester U21,Chelsea U21,2:5,Information not yet available,,,,,,,,,,
2023/24,1004708,Josh Acheampong,Premier League Cup,Group D,2023-11-12,Leeds U21,Chelsea U21,1:2,Information not yet available,,,,,,,,,,
2023/24,1004708,Josh Acheampong,Premier League Cup,Group D,2023-12-12,Luton U21,Chelsea U21,1:2,Information not yet available,,,,,,,,,,
2023/24,1004708,Josh Acheampong,Premier League Cup,Group D,2024-01-22,Chelsea U21,Colchester U21,4:1,Information not yet available,,,,,,,,,,
2023/24,1004708,Josh Acheampong,Premier League Cup,Group D,2024-02-02,Chelsea U21,Leeds U21,3:3,Information not yet available,,,,,,,,,,
2023/24,1004708,Josh Acheampong,Premier League Cup,Round of 16,2024-02-26,Chelsea U21,Norwich U21,3:2,Information not yet available,,,,,,,,,,
2023/24,1004708,Josh Acheampong,Premier League Cup,Quarter-Finals,2024-03-30,Leeds U21,Chelsea U21,2:3,Information not yet available,,,,,,,,,,
2023/24,1004708,Josh Acheampong,Premier League Cup,Semi-Finals,2024-04-19,Chelsea U21,Fulham U21,0:4,Information not yet available,,,,,,,,,,
2023/24,1004708,Josh Acheampong,FA Youth Cup,Third Round,2023-12-08,Leicester U18,Chelsea U18,1:3,RB,,,,,,,,,90,
2023/24,1004708,Josh Acheampong,FA Youth Cup,Fourth Round,2024-01-21,Everton U18,Chelsea U18,0:2,,,,,,,,,,90,
2023/24,1004708,Josh Acheampong,FA Youth Cup,Fifth Round,2024-02-08,Palace U18,Chelsea U18,1:2,CB,,,,,,,,,90,
2023/24,1004708,Josh Acheampong,FA Youth Cup,Quarter-Finals,2024-02-21,Millwall U18,Chelsea U18,5:3 on pens,RB,,,,,,,,,120,
