﻿season,player_id,player_name,competition,journey,date,home_team,away_team,result,position,goals,assists,own_goals,yellow_cards,second_yellow_cards,red_cards,substitutions_on,substitutions_off,minutes_played,transfermarkt_score
2025/26,1108049,Amara Nallo,UEFA Champions League,Group Stage,2025-09-17,Liverpool,Atlético,3:2,Not in squad,,,,,,,,,,
2025/26,1108049,Amara Nallo,UEFA Champions League,Group Stage,2025-09-30,Galatasaray,Liverpool,1:0,Not in squad,,,,,,,,,,
2025/26,1108049,Amara Nallo,UEFA Champions League,Group Stage,2025-10-22,Frankfurt,Liverpool,1:5,Not in squad,,,,,,,,,,
2025/26,1108049,Amara Nallo,UEFA Champions League,Group Stage,2025-11-04,Liverpool,Real Madrid,1:0,Not in squad,,,,,,,,,,
2025/26,1108049,Amara Nallo,UEFA Champions League,Group Stage,2025-11-26,Liverpool,PSV,1:4,Not in squad,,,,,,,,,,
2025/26,1108049,Amara Nallo,International Friendlies,2,2025-09-05,England U20,Italy U20,1:2,Not in squad,,,,,,,,,,
2025/26,1108049,Amara Nallo,International Friendlies,5,2025-11-14,England U20,Japan U22,1:1,,,,,,,,78,,12,
2025/26,1108049,Amara Nallo,Premier League,1,2025-08-15,Liverpool,Bournemouth,4:2,Not in squad,,,,,,,,,,
2025/26,1108049,Amara Nallo,Premier League,2,2025-08-25,Newcastle,Liverpool,2:3,Not in squad,,,,,,,,,,
2025/26,1108049,Amara Nallo,Premier League,3,2025-08-31,Liverpool,Arsenal,1:0,Not in squad,,,,,,,,,,
2025/26,1108049,Amara Nallo,Premier League,4,2025-09-14,Burnley,Liverpool,0:1,Not in squad,,,,,,,,,,
2025/26,1108049,Amara Nallo,Premier League,5,2025-09-20,Liverpool,Everton,2:1,Not in squad,,,,,,,,,,
2025/26,1108049,Amara Nallo,Premier League,6,2025-09-27,Crystal Palace,Liverpool,2:1,Not in squad,,,,,,,,,,
2025/26,1108049,Amara Nallo,Premier League,7,2025-10-04,Chelsea,Liverpool,2:1,Not in squad,,,,,,,,,,
2025/26,1108049,Amara Nallo,Premier League,8,2025-10-19,Liverpool,Man Utd,1:2,Not in squad,,,,,,,,,,
2025/26,1108049,Amara Nallo,Premier League,9,2025-10-25,Brentford,Liverpool,3:2,Not in squad,,,,,,,,,,
2025/26,1108049,Amara Nallo,Premier League,10,2025-11-01,Liverpool,Aston Villa,2:0,Not in squad,,,,,,,,,,
2025/26,1108049,Amara Nallo,Premier League,11,2025-11-09,Man City,Liverpool,3:0,Not in squad,,,,,,,,,,
2025/26,1108049,Amara Nallo,Premier League,12,2025-11-22,Liverpool,Nott'm Forest,0:3,Not in squad,,,,,,,,,,
2025/26,1108049,Amara Nallo,Premier League,13,2025-11-30,West Ham,Liverpool,0:2,Not in squad,,,,,,,,,,
2025/26,1108049,Amara Nallo,Premier League,14,2025-12-03,Liverpool,Sunderland,1:1,Not in squad,,,,,,,,,,
2025/26,1108049,Amara Nallo,Community Shield,Final,2025-08-10,Crystal Palace,Liverpool,5:4 on pens,Not in squad,,,,,,,,,,
2025/26,1108049,Amara Nallo,EFL Trophy,group A8,2025-09-02,Burton Albion,Liverpool U21,2:0,Not in squad,,,,,,,,,,
2025/26,1108049,Amara Nallo,EFL Trophy,group A8,2025-10-14,Crewe Alexandra,Liverpool U21,2:0,,,,,,,,63,,27,
2025/26,1108049,Amara Nallo,EFL Trophy,group A8,2025-11-11,Chesterfield,Liverpool U21,12:13 on pens,Not in squad,,,,,,,,,,
2025/26,1108049,Amara Nallo,EFL Cup,Third Round,2025-09-23,Liverpool,Southampton,2:1,Not in squad,,,,,,,,,,
2025/26,1108049,Amara Nallo,EFL Cup,Fourth Round,2025-10-29,Liverpool,Crystal Palace,0:3,CB,,,,,,79,67,,12,
2025/26,1108049,Amara Nallo,Premier League 2,1,2025-08-18,Leicester U21,Liverpool U21,4:2,CB,,,,,,,,46,45,
2025/26,1108049,Amara Nallo,Premier League 2,2,2025-08-25,Liverpool U21,Burnley U21,2:3,Not in squad,,,,,,,,,,
2025/26,1108049,Amara Nallo,Premier League 2,3,2025-08-29,Stoke U21,Liverpool U21,1:2,Not in squad,,,,,,,,,,
2025/26,1108049,Amara Nallo,Premier League 2,4,2025-09-21,Liverpool U21,Man Utd U21,1:2,Not in squad,,,,,,,,,,
2025/26,1108049,Amara Nallo,Premier League 2,5,2025-09-27,Ipswich U21,Liverpool U21,3:2,Not in squad,,,,,,,,,,
2025/26,1108049,Amara Nallo,Premier League 2,6,2025-10-03,Fulham U21,Liverpool U21,1:1,Not in squad,,,,,,,,,,
2025/26,1108049,Amara Nallo,Premier League 2,7,2025-10-26,Liverpool U21,Everton U21,4:1,CB,,,,,,,,,90,
2025/26,1108049,Amara Nallo,Premier League 2,8,2025-11-01,Liverpool U21,Boro U21,4:2,CB,,,,,,,,,90,
2025/26,1108049,Amara Nallo,Premier League 2,9,2025-11-07,West Ham U21,Liverpool U21,3:0,CB,,,,,,,,,90,
2025/26,1108049,Amara Nallo,U20 Elite League,Group 1,2025-10-10,England U20,Switzerland U20,0:1,Not in squad,,,,,,,,,,
