﻿season,player_id,player_name,competition,journey,date,home_team,away_team,result,position,goals,assists,own_goals,yellow_cards,second_yellow_cards,red_cards,substitutions_on,substitutions_off,minutes_played,transfermarkt_score
2010/11,110864,Sam Johnstone,International Friendlies,8,2011-02-08,England U19,Germany U19,0:1,Not in squad,,,,,,,,,,
2010/11,110864,Sam Johnstone,International Friendlies,8,2011-03-29,Netherlands U19,England U19,3:0,Not in squad,,,,,,,,,,
2010/11,110864,Sam Johnstone,International Friendlies,13,2011-05-31,England U19,Montenegro U19,1:0,,,,,,,,,,90,
2010/11,110864,Sam Johnstone,International Friendlies,12,2011-06-05,England U19,Spain U19,1:1,on the bench,,,,,,,,,,
2010/11,110864,Sam Johnstone,Premier Reserve League,3,2010-09-16,Man Utd Res.,Aston Villa Res.,1:4,GK,,,,,,,,,90,
2010/11,110864,Sam Johnstone,Premier Reserve League,4,2010-09-27,Blackburn Res.,Man Utd Res.,2:2,on the bench,,,,,,,,,,
2010/11,110864,Sam Johnstone,Premier Reserve League,8,2010-11-02,Bolton U21,Man Utd Res.,1:3,Not in squad,,,,,,,,,,
2010/11,110864,Sam Johnstone,Premier Reserve League,6,2010-11-11,West Brom Res.,Man Utd Res.,2:2,Not in squad,,,,,,,,,,
2010/11,110864,Sam Johnstone,Premier Reserve League,9,2010-11-18,Man Utd Res.,Wigan U21,3:1,Not in squad,,,,,,,,,,
2010/11,110864,Sam Johnstone,Premier Reserve League,10,2010-11-23,Man City Res.,Man Utd Res.,1:1,GK,,,,,,,,,90,
2010/11,110864,Sam Johnstone,Premier Reserve League,11,2010-12-16,Man Utd Res.,Newcastle Res.,5:1,Not in squad,,,,,,,,,,
2010/11,110864,Sam Johnstone,Premier Reserve League,12,2011-01-13,Man Utd Res.,Bolton U21,1:0,Not in squad,,,,,,,,,,
2010/11,110864,Sam Johnstone,Premier Reserve League,13,2011-01-26,Wigan U21,Man Utd Res.,0:0,Not in squad,,,,,,,,,,
2010/11,110864,Sam Johnstone,Premier Reserve League,2,2011-03-03,Wolves Res.,Man Utd Res.,3:3,on the bench,,,,,,,,,,
2010/11,110864,Sam Johnstone,Premier Reserve League,17,2011-03-09,Blackpool U21,Man Utd Res.,2:1,Not in squad,,,,,,,,,,
2010/11,110864,Sam Johnstone,Premier Reserve League,18,2011-03-17,Man Utd Res.,Sunderland Res.,2:2,on the bench,,,,,,,,,,
2010/11,110864,Sam Johnstone,Premier Reserve League,15,2011-03-21,Newcastle Res.,Man Utd Res.,1:2,GK,,,,,,,,,90,
2010/11,110864,Sam Johnstone,Premier Reserve League,20,2011-04-01,West Ham Res.,Man Utd Res.,0:1,GK,,,,,,,,,90,
2010/11,110864,Sam Johnstone,Premier Reserve League,14,2011-04-07,Man Utd Res.,Man City Res.,3:1,Not in squad,,,,,,,,,,
2010/11,110864,Sam Johnstone,Premier Reserve League,21,2011-04-13,Man Utd Res.,Everton Res.,2:0,on the bench,,,,,,,,,,
2010/11,110864,Sam Johnstone,Premier Reserve League,1,2011-04-18,Man Utd Res.,Chelsea Res.,4:1,Not in squad,,,,,,,,,,
2010/11,110864,Sam Johnstone,Premier Reserve League,5,2011-04-28,Man Utd Res.,Arsenal Res.,0:0,Not in squad,,,,,,,,,,
2010/11,110864,Sam Johnstone,Premier Reserve League,19,2011-05-05,Liverpool Res.,Man Utd Res.,2:2,Not in squad,,,,,,,,,,
2010/11,110864,Sam Johnstone,Premier Reserve League Play Offs,Semi-Finals,2011-05-11,Man Utd Res.,Blackburn Res.,1:2,Not in squad,,,,,,,,,,
2010/11,110864,Sam Johnstone,UEFA EURO U19 Championship Qualifiers,Group 8,2010-10-08,England U19,Albania U19,6:1,,,,,,,,,,90,
2010/11,110864,Sam Johnstone,UEFA EURO U19 Championship Qualifiers,Group 8,2010-10-10,Cyprus U19,England U19,0:4,on the bench,,,,,,,,,,
2010/11,110864,Sam Johnstone,UEFA EURO U19 Championship Qualifiers,Group 8,2010-10-13,England U19,Belgium U19,1:2,,,,,,,,,,90,
2010/11,110864,Sam Johnstone,UEFA EURO U19 Championship Qualifiers,group A2,2011-05-31,England U19,Montenegro U19,1:0,,,,,,,,,,90,
2010/11,110864,Sam Johnstone,UEFA EURO U19 Championship Qualifiers,group A2,2011-06-02,Switzerland U19,England U19,2:3,on the bench,,,,,,,,,,
2010/11,110864,Sam Johnstone,FA Youth Cup,final 1st leg,2011-05-17,Sheff Utd U18,Man Utd U18,2:2,GK,,,,,,,,,90,
2010/11,110864,Sam Johnstone,FA Youth Cup,final 2nd leg,2011-05-23,Man Utd U18,Sheff Utd U18,4:1,GK,,,,,,,,,90,
