﻿season,player_id,player_name,competition,journey,date,home_team,away_team,result,position,goals,assists,own_goals,yellow_cards,second_yellow_cards,red_cards,substitutions_on,substitutions_off,minutes_played,transfermarkt_score
2023/24,1086375,Gustavo Nunes,Campeonato Brasileiro Série A,16,2023-07-23,Grêmio,Atlético-MG,1:0,on the bench,,,,,,,,,,
2023/24,1086375,Gustavo Nunes,Campeonato Brasileiro Série A,17,2023-07-30,Goiás,Grêmio,1:1,Not in squad,,,,,,,,,,
2023/24,1086375,Gustavo Nunes,Campeonato Brasileiro Série A,18,2023-08-06,Vasco da Gama,Grêmio,1:0,Not in squad,,,,,,,,,,
2023/24,1086375,Gustavo Nunes,Campeonato Brasileiro Série A,19,2023-08-13,Grêmio,Fluminense,2:1,Not in squad,,,,,,,,,,
2023/24,1086375,Gustavo Nunes,Campeonato Brasileiro Série A,20,2023-08-20,Santos,Grêmio,2:1,Not in squad,,,,,,,,,,
2023/24,1086375,Gustavo Nunes,Campeonato Brasileiro Série A,21,2023-08-28,Grêmio,Cruzeiro,3:0,Not in squad,,,,,,,,,,
2023/24,1086375,Gustavo Nunes,Campeonato Brasileiro Série A,22,2023-09-03,Grêmio,Cuiabá-MT,2:0,Not in squad,,,,,,,,,,
2023/24,1086375,Gustavo Nunes,Campeonato Brasileiro Série A,23,2023-09-15,RB Bragantino,Grêmio,2:0,Not in squad,,,,,,,,,,
2023/24,1086375,Gustavo Nunes,Campeonato Brasileiro Série A,15,2023-09-19,Corinthians,Grêmio,4:4,Not in squad,,,,,,,,,,
2023/24,1086375,Gustavo Nunes,Campeonato Brasileiro Série A,24,2023-09-22,Grêmio,Palmeiras,1:0,Not in squad,,,,,,,,,,
2023/24,1086375,Gustavo Nunes,Campeonato Brasileiro Série A,25,2023-09-30,Fortaleza,Grêmio,1:1,Not in squad,,,,,,,,,,
2023/24,1086375,Gustavo Nunes,Campeonato Brasileiro Série A,26,2023-10-08,Internacional,Grêmio,3:2,Not in squad,,,,,,,,,,
2023/24,1086375,Gustavo Nunes,Campeonato Brasileiro Série A,27,2023-10-19,Grêmio,Athletico-PR,1:2,Not in squad,,,,,,,,,,
2023/24,1086375,Gustavo Nunes,Campeonato Brasileiro Série A,28,2023-10-21,São Paulo,Grêmio,3:0,Not in squad,,,,,,,,,,
2023/24,1086375,Gustavo Nunes,Campeonato Brasileiro Série A,29,2023-10-26,Grêmio,Flamengo,3:2,Not in squad,,,,,,,,,,
2023/24,1086375,Gustavo Nunes,Campeonato Brasileiro Série A,30,2023-10-29,América-MG,Grêmio,3:4,Not in squad,,,,,,,,,,
2023/24,1086375,Gustavo Nunes,Campeonato Brasileiro Série A,31,2023-11-02,Coritiba FC,Grêmio,1:2,Not in squad,,,,,,,,,,
2023/24,1086375,Gustavo Nunes,Campeonato Brasileiro Série A,32,2023-11-04,Grêmio,EC Bahia,1:0,Not in squad,,,,,,,,,,
2023/24,1086375,Gustavo Nunes,Campeonato Brasileiro Série A,33,2023-11-10,Botafogo,Grêmio,3:4,Not in squad,,,,,,,,,,
2023/24,1086375,Gustavo Nunes,Campeonato Brasileiro Série A,34,2023-11-12,Grêmio,Corinthians,0:1,Not in squad,,,,,,,,,,
2023/24,1086375,Gustavo Nunes,Campeonato Brasileiro Série A,35,2023-11-26,Atlético-MG,Grêmio,3:0,Not in squad,,,,,,,,,,
2023/24,1086375,Gustavo Nunes,Campeonato Brasileiro Série A,36,2023-11-30,Grêmio,Goiás,2:1,Not in squad,,,,,,,,,,
2023/24,1086375,Gustavo Nunes,Campeonato Brasileiro Série A,37,2023-12-03,Grêmio,Vasco da Gama,1:0,Not in squad,,,,,,,,,,
2023/24,1086375,Gustavo Nunes,Campeonato Brasileiro Série A,38,2023-12-07,Fluminense,Grêmio,2:3,Not in squad,,,,,,,,,,
2023/24,1086375,Gustavo Nunes,CBF Brasileiro U20 - Finals,Quarter-Finals 1st leg,2023-07-20,Grêmio U20,Corinthians U20,1:2,LW,,,,,,,,65,65,
2023/24,1086375,Gustavo Nunes,CBF Brasileiro U20 - Finals,Quarter-Finals 2nd leg,2023-07-28,Corinthians U20,Grêmio U20,2:1,LW,,,,,,,,,90,
2022/23,1086375,Gustavo Nunes,CBF Brasileiro U20,1,2023-03-02,Grêmio U20,Athletico U20,2:1,Not in squad,,,,,,,,,,
2022/23,1086375,Gustavo Nunes,CBF Brasileiro U20,2,2023-03-08,Fortaleza U20,Grêmio U20,0:2,,,,,,,,46,,45,
2022/23,1086375,Gustavo Nunes,CBF Brasileiro U20,3,2023-03-20,Cruzeiro U20,Grêmio U20,4:2,Not in squad,,,,,,,,,,
2022/23,1086375,Gustavo Nunes,CBF Brasileiro U20,4,2023-03-25,Grêmio U20,Santos U20,1:1,,,,,,,,72,,18,
2022/23,1086375,Gustavo Nunes,CBF Brasileiro U20,5,2023-03-30,São Paulo U20,Grêmio U20,0:1,Not in squad,,,,,,,,,,
2022/23,1086375,Gustavo Nunes,CBF Brasileiro U20,6,2023-04-05,Goiás EC U20,Grêmio U20,0:0,Not in squad,,,,,,,,,,
2022/23,1086375,Gustavo Nunes,CBF Brasileiro U20,7,2023-04-13,Grêmio U20,Palmeiras U20,2:3,Not in squad,,,,,,,,,,
2022/23,1086375,Gustavo Nunes,CBF Brasileiro U20,8,2023-04-27,Grêmio U20,Atlético-GO U20,3:0,,,,,,,,65,,25,
2022/23,1086375,Gustavo Nunes,CBF Brasileiro U20,9,2023-05-04,Bahia U20,Grêmio U20,2:3,Not in squad,,,,,,,,,,
2023/24,1086375,Gustavo Nunes,Copa do Brasil,Semi-Finals 1st Leg,2023-07-27,Grêmio,Flamengo,0:2,Not in squad,,,,,,,,,,
2023/24,1086375,Gustavo Nunes,Copa do Brasil,Semi-Finals 2nd Leg,2023-08-17,Flamengo,Grêmio,1:0,Not in squad,,,,,,,,,,
2022/23,1086375,Gustavo Nunes,Copa São Paulo de Futebol Júnior,Group 8,2023-01-02,Grêmio U20,Cruzeiro-AL U20,0:0,,,,,,,,75,,15,
2022/23,1086375,Gustavo Nunes,Copa São Paulo de Futebol Júnior,Group 8,2023-01-05,Guarani U20,Grêmio U20,1:3,Not in squad,,,,,,,,,,
2022/23,1086375,Gustavo Nunes,Copa São Paulo de Futebol Júnior,Group 8,2023-01-08,AA Francana U20,Grêmio U20,0:3,on the bench,,,,,,,,,,
2022/23,1086375,Gustavo Nunes,Copa São Paulo de Futebol Júnior,First Round,2023-01-12,Grêmio U20,Picos U20,1:0,Not in squad,,,,,,,,,,
2022/23,1086375,Gustavo Nunes,Copa São Paulo de Futebol Júnior,Second Round,2023-01-14,Athletico U20,Grêmio U20,3:2,,,,,,,,88,,2,
