﻿season,player_id,player_name,competition,journey,date,home_team,away_team,result,position,goals,assists,own_goals,yellow_cards,second_yellow_cards,red_cards,substitutions_on,substitutions_off,minutes_played,transfermarkt_score
2010/11,104495,Lyle Taylor,EFL Trophy,First Round,2010-08-31,Bournemouth,Torquay,0:3 on pens,,,,,,,,58,,32,
2010/11,104495,Lyle Taylor,League One,4,2010-08-28,Bournemouth,Notts County,3:3,,,,,,,,77,,13,
2010/11,104495,Lyle Taylor,League One,5,2010-09-04,Huddersfield,Bournemouth,2:2,on the bench,,,,,,,,,,
2010/11,104495,Lyle Taylor,League One,6,2010-09-11,Bournemouth,Dag & Red FC,3:0,,,,,,,,89,,1,
2010/11,104495,Lyle Taylor,League One,7,2010-09-18,Oldham Athletic,Bournemouth,2:1,on the bench,,,,,,,,,,
2010/11,104495,Lyle Taylor,League One,8,2010-09-25,Bournemouth,Carlisle United,2:0,Not in squad,,,,,,,,,,
2010/11,104495,Lyle Taylor,League One,9,2010-09-28,Bournemouth,Exeter City,3:0,,,,,,,,81,,9,
2010/11,104495,Lyle Taylor,League One,10,2010-10-02,Southampton,Bournemouth,2:0,on the bench,,,,,,,,,,
2010/11,104495,Lyle Taylor,League One,11,2010-10-09,Brighton,Bournemouth,1:1,,,,,,,,89,,1,
2010/11,104495,Lyle Taylor,League One,12,2010-10-16,Bournemouth,MK Dons,3:2,on the bench,,,,,,,,,,
2010/11,104495,Lyle Taylor,League One,13,2010-10-23,Sheff Wed,Bournemouth,1:1,,,,,,,,90,,1,
2010/11,104495,Lyle Taylor,League One,14,2010-10-30,Bournemouth,Colchester Utd.,1:2,on the bench,,,,,,,,,,
2010/11,104495,Lyle Taylor,League One,15,2010-11-02,Brentford,Bournemouth,1:1,on the bench,,,,,,,,,,
2010/11,104495,Lyle Taylor,League One,16,2010-11-13,Bournemouth,Walsall,3:0,Not in squad,,,,,,,,,,
2010/11,104495,Lyle Taylor,League One,17,2010-11-20,Leyton Orient,Bournemouth,2:2,Not in squad,,,,,,,,,,
2010/11,104495,Lyle Taylor,League One,18,2010-11-23,Bournemouth,Yeovil Town,2:0,on the bench,,,,,,,,,,
2010/11,104495,Lyle Taylor,League One,20,2010-12-11,Bournemouth,Hartlepool,0:1,,,,,63,,,46,,45,
2010/11,104495,Lyle Taylor,League One,23,2010-12-28,MK Dons,Bournemouth,2:0,,,,,,,,,64,64,
2010/11,104495,Lyle Taylor,League One,24,2011-01-01,Swindon Town,Bournemouth,1:2,,,,,30,,,,59,59,
2010/11,104495,Lyle Taylor,League One,25,2011-01-03,Bournemouth,Brentford,3:1,on the bench,,,,,,,,,,
2010/11,104495,Lyle Taylor,League One,22,2011-01-08,Bournemouth,Plymouth,3:0,,,,,,,,88,,2,
2010/11,104495,Lyle Taylor,League One,27,2011-01-14,Colchester Utd.,Bournemouth,2:1,,,,,,,,86,,4,
2010/11,104495,Lyle Taylor,League One,21,2011-01-18,Rochdale,Bournemouth,0:0,Not in squad,,,,,,,,,,
2010/11,104495,Lyle Taylor,League One,28,2011-01-22,Bournemouth,Brighton,1:0,on the bench,,,,,,,,,,
2010/11,104495,Lyle Taylor,League One,29,2011-01-29,Plymouth,Bournemouth,1:2,,,,,,,,90,,1,
2010/11,104495,Lyle Taylor,League One,38,2011-03-19,Carlisle United,Bournemouth,1:0,on the bench,,,,,,,,,,
2010/11,104495,Lyle Taylor,League One,39,2011-03-26,Bournemouth,Charlton,2:2,Not in squad,,,,,,,,,,
2010/11,104495,Lyle Taylor,FA Cup,First Round,2010-11-06,Bournemouth,Tranmere,5:3,Not in squad,,,,,,,,,,
2010/11,104495,Lyle Taylor,FA Cup,Second Round,2010-12-14,Notts County,Bournemouth,3:1,,,,,,,,,,90,
