﻿season,player_id,player_name,competition,journey,date,home_team,away_team,result,position,goals,assists,own_goals,yellow_cards,second_yellow_cards,red_cards,substitutions_on,substitutions_off,minutes_played,transfermarkt_score
2023/24,110867,Jed Steer,EFL Trophy,Round of 16,2024-01-23,Peterborough,Crawley Town,2:1,GK,,,,,,,,,90,
2023/24,110867,Jed Steer,EFL Trophy,Quarter-Finals,2024-01-30,Peterborough,AFC Wimbledon,3:1,Not in squad,,,,,,,,,,
2023/24,110867,Jed Steer,EFL Trophy,Semi-Finals,2024-02-20,Blackpool,Peterborough,0:3,GK,,,,,,,,,90,
2023/24,110867,Jed Steer,EFL Trophy,Final,2024-04-07,Peterborough,Wycombe,2:1,GK,,,,,,,,,90,
2023/24,110867,Jed Steer,League One,28,2024-01-13,Charlton,Peterborough,1:2,GK,,,,82,,,,,90,
2023/24,110867,Jed Steer,League One,29,2024-01-20,Peterborough,Shrewsbury,2:1,GK,,,,,,,,,90,
2023/24,110867,Jed Steer,League One,30,2024-01-27,Lincoln City,Peterborough,0:0,GK,,,,,,,,,90,
2023/24,110867,Jed Steer,League One,31,2024-02-03,Peterborough,Wigan,2:3,on the bench,,,,,,,,,,
2023/24,110867,Jed Steer,League One,18,2024-02-06,Exeter City,Peterborough,2:1,on the bench,,,,,,,,,,
2023/24,110867,Jed Steer,League One,32,2024-02-10,Wycombe,Peterborough,5:2,on the bench,,,,,,,,,,
2023/24,110867,Jed Steer,League One,34,2024-02-17,Peterborough,Blackpool,1:2,GK,,,,,,,,,90,
2023/24,110867,Jed Steer,League One,35,2024-02-24,Cambridge Utd.,Peterborough,0:1,GK,,,,,,,,,90,
2023/24,110867,Jed Steer,League One,36,2024-03-02,Peterborough,Exeter City,2:1,GK,,,,,,,,,90,
2023/24,110867,Jed Steer,League One,27,2024-03-05,Peterborough,Northampton,5:1,GK,,,,,,,,,90,
2023/24,110867,Jed Steer,League One,37,2024-03-09,Burton Albion,Peterborough,1:3,GK,,,,,,,,,90,
2023/24,110867,Jed Steer,League One,38,2024-03-13,Peterborough,Stevenage,3:1,GK,,,,,,,,,90,
2023/24,110867,Jed Steer,League One,39,2024-03-16,Peterborough,Portsmouth,0:1,GK,,,,,,,,,90,
2023/24,110867,Jed Steer,League One,41,2024-03-29,Peterborough,Carlisle United,1:3,GK,,,,,,,,,90,
2023/24,110867,Jed Steer,League One,42,2024-04-01,Leyton Orient,Peterborough,1:2,GK,,,,,,,,,90,
2023/24,110867,Jed Steer,League One,33,2024-04-10,Peterborough,Port Vale,3:0,GK,,,,,,,,,90,
2023/24,110867,Jed Steer,League One,44,2024-04-13,Oxford United,Peterborough,5:0,GK,,,,,,,,,90,
2023/24,110867,Jed Steer,League One,43,2024-04-16,Peterborough,Fleetwood,4:1,GK,,1,,,,,,,90,
2023/24,110867,Jed Steer,League One,45,2024-04-20,Bristol Rovers,Peterborough,0:2,GK,,,,,,,,,90,
2023/24,110867,Jed Steer,League One,40,2024-04-23,Cheltenham,Peterborough,2:0,Not in squad,,,,,,,,,,
2023/24,110867,Jed Steer,League One,46,2024-04-27,Peterborough,Bolton,3:3,GK,,,,,,,,,90,
2023/24,110867,Jed Steer,FA Cup,Third Round,2024-01-07,Peterborough,Leeds,0:3,on the bench,,,,,,,,,,
2023/24,110867,Jed Steer,League One Play-Offs,Semi-Finals 1st Leg,2024-05-04,Oxford United,Peterborough,1:0,GK,,,,,,,,,90,
2023/24,110867,Jed Steer,League One Play-Offs,Semi-Finals 2nd Leg,2024-05-08,Peterborough,Oxford United,1:1,GK,,,,,,,,,90,
