﻿season,player_id,player_name,competition,journey,date,home_team,away_team,result,position,goals,assists,own_goals,yellow_cards,second_yellow_cards,red_cards,substitutions_on,substitutions_off,minutes_played,transfermarkt_score
2023/24,1043634,Leon Chiwome,International Friendlies,6,2023-09-06,France U18,England U18,2:0,Not in squad,,,,,,,,,,
2023/24,1043634,Leon Chiwome,International Friendlies,22,2023-09-08,England U18,Japan U17,0:4,Not in squad,,,,,,,,,,
2023/24,1043634,Leon Chiwome,International Friendlies,6,2023-09-10,Portugal U18,England U18,2:1,Not in squad,,,,,,,,,,
2023/24,1043634,Leon Chiwome,International Friendlies,10,2023-10-11,England U18,Belgium U18,1:1,Not in squad,,,,,,,,,,
2023/24,1043634,Leon Chiwome,International Friendlies,11,2023-10-14,England U18,Morocco U17,1:0,Not in squad,,,,,,,,,,
2023/24,1043634,Leon Chiwome,International Friendlies,24,2023-10-17,England U18,South Korea U17,1:1,Not in squad,,,,,,,,,,
2023/24,1043634,Leon Chiwome,International Friendlies,17,2024-03-20,Czechia U18,England U18,1:2,CF,,,,,,,,61,61,
2023/24,1043634,Leon Chiwome,International Friendlies,4,2024-03-22,England U18,Germany U18,0:0,on the bench,,,,,,,,,,
2023/24,1043634,Leon Chiwome,International Friendlies,21,2024-03-25,England U18,Netherlands U18,2:1,,1,,,,,,67,,23,
2023/24,1043634,Leon Chiwome,International Friendlies,8,2024-05-22,England U18,N. Ireland U18,4:2,Not in squad,,,,,,,,,,
2023/24,1043634,Leon Chiwome,International Friendlies,9,2024-05-26,England U18,Morocco U18,2:1,Not in squad,,,,,,,,,,
2023/24,1043634,Leon Chiwome,Premier League,1,2023-08-14,Man Utd,Wolves,1:0,Not in squad,,,,,,,,,,
2023/24,1043634,Leon Chiwome,Premier League,2,2023-08-19,Wolves,Brighton,1:4,Not in squad,,,,,,,,,,
2023/24,1043634,Leon Chiwome,Premier League,3,2023-08-26,Everton,Wolves,0:1,Not in squad,,,,,,,,,,
2023/24,1043634,Leon Chiwome,Premier League,4,2023-09-03,Crystal Palace,Wolves,3:2,Not in squad,,,,,,,,,,
2023/24,1043634,Leon Chiwome,Premier League,5,2023-09-16,Wolves,Liverpool,1:3,Not in squad,,,,,,,,,,
2023/24,1043634,Leon Chiwome,Premier League,6,2023-09-23,Luton,Wolves,1:1,Not in squad,,,,,,,,,,
2023/24,1043634,Leon Chiwome,Premier League,7,2023-09-30,Wolves,Man City,2:1,Not in squad,,,,,,,,,,
2023/24,1043634,Leon Chiwome,Premier League,8,2023-10-08,Wolves,Aston Villa,1:1,Not in squad,,,,,,,,,,
2023/24,1043634,Leon Chiwome,Premier League,9,2023-10-21,Bournemouth,Wolves,1:2,Not in squad,,,,,,,,,,
2023/24,1043634,Leon Chiwome,Premier League,10,2023-10-28,Wolves,Newcastle,2:2,Not in squad,,,,,,,,,,
2023/24,1043634,Leon Chiwome,Premier League,11,2023-11-04,Sheff Utd,Wolves,2:1,Not in squad,,,,,,,,,,
2023/24,1043634,Leon Chiwome,Premier League,12,2023-11-11,Wolves,Tottenham,2:1,Not in squad,,,,,,,,,,
2023/24,1043634,Leon Chiwome,Premier League,13,2023-11-27,Fulham,Wolves,3:2,Not in squad,,,,,,,,,,
2023/24,1043634,Leon Chiwome,Premier League,14,2023-12-02,Arsenal,Wolves,2:1,Not in squad,,,,,,,,,,
2023/24,1043634,Leon Chiwome,Premier League,15,2023-12-05,Wolves,Burnley,1:0,Not in squad,,,,,,,,,,
2023/24,1043634,Leon Chiwome,Premier League,16,2023-12-09,Wolves,Nott'm Forest,1:1,Not in squad,,,,,,,,,,
2023/24,1043634,Leon Chiwome,Premier League,17,2023-12-17,West Ham,Wolves,3:0,Not in squad,,,,,,,,,,
2023/24,1043634,Leon Chiwome,Premier League,18,2023-12-24,Wolves,Chelsea,2:1,Not in squad,,,,,,,,,,
2023/24,1043634,Leon Chiwome,Premier League,19,2023-12-27,Brentford,Wolves,1:4,Not in squad,,,,,,,,,,
2023/24,1043634,Leon Chiwome,Premier League,20,2023-12-30,Wolves,Everton,3:0,Not in squad,,,,,,,,,,
2023/24,1043634,Leon Chiwome,Premier League,21,2024-01-22,Brighton,Wolves,0:0,Not in squad,,,,,,,,,,
2023/24,1043634,Leon Chiwome,Premier League,22,2024-02-01,Wolves,Man Utd,3:4,Not in squad,,,,,,,,,,
2023/24,1043634,Leon Chiwome,Premier League,23,2024-02-04,Chelsea,Wolves,2:4,Not in squad,,,,,,,,,,
2023/24,1043634,Leon Chiwome,Premier League,24,2024-02-10,Wolves,Brentford,0:2,Not in squad,,,,,,,,,,
2023/24,1043634,Leon Chiwome,Premier League,25,2024-02-17,Tottenham,Wolves,1:2,Not in squad,,,,,,,,,,
2023/24,1043634,Leon Chiwome,Premier League,26,2024-02-25,Wolves,Sheff Utd,1:0,Not in squad,,,,,,,,,,
2023/24,1043634,Leon Chiwome,Premier League,27,2024-03-02,Newcastle,Wolves,3:0,Not in squad,,,,,,,,,,
2023/24,1043634,Leon Chiwome,Premier League,28,2024-03-09,Wolves,Fulham,2:1,on the bench,,,,,,,,,,
2023/24,1043634,Leon Chiwome,Premier League,30,2024-03-30,Aston Villa,Wolves,2:0,CF,,,,,,,,84,84,
2023/24,1043634,Leon Chiwome,Premier League,31,2024-04-02,Burnley,Wolves,1:1,CF,,,,,,,,76,76,
2023/24,1043634,Leon Chiwome,Premier League,32,2024-04-06,Wolves,West Ham,1:2,CF,,,,,,,75,,15,
2023/24,1043634,Leon Chiwome,Premier League,33,2024-04-13,Nott'm Forest,Wolves,2:2,Not in squad,,,,,,,,,,
2023/24,1043634,Leon Chiwome,Premier League,34,2024-04-20,Wolves,Arsenal,0:2,Not in squad,,,,,,,,,,
2023/24,1043634,Leon Chiwome,Premier League,29,2024-04-24,Wolves,Bournemouth,0:1,Not in squad,,,,,,,,,,
2023/24,1043634,Leon Chiwome,Premier League,35,2024-04-27,Wolves,Luton,2:1,Not in squad,,,,,,,,,,
2023/24,1043634,Leon Chiwome,Premier League,36,2024-05-04,Man City,Wolves,5:1,Not in squad,,,,,,,,,,
2023/24,1043634,Leon Chiwome,Premier League,37,2024-05-11,Wolves,Crystal Palace,1:3,Not in squad,,,,,,,,,,
2023/24,1043634,Leon Chiwome,Premier League,38,2024-05-19,Liverpool,Wolves,2:0,Not in squad,,,,,,,,,,
2023/24,1043634,Leon Chiwome,EFL Trophy,group A7,2023-09-12,Notts County,Wolves U21,1:2,Not in squad,,,,,,,,,,
2023/24,1043634,Leon Chiwome,EFL Trophy,group A7,2023-10-10,Lincoln City,Wolves U21,2:0,CF,,,,,,,,72,72,
2023/24,1043634,Leon Chiwome,EFL Trophy,group A7,2023-11-08,Derby,Wolves U21,4:1,CF,,,,,,,,70,70,
2023/24,1043634,Leon Chiwome,FA Cup,Third Round,2024-01-05,Brentford,Wolves,1:1,Not in squad,,,,,,,,,,
2023/24,1043634,Leon Chiwome,FA Cup,Third Round Replay,2024-01-16,Wolves,Brentford,3:2 AET,Not in squad,,,,,,,,,,
2023/24,1043634,Leon Chiwome,FA Cup,Fourth Round,2024-01-28,West Brom,Wolves,0:2,Not in squad,,,,,,,,,,
2023/24,1043634,Leon Chiwome,FA Cup,Fifth Round,2024-02-28,Wolves,Brighton,1:0,Not in squad,,,,,,,,,,
2023/24,1043634,Leon Chiwome,FA Cup,Quarter-Finals,2024-03-16,Wolves,Coventry,2:3,,,,,,,,60,,30,
2023/24,1043634,Leon Chiwome,EFL Cup,Second Round,2023-08-29,Wolves,Blackpool,5:0,Not in squad,,,,,,,,,,
2023/24,1043634,Leon Chiwome,EFL Cup,Third Round,2023-09-26,Ipswich,Wolves,3:2,Not in squad,,,,,,,,,,
2023/24,1043634,Leon Chiwome,Premier League 2 Playoffs,Round of 16,2024-05-06,Sunderland U21,Wolves U21,4:1,Not in squad,,,,,,,,,,
2023/24,1043634,Leon Chiwome,U18 Premier League,1,2023-08-12,Wolves U18,Blackburn U18,1:1,Not in squad,,,,,,,,,,
2023/24,1043634,Leon Chiwome,U18 Premier League,2,2023-08-19,Everton U18,Wolves U18,2:3,Not in squad,,,,,,,,,,
2023/24,1043634,Leon Chiwome,U18 Premier League,4,2023-09-16,Derby U18,Wolves U18,2:3,Not in squad,,,,,,,,,,
2023/24,1043634,Leon Chiwome,U18 Premier League,5,2023-09-23,Wolves U18,Boro U18,1:2,Not in squad,,,,,,,,,,
2023/24,1043634,Leon Chiwome,U18 Premier League,6,2023-09-30,Nottingham U18,Wolves U18,1:1,CF,,,,,,,,61,61,
2023/24,1043634,Leon Chiwome,U18 Premier League,7,2023-10-07,Wolves U18,Leeds U18,3:1,Not in squad,,,,,,,,,,
2023/24,1043634,Leon Chiwome,U18 Premier League,8,2023-10-28,Sunderland U18,Wolves U18,3:1,Not in squad,,,,,,,,,,
2023/24,1043634,Leon Chiwome,U18 Premier League,9,2023-11-04,Wolves U18,Stoke U18,3:0,Not in squad,,,,,,,,,,
2023/24,1043634,Leon Chiwome,U18 Premier League,10,2023-11-11,Man City U18,Wolves U18,3:0,Not in squad,,,,,,,,,,
2023/24,1043634,Leon Chiwome,U18 Premier League,11,2023-12-02,Man Utd U18,Wolves U18,2:0,Not in squad,,,,,,,,,,
2023/24,1043634,Leon Chiwome,U18 Premier League,12,2023-12-16,Wolves U18,Liverpool U18,4:1,Not in squad,,,,,,,,,,
2023/24,1043634,Leon Chiwome,U18 Premier League,22,2024-01-06,Newcastle U18,Wolves U18,3:2,Not in squad,,,,,,,,,,
2023/24,1043634,Leon Chiwome,U18 Premier League,15,2024-01-27,Boro U18,Wolves U18,2:0,Not in squad,,,,,,,,,,
2023/24,1043634,Leon Chiwome,U18 Premier League,16,2024-02-10,Wolves U18,Sunderland U18,3:0,Not in squad,,,,,,,,,,
2023/24,1043634,Leon Chiwome,U18 Premier League,17,2024-02-17,Blackburn U18,Wolves U18,1:1,Not in squad,,,,,,,,,,
2023/24,1043634,Leon Chiwome,U18 Premier League,18,2024-02-24,Wolves U18,Nottingham U18,1:1,Not in squad,,,,,,,,,,
2023/24,1043634,Leon Chiwome,U18 Premier League,20,2024-03-02,Wolves U18,Everton U18,1:1,Not in squad,,,,,,,,,,
2023/24,1043634,Leon Chiwome,U18 Premier League,19,2024-03-09,Stoke U18,Wolves U18,1:2,Not in squad,,,,,,,,,,
2023/24,1043634,Leon Chiwome,U18 Premier League,21,2024-04-06,Wolves U18,Man City U18,2:1,Not in squad,,,,,,,,,,
2023/24,1043634,Leon Chiwome,U18 Premier League,23,2024-04-16,Wolves U18,Man Utd U18,1:2,Not in squad,,,,,,,,,,
2023/24,1043634,Leon Chiwome,U18 Premier League,13,2024-04-20,Wolves U18,Newcastle U18,1:0,Not in squad,,,,,,,,,,
2023/24,1043634,Leon Chiwome,U18 Premier League,24,2024-04-27,Liverpool U18,Wolves U18,2:4,Not in squad,,,,,,,,,,
2023/24,1043634,Leon Chiwome,U18 Premier League,26,2024-05-01,Leeds U18,Wolves U18,1:2,Not in squad,,,,,,,,,,
2023/24,1043634,Leon Chiwome,U18 Premier League,25,2024-05-04,Wolves U18,Derby U18,3:1,Not in squad,,,,,,,,,,
2023/24,1043634,Leon Chiwome,Premier League 2,1,2023-08-11,Wolves U21,Fulham U21,2:3,Not in squad,,,,,,,,,,
2023/24,1043634,Leon Chiwome,Premier League 2,2,2023-08-21,Stoke U21,Wolves U21,2:1,Not in squad,,,,,,,,,,
2023/24,1043634,Leon Chiwome,Premier League 2,3,2023-08-25,Boro U21,Wolves U21,3:2,Not in squad,,,,,,,,,,
2023/24,1043634,Leon Chiwome,Premier League 2,4,2023-09-01,Wolves U21,Palace U21,3:2,Not in squad,,,,,,,,,,
2023/24,1043634,Leon Chiwome,Premier League 2,5,2023-09-24,Liverpool U21,Wolves U21,2:0,CF,,,,,,,,46,45,
2023/24,1043634,Leon Chiwome,Premier League 2,6,2023-10-02,Wolves U21,Leeds U21,2:0,Not in squad,,,,,,,,,,
2023/24,1043634,Leon Chiwome,Premier League 2,7,2023-10-30,Wolves U21,Southampton U21,2:1,,,,,,,,66,,24,
2023/24,1043634,Leon Chiwome,Premier League 2,8,2023-11-03,Nottingham U21,Wolves U21,2:2,CF,,,,,,,,75,75,
2023/24,1043634,Leon Chiwome,Premier League 2,9,2023-12-04,Leicester U21,Wolves U21,1:3,,1,1,,,,,46,,45,
2023/24,1043634,Leon Chiwome,Premier League 2,10,2023-12-18,Wolves U21,Blackburn U21,1:2,CF,,,,,,,,,90,
2023/24,1043634,Leon Chiwome,Premier League 2,11,2024-01-12,Norwich U21,Wolves U21,3:4,Not in squad,,,,,,,,,,
2023/24,1043634,Leon Chiwome,Premier League 2,12,2024-01-26,Wolves U21,Arsenal U21,2:1,CF,,,,,,,,,90,
2023/24,1043634,Leon Chiwome,Premier League 2,13,2024-02-11,Man City U21,Wolves U21,3:3,CF,,,,,,,,84,84,
2023/24,1043634,Leon Chiwome,Premier League 2,14,2024-02-19,Wolves U21,West Brom U21,3:0,CF,2,,,,,,,82,82,
2023/24,1043634,Leon Chiwome,Premier League 2,15,2024-03-04,Wolves U21,Newcastle U21,2:2,CF,,,,,,,,67,67,
2023/24,1043634,Leon Chiwome,Premier League 2,16,2024-03-11,Derby U21,Wolves U21,1:2,Not in squad,,,,,,,,,,
2023/24,1043634,Leon Chiwome,Premier League 2,17,2024-03-15,Everton U21,Wolves U21,0:2,Not in squad,,,,,,,,,,
2023/24,1043634,Leon Chiwome,Premier League 2,18,2024-04-08,Wolves U21,Sunderland U21,1:2,Not in squad,,,,,,,,,,
2023/24,1043634,Leon Chiwome,Premier League 2,19,2024-04-15,Tottenham U21,Wolves U21,5:1,Not in squad,,,,,,,,,,
2023/24,1043634,Leon Chiwome,Premier League 2,20,2024-04-29,Wolves U21,Brighton U21,1:1,Not in squad,,,,,,,,,,
2023/24,1043634,Leon Chiwome,Premier League International Cup U21,Group A,2023-10-16,Wolves U21,PSV U21,2:1,Information not yet available,,,,,,,,,,
2023/24,1043634,Leon Chiwome,Premier League International Cup U21,Group A,2023-11-24,Wolves U21,Sparta Prague B,2:1,CF,,1,,,,,,89,89,
2023/24,1043634,Leon Chiwome,Premier League International Cup U21,Group A,2023-11-29,Wolves U21,OGC Nice B,4:2,Information not yet available,,,,,,,,,,
2023/24,1043634,Leon Chiwome,Premier League International Cup U21,Group A,2024-01-17,Wolves U21,Hertha BSC II,0:0,Information not yet available,,,,,,,,,,
2023/24,1043634,Leon Chiwome,Premier League International Cup U21,Quarter-Finals,2024-02-26,Palace U21,Wolves U21,3:0,Information not yet available,,,,,,,,,,
2023/24,1043634,Leon Chiwome,Premier League Cup,Group C,2023-09-19,Norwich U21,Wolves U21,2:2,Information not yet available,,,,,,,,,,
2023/24,1043634,Leon Chiwome,Premier League Cup,Group C,2023-10-06,Wolves U21,Bournemouth U21,0:0,Information not yet available,,,,,,,,,,
2023/24,1043634,Leon Chiwome,Premier League Cup,Group C,2023-11-12,Wolves U21,Charlton U21,0:2,Information not yet available,,,,,,,,,,
2023/24,1043634,Leon Chiwome,Premier League Cup,Group C,2023-12-11,Wolves U21,Norwich U21,0:1,Information not yet available,,,,,,,,,,
2023/24,1043634,Leon Chiwome,Premier League Cup,Group C,2024-01-22,Bournemouth U21,Wolves U21,5:1,Information not yet available,,,,,,,,,,
2023/24,1043634,Leon Chiwome,Premier League Cup,Group C,2024-02-05,Charlton U21,Wolves U21,0:2,Information not yet available,,,,,,,,,,
2023/24,1043634,Leon Chiwome,FA Youth Cup,Third Round,2023-12-13,Wolves U18,QPR U18,10:11 on pens,,1,,,,,,,,120,
