﻿season,player_id,player_name,competition,journey,date,home_team,away_team,result,position,goals,assists,own_goals,yellow_cards,second_yellow_cards,red_cards,substitutions_on,substitutions_off,minutes_played,transfermarkt_score
2025/26,1011738,Harry Amass,International Friendlies,1,2025-09-03,England U19,Ukraine U19,2:0,Not in squad,,,,,,,,,,
2025/26,1011738,Harry Amass,International Friendlies,2,2025-09-06,England U19,Spain U19,3:3,Not in squad,,,,,,,,,,
2025/26,1011738,Harry Amass,International Friendlies,3,2025-09-09,England U19,Netherlands U19,4:1,Not in squad,,,,,,,,,,
2025/26,1011738,Harry Amass,International Friendlies,4,2025-10-11,England U19,Belgium U19,4:1,LB,,,,,,,,67,67,
2025/26,1011738,Harry Amass,International Friendlies,4,2025-10-14,England U19,Wales U19,7:0,,,,,,,,67,,23,
2025/26,1011738,Harry Amass,Championship,5,2025-09-13,Sheff Wed,Bristol City,0:3,LM,,,1,,,,,68,68,
2025/26,1011738,Harry Amass,Championship,6,2025-09-20,Portsmouth,Sheff Wed,0:2,LM,,,,,,,,,90,
2025/26,1011738,Harry Amass,Championship,7,2025-09-27,Sheff Wed,QPR,1:1,LM,,,,,,,,,90,
2025/26,1011738,Harry Amass,Championship,8,2025-09-30,Birmingham,Sheff Wed,2:2,LM,,,,,,,,,90,
2025/26,1011738,Harry Amass,Championship,9,2025-10-04,Sheff Wed,Coventry,0:5,LM,,,,,,,,,90,
2025/26,1011738,Harry Amass,Championship,10,2025-10-18,Charlton,Sheff Wed,2:1,LM,,,,,,,,,90,
2025/26,1011738,Harry Amass,Championship,11,2025-10-22,Sheff Wed,Middlesbrough,0:1,LM,,,,,,,,,90,
2025/26,1011738,Harry Amass,Championship,12,2025-10-25,Sheff Wed,Oxford United,1:2,LM,,,,,,,,,90,
2025/26,1011738,Harry Amass,Championship,13,2025-11-01,West Brom,Sheff Wed,0:0,LM,,,,,,,,,90,
2025/26,1011738,Harry Amass,Championship,14,2025-11-05,Sheff Wed,Norwich,1:1,LM,,,,,,,,,90,
2025/26,1011738,Harry Amass,Championship,15,2025-11-08,Southampton,Sheff Wed,3:1,LM,1,,,,,,,,90,
2025/26,1011738,Harry Amass,Championship,16,2025-11-23,Sheff Wed,Sheff Utd,0:3,LM,,,,64,,,,,90,
2025/26,1011738,Harry Amass,Championship,17,2025-11-26,Millwall,Sheff Wed,1:0,LM,,,,,,,,90,90,
2025/26,1011738,Harry Amass,Championship,18,2025-11-29,Sheff Wed,Preston,2:3,LM,,1,,,,,,,90,
2025/26,1011738,Harry Amass,EFL Cup,Third Round,2025-09-16,Sheff Wed,Grimsby Town,0:1,Not in squad,,,,,,,,,,
2025/26,1011738,Harry Amass,Premier League 2,1,2025-08-18,Boro U21,Man Utd U21,0:1,Not in squad,,,,,,,,,,
2025/26,1011738,Harry Amass,Premier League 2,2,2025-08-22,Man Utd U21,Norwich U21,4:2,LB,,,,,,,,,90,
2025/26,1011738,Harry Amass,Premier League 2,3,2025-08-31,Man Utd U21,Man City U21,2:1,Not in squad,,,,,,,,,,
2025/26,1011738,Harry Amass,UEFA EURO U19 Championship Qualifiers,Group 8,2025-11-12,England U19,Lithuania U19,2:0,LM,,,,,,,,,90,
2025/26,1011738,Harry Amass,UEFA EURO U19 Championship Qualifiers,Group 8,2025-11-15,England U19,Latvia U19,7:0,,,,,,,,68,,22,
2025/26,1011738,Harry Amass,UEFA EURO U19 Championship Qualifiers,Group 8,2025-11-18,Scotland U19,England U19,0:4,LB,,,,,,,,,90,
