﻿season,player_id,player_name,competition,journey,date,home_team,away_team,result,position,goals,assists,own_goals,yellow_cards,second_yellow_cards,red_cards,substitutions_on,substitutions_off,minutes_played,transfermarkt_score
2024/25,1047257,Rio Cardines,International Friendlies,10,2025-02-07,Jamaica,Trinidad,1:0,Not in squad,,,,,,,,,,
2024/25,1047257,Rio Cardines,International Friendlies,11,2025-02-10,Jamaica,Trinidad,1:1,Not in squad,,,,,,,,,,
2024/25,1047257,Rio Cardines,International Friendlies,52,2025-05-27,Jamaica,Trinidad,3:2,RM,,,,,,,,,90,
2024/25,1047257,Rio Cardines,International Friendlies,45,2025-05-31,Trinidad,Ghana,0:4,on the bench,,,,,,,,,,
2024/25,1047257,Rio Cardines,EFL Trophy,group B4,2024-08-20,Stevenage,Palace U21,1:0,,,,,,,,62,,28,
2024/25,1047257,Rio Cardines,EFL Trophy,group B4,2024-09-24,Gillingham,Palace U21,1:3,Not in squad,,,,,,,,,,
2024/25,1047257,Rio Cardines,EFL Trophy,group B4,2024-11-05,Peterborough,Palace U21,4:1,on the bench,,,,,,,,,,
2024/25,1047257,Rio Cardines,Premier League 2 Playoffs,Round of 16,2025-04-28,Palace U21,Brighton U21,3:1,LM,,,,,,,,,90,
2024/25,1047257,Rio Cardines,Premier League 2 Playoffs,Quarter-Finals,2025-05-02,Palace U21,Chelsea U21,6:0,LM,1,,,,,,,,90,
2024/25,1047257,Rio Cardines,Premier League 2 Playoffs,Semi-Finals,2025-05-12,Palace U21,Southampton U21,1:2 AET,LM,,,,,,,,,120,
2024/25,1047257,Rio Cardines,Premier League 2,2,2024-08-23,Blackburn U21,Palace U21,2:7,on the bench,,,,,,,,,,
2024/25,1047257,Rio Cardines,Premier League 2,3,2024-08-30,Leeds U21,Palace U21,1:1,,,,,,,,88,,2,
2024/25,1047257,Rio Cardines,Premier League 2,4,2024-09-20,Palace U21,Reading U21,1:1,Not in squad,,,,,,,,,,
2024/25,1047257,Rio Cardines,Premier League 2,5,2024-09-30,Palace U21,Nottingham U21,2:1,Not in squad,,,,,,,,,,
2024/25,1047257,Rio Cardines,Premier League 2,6,2024-10-05,Brighton U21,Palace U21,10:0,Not in squad,,,,,,,,,,
2024/25,1047257,Rio Cardines,Premier League 2,7,2024-10-25,Southampton U21,Palace U21,0:2,Not in squad,,,,,,,,,,
2024/25,1047257,Rio Cardines,Premier League 2,8,2024-11-01,Palace U21,Tottenham U21,5:1,Not in squad,,,,,,,,,,
2024/25,1047257,Rio Cardines,Premier League 2,9,2024-11-29,Newcastle U21,Palace U21,1:0,RM,,,,,,,,,90,
2024/25,1047257,Rio Cardines,Premier League 2,10,2024-12-16,Palace U21,Liverpool U21,3:3,LM,,,,,,,,,90,
2024/25,1047257,Rio Cardines,Premier League 2,1,2025-01-06,Palace U21,Fulham U21,0:1,,,,,,,,64,,26,
2024/25,1047257,Rio Cardines,Premier League 2,11,2025-01-10,Leicester U21,Palace U21,0:2,,,,,,,,46,,45,
2024/25,1047257,Rio Cardines,Premier League 2,12,2025-01-20,Palace U21,Wolves U21,0:1,,,,,,,,74,,16,
2024/25,1047257,Rio Cardines,Premier League 2,13,2025-01-27,Palace U21,Norwich U21,2:2,,,,,,,,63,,27,
2024/25,1047257,Rio Cardines,Premier League 2,14,2025-02-10,Stoke U21,Palace U21,1:2,,,,,,,,64,,26,
2024/25,1047257,Rio Cardines,Premier League 2,15,2025-02-17,Palace U21,Aston Villa U21,3:0,LM,,,,,,,,75,75,
2024/25,1047257,Rio Cardines,Premier League 2,16,2025-02-24,West Brom U21,Palace U21,0:2,LM,,,,,,,,,90,
2024/25,1047257,Rio Cardines,Premier League 2,17,2025-03-03,Palace U21,Arsenal U21,2:2,,,,,,,,46,,45,
2024/25,1047257,Rio Cardines,Premier League 2,18,2025-03-16,Man City U21,Palace U21,2:3,RM,1,,,,,,,,90,
2024/25,1047257,Rio Cardines,Premier League 2,19,2025-04-04,West Ham U21,Palace U21,2:5,,,,,,,,77,,13,
2024/25,1047257,Rio Cardines,Premier League 2,20,2025-04-14,Palace U21,Chelsea U21,2:4,,,,,,,,61,,29,
2024/25,1047257,Rio Cardines,Gold Cup Qualification,Qualifying Round 1st leg,2025-03-21,Cuba,Trinidad,1:2,Not in squad,,,,,,,,,,
2024/25,1047257,Rio Cardines,Gold Cup Qualification,Qualifying Round 2nd leg,2025-03-26,Trinidad,Cuba,4:0,Not in squad,,,,,,,,,,
2024/25,1047257,Rio Cardines,Gold Cup,Group D,2025-06-16,USA,Trinidad,5:0,,,,,,,,62,,28,
2024/25,1047257,Rio Cardines,Gold Cup,Group D,2025-06-20,Trinidad,Haiti,1:1,RB,,,,,,,,,90,
2024/25,1047257,Rio Cardines,Gold Cup,Group D,2025-06-23,Saudi Arabia,Trinidad,1:1,RB,,,,,,,,,90,
2024/25,1047257,Rio Cardines,CONCACAF Nations League A,Group B,2024-09-07,Honduras,Trinidad,4:0,Not in squad,,,,,,,,,,
2024/25,1047257,Rio Cardines,CONCACAF Nations League A,Group B,2024-09-11,Trinidad,French Guiana,0:0,Not in squad,,,,,,,,,,
2024/25,1047257,Rio Cardines,CONCACAF Nations League A,Group B,2024-10-10,Cuba,Trinidad,2:2,Not in squad,,,,,,,,,,
2024/25,1047257,Rio Cardines,CONCACAF Nations League A,Group B,2024-10-15,Trinidad,Cuba,3:1,Not in squad,,,,,,,,,,
2024/25,1047257,Rio Cardines,Premier League International Cup U21,Group D,2024-09-17,Palace U21,Real Sociedad B,2:2,Information not yet available,,,,,,,,,,
2024/25,1047257,Rio Cardines,Premier League International Cup U21,Group D,2024-10-18,Palace U21,Sporting B,1:2,Information not yet available,,,,,,,,,,
2024/25,1047257,Rio Cardines,Premier League International Cup U21,Group D,2024-12-10,Palace U21,RSCA Futures,3:1,LM,,,,,,,,90,90,
2024/25,1047257,Rio Cardines,Premier League International Cup U21,Group D,2025-01-17,Palace U21,RB Leipzig U19,1:2,Information not yet available,,,,,,,,,,
