﻿season,player_id,player_name,competition,journey,date,home_team,away_team,result,position,goals,assists,own_goals,yellow_cards,second_yellow_cards,red_cards,substitutions_on,substitutions_off,minutes_played,transfermarkt_score
2014/15,101118,Joel Robles,UEFA Europa League,Group H,2014-09-18,Everton,Wolfsburg,4:1,on the bench,,,,,,,,,,
2014/15,101118,Joel Robles,UEFA Europa League,Group H,2014-10-02,Krasnodar,Everton,1:1,on the bench,,,,,,,,,,
2014/15,101118,Joel Robles,UEFA Europa League,Group H,2014-10-23,Lille,Everton,0:0,on the bench,,,,,,,,,,
2014/15,101118,Joel Robles,UEFA Europa League,Group H,2014-11-06,Everton,Lille,3:0,on the bench,,,,,,,,,,
2014/15,101118,Joel Robles,UEFA Europa League,Group H,2014-11-27,Wolfsburg,Everton,0:2,on the bench,,,,,,,,,,
2014/15,101118,Joel Robles,UEFA Europa League,Group H,2014-12-11,Everton,Krasnodar,0:1,GK,,,,,,,,,90,
2014/15,101118,Joel Robles,UEFA Europa League,intermediate stage 1st leg,2015-02-19,Young Boys,Everton,1:4,on the bench,,,,,,,,,,
2014/15,101118,Joel Robles,UEFA Europa League,intermediate stage 2nd leg,2015-02-26,Everton,Young Boys,3:1,on the bench,,,,,,,,,,
2014/15,101118,Joel Robles,UEFA Europa League,last 16 1st leg,2015-03-12,Everton,Dynamo Kyiv,2:1,on the bench,,,,,,,,,,
2014/15,101118,Joel Robles,UEFA Europa League,last 16 2nd leg,2015-03-19,Dynamo Kyiv,Everton,5:2,on the bench,,,,,,,,,,
2014/15,101118,Joel Robles,Premier League,1,2014-08-16,Leicester,Everton,2:2,on the bench,,,,,,,,,,
2014/15,101118,Joel Robles,Premier League,2,2014-08-23,Everton,Arsenal,2:2,on the bench,,,,,,,,,,
2014/15,101118,Joel Robles,Premier League,3,2014-08-30,Everton,Chelsea,3:6,on the bench,,,,,,,,,,
2014/15,101118,Joel Robles,Premier League,4,2014-09-13,West Brom,Everton,0:2,on the bench,,,,,,,,,,
2014/15,101118,Joel Robles,Premier League,5,2014-09-21,Everton,Crystal Palace,2:3,on the bench,,,,,,,,,,
2014/15,101118,Joel Robles,Premier League,6,2014-09-27,Liverpool,Everton,1:1,on the bench,,,,,,,,,,
2014/15,101118,Joel Robles,Premier League,7,2014-10-05,Man Utd,Everton,2:1,on the bench,,,,,,,,,,
2014/15,101118,Joel Robles,Premier League,8,2014-10-18,Everton,Aston Villa,3:0,on the bench,,,,,,,,,,
2014/15,101118,Joel Robles,Premier League,9,2014-10-26,Burnley,Everton,1:3,on the bench,,,,,,,,,,
2014/15,101118,Joel Robles,Premier League,10,2014-11-01,Everton,Swansea,0:0,on the bench,,,,,,,,,,
2014/15,101118,Joel Robles,Premier League,11,2014-11-09,Sunderland,Everton,1:1,on the bench,,,,,,,,,,
2014/15,101118,Joel Robles,Premier League,12,2014-11-22,Everton,West Ham,2:1,on the bench,,,,,,,,,,
2014/15,101118,Joel Robles,Premier League,13,2014-11-30,Tottenham,Everton,2:1,on the bench,,,,,,,,,,
2014/15,101118,Joel Robles,Premier League,14,2014-12-03,Everton,Hull City,1:1,on the bench,,,,,,,,,,
2014/15,101118,Joel Robles,Premier League,15,2014-12-06,Man City,Everton,1:0,on the bench,,,,,,,,,,
2014/15,101118,Joel Robles,Premier League,16,2014-12-15,Everton,QPR,3:1,on the bench,,,,,,,,,,
2014/15,101118,Joel Robles,Premier League,17,2014-12-20,Southampton,Everton,3:0,on the bench,,,,,,,,,,
2014/15,101118,Joel Robles,Premier League,18,2014-12-26,Everton,Stoke City,0:1,GK,,,,,,,46,,45,
2014/15,101118,Joel Robles,Premier League,19,2014-12-28,Newcastle,Everton,3:2,GK,,,,,,,,,90,
2014/15,101118,Joel Robles,Premier League,20,2015-01-01,Hull City,Everton,2:0,GK,,,,,,,,,90,
2014/15,101118,Joel Robles,Premier League,21,2015-01-10,Everton,Man City,1:1,GK,,,,,,,,,90,
2014/15,101118,Joel Robles,Premier League,22,2015-01-19,Everton,West Brom,0:0,GK,,,,,,,,,90,
2014/15,101118,Joel Robles,Premier League,23,2015-01-31,Crystal Palace,Everton,0:1,GK,,,,91,,,,,90,
2014/15,101118,Joel Robles,Premier League,24,2015-02-07,Everton,Liverpool,0:0,GK,,,,,,,,,90,
2014/15,101118,Joel Robles,Premier League,25,2015-02-11,Chelsea,Everton,1:0,on the bench,,,,,,,,,,
2014/15,101118,Joel Robles,Premier League,26,2015-02-22,Everton,Leicester,2:2,on the bench,,,,,,,,,,
2014/15,101118,Joel Robles,Premier League,27,2015-03-01,Arsenal,Everton,2:0,on the bench,,,,,,,,,,
2014/15,101118,Joel Robles,Premier League,28,2015-03-04,Stoke City,Everton,2:0,on the bench,,,,,,,,,,
2014/15,101118,Joel Robles,Premier League,29,2015-03-15,Everton,Newcastle,3:0,on the bench,,,,,,,,,,
2014/15,101118,Joel Robles,Premier League,30,2015-03-22,QPR,Everton,1:2,on the bench,,,,,,,,,,
2014/15,101118,Joel Robles,Premier League,31,2015-04-04,Everton,Southampton,1:0,on the bench,,,,,,,,,,
2014/15,101118,Joel Robles,Premier League,32,2015-04-11,Swansea,Everton,1:1,on the bench,,,,,,,,,,
2014/15,101118,Joel Robles,Premier League,33,2015-04-18,Everton,Burnley,1:0,on the bench,,,,,,,,,,
2014/15,101118,Joel Robles,Premier League,34,2015-04-26,Everton,Man Utd,3:0,on the bench,,,,,,,,,,
2014/15,101118,Joel Robles,Premier League,35,2015-05-02,Aston Villa,Everton,3:2,on the bench,,,,,,,,,,
2014/15,101118,Joel Robles,Premier League,36,2015-05-09,Everton,Sunderland,0:2,on the bench,,,,,,,,,,
2014/15,101118,Joel Robles,Premier League,37,2015-05-16,West Ham,Everton,1:2,on the bench,,,,,,,,,,
2014/15,101118,Joel Robles,Premier League,38,2015-05-24,Everton,Tottenham,0:1,on the bench,,,,,,,,,,
2014/15,101118,Joel Robles,FA Cup,Third Round,2015-01-06,Everton,West Ham,1:1,GK,,,,,,,,,90,
2014/15,101118,Joel Robles,FA Cup,Third Round Replay,2015-01-13,West Ham,Everton,11:10 on pens,GK,,,,120,,,,,120,
2014/15,101118,Joel Robles,League Cup,Third Round,2014-09-23,Swansea,Everton,3:0,on the bench,,,,,,,,,,
2014/15,101118,Joel Robles,U21 Premier League,1,2014-08-18,Everton U21,Leicester U21,3:2,Not in squad,,,,,,,,,,
2014/15,101118,Joel Robles,U21 Premier League,2,2014-08-25,Fulham FC U21,Everton U21,2:1,Not in squad,,,,,,,,,,
2014/15,101118,Joel Robles,U21 Premier League,3,2014-09-14,Everton U21,Chelsea U21,0:2,Not in squad,,,,,,,,,,
2014/15,101118,Joel Robles,U21 Premier League,4,2014-09-22,Southampton U21,Everton U21,1:3,Not in squad,,,,,,,,,,
2014/15,101118,Joel Robles,U21 Premier League,7,2014-10-27,Everton U21,Norwich U21,3:0,Not in squad,,,,,,,,,,
2014/15,101118,Joel Robles,U21 Premier League,8,2014-10-31,Man City U21,Everton U21,3:1,Not in squad,,,,,,,,,,
2014/15,101118,Joel Robles,U21 Premier League,9,2014-12-01,Everton U21,Sunderland U21,3:2,GK,,,,,,,,,90,
2014/15,101118,Joel Robles,U21 Premier League,12,2015-01-12,Leicester U21,Everton U21,1:0,Not in squad,,,,,,,,,,
2014/15,101118,Joel Robles,U21 Premier League,10,2015-01-15,Everton U21,West Ham U21,2:0,Not in squad,,,,,,,,,,
2014/15,101118,Joel Robles,U21 Premier League,13,2015-01-26,Everton U21,Fulham FC U21,3:3,Not in squad,,,,,,,,,,
2014/15,101118,Joel Robles,U21 Premier League,14,2015-02-09,Everton U21,Southampton U21,3:1,Not in squad,,,,,,,,,,
2014/15,101118,Joel Robles,U21 Premier League,6,2015-02-17,Man Utd U21,Everton U21,0:0,Not in squad,,,,,,,,,,
2014/15,101118,Joel Robles,U21 Premier League,11,2015-03-02,Tottenham U21,Everton U21,4:0,Not in squad,,,,,,,,,,
2014/15,101118,Joel Robles,U21 Premier League,16,2015-03-09,Liverpool U21,Everton U21,2:1,Not in squad,,,,,,,,,,
2014/15,101118,Joel Robles,U21 Premier League,17,2015-03-16,Everton U21,Man Utd U21,1:2,Not in squad,,,,,,,,,,
2014/15,101118,Joel Robles,U21 Premier League,19,2015-04-12,Everton U21,Man City U21,1:2,Not in squad,,,,,,,,,,
2014/15,101118,Joel Robles,U21 Premier League,18,2015-04-20,Norwich U21,Everton U21,1:1,Not in squad,,,,,,,,,,
2014/15,101118,Joel Robles,U21 Premier League,15,2015-04-23,Chelsea U21,Everton U21,3:0,Not in squad,,,,,,,,,,
2014/15,101118,Joel Robles,U21 Premier League,5,2015-04-30,Everton U21,Liverpool U21,1:3,Not in squad,,,,,,,,,,
2014/15,101118,Joel Robles,U21 Premier League,20,2015-05-04,Sunderland U21,Everton U21,1:0,Not in squad,,,,,,,,,,
2014/15,101118,Joel Robles,U21 Premier League,21,2015-05-08,West Ham U21,Everton U21,1:2,Not in squad,,,,,,,,,,
2014/15,101118,Joel Robles,U21 Premier League,22,2015-05-18,Everton U21,Tottenham U21,3:1,Not in squad,,,,,,,,,,
2014/15,101118,Joel Robles,Premier League International Cup U21,Group D,2014-11-25,Everton U21,Celtic B,1:1,Not in squad,,,,,,,,,,
2014/15,101118,Joel Robles,Premier League International Cup U21,Group D,2015-02-11,Everton U21,Villarreal CF B,1:2,Not in squad,,,,,,,,,,
2014/15,101118,Joel Robles,Premier League International Cup U21,Group D,2015-03-05,Everton U21,Sunderland U21,1:0,Not in squad,,,,,,,,,,
2014/15,101118,Joel Robles,Premier League International Cup U21,Quarter-Finals,2015-04-16,Leicester U21,Everton U21,6:5 on pens,Not in squad,,,,,,,,,,
2014/15,101118,Joel Robles,U21 Premier League Cup,Third Round,2014-12-16,Huddersf. U21,Everton U21,2:0,Information not yet available,,,,,,,,,,
