﻿season,player_id,player_name,competition,journey,date,home_team,away_team,result,position,goals,assists,own_goals,yellow_cards,second_yellow_cards,red_cards,substitutions_on,substitutions_off,minutes_played,transfermarkt_score
2017/18,105470,Alisson,World Cup 2018,Group E,2018-06-17,Brazil,Switzerland,1:1,GK,,,,,,,,,90,
2017/18,105470,Alisson,World Cup 2018,Group E,2018-06-22,Brazil,Costa Rica,2:0,GK,,,,,,,,,90,
2017/18,105470,Alisson,World Cup 2018,Group E,2018-06-27,Serbia,Brazil,0:2,GK,,,,,,,,,90,
2018/19,105470,Alisson,World Cup 2018,Round of 16,2018-07-02,Brazil,Mexico,2:0,GK,,,,,,,,,90,
2018/19,105470,Alisson,World Cup 2018,Quarter-Finals,2018-07-06,Brazil,Belgium,1:2,GK,,,,,,,,,90,
2017/18,105470,Alisson,UEFA Champions League,Group C,2017-09-12,Roma,Atlético,0:0,GK,,,,,,,,,90,
2017/18,105470,Alisson,UEFA Champions League,Group C,2017-09-27,Qarabağ,Roma,1:2,GK,,,,,,,,,90,
2017/18,105470,Alisson,UEFA Champions League,Group C,2017-10-18,Chelsea,Roma,3:3,GK,,,,,,,,,90,
2017/18,105470,Alisson,UEFA Champions League,Group C,2017-10-31,Roma,Chelsea,3:0,GK,,,,,,,,,90,
2017/18,105470,Alisson,UEFA Champions League,Group C,2017-11-22,Atlético,Roma,2:0,GK,,,,,,,,,90,
2017/18,105470,Alisson,UEFA Champions League,Group C,2017-12-05,Roma,Qarabağ,1:0,GK,,,,,,,,,90,
2017/18,105470,Alisson,UEFA Champions League,last 16 1st leg,2018-02-21,Shakhtar D.,Roma,2:1,GK,,,,,,,,,90,
2017/18,105470,Alisson,UEFA Champions League,last 16 2nd leg,2018-03-13,Roma,Shakhtar D.,1:0,GK,,,,,,,,,90,
2017/18,105470,Alisson,UEFA Champions League,Quarter-Finals 1st leg,2018-04-04,Barcelona,Roma,4:1,GK,,,,,,,,,90,
2017/18,105470,Alisson,UEFA Champions League,Quarter-Finals 2nd leg,2018-04-10,Roma,Barcelona,3:0,GK,,,,,,,,,90,
2017/18,105470,Alisson,UEFA Champions League,Semi-Finals 1st Leg,2018-04-24,Liverpool,Roma,5:2,GK,,,,,,,,,90,
2017/18,105470,Alisson,UEFA Champions League,Semi-Finals 2nd Leg,2018-05-02,Roma,Liverpool,4:2,GK,,,,,,,,,90,
2017/18,105470,Alisson,International Friendlies,14,2017-11-10,Japan,Brazil,1:3,GK,,,,,,,,46,45,
2017/18,105470,Alisson,International Friendlies,6,2017-11-14,England,Brazil,0:0,GK,,,,,,,,,90,
2017/18,105470,Alisson,International Friendlies,5,2018-03-23,Russia,Brazil,0:3,GK,,,,,,,,,90,
2017/18,105470,Alisson,International Friendlies,4,2018-03-27,Germany,Brazil,0:1,GK,,,,,,,,,90,
2017/18,105470,Alisson,International Friendlies,12,2018-06-03,Brazil,Croatia,2:0,GK,,,,,,,,,90,
2017/18,105470,Alisson,International Friendlies,6,2018-06-10,Austria,Brazil,0:3,GK,,,,,,,,,90,
2017/18,105470,Alisson,Serie A,1,2017-08-20,Atalanta,Roma,0:1,GK,,,,,,,,,90,
2017/18,105470,Alisson,Serie A,2,2017-08-26,Roma,Inter,1:3,GK,,,,,,,,,90,
2017/18,105470,Alisson,Serie A,4,2017-09-16,Roma,Hellas Verona,3:0,GK,,,,,,,,,90,
2017/18,105470,Alisson,Serie A,5,2017-09-20,Benevento,Roma,0:4,GK,,,,,,,,,90,
2017/18,105470,Alisson,Serie A,6,2017-09-23,Roma,Udinese,3:1,GK,,,,,,,,,90,
2017/18,105470,Alisson,Serie A,7,2017-10-01,AC Milan,Roma,0:2,GK,,,,,,,,,90,
2017/18,105470,Alisson,Serie A,8,2017-10-14,Roma,Napoli,0:1,GK,,,,,,,,,90,
2017/18,105470,Alisson,Serie A,9,2017-10-22,Torino,Roma,0:1,GK,,,,78,,,,,90,
2017/18,105470,Alisson,Serie A,10,2017-10-25,Roma,Crotone,1:0,GK,,,,,,,,,90,
2017/18,105470,Alisson,Serie A,11,2017-10-28,Roma,Bologna,1:0,GK,,,,,,,,,90,
2017/18,105470,Alisson,Serie A,12,2017-11-05,Fiorentina,Roma,2:4,GK,,,,,,,,,90,
2017/18,105470,Alisson,Serie A,13,2017-11-18,Roma,Lazio,2:1,GK,,,,,,,,,90,
2017/18,105470,Alisson,Serie A,14,2017-11-26,Genoa,Roma,1:1,GK,,,,,,,,,90,
2017/18,105470,Alisson,Serie A,15,2017-12-01,Roma,SPAL,3:1,GK,,,,,,,,,90,
2017/18,105470,Alisson,Serie A,16,2017-12-10,Chievo Verona,Roma,0:0,GK,,,,,,,,,90,
2017/18,105470,Alisson,Serie A,17,2017-12-16,Roma,Cagliari,1:0,GK,,,,,,,,,90,
2017/18,105470,Alisson,Serie A,18,2017-12-23,Juventus,Roma,1:0,GK,,,,,,,,,90,
2017/18,105470,Alisson,Serie A,19,2017-12-30,Roma,Sassuolo,1:1,GK,,,,,,,,,90,
2017/18,105470,Alisson,Serie A,20,2018-01-06,Roma,Atalanta,1:2,GK,,,,,,,,,90,
2017/18,105470,Alisson,Serie A,21,2018-01-21,Inter,Roma,1:1,GK,,1,,,,,,,90,
2017/18,105470,Alisson,Serie A,3,2018-01-24,Sampdoria,Roma,1:1,GK,,,,,,,,,90,
2017/18,105470,Alisson,Serie A,22,2018-01-28,Roma,Sampdoria,0:1,GK,,,,,,,,,90,
2017/18,105470,Alisson,Serie A,23,2018-02-04,Hellas Verona,Roma,0:1,GK,,,,,,,,,90,
2017/18,105470,Alisson,Serie A,24,2018-02-11,Roma,Benevento,5:2,GK,,,,,,,,,90,
2017/18,105470,Alisson,Serie A,25,2018-02-17,Udinese,Roma,0:2,GK,,,,,,,,,90,
2017/18,105470,Alisson,Serie A,26,2018-02-25,Roma,AC Milan,0:2,GK,,,,,,,,,90,
2017/18,105470,Alisson,Serie A,27,2018-03-03,Napoli,Roma,2:4,GK,,,,,,,,,90,
2017/18,105470,Alisson,Serie A,28,2018-03-09,Roma,Torino,3:0,GK,,,,,,,,,90,
2017/18,105470,Alisson,Serie A,29,2018-03-18,Crotone,Roma,0:2,GK,,,,,,,,,90,
2017/18,105470,Alisson,Serie A,30,2018-03-31,Bologna,Roma,1:1,GK,,,,,,,,,90,
2017/18,105470,Alisson,Serie A,31,2018-04-07,Roma,Fiorentina,0:2,GK,,,,,,,,,90,
2017/18,105470,Alisson,Serie A,32,2018-04-15,Lazio,Roma,0:0,GK,,,,,,,,,90,
2017/18,105470,Alisson,Serie A,33,2018-04-18,Roma,Genoa,2:1,GK,,,,,,,,,90,
2017/18,105470,Alisson,Serie A,34,2018-04-21,SPAL,Roma,0:3,GK,,,,,,,,,90,
2017/18,105470,Alisson,Serie A,35,2018-04-28,Roma,Chievo Verona,4:1,GK,,,,,,,,,90,
2017/18,105470,Alisson,Serie A,36,2018-05-06,Cagliari,Roma,0:1,GK,,,,,,,,,90,
2017/18,105470,Alisson,Serie A,37,2018-05-13,Roma,Juventus,0:0,GK,,,,,,,,,90,
2017/18,105470,Alisson,Serie A,38,2018-05-20,Sassuolo,Roma,0:1,muscular problems,,,,,,,,,,
2017/18,105470,Alisson,Italy Cup,Round of 16,2017-12-20,Roma,Torino,1:2,on the bench,,,,,,,,,,
