﻿season,player_id,player_name,competition,journey,date,home_team,away_team,result,position,goals,assists,own_goals,yellow_cards,second_yellow_cards,red_cards,substitutions_on,substitutions_off,minutes_played,transfermarkt_score
2024/25,1088818,Joe Johnson,International Friendlies,6,2024-09-04,Italy U19,England U19,2:2,CB,,,,,,,,76,76,
2024/25,1088818,Joe Johnson,International Friendlies,2,2024-09-07,Croatia U19,England U19,1:1,,,,,,,,68,,22,
2024/25,1088818,Joe Johnson,International Friendlies,2,2024-09-10,Germany U19,England U19,3:2,,,,,,,,68,,22,
2024/25,1088818,Joe Johnson,International Friendlies,3,2024-10-09,England U19,Portugal U19,1:2,LB,,,,,,,74,,16,
2024/25,1088818,Joe Johnson,International Friendlies,4,2024-10-12,Netherlands U19,England U19,1:4,LB,,,,,,,,74,74,
2024/25,1088818,Joe Johnson,International Friendlies,37,2024-10-15,England U19,France U19,4:2,LB,,,,,,,,60,60,
2024/25,1088818,Joe Johnson,International Friendlies,7,2025-06-06,England U19,Iceland U19,3:1,LB,,,,,,,,46,45,
2024/25,1088818,Joe Johnson,Championship,1,2024-08-12,Luton,Burnley,1:4,CB,,,,,,,,80,80,
2024/25,1088818,Joe Johnson,Championship,2,2024-08-17,Portsmouth,Luton,0:0,on the bench,,,,,,,,,,
2024/25,1088818,Joe Johnson,Championship,3,2024-08-24,Preston,Luton,1:0,Not in squad,,,,,,,,,,
2024/25,1088818,Joe Johnson,Championship,4,2024-08-30,Luton,QPR,1:2,Not in squad,,,,,,,,,,
2024/25,1088818,Joe Johnson,Championship,5,2024-09-14,Millwall,Luton,0:1,Not in squad,,,,,,,,,,
2024/25,1088818,Joe Johnson,Championship,6,2024-09-21,Luton,Sheff Wed,2:1,Not in squad,,,,,,,,,,
2024/25,1088818,Joe Johnson,Championship,7,2024-09-27,Plymouth,Luton,3:1,Not in squad,,,,,,,,,,
2024/25,1088818,Joe Johnson,Championship,8,2024-10-01,Luton,Oxford United,2:2,on the bench,,,,,,,,,,
2024/25,1088818,Joe Johnson,Championship,9,2024-10-05,Sheff Utd,Luton,2:0,on the bench,,,,,,,,,,
2024/25,1088818,Joe Johnson,Championship,10,2024-10-19,Luton,Watford,3:0,,,,,,,,53,,37,
2024/25,1088818,Joe Johnson,Championship,11,2024-10-23,Luton,Sunderland,1:2,on the bench,,,,,,,,,,
2024/25,1088818,Joe Johnson,Championship,12,2024-10-26,Coventry,Luton,3:2,on the bench,,,,,,,,,,
2024/25,1088818,Joe Johnson,Championship,13,2024-11-01,Luton,West Brom,1:1,on the bench,,,,,,,,,,
2024/25,1088818,Joe Johnson,Championship,14,2024-11-06,Luton,Cardiff,1:0,Not in squad,,,,,,,,,,
2024/25,1088818,Joe Johnson,Championship,15,2024-11-09,Middlesbrough,Luton,5:1,Not in squad,,,,,,,,,,
2024/25,1088818,Joe Johnson,Championship,16,2024-11-23,Luton,Hull City,1:0,Not in squad,,,,,,,,,,
2024/25,1088818,Joe Johnson,Championship,17,2024-11-27,Leeds,Luton,3:0,Not in squad,,,,,,,,,,
2024/25,1088818,Joe Johnson,Championship,18,2024-11-30,Norwich,Luton,4:2,Not in squad,,,,,,,,,,
2024/25,1088818,Joe Johnson,Championship,19,2024-12-07,Luton,Swansea,1:1,on the bench,,,,,,,,,,
2024/25,1088818,Joe Johnson,Championship,20,2024-12-10,Luton,Stoke City,2:1,on the bench,,,,,,,,,,
2024/25,1088818,Joe Johnson,Championship,21,2024-12-14,Blackburn,Luton,2:0,,,,,,,,77,,13,
2024/25,1088818,Joe Johnson,Championship,22,2024-12-20,Luton,Derby,2:1,,,,,,,,86,,4,
2024/25,1088818,Joe Johnson,Championship,23,2024-12-26,Bristol City,Luton,1:0,CB,,,,,,,,88,88,
2024/25,1088818,Joe Johnson,Championship,24,2024-12-29,Swansea,Luton,2:1,LM,,,,31,68,,,,68,
2024/25,1088818,Joe Johnson,Championship,25,2025-01-01,Luton,Norwich,0:1,Not in squad,,,,,,,,,,
2024/25,1088818,Joe Johnson,Championship,26,2025-01-06,QPR,Luton,2:1,Not in squad,,,,,,,,,,
2024/25,1088818,Joe Johnson,Championship,27,2025-01-18,Luton,Preston,0:0,Not in squad,,,,,,,,,,
2024/25,1088818,Joe Johnson,Championship,28,2025-01-21,Oxford United,Luton,3:2,Not in squad,,,,,,,,,,
2024/25,1088818,Joe Johnson,Championship,29,2025-01-25,Luton,Millwall,0:1,Not in squad,,,,,,,,,,
2024/25,1088818,Joe Johnson,Championship,30,2025-02-01,Sheff Wed,Luton,1:1,LB,,,,,,,,,90,
2024/25,1088818,Joe Johnson,Championship,32,2025-02-12,Sunderland,Luton,2:0,LB,,,,94,,,,,90,
2024/25,1088818,Joe Johnson,Championship,33,2025-02-15,Luton,Sheff Utd,0:1,on the bench,,,,,,,,,,
2024/25,1088818,Joe Johnson,Championship,31,2025-02-19,Luton,Plymouth,1:1,on the bench,,,,,,,,,,
2024/25,1088818,Joe Johnson,Championship,34,2025-02-23,Watford,Luton,2:0,on the bench,,,,,,,,,,
2024/25,1088818,Joe Johnson,Championship,35,2025-03-01,Luton,Portsmouth,1:0,Not in squad,,,,,,,,,,
2024/25,1088818,Joe Johnson,Championship,36,2025-03-08,Burnley,Luton,4:0,Not in squad,,,,,,,,,,
2024/25,1088818,Joe Johnson,Championship,37,2025-03-11,Cardiff,Luton,1:2,Not in squad,,,,,,,,,,
2024/25,1088818,Joe Johnson,Championship,38,2025-03-15,Luton,Middlesbrough,0:0,Not in squad,,,,,,,,,,
2024/25,1088818,Joe Johnson,Championship,39,2025-03-29,Hull City,Luton,0:1,Not in squad,,,,,,,,,,
2024/25,1088818,Joe Johnson,Championship,40,2025-04-05,Luton,Leeds,1:1,Not in squad,,,,,,,,,,
2024/25,1088818,Joe Johnson,Championship,41,2025-04-08,Stoke City,Luton,1:1,Not in squad,,,,,,,,,,
2024/25,1088818,Joe Johnson,Championship,42,2025-04-12,Luton,Blackburn,0:1,Not in squad,,,,,,,,,,
2024/25,1088818,Joe Johnson,Championship,43,2025-04-18,Derby,Luton,0:1,Not in squad,,,,,,,,,,
2024/25,1088818,Joe Johnson,Championship,44,2025-04-21,Luton,Bristol City,3:1,Not in squad,,,,,,,,,,
2024/25,1088818,Joe Johnson,Championship,45,2025-04-26,Luton,Coventry,1:0,Not in squad,,,,,,,,,,
2024/25,1088818,Joe Johnson,Championship,46,2025-05-03,West Brom,Luton,5:3,Not in squad,,,,,,,,,,
2024/25,1088818,Joe Johnson,FA Cup,Third Round,2025-01-11,Nott'm Forest,Luton,2:0,Not in squad,,,,,,,,,,
2024/25,1088818,Joe Johnson,EFL Cup,Second Round,2024-08-27,QPR,Luton,5:2 on pens,on the bench,,,,,,,,,,
2024/25,1088818,Joe Johnson,2025 UEFA Under-19 Euro,Group B,2025-06-14,England U19,Norway U19,2:2,,,,,,,,87,,3,
2024/25,1088818,Joe Johnson,2025 UEFA Under-19 Euro,Group B,2025-06-17,Germany U19,England U19,5:5,on the bench,,,,,,,,,,
2024/25,1088818,Joe Johnson,2025 UEFA Under-19 Euro,Group B,2025-06-20,Netherlands U19,England U19,4:2,on the bench,,,,,,,,,,
2024/25,1088818,Joe Johnson,UEFA EURO U19 Championship Qualifiers,Group 3,2024-11-13,England U19,Lithuania U19,1:0,CB,,,,,,,,,90,
2024/25,1088818,Joe Johnson,UEFA EURO U19 Championship Qualifiers,Group 3,2024-11-16,England U19,Bulgaria U19,2:1,CB,,,,,,,,,90,
2024/25,1088818,Joe Johnson,UEFA EURO U19 Championship Qualifiers,Group 3,2024-11-19,Belgium U19,England U19,0:0,on the bench,,,,,,,,,,
2024/25,1088818,Joe Johnson,UEFA EURO U19 Championship Qualifiers,group B7,2025-03-19,Wales U19,England U19,0:2,LB,,,,,,,,,90,
2024/25,1088818,Joe Johnson,UEFA EURO U19 Championship Qualifiers,group B7,2025-03-22,England U19,Türkiye U19,0:0,on the bench,,,,,,,,,,
2024/25,1088818,Joe Johnson,UEFA EURO U19 Championship Qualifiers,group B7,2025-03-25,England U19,Portugal U19,1:0,Not in squad,,,,,,,,,,
2024/25,1088818,Joe Johnson,Premier League Cup,Group G,2024-10-04,Luton U21,Burnley U21,1:4,Not in squad,,,,,,,,,,
2024/25,1088818,Joe Johnson,Premier League Cup,Group G,2024-10-21,Reading U21,Luton U21,1:2,Not in squad,,,,,,,,,,
2024/25,1088818,Joe Johnson,Premier League Cup,Group G,2024-11-08,Brighton U21,Luton U21,1:2,CB,,,,,,,,,90,
2024/25,1088818,Joe Johnson,Premier League Cup,Group G,2024-11-22,Burnley U21,Luton U21,5:0,CB,,,,,,,,,90,
2024/25,1088818,Joe Johnson,Premier League Cup,Group G,2025-01-24,Luton U21,Reading U21,2:2,Not in squad,,,,,,,,,,
2024/25,1088818,Joe Johnson,Premier League Cup,Group G,2025-02-04,Luton U21,Brighton U21,3:0,Not in squad,,,,,,,,,,
2024/25,1088818,Joe Johnson,Premier League Cup,Round of 16,2025-03-07,Nottingham U21,Luton U21,2:0,CB,,,,,,,,,90,
