﻿season,player_id,player_name,competition,journey,date,home_team,away_team,result,position,goals,assists,own_goals,yellow_cards,second_yellow_cards,red_cards,substitutions_on,substitutions_off,minutes_played,transfermarkt_score
2022/23,102017,Jorginho,UEFA Champions League,Group E,2022-09-06,Dinamo Zagreb,Chelsea,1:0,DM,,,,,,,59,,31,
2022/23,102017,Jorginho,UEFA Champions League,Group E,2022-09-14,Chelsea,Salzburg,1:1,DM,,,,,,,,,90,
2022/23,102017,Jorginho,UEFA Champions League,Group E,2022-10-05,Chelsea,AC Milan,3:0,,,,,,,,66,,24,
2022/23,102017,Jorginho,UEFA Champions League,Group E,2022-10-11,AC Milan,Chelsea,0:2,DM,1,,,,,,,,90,
2022/23,102017,Jorginho,UEFA Champions League,Group E,2022-10-25,Salzburg,Chelsea,1:2,DM,,,,,,,,,90,
2022/23,102017,Jorginho,UEFA Champions League,Group E,2022-11-02,Chelsea,Dinamo Zagreb,2:1,DM,,,,,,,,,90,
2022/23,102017,Jorginho,UEFA Europa League,last 16 1st leg,2023-03-09,Sporting,Arsenal,2:2,DM,,,,,,,,71,71,
2022/23,102017,Jorginho,UEFA Europa League,last 16 2nd leg,2023-03-16,Arsenal,Sporting,4:6 on pens,DM,,,,,,,,65,65,
2022/23,102017,Jorginho,European Qualifiers,Group C,2023-03-23,Italy,England,1:2,DM,,,,61,,,,69,69,
2022/23,102017,Jorginho,European Qualifiers,Group C,2023-03-26,Malta,Italy,0:2,on the bench,,,,,,,,,,
2023/24,102017,Jorginho,European Qualifiers,Group C,2023-09-09,North Macedonia,Italy,1:1,Not in squad,,,,,,,,,,
2023/24,102017,Jorginho,European Qualifiers,Group C,2023-09-12,Italy,Ukraine,2:1,Not in squad,,,,,,,,,,
2023/24,102017,Jorginho,European Qualifiers,Group C,2023-10-14,Italy,Malta,4:0,Not in squad,,,,,,,,,,
2023/24,102017,Jorginho,European Qualifiers,Group C,2023-10-17,England,Italy,3:1,Not in squad,,,,,,,,,,
2023/24,102017,Jorginho,European Qualifiers,Group C,2023-11-17,Italy,North Macedonia,5:2,DM,,,,,,,,62,62,
2023/24,102017,Jorginho,European Qualifiers,Group C,2023-11-20,Ukraine,Italy,0:0,DM,,,,,,,,71,71,
2022/23,102017,Jorginho,International Friendlies,5,2022-11-16,Albania,Italy,1:3,Not in squad,,,,,,,,,,
2022/23,102017,Jorginho,International Friendlies,5,2022-11-20,Austria,Italy,2:0,Not in squad,,,,,,,,,,
2022/23,102017,Jorginho,UEFA Nations League Finals,Semi-Finals,2023-06-15,Spain,Italy,2:1,DM,,,,,,,,61,61,
2022/23,102017,Jorginho,UEFA Nations League Finals,Third Place Play-Off,2023-06-18,Netherlands,Italy,2:3,on the bench,,,,,,,,,,
2021/22,102017,Jorginho,UEFA Nations League A,Group 3,2022-06-04,Italy,Germany,1:1,Not in squad,,,,,,,,,,
2021/22,102017,Jorginho,UEFA Nations League A,Group 3,2022-06-07,Italy,Hungary,2:1,Not in squad,,,,,,,,,,
2021/22,102017,Jorginho,UEFA Nations League A,Group 3,2022-06-11,England,Italy,0:0,Not in squad,,,,,,,,,,
2021/22,102017,Jorginho,UEFA Nations League A,Group 3,2022-06-14,Germany,Italy,5:2,Not in squad,,,,,,,,,,
2022/23,102017,Jorginho,UEFA Nations League A,Group 3,2022-09-23,Italy,England,1:0,DM,,,,,,,,89,89,
2022/23,102017,Jorginho,UEFA Nations League A,Group 3,2022-09-26,Hungary,Italy,0:2,DM,,,,,,,,73,73,
2022/23,102017,Jorginho,Premier League,1,2022-08-06,Everton,Chelsea,0:1,DM,1,,,,,,,90,90,
2022/23,102017,Jorginho,Premier League,2,2022-08-14,Chelsea,Tottenham,2:2,DM,,,,,,,,73,73,
2022/23,102017,Jorginho,Premier League,3,2022-08-21,Leeds,Chelsea,3:0,CM,,,,,,,,64,64,
2022/23,102017,Jorginho,Premier League,4,2022-08-27,Chelsea,Leicester,2:1,DM,,,,,,,,75,75,
2022/23,102017,Jorginho,Premier League,5,2022-08-30,Southampton,Chelsea,2:1,DM,,,,,,,,66,66,
2022/23,102017,Jorginho,Premier League,6,2022-09-03,Chelsea,West Ham,2:1,DM,,,,,,,83,,7,
2022/23,102017,Jorginho,Premier League,9,2022-10-01,Crystal Palace,Chelsea,1:2,DM,,,,,,,,56,56,
2022/23,102017,Jorginho,Premier League,10,2022-10-08,Chelsea,Wolves,3:0,DM,,,,61,,,,,90,
2022/23,102017,Jorginho,Premier League,11,2022-10-16,Aston Villa,Chelsea,0:2,,,,,,,,65,,25,
2022/23,102017,Jorginho,Premier League,12,2022-10-19,Brentford,Chelsea,0:0,DM,,,,,,,,,90,
2022/23,102017,Jorginho,Premier League,13,2022-10-22,Chelsea,Man Utd,1:1,DM,1,,,92,,,,,90,
2022/23,102017,Jorginho,Premier League,14,2022-10-29,Brighton,Chelsea,4:1,on the bench,,,,,,,,,,
2022/23,102017,Jorginho,Premier League,15,2022-11-06,Chelsea,Arsenal,0:1,DM,,,,,,,,,90,
2022/23,102017,Jorginho,Premier League,16,2022-11-12,Newcastle,Chelsea,1:0,DM,,,,30,,,,,90,
2022/23,102017,Jorginho,Premier League,17,2022-12-27,Chelsea,Bournemouth,2:0,DM,,,,,,,,,90,
2022/23,102017,Jorginho,Premier League,18,2023-01-01,Nott'm Forest,Chelsea,1:1,DM,,,,,,,,72,72,
2022/23,102017,Jorginho,Premier League,19,2023-01-05,Chelsea,Man City,0:1,on the bench,,,,,,,,,,
2022/23,102017,Jorginho,Premier League,7,2023-01-12,Fulham,Chelsea,2:1,DM,,,,,,,56,,34,
2022/23,102017,Jorginho,Premier League,20,2023-01-15,Chelsea,Crystal Palace,1:0,DM,,,,49,,,,,90,
2022/23,102017,Jorginho,Premier League,21,2023-01-21,Liverpool,Chelsea,0:0,DM,,,,,,,,,90,
2021/22,102017,Jorginho,Premier League,,,,,,,,,,,,,,,,
2022/23,102017,Jorginho,Premier League,22,2023-02-04,Everton,Arsenal,1:0,DM,,,,,,,59,,31,
2022/23,102017,Jorginho,Premier League,23,2023-02-11,Arsenal,Brentford,1:1,on the bench,,,,,,,,,,
2022/23,102017,Jorginho,Premier League,12,2023-02-15,Arsenal,Man City,1:3,DM,,,,,,,,,90,
2022/23,102017,Jorginho,Premier League,24,2023-02-18,Aston Villa,Arsenal,2:4,DM,,,,,,,,,90,
2022/23,102017,Jorginho,Premier League,25,2023-02-25,Leicester,Arsenal,0:1,DM,,,,,,,,,90,
2022/23,102017,Jorginho,Premier League,7,2023-03-01,Arsenal,Everton,4:0,DM,,,,,,,,46,45,
2022/23,102017,Jorginho,Premier League,26,2023-03-04,Arsenal,Bournemouth,3:2,on the bench,,,,,,,,,,
2022/23,102017,Jorginho,Premier League,27,2023-03-12,Fulham,Arsenal,0:3,on the bench,,,,,,,,,,
2022/23,102017,Jorginho,Premier League,28,2023-03-19,Arsenal,Crystal Palace,4:1,,,,,,,,83,,7,
2022/23,102017,Jorginho,Premier League,29,2023-04-01,Arsenal,Leeds,4:1,,,,,,,,60,,30,
2022/23,102017,Jorginho,Premier League,30,2023-04-09,Liverpool,Arsenal,2:2,on the bench,,,,,,,,,,
2022/23,102017,Jorginho,Premier League,31,2023-04-16,West Ham,Arsenal,2:2,,,,,,,,67,,23,
2022/23,102017,Jorginho,Premier League,32,2023-04-21,Arsenal,Southampton,3:3,on the bench,,,,,,,,,,
2022/23,102017,Jorginho,Premier League,33,2023-04-26,Man City,Arsenal,4:1,CM,,,,,,,60,,30,
2022/23,102017,Jorginho,Premier League,34,2023-05-02,Arsenal,Chelsea,3:1,DM,,,,,,,,86,86,
2022/23,102017,Jorginho,Premier League,35,2023-05-07,Newcastle,Arsenal,0:2,DM,,1,,,,,,,90,
2022/23,102017,Jorginho,Premier League,36,2023-05-14,Arsenal,Brighton,0:3,DM,,,,,,,,60,60,
2022/23,102017,Jorginho,Premier League,37,2023-05-20,Nott'm Forest,Arsenal,1:0,DM,,,,,,,,,90,
2022/23,102017,Jorginho,Premier League,38,2023-05-28,Arsenal,Wolves,5:0,DM,,,,,,,,,90,
2022/23,102017,Jorginho,FA Cup,Third Round,2023-01-08,Man City,Chelsea,4:0,DM,,,,,,,,63,63,
2022/23,102017,Jorginho,EFL Cup,Third Round,2022-11-09,Man City,Chelsea,2:0,Not in squad,,,,,,,,,,
