﻿season,player_id,player_name,competition,journey,date,home_team,away_team,result,position,goals,assists,own_goals,yellow_cards,second_yellow_cards,red_cards,substitutions_on,substitutions_off,minutes_played,transfermarkt_score
2016/17,108354,Jordan Ayew,International Friendlies,2,2016-09-06,Russia,Ghana,1:0,CF,,,,,,,,,90,
2016/17,108354,Jordan Ayew,International Friendlies,2,2016-10-11,South Africa,Ghana,1:1,Not in squad,,,,,,,,,,
2016/17,108354,Jordan Ayew,International Friendlies,19,2017-06-29,Mexico,Ghana,1:0,Not in squad,,,,,,,,,,
2016/17,108354,Jordan Ayew,Premier League,23,2017-01-31,Swansea,Southampton,2:1,Called up to national team,,,,,,,,,,
2016/17,108354,Jordan Ayew,Premier League,24,2017-02-05,Man City,Swansea,2:1,Not in squad,,,,,,,,,,
2016/17,108354,Jordan Ayew,Premier League,25,2017-02-12,Swansea,Leicester,2:0,CF,,,,,,,72,,18,
2016/17,108354,Jordan Ayew,Premier League,26,2017-02-25,Chelsea,Swansea,3:1,LW,,,,,,,76,,14,
2016/17,108354,Jordan Ayew,Premier League,27,2017-03-04,Swansea,Burnley,3:2,Centre Forward,,,,,,,73,,17,
2016/17,108354,Jordan Ayew,Premier League,28,2017-03-11,Hull City,Swansea,2:1,CF,,,,,,,45,,45,
2016/17,108354,Jordan Ayew,Premier League,29,2017-03-18,Bournemouth,Swansea,2:0,Centre Forward,,,,,,,,56,56,
2016/17,108354,Jordan Ayew,Premier League,30,2017-04-02,Swansea,Middlesbrough,0:0,CF,,,,,,,,,90,
2016/17,108354,Jordan Ayew,Premier League,31,2017-04-05,Swansea,Tottenham,1:3,CF,,1,,17,,,,75,75,
2016/17,108354,Jordan Ayew,Premier League,32,2017-04-08,West Ham,Swansea,1:0,CF,,,,,,,,,90,
2016/17,108354,Jordan Ayew,Premier League,33,2017-04-15,Watford,Swansea,1:0,CF,,,,,,,81,,9,
2016/17,108354,Jordan Ayew,Premier League,34,2017-04-22,Swansea,Stoke City,2:0,Centre Forward,,1,,,,,,,90,
2016/17,108354,Jordan Ayew,Premier League,35,2017-04-30,Man Utd,Swansea,1:1,CF,,,,,,,,,90,
2016/17,108354,Jordan Ayew,Premier League,36,2017-05-06,Swansea,Everton,1:0,CF,,1,,,,,,,90,
2016/17,108354,Jordan Ayew,Premier League,37,2017-05-13,Sunderland,Swansea,0:2,CF,,,,,,,,,90,
2016/17,108354,Jordan Ayew,Premier League,38,2017-05-21,Swansea,West Brom,2:1,LW,1,,,,,,,90,90,
2016/17,108354,Jordan Ayew,Championship,1,2016-08-07,Sheff Wed,Aston Villa,1:0,LW,,,,,,,,,90,
2016/17,108354,Jordan Ayew,Championship,2,2016-08-13,Aston Villa,Rotherham,3:0,Centre Forward,,,,27,,,,74,74,
2016/17,108354,Jordan Ayew,Championship,3,2016-08-16,Aston Villa,Huddersfield,1:1,Centre Forward,,,,,,,,,90,
2016/17,108354,Jordan Ayew,Championship,4,2016-08-20,Derby,Aston Villa,0:0,Centre Forward,,,,,,,,,90,
2016/17,108354,Jordan Ayew,Championship,5,2016-08-27,Bristol City,Aston Villa,3:1,CF,,,,56,,,,,90,
2016/17,108354,Jordan Ayew,Championship,6,2016-09-11,Aston Villa,Nott'm Forest,2:2,Centre Forward,,2,,93,,,,,90,
2016/17,108354,Jordan Ayew,Championship,7,2016-09-14,Aston Villa,Brentford,1:1,LW,,,,,,,,,90,
2016/17,108354,Jordan Ayew,Championship,8,2016-09-17,Ipswich,Aston Villa,0:0,CF,,,,,,,,,90,
2016/17,108354,Jordan Ayew,Championship,9,2016-09-24,Aston Villa,Newcastle,1:1,CF,,1,,,,,,,90,
2016/17,108354,Jordan Ayew,Championship,10,2016-09-27,Barnsley,Aston Villa,1:1,LW,1,,,,,,,,90,
2016/17,108354,Jordan Ayew,Championship,11,2016-10-01,Preston,Aston Villa,2:0,LW,,,,,,,,,90,
2016/17,108354,Jordan Ayew,Championship,12,2016-10-15,Aston Villa,Wolves,1:1,on the bench,,,,,,,,,,
2016/17,108354,Jordan Ayew,Championship,13,2016-10-18,Reading,Aston Villa,1:2,LW,1,,,,,,77,,13,
2016/17,108354,Jordan Ayew,Championship,14,2016-10-22,Aston Villa,Fulham,1:0,LW,,,,,,,,86,86,
2016/17,108354,Jordan Ayew,Championship,15,2016-10-30,Birmingham,Aston Villa,1:1,LW,,1,,63,,,,81,81,
2016/17,108354,Jordan Ayew,Championship,16,2016-11-05,Aston Villa,Blackburn,2:1,Yellow card suspension,,,,,,,,,,
2016/17,108354,Jordan Ayew,Championship,17,2016-11-18,Brighton,Aston Villa,1:1,LW,,,,,,,55,,35,
2016/17,108354,Jordan Ayew,Championship,18,2016-11-26,Aston Villa,Cardiff,3:1,LW,,,,,,,,63,63,
2016/17,108354,Jordan Ayew,Championship,19,2016-12-03,Leeds,Aston Villa,2:0,Centre Forward,,,,90,,,77,,13,
2016/17,108354,Jordan Ayew,Championship,20,2016-12-10,Aston Villa,Wigan,1:0,LW,,,,,,,,,90,
2016/17,108354,Jordan Ayew,Championship,21,2016-12-13,Norwich,Aston Villa,1:0,Centre Forward,,,,,,,,80,80,
2016/17,108354,Jordan Ayew,Championship,22,2016-12-18,QPR,Aston Villa,0:1,on the bench,,,,,,,,,,
2016/17,108354,Jordan Ayew,Championship,23,2016-12-26,Aston Villa,Burton Albion,2:1,LW,,,,,,,75,,15,
2016/17,108354,Jordan Ayew,Championship,24,2016-12-29,Aston Villa,Leeds,1:1,Centre Forward,,,,,,,,78,78,
2016/17,108354,Jordan Ayew,Championship,25,2017-01-02,Cardiff,Aston Villa,1:0,on the bench,,,,,,,,,,
2016/17,108354,Jordan Ayew,Championship,26,2017-01-14,Wolves,Aston Villa,1:0,Called up to national team,,,,,,,,,,
2016/17,108354,Jordan Ayew,Championship,27,2017-01-21,Aston Villa,Preston,2:2,Called up to national team,,,,,,,,,,
2016/17,108354,Jordan Ayew,FA Cup,Third Round,2017-01-08,Tottenham,Aston Villa,2:0,Called up to national team,,,,,,,,,,
2016/17,108354,Jordan Ayew,EFL Cup,First Round,2016-08-10,Luton,Aston Villa,3:1,CF,1,,,43,,,,,90,
2015/16,108354,Jordan Ayew,World Cup Qualification Africa,Second Round 1st leg,2015-11-13,Comoros,Ghana,0:0,CF,,,,,,,,,90,
2015/16,108354,Jordan Ayew,World Cup Qualification Africa,Second Round 2nd leg,2015-11-17,Ghana,Comoros,2:0,CF,1,,,,,,,,90,
2016/17,108354,Jordan Ayew,World Cup Qualification Africa,Group E,2016-10-07,Ghana,Uganda,0:0,CF,,,,,,,,,90,
2016/17,108354,Jordan Ayew,World Cup Qualification Africa,Group E,2016-11-13,Egypt,Ghana,2:0,CF,,,,75,,,,,90,
2017/18,108354,Jordan Ayew,World Cup Qualification Africa,Group E,2017-09-01,Ghana,Congo,1:1,CF,,,,,,,,,90,
2017/18,108354,Jordan Ayew,World Cup Qualification Africa,Group E,2017-09-05,Congo,Ghana,1:5,Not in squad,,,,,,,,,,
2017/18,108354,Jordan Ayew,World Cup Qualification Africa,Group E,2017-10-07,Uganda,Ghana,0:0,Not in squad,,,,,,,,,,
2017/18,108354,Jordan Ayew,World Cup Qualification Africa,Group E,2017-11-12,Ghana,Egypt,1:1,Not in squad,,,,,,,,,,
2016/17,108354,Jordan Ayew,Africa Cup of Nations,Group D,2017-01-17,Ghana,Uganda,1:0,CF,,,,,,,,85,85,
2016/17,108354,Jordan Ayew,Africa Cup of Nations,Group D,2017-01-21,Ghana,Mali,1:0,CF,,1,,,,,,90,90,
2016/17,108354,Jordan Ayew,Africa Cup of Nations,Group D,2017-01-25,Egypt,Ghana,1:0,CF,,,,,,,41,,49,
2016/17,108354,Jordan Ayew,Africa Cup of Nations,Quarter-Finals,2017-01-29,DR Congo,Ghana,1:2,CF,1,,,,,,,,90,
2016/17,108354,Jordan Ayew,Africa Cup of Nations,Semi-Finals,2017-02-02,Cameroon,Ghana,2:0,CF,,,,,,,,,90,
2016/17,108354,Jordan Ayew,Africa Cup of Nations,Third Place Play-Off,2017-02-04,Burkina Faso,Ghana,1:0,CF,,,,,,,,75,75,
