﻿season,player_id,player_name,competition,journey,date,home_team,away_team,result,position,goals,assists,own_goals,yellow_cards,second_yellow_cards,red_cards,substitutions_on,substitutions_off,minutes_played,transfermarkt_score
2025/26,1031256,Callum McFarlane,National League North,16,2025-11-04,Oxford City,Hereford,3:0,CF,,,,,,,,71,71,
2025/26,1031256,Callum McFarlane,National League North,17,2025-11-08,Hereford,Southport,1:2,CF,,,,,,,,55,55,
2025/26,1031256,Callum McFarlane,National League North,19,2025-11-25,Chester,Hereford,1:1,CF,,,,,,,,57,57,
2025/26,1031256,Callum McFarlane,National League North,20,2025-11-29,Hereford,Marine FC,postponed,Information not yet available,,,,,,,,,,
2025/26,1031256,Callum McFarlane,National League,1,2025-08-09,Solihull Moors,Forest Green,2:2,CM,,,,,,,,11,11,
2025/26,1031256,Callum McFarlane,National League,2,2025-08-16,Sutton Utd,Solihull Moors,0:0,CF,,,,,,,,52,52,
2025/26,1031256,Callum McFarlane,National League,3,2025-08-19,Carlisle United,Solihull Moors,1:1,CF,,,,,,,,86,86,
2025/26,1031256,Callum McFarlane,National League,4,2025-08-23,Solihull Moors,Aldershot,1:5,CF,,,,,,,,46,45,
2025/26,1031256,Callum McFarlane,National League,5,2025-08-25,Altrincham,Solihull Moors,2:0,,,,,,,,70,,20,
2025/26,1031256,Callum McFarlane,National League,6,2025-08-30,Solihull Moors,Southend United,1:2,,,,,,,,74,,16,
2025/26,1031256,Callum McFarlane,National League,7,2025-09-02,Solihull Moors,Yeovil Town,0:1,,,,,,,,89,,1,
2025/26,1031256,Callum McFarlane,National League,8,2025-09-06,Boston Utd,Solihull Moors,1:2,,,,,,,,72,,18,
2025/26,1031256,Callum McFarlane,National League,9,2025-09-13,Solihull Moors,Morecambe FC,4:4,,,,,,,,82,,8,
2025/26,1031256,Callum McFarlane,National League,10,2025-09-20,York City,Solihull Moors,0:1,,,,,,,,88,,2,
2025/26,1031256,Callum McFarlane,National League,11,2025-09-23,Rochdale,Solihull Moors,4:1,,1,,,,,,55,,35,
2025/26,1031256,Callum McFarlane,National League,12,2025-09-27,Solihull Moors,Brackley,1:0,,,,,,,,77,,13,
2025/26,1031256,Callum McFarlane,National League,13,2025-09-30,Solihull Moors,Woking,0:3,CF,,,,,,,,72,72,
2025/26,1031256,Callum McFarlane,National League,14,2025-10-04,Eastleigh,Solihull Moors,1:1,LM,,,,,,,,62,62,
2025/26,1031256,Callum McFarlane,National League,15,2025-10-18,Solihull Moors,Braintree,2:0,Not in squad,,,,,,,,,,
2025/26,1031256,Callum McFarlane,National League,16,2025-10-25,Hartlepool,Solihull Moors,2:0,Not in squad,,,,,,,,,,
2025/26,1031256,Callum McFarlane,National League Cup,Group A,2025-08-12,Solihull Moors,Everton U21,1:2,CF,,,,,,,,46,45,
2025/26,1031256,Callum McFarlane,National League Cup,Group A,2025-09-16,Solihull Moors,Burnley U21,5:4 on pens,CF,,,,,,,,,90,
2025/26,1031256,Callum McFarlane,National League Cup,Group A,2025-10-21,Solihull Moors,Blackburn U21,1:0,RM,1,,,,,,,88,88,
