﻿season,player_id,player_name,competition,journey,date,home_team,away_team,result,position,goals,assists,own_goals,yellow_cards,second_yellow_cards,red_cards,substitutions_on,substitutions_off,minutes_played,transfermarkt_score
2025/26,1082283,Max Hudson,International Friendlies,9,2025-09-06,Wales U19,Austria U19,2:2,,,,,,,,,,90,
2025/26,1082283,Max Hudson,International Friendlies,3,2025-09-09,Wales U19,Belgium U19,1:3,on the bench,,,,,,,,,,
2025/26,1082283,Max Hudson,International Friendlies,3,2025-10-08,Wales U19,Scotland U19,-:-,Information not yet available,,,,,,,,,,
2025/26,1082283,Max Hudson,International Friendlies,52,2025-10-08,Wales U19,Switzerland U19,2:5,Not in squad,,,,,,,,,,
2025/26,1082283,Max Hudson,International Friendlies,4,2025-10-11,Netherlands U19,Wales U19,0:2,Not in squad,,,,,,,,,,
2025/26,1082283,Max Hudson,International Friendlies,4,2025-10-14,England U19,Wales U19,7:0,Not in squad,,,,,,,,,,
2025/26,1082283,Max Hudson,International Friendlies,3,2025-11-12,Wales U19,Japan U18,3:2,GK,,,,,,,,,90,
2025/26,1082283,Max Hudson,International Friendlies,4,2025-11-15,Wales U19,USA U19,6:5 on pens,Not in squad,,,,,,,,,,
2025/26,1082283,Max Hudson,International Friendlies,5,2025-11-18,Wales U19,Germany U19,0:3,on the bench,,,,,,,,,,
2025/26,1082283,Max Hudson,UEFA Youth League,Group Stage,2025-09-18,Man City YL,SSC Napoli YL,2:0,on the bench,,,,,,,,,,
2025/26,1082283,Max Hudson,UEFA Youth League,Group Stage,2025-10-01,AS Monaco YL,Man City YL,3:5,on the bench,,,,,,,,,,
2025/26,1082283,Max Hudson,UEFA Youth League,Group Stage,2025-10-21,Villarreal YL,Man City YL,2:1,Not in squad,,,,,,,,,,
2025/26,1082283,Max Hudson,UEFA Youth League,Group Stage,2025-11-05,Man City YL,Dortmund YL,0:3,on the bench,,,,,,,,,,
2025/26,1082283,Max Hudson,UEFA Youth League,Group Stage,2025-11-25,Man City YL,Leverkusen YL,6:0,on the bench,,,,,,,,,,
2025/26,1082283,Max Hudson,U18 Premier League,1,2025-08-16,Man City U18,Leeds U18,5:0,GK,,,,,,,,,90,
2025/26,1082283,Max Hudson,U18 Premier League,2,2025-08-22,Sunderland U18,Man City U18,1:2,GK,,,,,,,,,90,
2025/26,1082283,Max Hudson,U18 Premier League,3,2025-08-30,Man City U18,Blackburn U18,7:3,GK,,,,,,,,,90,
2025/26,1082283,Max Hudson,U18 Premier League,4,2025-09-13,Wolves U18,Man City U18,1:5,GK,,,,,,,,,90,
2025/26,1082283,Max Hudson,U18 Premier League,6,2025-09-27,Man Utd U18,Man City U18,2:4,GK,,,,,,,,,90,
2025/26,1082283,Max Hudson,U18 Premier League,7,2025-10-18,Man City U18,Liverpool U18,2:3,GK,,,,,,,,,90,
2025/26,1082283,Max Hudson,U18 Premier League,8,2025-10-25,Stoke U18,Man City U18,2:3,on the bench,,,,,,,,,,
2025/26,1082283,Max Hudson,U18 Premier League,9,2025-11-01,Man City U18,Burnley U18,5:0,on the bench,,,,,,,,,,
2025/26,1082283,Max Hudson,U18 Premier League,10,2025-11-08,Boro U18,Man City U18,0:2,GK,,,,,,,,,90,
2025/26,1082283,Max Hudson,U18 Premier League,11,2025-11-29,Man City U18,Nottingham U18,6:0,GK,,,,,,,,,90,
