﻿season,player_id,player_name,competition,journey,date,home_team,away_team,result,position,goals,assists,own_goals,yellow_cards,second_yellow_cards,red_cards,substitutions_on,substitutions_off,minutes_played,transfermarkt_score
2015/16,102017,Jorginho,UEFA Europa League,Group D,2015-09-17,Napoli,Club Brugge,5:0,DM,,2,,,,,,,90,
2015/16,102017,Jorginho,UEFA Europa League,Group D,2015-10-01,Legia Warszawa,Napoli,0:2,on the bench,,,,,,,,,,
2015/16,102017,Jorginho,UEFA Europa League,Group D,2015-10-22,Midtjylland,Napoli,1:4,on the bench,,,,,,,,,,
2015/16,102017,Jorginho,UEFA Europa League,Group D,2015-11-05,Napoli,Midtjylland,5:0,on the bench,,,,,,,,,,
2015/16,102017,Jorginho,UEFA Europa League,Group D,2015-11-26,Club Brugge,Napoli,0:1,Not in squad,,,,,,,,,,
2015/16,102017,Jorginho,UEFA Europa League,Group D,2015-12-10,Napoli,Legia Warszawa,5:2,on the bench,,,,,,,,,,
2015/16,102017,Jorginho,UEFA Europa League,intermediate stage 1st leg,2016-02-18,Villarreal,Napoli,1:0,Not in squad,,,,,,,,,,
2015/16,102017,Jorginho,UEFA Europa League,intermediate stage 2nd leg,2016-02-25,Napoli,Villarreal,1:1,DM,,,,83,,,75,,15,
2015/16,102017,Jorginho,International Friendlies,12,2015-11-13,Belgium,Italy,3:1,Not in squad,,,,,,,,,,
2015/16,102017,Jorginho,International Friendlies,12,2015-11-17,Italy,Romania,2:2,Not in squad,,,,,,,,,,
2015/16,102017,Jorginho,International Friendlies,4,2016-03-24,Italy,Spain,1:1,DM,,,,,,,89,,1,
2015/16,102017,Jorginho,International Friendlies,3,2016-03-29,Germany,Italy,4:1,on the bench,,,,,,,,,,
2015/16,102017,Jorginho,International Friendlies,10,2016-05-29,Italy,Scotland,1:0,DM,,,,,,,67,,23,
2015/16,102017,Jorginho,International Friendlies,11,2016-06-06,Italy,Finland,2:0,Not in squad,,,,,,,,,,
2015/16,102017,Jorginho,Serie A,1,2015-08-23,Sassuolo,Napoli,2:1,on the bench,,,,,,,,,,
2015/16,102017,Jorginho,Serie A,2,2015-08-30,Napoli,Sampdoria,2:2,,,,,,,,69,,21,
2015/16,102017,Jorginho,Serie A,3,2015-09-13,FC Empoli,Napoli,2:2,,,,,79,,,59,,31,
2015/16,102017,Jorginho,Serie A,4,2015-09-20,Napoli,Lazio,5:0,DM,,,,,,,,,90,
2015/16,102017,Jorginho,Serie A,5,2015-09-23,Carpi,Napoli,0:0,,,,,,,,60,,30,
2015/16,102017,Jorginho,Serie A,6,2015-09-26,Napoli,Juventus,2:1,DM,,,,,,,,,90,
2015/16,102017,Jorginho,Serie A,7,2015-10-04,AC Milan,Napoli,0:4,DM,,,,80,,,,,90,
2015/16,102017,Jorginho,Serie A,8,2015-10-18,Napoli,Fiorentina,2:1,DM,,,,29,,,,,90,
2015/16,102017,Jorginho,Serie A,9,2015-10-25,Chievo Verona,Napoli,0:1,DM,,,,,,,,,90,
2015/16,102017,Jorginho,Serie A,10,2015-10-28,Napoli,US Palermo,2:0,DM,,,,,,,,,90,
2015/16,102017,Jorginho,Serie A,11,2015-11-01,Genoa,Napoli,0:0,DM,,,,,,,,,90,
2015/16,102017,Jorginho,Serie A,12,2015-11-08,Napoli,Udinese,1:0,DM,,1,,,,,,,90,
2015/16,102017,Jorginho,Serie A,13,2015-11-22,Hellas Verona,Napoli,0:2,DM,,,,,,,,,90,
2015/16,102017,Jorginho,Serie A,14,2015-11-30,Napoli,Inter,2:1,DM,,,,,,,,,90,
2015/16,102017,Jorginho,Serie A,15,2015-12-06,Bologna,Napoli,3:2,DM,,,,,,,,,90,
2015/16,102017,Jorginho,Serie A,16,2015-12-13,Napoli,Roma,0:0,DM,,,,,,,,,90,
2015/16,102017,Jorginho,Serie A,17,2015-12-20,Atalanta,Napoli,1:3,DM,,1,,72,73,,,,73,
2015/16,102017,Jorginho,Serie A,18,2016-01-06,Napoli,Torino,2:1,Indirect card suspension,,,,,,,,,,
2015/16,102017,Jorginho,Serie A,19,2016-01-10,Frosinone,Napoli,1:5,DM,,1,,,,,,,90,
2015/16,102017,Jorginho,Serie A,20,2016-01-16,Napoli,Sassuolo,3:1,DM,,,,,,,,,90,
2015/16,102017,Jorginho,Serie A,21,2016-01-24,Sampdoria,Napoli,2:4,DM,,,,13,,,,,90,
2015/16,102017,Jorginho,Serie A,22,2016-01-31,Napoli,FC Empoli,5:1,DM,,,,,,,,,90,
2015/16,102017,Jorginho,Serie A,23,2016-02-03,Lazio,Napoli,0:2,DM,,,,92,,,,,90,
2015/16,102017,Jorginho,Serie A,24,2016-02-07,Napoli,Carpi,1:0,Yellow card suspension,,,,,,,,,,
2015/16,102017,Jorginho,Serie A,25,2016-02-13,Juventus,Napoli,1:0,DM,,,,,,,,,90,
2015/16,102017,Jorginho,Serie A,26,2016-02-22,Napoli,AC Milan,1:1,DM,,,,,,,,,90,
2015/16,102017,Jorginho,Serie A,27,2016-02-29,Fiorentina,Napoli,1:1,DM,,,,,,,,,90,
2015/16,102017,Jorginho,Serie A,28,2016-03-05,Napoli,Chievo Verona,3:1,DM,,1,,,,,,,90,
2015/16,102017,Jorginho,Serie A,29,2016-03-13,US Palermo,Napoli,0:1,DM,,,,,,,,,90,
2015/16,102017,Jorginho,Serie A,30,2016-03-20,Napoli,Genoa,3:1,DM,,,,36,,,,,90,
2015/16,102017,Jorginho,Serie A,31,2016-04-03,Udinese,Napoli,3:1,DM,,,,62,,,,74,74,
2015/16,102017,Jorginho,Serie A,32,2016-04-10,Napoli,Hellas Verona,3:0,DM,,,,,,,,,90,
2015/16,102017,Jorginho,Serie A,33,2016-04-16,Inter,Napoli,2:0,DM,,,,22,,,,74,74,
2015/16,102017,Jorginho,Serie A,34,2016-04-19,Napoli,Bologna,6:0,DM,,,,,,,,,90,
2015/16,102017,Jorginho,Serie A,35,2016-04-25,Roma,Napoli,1:0,DM,,,,74,,,,90,90,
2015/16,102017,Jorginho,Serie A,36,2016-05-02,Napoli,Atalanta,2:1,DM,,,,,,,,,90,
2015/16,102017,Jorginho,Serie A,37,2016-05-08,Torino,Napoli,1:2,DM,,,,,,,,,90,
2015/16,102017,Jorginho,Serie A,38,2016-05-14,Napoli,Frosinone,4:0,DM,,,,34,,,,,90,
2015/16,102017,Jorginho,Italy Cup,Round of 16,2015-12-16,Napoli,Hellas Verona,3:0,on the bench,,,,,,,,,,
2015/16,102017,Jorginho,Italy Cup,Quarter-Finals,2016-01-19,Napoli,Inter,0:2,CM,,,,,,,65,,25,
2015/16,102017,Jorginho,EURO 2016,Group E,2016-06-13,Belgium,Italy,0:2,Not in squad,,,,,,,,,,
2015/16,102017,Jorginho,EURO 2016,Group E,2016-06-17,Italy,Sweden,1:0,Not in squad,,,,,,,,,,
2015/16,102017,Jorginho,EURO 2016,Group E,2016-06-22,Italy,Ireland,0:1,Not in squad,,,,,,,,,,
2015/16,102017,Jorginho,EURO 2016,Round of 16,2016-06-27,Italy,Spain,2:0,Not in squad,,,,,,,,,,
2016/17,102017,Jorginho,EURO 2016,Quarter-Finals,2016-07-02,Germany,Italy,7:6 on pens,Not in squad,,,,,,,,,,
