﻿season,player_id,player_name,competition,journey,date,home_team,away_team,result,position,goals,assists,own_goals,yellow_cards,second_yellow_cards,red_cards,substitutions_on,substitutions_off,minutes_played,transfermarkt_score
2024/25,1071818,Sean Neave,International Friendlies,9,2024-09-04,England U18,Portugal U18,2:2,Not in squad,,,,,,,,,,
2024/25,1071818,Sean Neave,International Friendlies,9,2024-09-06,Switzerland U18,England U18,1:1,Not in squad,,,,,,,,,,
2024/25,1071818,Sean Neave,International Friendlies,2,2024-09-08,France U18,England U18,1:3 on pens,Not in squad,,,,,,,,,,
2024/25,1071818,Sean Neave,International Friendlies,3,2024-10-11,Sweden U18,England U18,2:0,Not in squad,,,,,,,,,,
2024/25,1071818,Sean Neave,International Friendlies,8,2024-10-14,England U18,Ukraine U19,3:1,Not in squad,,,,,,,,,,
2024/25,1071818,Sean Neave,International Friendlies,37,2024-11-15,Poland U18,England U18,3:1,,,,,,,,69,,21,
2024/25,1071818,Sean Neave,International Friendlies,37,2024-11-18,Germany U18,England U18,1:0,CF,,,,,,,,56,56,
2024/25,1071818,Sean Neave,International Friendlies,12,2025-03-20,England U18,Czechia U18,2:2,Not in squad,,,,,,,,,,
2024/25,1071818,Sean Neave,International Friendlies,12,2025-03-22,France U18,England U18,2:2,Not in squad,,,,,,,,,,
2024/25,1071818,Sean Neave,International Friendlies,12,2025-03-25,Portugal U18,England U18,0:1,Not in squad,,,,,,,,,,
2024/25,1071818,Sean Neave,International Friendlies,4,2025-05-25,Morocco U18,England U18,1:3,Not in squad,,,,,,,,,,
2024/25,1071818,Sean Neave,International Friendlies,5,2025-05-28,England U18,Morocco U18,1:2,Not in squad,,,,,,,,,,
2024/25,1071818,Sean Neave,Premier League,1,2024-08-17,Newcastle,Southampton,1:0,Not in squad,,,,,,,,,,
2024/25,1071818,Sean Neave,Premier League,2,2024-08-25,Bournemouth,Newcastle,1:1,Not in squad,,,,,,,,,,
2024/25,1071818,Sean Neave,Premier League,3,2024-09-01,Newcastle,Tottenham,2:1,Not in squad,,,,,,,,,,
2024/25,1071818,Sean Neave,Premier League,4,2024-09-15,Wolves,Newcastle,1:2,Not in squad,,,,,,,,,,
2024/25,1071818,Sean Neave,Premier League,5,2024-09-21,Fulham,Newcastle,3:1,Not in squad,,,,,,,,,,
2024/25,1071818,Sean Neave,Premier League,6,2024-09-28,Newcastle,Man City,1:1,Not in squad,,,,,,,,,,
2024/25,1071818,Sean Neave,Premier League,7,2024-10-05,Everton,Newcastle,0:0,Not in squad,,,,,,,,,,
2024/25,1071818,Sean Neave,Premier League,8,2024-10-19,Newcastle,Brighton,0:1,Not in squad,,,,,,,,,,
2024/25,1071818,Sean Neave,Premier League,9,2024-10-27,Chelsea,Newcastle,2:1,Not in squad,,,,,,,,,,
2024/25,1071818,Sean Neave,Premier League,10,2024-11-02,Newcastle,Arsenal,1:0,Not in squad,,,,,,,,,,
2024/25,1071818,Sean Neave,Premier League,11,2024-11-10,Nott'm Forest,Newcastle,1:3,Not in squad,,,,,,,,,,
2024/25,1071818,Sean Neave,Premier League,12,2024-11-25,Newcastle,West Ham,0:2,Not in squad,,,,,,,,,,
2024/25,1071818,Sean Neave,Premier League,13,2024-11-30,Crystal Palace,Newcastle,1:1,Not in squad,,,,,,,,,,
2024/25,1071818,Sean Neave,Premier League,14,2024-12-04,Newcastle,Liverpool,3:3,Not in squad,,,,,,,,,,
2024/25,1071818,Sean Neave,Premier League,15,2024-12-07,Brentford,Newcastle,4:2,Not in squad,,,,,,,,,,
2024/25,1071818,Sean Neave,Premier League,16,2024-12-14,Newcastle,Leicester,4:0,Not in squad,,,,,,,,,,
2024/25,1071818,Sean Neave,Premier League,17,2024-12-21,Ipswich,Newcastle,0:4,Not in squad,,,,,,,,,,
2024/25,1071818,Sean Neave,Premier League,18,2024-12-26,Newcastle,Aston Villa,3:0,Not in squad,,,,,,,,,,
2024/25,1071818,Sean Neave,Premier League,19,2024-12-30,Man Utd,Newcastle,0:2,Not in squad,,,,,,,,,,
2024/25,1071818,Sean Neave,Premier League,20,2025-01-04,Tottenham,Newcastle,1:2,Not in squad,,,,,,,,,,
2024/25,1071818,Sean Neave,Premier League,21,2025-01-15,Newcastle,Wolves,3:0,Not in squad,,,,,,,,,,
2024/25,1071818,Sean Neave,Premier League,22,2025-01-18,Newcastle,Bournemouth,1:4,Not in squad,,,,,,,,,,
2024/25,1071818,Sean Neave,Premier League,23,2025-01-25,Southampton,Newcastle,1:3,Not in squad,,,,,,,,,,
2024/25,1071818,Sean Neave,Premier League,24,2025-02-01,Newcastle,Fulham,1:2,Not in squad,,,,,,,,,,
2024/25,1071818,Sean Neave,Premier League,25,2025-02-15,Man City,Newcastle,4:0,Not in squad,,,,,,,,,,
2024/25,1071818,Sean Neave,Premier League,26,2025-02-23,Newcastle,Nott'm Forest,4:3,Not in squad,,,,,,,,,,
2024/25,1071818,Sean Neave,Premier League,27,2025-02-26,Liverpool,Newcastle,2:0,Not in squad,,,,,,,,,,
2024/25,1071818,Sean Neave,Premier League,28,2025-03-10,West Ham,Newcastle,0:1,on the bench,,,,,,,,,,
2024/25,1071818,Sean Neave,Premier League,30,2025-04-02,Newcastle,Brentford,2:1,on the bench,,,,,,,,,,
2024/25,1071818,Sean Neave,Premier League,31,2025-04-07,Leicester,Newcastle,0:3,on the bench,,,,,,,,,,
2024/25,1071818,Sean Neave,Premier League,32,2025-04-13,Newcastle,Man Utd,4:1,on the bench,,,,,,,,,,
2024/25,1071818,Sean Neave,Premier League,29,2025-04-16,Newcastle,Crystal Palace,5:0,Not in squad,,,,,,,,,,
2024/25,1071818,Sean Neave,Premier League,33,2025-04-19,Aston Villa,Newcastle,4:1,Not in squad,,,,,,,,,,
2024/25,1071818,Sean Neave,Premier League,34,2025-04-26,Newcastle,Ipswich,3:0,Not in squad,,,,,,,,,,
2024/25,1071818,Sean Neave,Premier League,35,2025-05-04,Brighton,Newcastle,1:1,on the bench,,,,,,,,,,
2024/25,1071818,Sean Neave,Premier League,36,2025-05-11,Newcastle,Chelsea,2:0,on the bench,,,,,,,,,,
2024/25,1071818,Sean Neave,Premier League,37,2025-05-18,Arsenal,Newcastle,1:0,on the bench,,,,,,,,,,
2024/25,1071818,Sean Neave,Premier League,38,2025-05-25,Newcastle,Everton,0:1,Not in squad,,,,,,,,,,
2024/25,1071818,Sean Neave,EFL Trophy,group A8,2024-09-03,Bradford,Newcastle U21,5:6 on pens,Not in squad,,,,,,,,,,
2024/25,1071818,Sean Neave,EFL Trophy,group A8,2024-10-08,Rotherham,Newcastle U21,3:1,,,,,,,,62,,28,
2024/25,1071818,Sean Neave,EFL Trophy,group A8,2024-10-29,Mansfield Town,Newcastle U21,3:0,,,,,,,,62,,28,
2024/25,1071818,Sean Neave,FA Cup,Third Round,2025-01-12,Newcastle,Bromley,3:1,Not in squad,,,,,,,,,,
2024/25,1071818,Sean Neave,FA Cup,Fourth Round,2025-02-08,Birmingham,Newcastle,2:3,on the bench,,,,,,,,,,
2024/25,1071818,Sean Neave,FA Cup,Fifth Round,2025-03-02,Newcastle,Brighton,1:2 AET,Not in squad,,,,,,,,,,
2024/25,1071818,Sean Neave,EFL Cup,Second Round,2024-08-28,Nott'm Forest,Newcastle,4:5 on pens,Not in squad,,,,,,,,,,
2024/25,1071818,Sean Neave,EFL Cup,Third Round,2024-10-01,Newcastle,AFC Wimbledon,1:0,Not in squad,,,,,,,,,,
2024/25,1071818,Sean Neave,EFL Cup,Fourth Round,2024-10-30,Newcastle,Chelsea,2:0,Not in squad,,,,,,,,,,
2024/25,1071818,Sean Neave,EFL Cup,Quarter-Finals,2024-12-18,Newcastle,Brentford,3:1,Not in squad,,,,,,,,,,
2024/25,1071818,Sean Neave,EFL Cup,Semi-Finals 1st Leg,2025-01-07,Arsenal,Newcastle,0:2,Not in squad,,,,,,,,,,
2024/25,1071818,Sean Neave,EFL Cup,Semi-Finals 2nd Leg,2025-02-05,Newcastle,Arsenal,2:0,Not in squad,,,,,,,,,,
2024/25,1071818,Sean Neave,EFL Cup,Final,2025-03-16,Liverpool,Newcastle,1:2,on the bench,,,,,,,,,,
2024/25,1071818,Sean Neave,Premier League 2 Playoffs,Round of 16,2025-04-25,Arsenal U21,Newcastle U21,2:1,CF,,,,,,,,90,90,
2024/25,1071818,Sean Neave,U18 Premier League,14,2024-08-17,Newcastle U18,Boro U18,0:1,CF,,,,,,,,,90,
2024/25,1071818,Sean Neave,U18 Premier League,2,2024-08-24,Newcastle U18,Derby U18,3:3,CF,3,,,,,,,84,84,
2024/25,1071818,Sean Neave,U18 Premier League,3,2024-08-31,Blackburn U18,Newcastle U18,3:1,Not in squad,,,,,,,,,,
2024/25,1071818,Sean Neave,U18 Premier League,4,2024-09-14,Newcastle U18,Man Utd U18,1:5,Not in squad,,,,,,,,,,
2024/25,1071818,Sean Neave,U18 Premier League,5,2024-09-21,Newcastle U18,Wolves U18,0:1,Not in squad,,,,,,,,,,
2024/25,1071818,Sean Neave,U18 Premier League,6,2024-09-28,Liverpool U18,Newcastle U18,2:3,Not in squad,,,,,,,,,,
2024/25,1071818,Sean Neave,U18 Premier League,7,2024-10-19,Everton U18,Newcastle U18,3:2,AM,1,,,,,,,,90,
2024/25,1071818,Sean Neave,U18 Premier League,23,2024-10-26,Leeds U18,Newcastle U18,4:5,Centre Forward,3,,,,,,,,90,
2024/25,1071818,Sean Neave,U18 Premier League,10,2024-11-09,Newcastle U18,Sunderland U18,3:3,Centre Forward,,2,,,,,,,90,
2024/25,1071818,Sean Neave,U18 Premier League,11,2024-11-30,Man City U18,Newcastle U18,7:1,CF,,,,,,,,,90,
2024/25,1071818,Sean Neave,U18 Premier League,12,2024-12-14,Newcastle U18,Nottingham U18,3:0,CF,,,,,,,,81,81,
2024/25,1071818,Sean Neave,U18 Premier League,1,2025-01-25,Boro U18,Newcastle U18,2:4,Not in squad,,,,,,,,,,
2024/25,1071818,Sean Neave,U18 Premier League,15,2025-02-01,Derby U18,Newcastle U18,0:3,Not in squad,,,,,,,,,,
2024/25,1071818,Sean Neave,U18 Premier League,16,2025-02-08,Newcastle U18,Blackburn U18,1:5,Not in squad,,,,,,,,,,
2024/25,1071818,Sean Neave,U18 Premier League,17,2025-02-15,Man Utd U18,Newcastle U18,0:0,Not in squad,,,,,,,,,,
2024/25,1071818,Sean Neave,U18 Premier League,18,2025-02-22,Newcastle U18,Liverpool U18,3:1,Not in squad,,,,,,,,,,
2024/25,1071818,Sean Neave,U18 Premier League,19,2025-03-01,Wolves U18,Newcastle U18,2:4,Not in squad,,,,,,,,,,
2024/25,1071818,Sean Neave,U18 Premier League,20,2025-03-08,Newcastle U18,Stoke U18,4:1,Not in squad,,,,,,,,,,
2024/25,1071818,Sean Neave,U18 Premier League,21,2025-03-15,Nottingham U18,Newcastle U18,0:1,Not in squad,,,,,,,,,,
2024/25,1071818,Sean Neave,U18 Premier League,22,2025-03-29,Newcastle U18,Everton U18,1:2,Not in squad,,,,,,,,,,
2024/25,1071818,Sean Neave,U18 Premier League,13,2025-04-05,Stoke U18,Newcastle U18,5:3,Not in squad,,,,,,,,,,
2024/25,1071818,Sean Neave,U18 Premier League,25,2025-04-26,Sunderland U18,Newcastle U18,1:3,Not in squad,,,,,,,,,,
2024/25,1071818,Sean Neave,U18 Premier League,8,2025-04-30,Newcastle U18,Leeds U18,3:3,Not in squad,,,,,,,,,,
2024/25,1071818,Sean Neave,U18 Premier League,26,2025-05-10,Newcastle U18,Man City U18,3:3,Not in squad,,,,,,,,,,
2024/25,1071818,Sean Neave,Premier League 2,1,2024-08-19,Newcastle U21,Sunderland U21,1:1,Not in squad,,,,,,,,,,
2024/25,1071818,Sean Neave,Premier League 2,2,2024-08-25,Tottenham U21,Newcastle U21,0:1,Not in squad,,,,,,,,,,
2024/25,1071818,Sean Neave,Premier League 2,3,2024-08-30,Derby U21,Newcastle U21,1:0,Not in squad,,,,,,,,,,
2024/25,1071818,Sean Neave,Premier League 2,4,2024-09-20,Newcastle U21,West Ham U21,0:1,Not in squad,,,,,,,,,,
2024/25,1071818,Sean Neave,Premier League 2,5,2024-09-27,Newcastle U21,Blackburn U21,2:0,Not in squad,,,,,,,,,,
2024/25,1071818,Sean Neave,Premier League 2,6,2024-10-05,Aston Villa U21,Newcastle U21,2:3,Not in squad,,,,,,,,,,
2024/25,1071818,Sean Neave,Premier League 2,7,2024-10-26,Newcastle U21,Man Utd U21,0:2,Not in squad,,,,,,,,,,
2024/25,1071818,Sean Neave,Premier League 2,8,2024-11-01,Leeds U21,Newcastle U21,1:3,CF,1,1,,,,,,69,69,
2024/25,1071818,Sean Neave,Premier League 2,9,2024-11-29,Newcastle U21,Palace U21,1:0,Not in squad,,,,,,,,,,
2024/25,1071818,Sean Neave,Premier League 2,10,2024-12-16,Newcastle U21,Chelsea U21,3:2,Not in squad,,,,,,,,,,
2024/25,1071818,Sean Neave,Premier League 2,12,2025-01-17,Southampton U21,Newcastle U21,4:2,Not in squad,,,,,,,,,,
2024/25,1071818,Sean Neave,Premier League 2,13,2025-01-27,Newcastle U21,Everton U21,2:2,Not in squad,,,,,,,,,,
2024/25,1071818,Sean Neave,Premier League 2,14,2025-02-10,West Brom U21,Newcastle U21,3:1,Not in squad,,,,,,,,,,
2024/25,1071818,Sean Neave,Premier League 2,15,2025-02-14,Newcastle U21,Leicester U21,3:6,CF,1,,,,,,,46,45,
2024/25,1071818,Sean Neave,Premier League 2,16,2025-02-21,Arsenal U21,Newcastle U21,4:1,Not in squad,,,,,,,,,,
2024/25,1071818,Sean Neave,Premier League 2,17,2025-02-28,Newcastle U21,Stoke U21,4:1,Not in squad,,,,,,,,,,
2024/25,1071818,Sean Neave,Premier League 2,11,2025-03-07,Boro U21,Newcastle U21,0:2,CF,1,,,,,,,59,59,
2024/25,1071818,Sean Neave,Premier League 2,18,2025-03-31,Nottingham U21,Newcastle U21,2:3,CF,1,1,,,,,,46,45,
2024/25,1071818,Sean Neave,Premier League 2,19,2025-04-07,Newcastle U21,Reading U21,7:1,Not in squad,,,,,,,,,,
2024/25,1071818,Sean Neave,Premier League 2,20,2025-04-14,Man City U21,Newcastle U21,4:0,CF,,,,,,,,,90,
2024/25,1071818,Sean Neave,FA Youth Cup,Third Round,2024-12-09,Newcastle U18,Brighton U18,2:1,,,,,,,,,,90,
2024/25,1071818,Sean Neave,FA Youth Cup,Fourth Round,2025-01-16,Newcastle U18,Aston Villa U18,0:4,CF,,,,,,,,,90,
2024/25,1071818,Sean Neave,National League Cup,Group C,2024-10-01,Halifax Town,Newcastle U21,1:2,Information not yet available,,,,,,,,,,
2024/25,1071818,Sean Neave,National League Cup,Group C,2024-11-05,Tamworth,Newcastle U21,6:7 on pens,Not in squad,,,,,,,,,,
2024/25,1071818,Sean Neave,National League Cup,Group C,2024-12-03,Boston Utd,Newcastle U21,3:2,Information not yet available,,,,,,,,,,
2024/25,1071818,Sean Neave,National League Cup,Group C,2025-01-21,Gateshead,Newcastle U21,2:4,Information not yet available,,,,,,,,,,
2024/25,1071818,Sean Neave,National League Cup,Quarter-Finals,2025-02-25,Altrincham,Newcastle U21,6:5 on pens,CF,,,,,,,,,90,
