﻿season,player_id,player_name,competition,journey,date,home_team,away_team,result,position,goals,assists,own_goals,yellow_cards,second_yellow_cards,red_cards,substitutions_on,substitutions_off,minutes_played,transfermarkt_score
2017/18,110867,Jed Steer,Championship,1,2017-08-05,Aston Villa,Hull City,1:1,on the bench,,,,,,,,,,
2017/18,110867,Jed Steer,Championship,2,2017-08-12,Cardiff,Aston Villa,3:0,on the bench,,,,,,,,,,
2017/18,110867,Jed Steer,Championship,3,2017-08-15,Reading,Aston Villa,2:1,on the bench,,,,,,,,,,
2017/18,110867,Jed Steer,Championship,4,2017-08-19,Aston Villa,Norwich,4:2,on the bench,,,,,,,,,,
2017/18,110867,Jed Steer,Championship,5,2017-08-25,Bristol City,Aston Villa,1:1,on the bench,,,,,,,,,,
2017/18,110867,Jed Steer,Championship,6,2017-09-09,Aston Villa,Brentford,0:0,on the bench,,,,,,,,,,
2017/18,110867,Jed Steer,Championship,7,2017-09-12,Aston Villa,Middlesbrough,0:0,on the bench,,,,,,,,,,
2017/18,110867,Jed Steer,Championship,8,2017-09-16,Barnsley,Aston Villa,0:3,on the bench,,,,,,,,,,
2017/18,110867,Jed Steer,Championship,9,2017-09-23,Aston Villa,Nott'm Forest,2:1,on the bench,,,,,,,,,,
2017/18,110867,Jed Steer,Championship,10,2017-09-26,Burton Albion,Aston Villa,0:4,on the bench,,,,,,,,,,
2017/18,110867,Jed Steer,Championship,11,2017-09-30,Aston Villa,Bolton,1:0,on the bench,,,,,,,,,,
2017/18,110867,Jed Steer,Championship,12,2017-10-14,Wolves,Aston Villa,2:0,on the bench,,,,,,,,,,
2017/18,110867,Jed Steer,Championship,13,2017-10-21,Aston Villa,Fulham,2:1,on the bench,,,,,,,,,,
2017/18,110867,Jed Steer,Championship,14,2017-10-29,Birmingham,Aston Villa,0:0,on the bench,,,,,,,,,,
2017/18,110867,Jed Steer,Championship,15,2017-11-01,Preston,Aston Villa,0:2,on the bench,,,,,,,,,,
2017/18,110867,Jed Steer,Championship,16,2017-11-04,Aston Villa,Sheff Wed,1:2,on the bench,,,,,,,,,,
2017/18,110867,Jed Steer,Championship,17,2017-11-18,QPR,Aston Villa,1:2,on the bench,,,,,,,,,,
2017/18,110867,Jed Steer,Championship,18,2017-11-21,Aston Villa,Sunderland,2:1,on the bench,,,,,,,,,,
2017/18,110867,Jed Steer,Championship,19,2017-11-25,Aston Villa,Ipswich,2:0,on the bench,,,,,,,,,,
2017/18,110867,Jed Steer,Championship,20,2017-12-01,Leeds,Aston Villa,1:1,on the bench,,,,,,,,,,
2017/18,110867,Jed Steer,Championship,21,2017-12-09,Aston Villa,Millwall,0:0,on the bench,,,,,,,,,,
2017/18,110867,Jed Steer,Championship,22,2017-12-16,Derby,Aston Villa,2:0,on the bench,,,,,,,,,,
2017/18,110867,Jed Steer,Championship,23,2017-12-23,Aston Villa,Sheff Utd,2:2,on the bench,,,,,,,,,,
2017/18,110867,Jed Steer,Championship,24,2017-12-26,Brentford,Aston Villa,2:1,on the bench,,,,,,,,,,
2017/18,110867,Jed Steer,Championship,25,2017-12-30,Middlesbrough,Aston Villa,0:1,on the bench,,,,,,,,,,
2017/18,110867,Jed Steer,Championship,26,2018-01-01,Aston Villa,Bristol City,5:0,on the bench,,,,,,,,,,
2017/18,110867,Jed Steer,Championship,27,2018-01-13,Nott'm Forest,Aston Villa,0:1,Not in squad,,,,,,,,,,
2017/18,110867,Jed Steer,Championship,28,2018-01-20,Aston Villa,Barnsley,3:1,Not in squad,,,,,,,,,,
2017/18,110867,Jed Steer,Championship,29,2018-01-30,Sheff Utd,Aston Villa,0:1,Not in squad,,,,,,,,,,
2017/18,110867,Jed Steer,Championship,30,2018-02-03,Aston Villa,Burton Albion,3:2,Not in squad,,,,,,,,,,
2017/18,110867,Jed Steer,Championship,31,2018-02-11,Aston Villa,Birmingham,2:0,Not in squad,,,,,,,,,,
2017/18,110867,Jed Steer,Championship,32,2018-02-17,Fulham,Aston Villa,2:0,Not in squad,,,,,,,,,,
2017/18,110867,Jed Steer,Championship,33,2018-02-20,Aston Villa,Preston,1:1,Not in squad,,,,,,,,,,
2017/18,110867,Jed Steer,Championship,34,2018-02-24,Sheff Wed,Aston Villa,2:4,Not in squad,,,,,,,,,,
2017/18,110867,Jed Steer,Championship,36,2018-03-06,Sunderland,Aston Villa,0:3,Not in squad,,,,,,,,,,
2017/18,110867,Jed Steer,Championship,37,2018-03-10,Aston Villa,Wolves,4:1,Not in squad,,,,,,,,,,
2017/18,110867,Jed Steer,Championship,35,2018-03-13,Aston Villa,QPR,1:3,Not in squad,,,,,,,,,,
2017/18,110867,Jed Steer,Championship,38,2018-03-17,Bolton,Aston Villa,1:0,Not in squad,,,,,,,,,,
2017/18,110867,Jed Steer,Championship,39,2018-03-31,Hull City,Aston Villa,0:0,Not in squad,,,,,,,,,,
2017/18,110867,Jed Steer,Championship,40,2018-04-03,Aston Villa,Reading,3:0,Not in squad,,,,,,,,,,
2017/18,110867,Jed Steer,Championship,41,2018-04-07,Norwich,Aston Villa,3:1,Not in squad,,,,,,,,,,
2017/18,110867,Jed Steer,Championship,42,2018-04-10,Aston Villa,Cardiff,1:0,Not in squad,,,,,,,,,,
2017/18,110867,Jed Steer,Championship,43,2018-04-13,Aston Villa,Leeds,1:0,Not in squad,,,,,,,,,,
2017/18,110867,Jed Steer,Championship,44,2018-04-21,Ipswich,Aston Villa,0:4,Not in squad,,,,,,,,,,
2017/18,110867,Jed Steer,Championship,45,2018-04-28,Aston Villa,Derby,1:1,Not in squad,,,,,,,,,,
2017/18,110867,Jed Steer,Championship,46,2018-05-06,Millwall,Aston Villa,1:0,Not in squad,,,,,,,,,,
2017/18,110867,Jed Steer,FA Cup,Third Round,2018-01-06,Aston Villa,Peterborough,1:3,GK,,,,,,,,,90,
2017/18,110867,Jed Steer,EFL Cup,First Round,2017-08-09,Colchester Utd.,Aston Villa,1:2,GK,,,,,,,,,90,
2017/18,110867,Jed Steer,EFL Cup,Second Round,2017-08-22,Aston Villa,Wigan,4:1,GK,,,,,,,,,90,
2017/18,110867,Jed Steer,EFL Cup,Third Round,2017-09-19,Aston Villa,Middlesbrough,0:2,GK,,,,,,,,,90,
2017/18,110867,Jed Steer,Championship Play-Offs,Semi-Finals 1st Leg,2018-05-12,Middlesbrough,Aston Villa,0:1,Not in squad,,,,,,,,,,
2017/18,110867,Jed Steer,Championship Play-Offs,Semi-Finals 2nd Leg,2018-05-15,Aston Villa,Middlesbrough,0:0,Not in squad,,,,,,,,,,
2017/18,110867,Jed Steer,Championship Play-Offs,Final,2018-05-26,Fulham,Aston Villa,1:0,Not in squad,,,,,,,,,,
2017/18,110867,Jed Steer,Premier League 2 Playoffs,Semi-Finals,2018-05-01,Aston Villa U23,Reading U23,4:3,Not in squad,,,,,,,,,,
2017/18,110867,Jed Steer,Premier League 2 Playoffs,Final,2018-05-12,Aston Villa U23,Brighton U23,0:2,Not in squad,,,,,,,,,,
2017/18,110867,Jed Steer,Premier League 2,1,2017-08-14,Aston Villa U23,West Brom U23,3:1,Not in squad,,,,,,,,,,
2017/18,110867,Jed Steer,Premier League 2,2,2017-08-21,Aston Villa U23,Stoke City U23,1:2,Not in squad,,,,,,,,,,
2017/18,110867,Jed Steer,Premier League 2,3,2017-08-26,Fulham U23,Aston Villa U23,2:3,Not in squad,,,,,,,,,,
2017/18,110867,Jed Steer,Premier League 2,4,2017-09-11,Aston Villa U23,Southampton U23,4:0,Not in squad,,,,,,,,,,
2017/18,110867,Jed Steer,Premier League 2,5,2017-09-15,Boro U23,Aston Villa U23,4:1,Not in squad,,,,,,,,,,
2017/18,110867,Jed Steer,Premier League 2,6,2017-09-25,Aston Villa U23,Brighton U23,1:0,Not in squad,,,,,,,,,,
2017/18,110867,Jed Steer,Premier League 2,7,2017-10-16,Wolves U23,Aston Villa U23,0:2,Not in squad,,,,,,,,,,
2017/18,110867,Jed Steer,Premier League 2,8,2017-10-23,Reading U23,Aston Villa U23,3:2,GK,,,,,,,,,90,
2017/18,110867,Jed Steer,Premier League 2,9,2017-10-30,Aston Villa U23,Newcastle U23,6:0,Not in squad,,,,,,,,,,
2017/18,110867,Jed Steer,Premier League 2,10,2017-11-20,Aston Villa U23,Blackburn U23,0:3,Not in squad,,,,,,,,,,
2017/18,110867,Jed Steer,Premier League 2,11,2017-11-26,Norwich City U23,Aston Villa U23,1:2,Not in squad,,,,,,,,,,
2017/18,110867,Jed Steer,Premier League 2,13,2017-12-18,West Brom U23,Aston Villa U23,1:4,GK,,,,,,,,,90,
2017/18,110867,Jed Steer,Premier League 2,14,2018-01-08,Aston Villa U23,Fulham U23,1:3,Not in squad,,,,,,,,,,
2017/18,110867,Jed Steer,Premier League 2,15,2018-01-15,Southampton U23,Aston Villa U23,1:4,Not in squad,,,,,,,,,,
2017/18,110867,Jed Steer,Premier League 2,16,2018-01-29,Aston Villa U23,Boro U23,4:0,Not in squad,,,,,,,,,,
2017/18,110867,Jed Steer,Premier League 2,17,2018-02-05,Brighton U23,Aston Villa U23,3:0,Not in squad,,,,,,,,,,
2017/18,110867,Jed Steer,Premier League 2,18,2018-02-19,Aston Villa U23,Wolves U23,6:1,Not in squad,,,,,,,,,,
2017/18,110867,Jed Steer,Premier League 2,20,2018-03-12,Aston Villa U23,Reading U23,3:1,Not in squad,,,,,,,,,,
2017/18,110867,Jed Steer,Premier League 2,12,2018-04-02,Stoke City U23,Aston Villa U23,1:3,Not in squad,,,,,,,,,,
2017/18,110867,Jed Steer,Premier League 2,21,2018-04-16,Blackburn U23,Aston Villa U23,0:1,Not in squad,,,,,,,,,,
2017/18,110867,Jed Steer,Premier League 2,19,2018-04-20,Newcastle U23,Aston Villa U23,2:0,Not in squad,,,,,,,,,,
2017/18,110867,Jed Steer,Premier League 2,22,2018-04-23,Aston Villa U23,Norwich City U23,0:1,Not in squad,,,,,,,,,,
2017/18,110867,Jed Steer,Premier League Cup,Group E,2017-09-29,Aston Villa U23,West Brom U23,3:1,Information not yet available,,,,,,,,,,
2017/18,110867,Jed Steer,Premier League Cup,Group E,2017-11-06,Ipswich Town U23,Aston Villa U23,2:1,Information not yet available,,,,,,,,,,
2017/18,110867,Jed Steer,Premier League Cup,Group E,2018-01-11,Aston Villa U23,Sheffield U23,3:0,Information not yet available,,,,,,,,,,
2017/18,110867,Jed Steer,Premier League Cup,Group E,2018-01-22,West Brom U23,Aston Villa U23,0:3,Information not yet available,,,,,,,,,,
2017/18,110867,Jed Steer,Premier League Cup,Group E,2018-02-22,Aston Villa U23,Ipswich Town U23,3:0,Information not yet available,,,,,,,,,,
2017/18,110867,Jed Steer,Premier League Cup,Group E,2018-03-14,Sheffield U23,Aston Villa U23,0:1,Information not yet available,,,,,,,,,,
2017/18,110867,Jed Steer,Premier League Cup,Round of 16,2018-03-16,Aston Villa U23,Blackburn U23,2:0,Information not yet available,,,,,,,,,,
2017/18,110867,Jed Steer,Premier League Cup,Quarter-Finals,2018-04-09,Boro U23,Aston Villa U23,1:2 AET,Information not yet available,,,,,,,,,,
2017/18,110867,Jed Steer,Premier League Cup,Semi-Finals,2018-04-27,Leicester U23,Aston Villa U23,2:3 AET,Information not yet available,,,,,,,,,,
2017/18,110867,Jed Steer,Premier League Cup,Final,2018-05-04,Swansea U23,Aston Villa U23,1:4 on pens,Information not yet available,,,,,,,,,,
