﻿season,player_id,player_name,competition,journey,date,home_team,away_team,result,position,goals,assists,own_goals,yellow_cards,second_yellow_cards,red_cards,substitutions_on,substitutions_off,minutes_played,transfermarkt_score
2015/16,110864,Sam Johnstone,UEFA Champions League,Group B,2015-09-15,PSV,Man Utd,2:1,Not in squad,,,,,,,,,,
2015/16,110864,Sam Johnstone,UEFA Champions League,Group B,2015-09-30,Man Utd,Wolfsburg,2:1,Not in squad,,,,,,,,,,
2015/16,110864,Sam Johnstone,UEFA Champions League,Group B,2015-10-21,CSKA Moscow,Man Utd,1:1,Not in squad,,,,,,,,,,
2015/16,110864,Sam Johnstone,UEFA Champions League,Group B,2015-11-03,Man Utd,CSKA Moscow,1:0,Not in squad,,,,,,,,,,
2015/16,110864,Sam Johnstone,UEFA Champions League,Group B,2015-11-25,Man Utd,PSV,0:0,Not in squad,,,,,,,,,,
2015/16,110864,Sam Johnstone,UEFA Champions League,Group B,2015-12-08,Wolfsburg,Man Utd,3:2,Not in squad,,,,,,,,,,
2015/16,110864,Sam Johnstone,UEFA Champions League Qualifying,Qualifying Round 1st leg,2015-08-18,Man Utd,Club Brugge,3:1,on the bench,,,,,,,,,,
2015/16,110864,Sam Johnstone,UEFA Champions League Qualifying,Qualifying Round 2nd leg,2015-08-26,Club Brugge,Man Utd,0:4,on the bench,,,,,,,,,,
2015/16,110864,Sam Johnstone,Premier League,1,2015-08-08,Man Utd,Tottenham,1:0,on the bench,,,,,,,,,,
2015/16,110864,Sam Johnstone,Premier League,2,2015-08-14,Aston Villa,Man Utd,0:1,on the bench,,,,,,,,,,
2015/16,110864,Sam Johnstone,Premier League,3,2015-08-22,Man Utd,Newcastle,0:0,on the bench,,,,,,,,,,
2015/16,110864,Sam Johnstone,Premier League,4,2015-08-30,Swansea,Man Utd,2:1,on the bench,,,,,,,,,,
2015/16,110864,Sam Johnstone,Premier League,5,2015-09-12,Man Utd,Liverpool,3:1,Not in squad,,,,,,,,,,
2015/16,110864,Sam Johnstone,Premier League,6,2015-09-20,Southampton,Man Utd,2:3,Not in squad,,,,,,,,,,
2015/16,110864,Sam Johnstone,Premier League,7,2015-09-26,Man Utd,Sunderland,3:0,Not in squad,,,,,,,,,,
2015/16,110864,Sam Johnstone,Premier League,8,2015-10-04,Arsenal,Man Utd,3:0,Not in squad,,,,,,,,,,
2015/16,110864,Sam Johnstone,Premier League,9,2015-10-17,Everton,Man Utd,0:3,on the bench,,,,,,,,,,
2015/16,110864,Sam Johnstone,Premier League,10,2015-10-25,Man Utd,Man City,0:0,Not in squad,,,,,,,,,,
2015/16,110864,Sam Johnstone,Premier League,11,2015-10-31,Crystal Palace,Man Utd,0:0,Not in squad,,,,,,,,,,
2015/16,110864,Sam Johnstone,Premier League,12,2015-11-07,Man Utd,West Brom,2:0,Not in squad,,,,,,,,,,
2015/16,110864,Sam Johnstone,Premier League,13,2015-11-21,Watford,Man Utd,1:2,Not in squad,,,,,,,,,,
2015/16,110864,Sam Johnstone,Premier League,14,2015-11-28,Leicester,Man Utd,1:1,Not in squad,,,,,,,,,,
2015/16,110864,Sam Johnstone,Premier League,15,2015-12-05,Man Utd,West Ham,0:0,Not in squad,,,,,,,,,,
2015/16,110864,Sam Johnstone,Premier League,16,2015-12-12,Bournemouth,Man Utd,2:1,Not in squad,,,,,,,,,,
2015/16,110864,Sam Johnstone,Premier League,17,2015-12-19,Man Utd,Norwich,1:2,Not in squad,,,,,,,,,,
2015/16,110864,Sam Johnstone,Premier League,18,2015-12-26,Stoke City,Man Utd,2:0,Not in squad,,,,,,,,,,
2015/16,110864,Sam Johnstone,Premier League,19,2015-12-28,Man Utd,Chelsea,0:0,Not in squad,,,,,,,,,,
2015/16,110864,Sam Johnstone,Championship,25,2016-01-02,Preston,Rotherham,2:1,GK,,,,,,,,,90,
2015/16,110864,Sam Johnstone,Championship,26,2016-01-12,Bristol City,Preston,1:2,GK,,,,,,,,,90,
2015/16,110864,Sam Johnstone,Championship,27,2016-01-16,Ipswich,Preston,1:1,GK,,,,,,,,,90,
2015/16,110864,Sam Johnstone,Championship,28,2016-01-23,Preston,Brentford,1:3,GK,,,,,,,,,90,
2015/16,110864,Sam Johnstone,Championship,29,2016-02-02,Derby,Preston,0:0,Not in squad,,,,,,,,,,
2015/16,110864,Sam Johnstone,Championship,30,2016-02-06,Preston,Huddersfield,2:1,Not in squad,,,,,,,,,,
2015/16,110864,Sam Johnstone,Championship,31,2016-02-13,Wolves,Preston,1:2,Not in squad,,,,,,,,,,
2015/16,110864,Sam Johnstone,Championship,32,2016-02-20,Preston,Sheff Wed,1:0,Not in squad,,,,,,,,,,
2015/16,110864,Sam Johnstone,Championship,33,2016-02-23,Preston,Charlton,2:1,Not in squad,,,,,,,,,,
2015/16,110864,Sam Johnstone,Championship,34,2016-02-27,Cardiff,Preston,2:1,Not in squad,,,,,,,,,,
2015/16,110864,Sam Johnstone,Championship,35,2016-03-05,Preston,Brighton,0:0,Not in squad,,,,,,,,,,
2015/16,110864,Sam Johnstone,Championship,36,2016-03-08,Nott'm Forest,Preston,1:0,Not in squad,,,,,,,,,,
2015/16,110864,Sam Johnstone,Championship,37,2016-03-12,Bolton,Preston,1:2,Not in squad,,,,,,,,,,
2015/16,110864,Sam Johnstone,Championship,38,2016-03-19,Preston,QPR,1:1,Not in squad,,,,,,,,,,
2015/16,110864,Sam Johnstone,Championship,39,2016-04-02,Blackburn,Preston,1:2,Not in squad,,,,,,,,,,
2015/16,110864,Sam Johnstone,Championship,40,2016-04-05,Preston,Fulham,1:2,Not in squad,,,,,,,,,,
2015/16,110864,Sam Johnstone,Championship,41,2016-04-09,Middlesbrough,Preston,1:0,Not in squad,,,,,,,,,,
2015/16,110864,Sam Johnstone,Championship,42,2016-04-16,Preston,MK Dons,1:1,Not in squad,,,,,,,,,,
2015/16,110864,Sam Johnstone,Championship,43,2016-04-19,Birmingham,Preston,2:2,Not in squad,,,,,,,,,,
2015/16,110864,Sam Johnstone,Championship,44,2016-04-22,Preston,Burnley,0:1,Not in squad,,,,,,,,,,
2015/16,110864,Sam Johnstone,Championship,45,2016-04-30,Reading,Preston,1:2,Not in squad,,,,,,,,,,
2015/16,110864,Sam Johnstone,Championship,46,2016-05-07,Preston,Leeds,1:1,Not in squad,,,,,,,,,,
2015/16,110864,Sam Johnstone,FA Cup,Third Round,2016-01-09,Peterborough,Preston,2:0,Not in squad,,,,,,,,,,
2015/16,110864,Sam Johnstone,League Cup,Third Round,2015-09-23,Man Utd,Ipswich,3:0,Not in squad,,,,,,,,,,
2015/16,110864,Sam Johnstone,League Cup,Fourth Round,2015-10-28,Man Utd,Middlesbrough,1:3 on pens,Not in squad,,,,,,,,,,
2015/16,110864,Sam Johnstone,U21 Premier League,1,2015-08-10,Leicester U21,Man Utd U21,1:1,Not in squad,,,,,,,,,,
2015/16,110864,Sam Johnstone,U21 Premier League,5,2015-09-21,Man Utd U21,Everton U21,3:1,GK,,,,,,,,,90,
2015/16,110864,Sam Johnstone,U21 Premier League,8,2015-10-26,Sunderland U21,Man Utd U21,0:1,GK,,,,,,,,,90,
2015/16,110864,Sam Johnstone,U21 Premier League,10,2015-11-23,Norwich U21,Man Utd U21,2:0,GK,,,,,,,,,90,
2015/16,110864,Sam Johnstone,U21 Premier League,11,2015-11-30,Man Utd U21,Liverpool U21,3:2,Not in squad,,,,,,,,,,
2015/16,110864,Sam Johnstone,U21 Premier League,13,2015-12-14,Man Utd U21,Leicester U21,6:1,GK,,,,,,,,,90,
2015/16,110864,Sam Johnstone,U21 Premier League,15,2016-01-25,Man Utd U21,Sunderland U21,1:0,Not in squad,,,,,,,,,,
2015/16,110864,Sam Johnstone,U21 Premier League,16,2016-02-01,Everton U21,Man Utd U21,2:0,Not in squad,,,,,,,,,,
2015/16,110864,Sam Johnstone,U21 Premier League,17,2016-02-08,Man Utd U21,Norwich U21,7:0,Not in squad,,,,,,,,,,
2015/16,110864,Sam Johnstone,U21 Premier League,3,2016-02-11,Man Utd U21,Man City U21,1:0,Not in squad,,,,,,,,,,
2015/16,110864,Sam Johnstone,U21 Premier League,9,2016-02-15,Man Utd U21,Reading U21,1:0,Not in squad,,,,,,,,,,
2015/16,110864,Sam Johnstone,U21 Premier League,18,2016-02-20,Man City U21,Man Utd U21,1:0,Not in squad,,,,,,,,,,
2015/16,110864,Sam Johnstone,U21 Premier League,12,2016-02-29,Boro U21,Man Utd U21,1:2,Not in squad,,,,,,,,,,
2015/16,110864,Sam Johnstone,U21 Premier League,20,2016-03-11,Liverpool U21,Man Utd U21,1:1,Not in squad,,,,,,,,,,
2015/16,110864,Sam Johnstone,U21 Premier League,21,2016-04-04,Man Utd U21,Chelsea U21,1:1,GK,,,,,,,,,90,
2015/16,110864,Sam Johnstone,U21 Premier League,2,2016-04-11,Man Utd U21,Boro U21,1:0,GK,,,,,,,,,90,
2015/16,110864,Sam Johnstone,U21 Premier League,6,2016-04-19,Tottenham U21,Man Utd U21,2:3,Not in squad,,,,,,,,,,
2015/16,110864,Sam Johnstone,U21 Premier League,22,2016-04-25,Southampton U21,Man Utd U21,2:1,GK,,,,,,,,,90,
2015/16,110864,Sam Johnstone,U21 Premier League,4,2016-05-06,Chelsea U21,Man Utd U21,0:1,Not in squad,,,,,,,,,,
