﻿season,player_id,player_name,competition,journey,date,home_team,away_team,result,position,goals,assists,own_goals,yellow_cards,second_yellow_cards,red_cards,substitutions_on,substitutions_off,minutes_played,transfermarkt_score
2025/26,1108471,Landon Emenalo,UEFA Champions League,Group Stage,2025-09-17,Bayern Munich,Chelsea,3:1,Not in squad,,,,,,,,,,
2025/26,1108471,Landon Emenalo,UEFA Champions League,Group Stage,2025-09-30,Chelsea,Benfica,1:0,Not in squad,,,,,,,,,,
2025/26,1108471,Landon Emenalo,UEFA Champions League,Group Stage,2025-10-22,Chelsea,Ajax,5:1,Not in squad,,,,,,,,,,
2025/26,1108471,Landon Emenalo,UEFA Champions League,Group Stage,2025-11-05,Qarabağ,Chelsea,2:2,Not in squad,,,,,,,,,,
2025/26,1108471,Landon Emenalo,UEFA Champions League,Group Stage,2025-11-25,Chelsea,Barcelona,3:0,Not in squad,,,,,,,,,,
2025/26,1108471,Landon Emenalo,International Friendlies,1,2025-09-03,England U18,Uzbekistan U18,-:-,Information not yet available,,,,,,,,,,
2025/26,1108471,Landon Emenalo,International Friendlies,2,2025-09-03,England U18,Uzbekistan U17,3:1,LB,,,,,,,,64,64,
2025/26,1108471,Landon Emenalo,International Friendlies,45,2025-09-06,England U18,Morocco U17,4:1,,,,,,,,65,,25,
2025/26,1108471,Landon Emenalo,International Friendlies,1,2025-09-09,England U18,Canada U17,3:2,LB,,,,,,,,46,45,
2025/26,1108471,Landon Emenalo,International Friendlies,3,2025-10-09,England U18,France U18,1:0,,,,,,,,74,,16,
2025/26,1108471,Landon Emenalo,International Friendlies,4,2025-10-12,England U18,France U18,2:2,,,,,,,,,63,63,
2025/26,1108471,Landon Emenalo,UEFA Youth League,Group Stage,2025-09-17,FC Bayern YL,Chelsea YL,2:3,LB,,,,,,,,,90,
2025/26,1108471,Landon Emenalo,UEFA Youth League,Group Stage,2025-09-30,Chelsea YL,Benfica YL,5:2,LB,,,,,,,,,90,
2025/26,1108471,Landon Emenalo,UEFA Youth League,Group Stage,2025-10-22,Chelsea YL,Ajax YL,6:3,LB,,,,,,,,62,62,
2025/26,1108471,Landon Emenalo,UEFA Youth League,Group Stage,2025-11-05,Qarabag YL,Chelsea YL,0:5,Not in squad,,,,,,,,,,
2025/26,1108471,Landon Emenalo,UEFA Youth League,Group Stage,2025-11-25,Chelsea YL,Barcelona YL,1:1,LB,,,,,,,,,90,
2025/26,1108471,Landon Emenalo,Premier League,1,2025-08-17,Chelsea,Crystal Palace,0:0,Not in squad,,,,,,,,,,
2025/26,1108471,Landon Emenalo,Premier League,2,2025-08-22,West Ham,Chelsea,1:5,Not in squad,,,,,,,,,,
2025/26,1108471,Landon Emenalo,Premier League,3,2025-08-30,Chelsea,Fulham,2:0,Not in squad,,,,,,,,,,
2025/26,1108471,Landon Emenalo,Premier League,4,2025-09-13,Brentford,Chelsea,2:2,Not in squad,,,,,,,,,,
2025/26,1108471,Landon Emenalo,Premier League,5,2025-09-20,Man Utd,Chelsea,2:1,Not in squad,,,,,,,,,,
2025/26,1108471,Landon Emenalo,Premier League,6,2025-09-27,Chelsea,Brighton,1:3,Not in squad,,,,,,,,,,
2025/26,1108471,Landon Emenalo,Premier League,7,2025-10-04,Chelsea,Liverpool,2:1,on the bench,,,,,,,,,,
2025/26,1108471,Landon Emenalo,Premier League,8,2025-10-18,Nott'm Forest,Chelsea,0:3,Not in squad,,,,,,,,,,
2025/26,1108471,Landon Emenalo,Premier League,9,2025-10-25,Chelsea,Sunderland,1:2,Not in squad,,,,,,,,,,
2025/26,1108471,Landon Emenalo,Premier League,10,2025-11-01,Tottenham,Chelsea,0:1,Not in squad,,,,,,,,,,
2025/26,1108471,Landon Emenalo,Premier League,11,2025-11-08,Chelsea,Wolves,3:0,Not in squad,,,,,,,,,,
2025/26,1108471,Landon Emenalo,Premier League,12,2025-11-22,Burnley,Chelsea,0:2,Not in squad,,,,,,,,,,
2025/26,1108471,Landon Emenalo,Premier League,13,2025-11-30,Chelsea,Arsenal,1:1,Not in squad,,,,,,,,,,
2025/26,1108471,Landon Emenalo,Premier League,14,2025-12-03,Leeds,Chelsea,3:1,Not in squad,,,,,,,,,,
2025/26,1108471,Landon Emenalo,EFL Trophy,group B3,2025-08-26,Shrewsbury,Chelsea U21,3:1,CB,,,,,,,,63,63,
2025/26,1108471,Landon Emenalo,EFL Trophy,group B3,2025-09-23,Northampton,Chelsea U21,3:0,Not in squad,,,,,,,,,,
2025/26,1108471,Landon Emenalo,EFL Trophy,group B3,2025-10-28,Walsall,Chelsea U21,4:2 on pens,Not in squad,,,,,,,,,,
2025/26,1108471,Landon Emenalo,EFL Cup,Third Round,2025-09-23,Lincoln City,Chelsea,1:2,Not in squad,,,,,,,,,,
2025/26,1108471,Landon Emenalo,EFL Cup,Fourth Round,2025-10-29,Wolves,Chelsea,3:4,Not in squad,,,,,,,,,,
2025/26,1108471,Landon Emenalo,Premier League 2,1,2025-08-18,Chelsea U21,Man City U21,3:1,LB,,,,,,,,,90,
2025/26,1108471,Landon Emenalo,Premier League 2,2,2025-08-22,Newcastle U21,Chelsea U21,0:5,LB,,2,,,,,,77,77,
2025/26,1108471,Landon Emenalo,Premier League 2,3,2025-08-29,Aston Villa U21,Chelsea U21,1:2,LB,,,,,,,,79,79,
2025/26,1108471,Landon Emenalo,Premier League 2,4,2025-09-20,Chelsea U21,Ipswich U21,2:4,LB,,,,,,,,,90,
2025/26,1108471,Landon Emenalo,Premier League 2,5,2025-09-27,Chelsea U21,Stoke U21,1:2,LB,,,,,,,,,90,
2025/26,1108471,Landon Emenalo,Premier League 2,6,2025-10-05,Burnley U21,Chelsea U21,0:1,Not in squad,,,,,,,,,,
2025/26,1108471,Landon Emenalo,Premier League 2,7,2025-10-25,Chelsea U21,Arsenal U21,2:1,Not in squad,,,,,,,,,,
2025/26,1108471,Landon Emenalo,Premier League 2,8,2025-10-31,Everton U21,Chelsea U21,1:0,Not in squad,,,,,,,,,,
2025/26,1108471,Landon Emenalo,Premier League 2,9,2025-11-08,Chelsea U21,Reading U21,4:1,Not in squad,,,,,,,,,,
2025/26,1108471,Landon Emenalo,Premier League International Cup U21,Group C,2025-10-18,Chelsea U21,Din. Zagreb II,1:2,,,,,,,,14,,76,
2025/26,1108471,Landon Emenalo,Premier League International Cup U21,Group C,2025-12-03,Chelsea U21,Paris SG U23,1:3,LB,,,,,,,,,90,
