﻿season,player_id,player_name,competition,journey,date,home_team,away_team,result,position,goals,assists,own_goals,yellow_cards,second_yellow_cards,red_cards,substitutions_on,substitutions_off,minutes_played,transfermarkt_score
2011/12,104124,Michail Antonio,Championship,1,2011-08-06,Reading,Millwall,2:2,Not in squad,,,,,,,,,,
2011/12,104124,Michail Antonio,Championship,2,2011-08-13,Leicester,Reading,0:2,Not in squad,,,,,,,,,,
2011/12,104124,Michail Antonio,Championship,17,2011-11-19,Reading,Cardiff,1:2,Not in squad,,,,,,,,,,
2011/12,104124,Michail Antonio,Championship,18,2011-11-26,Ipswich,Reading,2:3,Not in squad,,,,,,,,,,
2011/12,104124,Michail Antonio,Championship,19,2011-11-29,Reading,Peterborough,3:2,Not in squad,,,,,,,,,,
2011/12,104124,Michail Antonio,Championship,20,2011-12-03,Blackpool,Reading,1:0,,,,,,,,70,,20,
2011/12,104124,Michail Antonio,Championship,21,2011-12-10,Reading,West Ham,3:0,on the bench,,,,,,,,,,
2011/12,104124,Michail Antonio,Championship,22,2011-12-17,Leeds,Reading,0:1,,,,,,,,90,,1,
2011/12,104124,Michail Antonio,Championship,23,2011-12-26,Reading,Brighton,3:0,,,,,,,,88,,2,
2011/12,104124,Michail Antonio,Championship,24,2011-12-31,Reading,Ipswich,1:0,Not in squad,,,,,,,,,,
2011/12,104124,Michail Antonio,Championship,25,2012-01-02,Cardiff,Reading,3:1,Not in squad,,,,,,,,,,
2011/12,104124,Michail Antonio,Championship,26,2012-01-14,Watford,Reading,1:2,,,,,,,,88,,2,
2011/12,104124,Michail Antonio,Championship,27,2012-01-21,Reading,Hull City,0:1,RM,,,,,,,,,90,
2011/12,104124,Michail Antonio,Championship,28,2012-01-28,Reading,Bristol City,1:0,RM,,,,,,,,82,82,
2011/12,104124,Michail Antonio,Championship,30,2012-02-11,Reading,Coventry,2:0,Not in squad,,,,,,,,,,
2011/12,104124,Michail Antonio,Championship,31,2012-02-14,Derby,Reading,0:1,Not in squad,,,,,,,,,,
2011/12,104124,Michail Antonio,Championship,32,2012-02-17,Reading,Burnley,1:0,Not in squad,,,,,,,,,,
2011/12,104124,Michail Antonio,EFL Trophy,First Round,2011-08-30,Colchester Utd.,Barnet,1:3,,,,,,,,,59,59,
2011/12,104124,Michail Antonio,League One,3,2011-08-16,Colchester Utd.,Charlton,0:2,Centre Forward,,,,,,,,67,67,
2011/12,104124,Michail Antonio,League One,4,2011-08-20,Huddersfield,Colchester Utd.,3:2,Centre Forward,1,,,,,,,46,45,
2011/12,104124,Michail Antonio,League One,5,2011-08-27,Colchester Utd.,Oldham Athletic,4:1,,,1,,,,,,88,88,
2011/12,104124,Michail Antonio,League One,6,2011-09-03,Scunthorpe Utd.,Colchester Utd.,1:1,,,,,,,,,85,85,
2011/12,104124,Michail Antonio,League One,7,2011-09-10,Colchester Utd.,Leyton Orient,1:1,,,,,,,,,83,83,
2011/12,104124,Michail Antonio,League One,8,2011-09-13,Brentford,Colchester Utd.,1:1,,,,,,,,,63,63,
2011/12,104124,Michail Antonio,League One,9,2011-09-17,Sheff Utd,Colchester Utd.,3:0,,,,,,,,73,,17,
2011/12,104124,Michail Antonio,League One,10,2011-09-24,Colchester Utd.,Walsall,1:0,,,1,,,,,,,90,
2011/12,104124,Michail Antonio,League One,11,2011-10-01,Chesterfield,Colchester Utd.,0:1,,1,,,76,,,,80,80,
2011/12,104124,Michail Antonio,League One,12,2011-10-08,Colchester Utd.,Yeovil Town,2:2,,1,,,,,,,,90,
2011/12,104124,Michail Antonio,League One,13,2011-10-15,Rochdale,Colchester Utd.,2:2,,,,,,,,,80,80,
2011/12,104124,Michail Antonio,League One,14,2011-10-22,Sheff Wed,Colchester Utd.,2:0,,,,,,,,,68,68,
2011/12,104124,Michail Antonio,League One,15,2011-10-25,Colchester Utd.,Bournemouth,1:1,,,,,,,,,68,68,
2011/12,104124,Michail Antonio,League One,16,2011-10-29,Colchester Utd.,Notts County,4:2,,1,1,,,,,,,90,
2011/12,104124,Michail Antonio,League One,17,2011-11-05,Tranmere,Colchester Utd.,0:0,RM,,,,,,,,,90,
2010/11,104124,Michail Antonio,League One,,,,,,,,,,,,,,,,
2011/12,104124,Michail Antonio,League One,33,2012-02-26,Sheff Wed,Sheff Utd,1:0,LM,,,,,,,,90,90,
2011/12,104124,Michail Antonio,League One,34,2012-03-03,Rochdale,Sheff Wed,0:0,RM,,,,,,,,,90,
2011/12,104124,Michail Antonio,League One,35,2012-03-06,Sheff Wed,Bury,4:1,Centre Forward,2,,,,,,,,90,
2011/12,104124,Michail Antonio,League One,36,2012-03-10,Sheff Wed,Bournemouth,3:0,LW,1,1,,,,,,,90,
2011/12,104124,Michail Antonio,League One,37,2012-03-17,Notts County,Sheff Wed,1:2,,,,,,,,,,90,
2011/12,104124,Michail Antonio,League One,38,2012-03-20,Sheff Wed,Walsall,2:2,,,,,,,,,,90,
2011/12,104124,Michail Antonio,League One,39,2012-03-24,Leyton Orient,Sheff Wed,0:1,RM,,,,,,,,,90,
2011/12,104124,Michail Antonio,League One,40,2012-03-31,Sheff Wed,Preston,2:0,RM,,1,,,,,,,90,
2011/12,104124,Michail Antonio,League One,41,2012-04-07,Huddersfield,Sheff Wed,0:2,Centre Forward,,,,,,,,90,90,
2011/12,104124,Michail Antonio,League One,42,2012-04-09,Sheff Wed,Oldham Athletic,3:0,,,,,,,,,,90,
2011/12,104124,Michail Antonio,League One,43,2012-04-14,Colchester Utd.,Sheff Wed,1:1,,,,,,,,,,90,
2011/12,104124,Michail Antonio,League One,44,2012-04-21,Sheff Wed,Carlisle United,2:1,RM,1,,,,,,,90,90,
2011/12,104124,Michail Antonio,League One,45,2012-04-28,Brentford,Sheff Wed,1:2,RM,,,,,,,,68,68,
2011/12,104124,Michail Antonio,League One,46,2012-05-05,Sheff Wed,Wycombe,2:0,RM,1,,,,,,,,90,
2011/12,104124,Michail Antonio,FA Cup,First Round,2011-11-12,Crewe Alexandra,Colchester Utd.,1:4,Not in squad,,,,,,,,,,
2010/11,104124,Michail Antonio,FA Cup,,,,,,,,,,,,,,,,
2011/12,104124,Michail Antonio,FA Cup,Third Round,2012-01-07,Reading,Stevenage,0:1,,,,,,,,52,,38,
