﻿season,player_id,player_name,competition,journey,date,home_team,away_team,result,position,goals,assists,own_goals,yellow_cards,second_yellow_cards,red_cards,substitutions_on,substitutions_off,minutes_played,transfermarkt_score
2025/26,1082850,Deivid Washington,EFL Trophy,group B3,2025-09-23,Northampton,Chelsea U21,3:0,Not in squad,,,,,,,,,,
2025/26,1082850,Deivid Washington,EFL Trophy,group B3,2025-10-28,Walsall,Chelsea U21,4:2 on pens,CF,,,,,,,,61,61,
2025/26,1082850,Deivid Washington,Premier League 2,4,2025-09-20,Chelsea U21,Ipswich U21,2:4,Not in squad,,,,,,,,,,
2025/26,1082850,Deivid Washington,Premier League 2,5,2025-09-27,Chelsea U21,Stoke U21,1:2,Not in squad,,,,,,,,,,
2025/26,1082850,Deivid Washington,Premier League 2,6,2025-10-05,Burnley U21,Chelsea U21,0:1,Not in squad,,,,,,,,,,
2025/26,1082850,Deivid Washington,Premier League 2,7,2025-10-25,Chelsea U21,Arsenal U21,2:1,CF,,,,,,,,68,68,
2025/26,1082850,Deivid Washington,Premier League 2,8,2025-10-31,Everton U21,Chelsea U21,1:0,CF,,,,,,,,,90,
2025/26,1082850,Deivid Washington,Premier League 2,9,2025-11-08,Chelsea U21,Reading U21,4:1,,,,,,,,71,,19,
2025/26,1082850,Deivid Washington,Premier League International Cup U21,Group C,2025-10-18,Chelsea U21,Din. Zagreb II,1:2,CF,,,,,,,,,90,
2025/26,1082850,Deivid Washington,Premier League International Cup U21,Group C,2025-12-03,Chelsea U21,Paris SG U23,1:3,CF,,,,,,,,61,61,
