﻿season,player_id,player_name,competition,journey,date,home_team,away_team,result,position,goals,assists,own_goals,yellow_cards,second_yellow_cards,red_cards,substitutions_on,substitutions_off,minutes_played,transfermarkt_score
2016/17,101118,Joel Robles,Premier League,1,2016-08-13,Everton,Tottenham,1:1,on the bench,,,,,,,,,,
2016/17,101118,Joel Robles,Premier League,2,2016-08-20,West Brom,Everton,1:2,on the bench,,,,,,,,,,
2016/17,101118,Joel Robles,Premier League,3,2016-08-27,Everton,Stoke City,1:0,on the bench,,,,,,,,,,
2016/17,101118,Joel Robles,Premier League,4,2016-09-12,Sunderland,Everton,0:3,on the bench,,,,,,,,,,
2016/17,101118,Joel Robles,Premier League,5,2016-09-17,Everton,Middlesbrough,3:1,on the bench,,,,,,,,,,
2016/17,101118,Joel Robles,Premier League,6,2016-09-24,Bournemouth,Everton,1:0,on the bench,,,,,,,,,,
2016/17,101118,Joel Robles,Premier League,7,2016-09-30,Everton,Crystal Palace,1:1,on the bench,,,,,,,,,,
2016/17,101118,Joel Robles,Premier League,8,2016-10-15,Man City,Everton,1:1,on the bench,,,,,,,,,,
2016/17,101118,Joel Robles,Premier League,9,2016-10-22,Burnley,Everton,2:1,on the bench,,,,,,,,,,
2016/17,101118,Joel Robles,Premier League,10,2016-10-30,Everton,West Ham,2:0,GK,,,,,,,,,90,
2016/17,101118,Joel Robles,Premier League,11,2016-11-05,Chelsea,Everton,5:0,on the bench,,,,,,,,,,
2016/17,101118,Joel Robles,Premier League,12,2016-11-19,Everton,Swansea,1:1,on the bench,,,,,,,,,,
2016/17,101118,Joel Robles,Premier League,13,2016-11-27,Southampton,Everton,1:0,on the bench,,,,,,,,,,
2016/17,101118,Joel Robles,Premier League,14,2016-12-04,Everton,Man Utd,1:1,on the bench,,,,,,,,,,
2016/17,101118,Joel Robles,Premier League,15,2016-12-10,Watford,Everton,3:2,on the bench,,,,,,,,,,
2016/17,101118,Joel Robles,Premier League,16,2016-12-13,Everton,Arsenal,2:1,on the bench,,,,,,,,,,
2016/17,101118,Joel Robles,Premier League,17,2016-12-19,Everton,Liverpool,0:1,GK,,,,,,,64,,26,
2016/17,101118,Joel Robles,Premier League,18,2016-12-26,Leicester,Everton,0:2,GK,,1,,,,,,,90,
2016/17,101118,Joel Robles,Premier League,19,2016-12-30,Hull City,Everton,2:2,GK,,,,,,,,,90,
2016/17,101118,Joel Robles,Premier League,20,2017-01-02,Everton,Southampton,3:0,GK,,,,,,,,,90,
2016/17,101118,Joel Robles,Premier League,21,2017-01-15,Everton,Man City,4:0,GK,,,,,,,,,90,
2016/17,101118,Joel Robles,Premier League,22,2017-01-21,Crystal Palace,Everton,0:1,GK,,,,,,,,,90,
2016/17,101118,Joel Robles,Premier League,23,2017-02-01,Stoke City,Everton,1:1,GK,,,,,,,,,90,
2016/17,101118,Joel Robles,Premier League,24,2017-02-04,Everton,Bournemouth,6:3,GK,,,,74,,,,,90,
2016/17,101118,Joel Robles,Premier League,25,2017-02-11,Middlesbrough,Everton,0:0,GK,,,,,,,,,90,
2016/17,101118,Joel Robles,Premier League,26,2017-02-25,Everton,Sunderland,2:0,GK,,,,,,,,,90,
2016/17,101118,Joel Robles,Premier League,27,2017-03-05,Tottenham,Everton,3:2,GK,,,,,,,,,90,
2016/17,101118,Joel Robles,Premier League,28,2017-03-11,Everton,West Brom,3:0,GK,,,,,,,,,90,
2016/17,101118,Joel Robles,Premier League,29,2017-03-18,Everton,Hull City,4:0,GK,,,,,,,,,90,
2016/17,101118,Joel Robles,Premier League,30,2017-04-01,Liverpool,Everton,3:1,GK,,,,,,,,,90,
2016/17,101118,Joel Robles,Premier League,31,2017-04-04,Man Utd,Everton,1:1,GK,,,,,,,,,90,
2016/17,101118,Joel Robles,Premier League,32,2017-04-09,Everton,Leicester,4:2,GK,,,,,,,,,90,
2016/17,101118,Joel Robles,Premier League,33,2017-04-15,Everton,Burnley,3:1,GK,,,,,,,,,90,
2016/17,101118,Joel Robles,Premier League,34,2017-04-22,West Ham,Everton,0:0,on the bench,,,,,,,,,,
2016/17,101118,Joel Robles,Premier League,35,2017-04-30,Everton,Chelsea,0:3,on the bench,,,,,,,,,,
2016/17,101118,Joel Robles,Premier League,36,2017-05-06,Swansea,Everton,1:0,on the bench,,,,,,,,,,
2016/17,101118,Joel Robles,Premier League,37,2017-05-12,Everton,Watford,1:0,GK,,,,,,,,,90,
2016/17,101118,Joel Robles,Premier League,38,2017-05-21,Arsenal,Everton,3:1,GK,,,,,,,,,90,
2016/17,101118,Joel Robles,EFL Trophy,group A1,2016-08-30,Bolton,Everton U23,0:2,Not in squad,,,,,,,,,,
2016/17,101118,Joel Robles,EFL Trophy,group A1,2016-10-04,Cheltenham,Everton U23,2:1,Not in squad,,,,,,,,,,
2016/17,101118,Joel Robles,EFL Trophy,group A1,2016-11-08,Everton U23,Blackpool,5:6 on pens,Not in squad,,,,,,,,,,
2016/17,101118,Joel Robles,FA Cup,Third Round,2017-01-07,Everton,Leicester,1:2,GK,,,,,,,,,90,
2016/17,101118,Joel Robles,EFL Cup,Second Round,2016-08-23,Everton,Yeovil Town,4:0,on the bench,,,,,,,,,,
2016/17,101118,Joel Robles,EFL Cup,Third Round,2016-09-20,Everton,Norwich,0:2,on the bench,,,,,,,,,,
2016/17,101118,Joel Robles,Premier League 2,1,2016-08-15,Tottenham U23,Everton U23,0:2,Not in squad,,,,,,,,,,
2016/17,101118,Joel Robles,Premier League 2,2,2016-08-22,Everton U23,Derby U23,2:0,Not in squad,,,,,,,,,,
2016/17,101118,Joel Robles,Premier League 2,3,2016-08-25,Leicester U23,Everton U23,1:4,Not in squad,,,,,,,,,,
2016/17,101118,Joel Robles,Premier League 2,4,2016-09-13,Everton U23,Sunderland U23,0:1,GK,,,,,,,,,90,
2016/17,101118,Joel Robles,Premier League 2,5,2016-09-19,Arsenal U23,Everton U23,0:5,Not in squad,,,,,,,,,,
2016/17,101118,Joel Robles,Premier League 2,6,2016-09-26,Everton U23,Man Utd U23,2:0,Not in squad,,,,,,,,,,
2016/17,101118,Joel Robles,Premier League 2,7,2016-10-17,Reading U23,Everton U23,3:6,Not in squad,,,,,,,,,,
2016/17,101118,Joel Robles,Premier League 2,8,2016-10-23,Liverpool U23,Everton U23,2:0,Not in squad,,,,,,,,,,
2016/17,101118,Joel Robles,Premier League 2,9,2016-10-31,Everton U23,Chelsea U23,1:1,Not in squad,,,,,,,,,,
2016/17,101118,Joel Robles,Premier League 2,10,2016-11-20,Everton U23,Man City U23,1:0,Not in squad,,,,,,,,,,
2016/17,101118,Joel Robles,Premier League 2,11,2016-11-28,Southampton U23,Everton U23,1:1,Not in squad,,,,,,,,,,
2016/17,101118,Joel Robles,Premier League 2,12,2016-12-12,Everton U23,Leicester U23,4:1,Not in squad,,,,,,,,,,
2016/17,101118,Joel Robles,Premier League 2,14,2017-01-08,Sunderland U23,Everton U23,0:1,Not in squad,,,,,,,,,,
2016/17,101118,Joel Robles,Premier League 2,15,2017-01-16,Everton U23,Reading U23,3:0,Not in squad,,,,,,,,,,
2016/17,101118,Joel Robles,Premier League 2,16,2017-01-30,Man Utd U23,Everton U23,1:3,Not in squad,,,,,,,,,,
2016/17,101118,Joel Robles,Premier League 2,17,2017-02-06,Everton U23,Arsenal U23,1:0,Not in squad,,,,,,,,,,
2016/17,101118,Joel Robles,Premier League 2,18,2017-02-20,Everton U23,Southampton U23,2:0,Not in squad,,,,,,,,,,
2016/17,101118,Joel Robles,Premier League 2,19,2017-03-03,Man City U23,Everton U23,3:0,Not in squad,,,,,,,,,,
2016/17,101118,Joel Robles,Premier League 2,20,2017-03-13,Derby U23,Everton U23,2:3,Not in squad,,,,,,,,,,
2016/17,101118,Joel Robles,Premier League 2,21,2017-04-10,Everton U23,Tottenham U23,4:1,Not in squad,,,,,,,,,,
2016/17,101118,Joel Robles,Premier League 2,22,2017-04-21,Chelsea U23,Everton U23,2:2,Not in squad,,,,,,,,,,
2016/17,101118,Joel Robles,Premier League 2,13,2017-05-08,Everton U23,Liverpool U23,1:2,Not in squad,,,,,,,,,,
2016/17,101118,Joel Robles,Premier League International Cup U21,Group F,2016-08-18,Everton U23,Reading U23,2:1,Not in squad,,,,,,,,,,
2016/17,101118,Joel Robles,Premier League International Cup U21,Group F,2016-11-23,Everton U23,Hertha BSC II,1:3,Not in squad,,,,,,,,,,
2016/17,101118,Joel Robles,Premier League International Cup U21,Group F,2016-12-21,Everton U23,Bilbao Athletic,1:2,Not in squad,,,,,,,,,,
2016/17,101118,Joel Robles,Premier League Cup,Group D,2016-10-01,Everton U23,Wolves U23,1:0,Information not yet available,,,,,,,,,,
2016/17,101118,Joel Robles,Premier League Cup,Group D,2016-11-04,Everton U23,Norwich City U23,1:4,Information not yet available,,,,,,,,,,
2016/17,101118,Joel Robles,Premier League Cup,Group D,2016-12-05,Everton U23,Portsmouth U23,3:1,Information not yet available,,,,,,,,,,
2016/17,101118,Joel Robles,Premier League Cup,Group D,2017-01-23,Wolves U23,Everton U23,1:1,Information not yet available,,,,,,,,,,
2016/17,101118,Joel Robles,Premier League Cup,Group D,2017-02-15,Norwich City U23,Everton U23,1:0,Information not yet available,,,,,,,,,,
2016/17,101118,Joel Robles,Premier League Cup,Group D,2017-02-27,Portsmouth U23,Everton U23,2:1,Information not yet available,,,,,,,,,,
