﻿season,player_id,player_name,competition,journey,date,home_team,away_team,result,position,goals,assists,own_goals,yellow_cards,second_yellow_cards,red_cards,substitutions_on,substitutions_off,minutes_played,transfermarkt_score
2023/24,1086619,Giovanni Leoni,International Friendlies,17,2024-02-14,Italy U18,Slovakia U18,1:0,Not in squad,,,,,,,,,,
2023/24,1086619,Giovanni Leoni,International Friendlies,15,2024-03-21,Italy U18,Austria U18,2:1,CB,,,,,,,,,90,
2023/24,1086619,Giovanni Leoni,International Friendlies,4,2024-03-24,Italy U18,Austria U18,2:0,on the bench,,,,,,,,,,
2023/24,1086619,Giovanni Leoni,Coppa Italia Primavera,First Round,2023-09-13,Padova U19,Bari U19,1:2,CB,,,,,,,,69,69,
2023/24,1086619,Giovanni Leoni,Coppa Italia Serie C,First Round,2023-10-03,Legnago,Padova,2:4,CB,,,,,,,,60,60,
2023/24,1086619,Giovanni Leoni,Coppa Italia Serie C,Second Round,2023-11-07,Padova,Giana Erminio,3:0,,,,,,,,86,,4,
2023/24,1086619,Giovanni Leoni,Coppa Italia Serie C,Round of 16,2023-11-30,Padova,Lumezzane,2:0,Not in squad,,,,,,,,,,
2023/24,1086619,Giovanni Leoni,Coppa Italia Serie C,Quarter-Finals,2023-12-12,Pontedera,Padova,0:1,CB,,,,,,,,82,82,
2023/24,1086619,Giovanni Leoni,Coppa Italia Serie C,Semi-Finals 1st Leg,2024-01-24,Lucchese,Padova,1:0,on the bench,,,,,,,,,,
2023/24,1086619,Giovanni Leoni,Serie B,23,2024-02-03,Sampdoria,Modena,2:2,,,,,,,,72,,18,
2023/24,1086619,Giovanni Leoni,Serie B,24,2024-02-10,Pisa,Sampdoria,2:0,on the bench,,,,,,,,,,
2023/24,1086619,Giovanni Leoni,Serie B,25,2024-02-17,Sampdoria,Brescia,1:1,,,,,,,,80,,10,
2023/24,1086619,Giovanni Leoni,Serie B,26,2024-02-23,Cosenza,Sampdoria,1:2,on the bench,,,,,,,,,,
2023/24,1086619,Giovanni Leoni,Serie B,27,2024-02-27,Sampdoria,Cremonese,1:2,on the bench,,,,,,,,,,
2023/24,1086619,Giovanni Leoni,Serie B,28,2024-03-03,Feralpisalò,Sampdoria,1:3,CB,,,,16,,,,86,86,
2023/24,1086619,Giovanni Leoni,Serie B,29,2024-03-11,Sampdoria,Ascoli,2:1,CB,,,,,,,,67,67,
2023/24,1086619,Giovanni Leoni,Serie B,30,2024-03-16,Bari,Sampdoria,0:1,CB,,,,,,,,88,88,
2023/24,1086619,Giovanni Leoni,Serie B,31,2024-04-01,Sampdoria,Ternana,4:1,CB,,,,,,,,,90,
2023/24,1086619,Giovanni Leoni,Serie B,32,2024-04-06,Palermo,Sampdoria,2:2,CB,1,,,,,,,81,81,
2023/24,1086619,Giovanni Leoni,Serie B,33,2024-04-13,Sampdoria,Südtirol,0:1,CB,,,,,,,,71,71,
2023/24,1086619,Giovanni Leoni,Serie B,34,2024-04-20,Spezia Calcio,Sampdoria,0:0,CB,,,,11,,,,60,60,
2023/24,1086619,Giovanni Leoni,Serie B,35,2024-04-27,Sampdoria,Como,1:1,,,,,,,,75,,15,
2023/24,1086619,Giovanni Leoni,Serie B,36,2024-05-01,Lecco,Sampdoria,0:1,CB,,,,,,,,,90,
2023/24,1086619,Giovanni Leoni,Serie B,37,2024-05-05,Sampdoria,Reggiana,1:0,on the bench,,,,,,,,,,
2023/24,1086619,Giovanni Leoni,Serie B,38,2024-05-10,Catanzaro,Sampdoria,1:3,CB,,,,,,,,,90,
2023/24,1086619,Giovanni Leoni,Serie C - Girone A,1,2023-09-04,Mantova,Padova,1:1,Not in squad,,,,,,,,,,
2023/24,1086619,Giovanni Leoni,Serie C - Girone A,2,2023-09-10,Padova,Legnago,2:0,on the bench,,,,,,,,,,
2023/24,1086619,Giovanni Leoni,Serie C - Girone A,3,2023-09-17,Alessandria,Padova,1:2,Not in squad,,,,,,,,,,
2023/24,1086619,Giovanni Leoni,Serie C - Girone A,4,2023-09-20,Padova,Novara,2:0,on the bench,,,,,,,,,,
2023/24,1086619,Giovanni Leoni,Serie C - Girone A,5,2023-09-24,Padova,Virtus Verona,2:0,on the bench,,,,,,,,,,
2023/24,1086619,Giovanni Leoni,Serie C - Girone A,6,2023-09-30,Trento,Padova,0:3,Not in squad,,,,,,,,,,
2023/24,1086619,Giovanni Leoni,Serie C - Girone A,7,2023-10-07,Padova,Pro Patria,1:1,Not in squad,,,,,,,,,,
2023/24,1086619,Giovanni Leoni,Serie C - Girone A,8,2023-10-14,Pro Sesto,Padova,1:1,on the bench,,,,,,,,,,
2023/24,1086619,Giovanni Leoni,Serie C - Girone A,9,2023-10-21,Arzignano,Padova,1:2,Not in squad,,,,,,,,,,
2023/24,1086619,Giovanni Leoni,Serie C - Girone A,10,2023-10-24,Padova,Renate,0:0,Not in squad,,,,,,,,,,
2023/24,1086619,Giovanni Leoni,Serie C - Girone A,11,2023-10-29,LR Vicenza,Padova,1:1,Not in squad,,,,,,,,,,
2023/24,1086619,Giovanni Leoni,Serie C - Girone A,12,2023-11-04,Padova,Giana Erminio,3:1,Not in squad,,,,,,,,,,
2023/24,1086619,Giovanni Leoni,Serie C - Girone A,13,2023-11-11,UC AlbinoLeffe,Padova,0:1,Not in squad,,,,,,,,,,
2023/24,1086619,Giovanni Leoni,Serie C - Girone A,14,2023-11-19,Padova,Pro Vercelli,3:2,on the bench,,,,,,,,,,
2023/24,1086619,Giovanni Leoni,Serie C - Girone A,15,2023-11-27,Pergolettese,Padova,1:1,Not in squad,,,,,,,,,,
2023/24,1086619,Giovanni Leoni,Serie C - Girone A,16,2023-12-03,Padova,Lumezzane,1:1,Not in squad,,,,,,,,,,
2023/24,1086619,Giovanni Leoni,Serie C - Girone A,17,2023-12-09,Atalanta U23,Padova,0:1,Not in squad,,,,,,,,,,
2023/24,1086619,Giovanni Leoni,Serie C - Girone A,18,2023-12-17,Padova,Fiorenzuola,3:0,on the bench,,,,,,,,,,
2023/24,1086619,Giovanni Leoni,Serie C - Girone A,19,2023-12-22,Triestina,Padova,0:1,Not in squad,,,,,,,,,,
2023/24,1086619,Giovanni Leoni,Serie C - Girone A,20,2024-01-08,Padova,Mantova,0:5,Not in squad,,,,,,,,,,
2023/24,1086619,Giovanni Leoni,Serie C - Girone A,21,2024-01-14,Legnago,Padova,0:0,Not in squad,,,,,,,,,,
2023/24,1086619,Giovanni Leoni,Serie C - Girone A,22,2024-01-20,Padova,Alessandria,1:0,Not in squad,,,,,,,,,,
2023/24,1086619,Giovanni Leoni,Serie C - Girone A,23,2024-01-28,Novara,Padova,0:3,Not in squad,,,,,,,,,,
2023/24,1086619,Giovanni Leoni,Primavera 1,20,2024-02-03,Atalanta U19,Sampdoria U19,1:1,Not in squad,,,,,,,,,,
2023/24,1086619,Giovanni Leoni,Primavera 1,21,2024-02-12,Sampdoria U19,Genoa U19,2:2,CB,,,,,,,,,90,
2023/24,1086619,Giovanni Leoni,Primavera 1,22,2024-02-19,Juventus U19,Sampdoria U19,2:1,Not in squad,,,,,,,,,,
2023/24,1086619,Giovanni Leoni,Primavera 1,23,2024-02-24,Sampdoria U19,Monza U19,0:0,Not in squad,,,,,,,,,,
2023/24,1086619,Giovanni Leoni,Primavera 1,24,2024-03-02,Cagliari U19,Sampdoria U19,1:1,Not in squad,,,,,,,,,,
2023/24,1086619,Giovanni Leoni,Primavera 1,25,2024-03-10,Frosinone U19,Sampdoria U19,4:0,Not in squad,,,,,,,,,,
2023/24,1086619,Giovanni Leoni,Primavera 1,26,2024-03-16,Sampdoria U19,Verona U19,1:2,Not in squad,,,,,,,,,,
2023/24,1086619,Giovanni Leoni,Primavera 1,27,2024-04-01,Lazio U19,Sampdoria U19,2:1,Not in squad,,,,,,,,,,
2023/24,1086619,Giovanni Leoni,Primavera 1,28,2024-04-08,Sampdoria U19,Milan U19,2:0,Not in squad,,,,,,,,,,
2023/24,1086619,Giovanni Leoni,Primavera 1,29,2024-04-14,Sampdoria U19,Bologna U19,1:2,Not in squad,,,,,,,,,,
2023/24,1086619,Giovanni Leoni,Primavera 1,30,2024-04-22,Lecce U19,Sampdoria U19,3:0,Not in squad,,,,,,,,,,
2023/24,1086619,Giovanni Leoni,Primavera 1,31,2024-04-29,Sampdoria U19,Roma U19,0:2,Not in squad,,,,,,,,,,
2023/24,1086619,Giovanni Leoni,Primavera 1,32,2024-05-06,Torino U19,Sampdoria U19,0:1,Not in squad,,,,,,,,,,
2023/24,1086619,Giovanni Leoni,Primavera 1,33,2024-05-11,Sampdoria U19,Empoli U20,1:2,Not in squad,,,,,,,,,,
2023/24,1086619,Giovanni Leoni,Primavera 1,34,2024-05-17,Fiorentina U19,Sampdoria U19,2:2,Not in squad,,,,,,,,,,
2023/24,1086619,Giovanni Leoni,Primavera 2 - A,1,2023-09-16,Padova U19,Udinese U19,3:2,CB,,,,,,,,,90,
2023/24,1086619,Giovanni Leoni,Primavera 2 - A,2,2023-09-23,Cremonese U19,Padova U19,5:1,CB,,,,65,,,,,90,
2023/24,1086619,Giovanni Leoni,Primavera 2 - A,3,2023-09-30,Cittadella U19,Padova U19,1:3,on the bench,,,,,,,,,,
2023/24,1086619,Giovanni Leoni,Primavera 2 - A,4,2023-10-07,Padova U19,AlbinoLeffe U19,1:0,CB,,,,,,,,,90,
2023/24,1086619,Giovanni Leoni,Primavera 2 - A,5,2023-10-21,Como U19,Padova U19,2:2,CB,,,,,,,,46,45,
2023/24,1086619,Giovanni Leoni,Primavera 2 - A,6,2023-10-28,Padova U19,SPAL U19,2:1,CB,,,,,,,,,90,
2023/24,1086619,Giovanni Leoni,Primavera 2 - A,7,2023-11-04,Alessandria U19,Padova U19,2:0,CB,,,,,,,,,90,
2023/24,1086619,Giovanni Leoni,Primavera 2 - A,8,2023-11-11,Padova U19,Renate U19,3:1,CB,,,,,,,,,90,
2023/24,1086619,Giovanni Leoni,Primavera 2 - A,9,2023-11-25,Feralpi U19,Padova U19,1:2,Not in squad,,,,,,,,,,
2023/24,1086619,Giovanni Leoni,Primavera 2 - A,10,2023-12-02,Padova U19,Parma U19,2:4,Not in squad,,,,,,,,,,
2023/24,1086619,Giovanni Leoni,Primavera 2 - A,11,2023-12-09,Venezia U19,Padova U19,3:0,CB,,,,,,,,,90,
2023/24,1086619,Giovanni Leoni,Primavera 2 - A,12,2023-12-16,Padova U19,Brescia U19,3:5,CB,,,,,,,,,90,
2023/24,1086619,Giovanni Leoni,Primavera 2 - A,13,2023-12-23,Padova U19,FC Südtirol U19,1:1,Not in squad,,,,,,,,,,
2023/24,1086619,Giovanni Leoni,Primavera 2 - A,14,2024-01-13,Reggiana U19,Padova U19,1:0,on the bench,,,,,,,,,,
2023/24,1086619,Giovanni Leoni,Primavera 2 - A,15,2024-01-20,Padova U19,Vicenza U19,0:0,CB,,,,,,,,,90,
2023/24,1086619,Giovanni Leoni,Primavera 2 - A,16,2024-01-27,Renate U19,Padova U19,2:0,CB,,,,,,,,,90,
2023/24,1086619,Giovanni Leoni,Serie B Play-off,Qualifying Round,2024-05-17,Palermo,Sampdoria,2:0,on the bench,,,,,,,,,,
