﻿season,player_id,player_name,competition,journey,date,home_team,away_team,result,position,goals,assists,own_goals,yellow_cards,second_yellow_cards,red_cards,substitutions_on,substitutions_off,minutes_played,transfermarkt_score
2009/10,104124,Michail Antonio,Championship,1,2009-08-08,Reading,Nott'm Forest,0:0,Not in squad,,,,,,,,,,
2009/10,104124,Michail Antonio,Championship,2,2009-08-15,Newcastle,Reading,3:0,Not in squad,,,,,,,,,,
2009/10,104124,Michail Antonio,Championship,3,2009-08-18,Swansea,Reading,0:0,Not in squad,,,,,,,,,,
2009/10,104124,Michail Antonio,Championship,4,2009-08-22,Reading,Sheff Utd,1:3,Not in squad,,,,,,,,,,
2009/10,104124,Michail Antonio,Championship,5,2009-08-29,Barnsley,Reading,1:3,,,,,,,,72,,18,
2009/10,104124,Michail Antonio,Championship,6,2009-09-12,Reading,Doncaster,0:0,Not in squad,,,,,,,,,,
2009/10,104124,Michail Antonio,Championship,7,2009-09-16,Reading,Cardiff,0:1,Not in squad,,,,,,,,,,
2009/10,104124,Michail Antonio,Championship,8,2009-09-19,Peterborough,Reading,3:2,Not in squad,,,,,,,,,,
2009/10,104124,Michail Antonio,Championship,9,2009-09-26,Reading,Watford,1:1,Not in squad,,,,,,,,,,
2009/10,104124,Michail Antonio,Championship,10,2009-09-29,Preston,Reading,1:2,Not in squad,,,,,,,,,,
2009/10,104124,Michail Antonio,Championship,11,2009-10-03,Reading,Middlesbrough,0:2,Not in squad,,,,,,,,,,
2009/10,104124,Michail Antonio,EFL Trophy,Second Round,2009-10-06,Southampton,Torquay,7:5 on pens,,,,,,,,,46,45,
2009/10,104124,Michail Antonio,EFL Trophy,Third Round,2009-11-11,Southampton,Charlton,2:1,,,,,,,,,82,82,
2009/10,104124,Michail Antonio,EFL Trophy,Quarter-Finals,2009-12-15,Southampton,Norwich,8:7 on pens,,,,,,,,60,,30,
2009/10,104124,Michail Antonio,EFL Trophy,Semi-Finals 1st Leg,2010-01-20,MK Dons,Southampton,0:1,,1,,,,,,,90,90,
2009/10,104124,Michail Antonio,EFL Trophy,Semi-Finals 2nd Leg,2010-02-09,Southampton,MK Dons,3:1,,,,,,,,,,90,
2009/10,104124,Michail Antonio,EFL Trophy,Final,2010-03-28,Carlisle United,Southampton,1:4,RM,1,1,,,,,,,90,
2009/10,104124,Michail Antonio,League One,12,2009-10-09,Southend United,Southampton,1:3,,,,,,,,76,,14,
2009/10,104124,Michail Antonio,League One,13,2009-10-17,Oldham Athletic,Southampton,1:3,,,,,,,,69,,21,
2009/10,104124,Michail Antonio,League One,14,2009-10-24,Southampton,MK Dons,3:1,,,,,,,,53,,37,
2009/10,104124,Michail Antonio,League One,15,2009-10-31,Leyton Orient,Southampton,2:2,,,,,,,,64,,26,
2009/10,104124,Michail Antonio,League One,16,2009-11-15,Southampton,Brighton,1:3,,,,,,,,,79,79,
2009/10,104124,Michail Antonio,League One,17,2009-11-21,Southampton,Norwich,2:2,,,,,,,,,57,57,
2009/10,104124,Michail Antonio,League One,18,2009-11-24,Hartlepool,Southampton,1:3,,,,,,,,81,,9,
2009/10,104124,Michail Antonio,League One,19,2009-12-01,Southampton,Wycombe,1:0,,,,,80,,,63,,27,
2009/10,104124,Michail Antonio,League One,20,2009-12-05,Walsall,Southampton,1:3,,,,,,,,69,,21,
2009/10,104124,Michail Antonio,League One,21,2009-12-12,Southampton,Tranmere,3:0,,,,,,,,,,90,
2009/10,104124,Michail Antonio,League One,22,2009-12-19,Leeds,Southampton,1:0,,,,,,,,78,,12,
2009/10,104124,Michail Antonio,League One,23,2009-12-26,Southampton,Exeter City,3:1,,,,,,,,,,90,
2009/10,104124,Michail Antonio,League One,24,2009-12-28,Colchester Utd.,Southampton,2:1,,,,,43,,,,62,62,
2009/10,104124,Michail Antonio,League One,27,2010-01-16,Millwall,Southampton,1:1,,,,,,,,75,,15,
2009/10,104124,Michail Antonio,League One,25,2010-01-26,Brentford,Southampton,1:1,,,,,,,,,88,88,
2009/10,104124,Michail Antonio,League One,29,2010-01-30,Southampton,Stockport,2:0,,,,,,,,,,90,
2009/10,104124,Michail Antonio,League One,30,2010-02-06,Exeter City,Southampton,1:1,,,,,,,,63,,27,
2009/10,104124,Michail Antonio,League One,32,2010-02-20,Norwich,Southampton,0:2,,,,,,,,90,,1,
2009/10,104124,Michail Antonio,League One,33,2010-02-23,Wycombe,Southampton,0:0,,,,,,,,,34,34,
2009/10,104124,Michail Antonio,League One,34,2010-02-27,Southampton,Walsall,5:1,,,,,,,,83,,7,
2009/10,104124,Michail Antonio,League One,26,2010-03-02,Southampton,Huddersfield,5:0,on the bench,,,,,,,,,,
2009/10,104124,Michail Antonio,League One,35,2010-03-06,Tranmere,Southampton,2:1,,,,,,,,82,,8,
2009/10,104124,Michail Antonio,League One,36,2010-03-13,Southampton,Leeds,1:0,Not in squad,,,,,,,,,,
2009/10,104124,Michail Antonio,League One,28,2010-03-16,Southampton,Swindon Town,0:1,Not in squad,,,,,,,,,,
2009/10,104124,Michail Antonio,League One,37,2010-03-20,MK Dons,Southampton,0:3,Not in squad,,,,,,,,,,
2009/10,104124,Michail Antonio,League One,31,2010-03-23,Southampton,Hartlepool,3:2,Not in squad,,,,,,,,,,
2009/10,104124,Michail Antonio,League One,39,2010-04-01,Brighton,Southampton,2:2,,,,,,,,,75,75,
2009/10,104124,Michail Antonio,League One,40,2010-04-05,Southampton,Leyton Orient,2:1,,,,,,,,68,,22,
2009/10,104124,Michail Antonio,League One,41,2010-04-10,Southampton,Charlton,1:0,,1,,,,,,,67,67,
2009/10,104124,Michail Antonio,League One,42,2010-04-13,Bristol Rovers,Southampton,1:5,,,1,,,,,,81,81,
2009/10,104124,Michail Antonio,League One,43,2010-04-17,Yeovil Town,Southampton,0:1,,,,,,,,,46,45,
2009/10,104124,Michail Antonio,League One,38,2010-04-20,Southampton,Oldham Athletic,0:0,on the bench,,,,,,,,,,
2009/10,104124,Michail Antonio,League One,44,2010-04-24,Southampton,Carlisle United,3:2,,2,,,,,,,66,66,
2009/10,104124,Michail Antonio,League One,45,2010-05-01,Gillingham,Southampton,2:1,Not in squad,,,,,,,,,,
2009/10,104124,Michail Antonio,League One,46,2010-05-08,Southampton,Southend United,3:1,,,,,,,,,46,45,
2009/10,104124,Michail Antonio,FA Cup,First Round,2009-11-06,Bristol Rovers,Southampton,2:3,,1,1,,,,,,79,79,
2009/10,104124,Michail Antonio,FA Cup,Second Round,2009-11-28,Northampton,Southampton,2:3,,,,,,,,83,,7,
2009/10,104124,Michail Antonio,FA Cup,Third Round,2010-01-02,Southampton,Luton,1:0,,,,,,,,,65,65,
2009/10,104124,Michail Antonio,FA Cup,Fourth Round,2010-01-23,Southampton,Ipswich,2:1,,1,,,,,,70,,20,
2009/10,104124,Michail Antonio,FA Cup,Fifth Round,2010-02-13,Southampton,Portsmouth,1:4,,,,,,,,,,90,
2009/10,104124,Michail Antonio,League Cup,First Round,2009-08-11,Reading,Burton Albion,5:1,on the bench,,,,,,,,,,
2009/10,104124,Michail Antonio,League Cup,Second Round,2009-08-25,Reading,Barnsley,1:2,,,,,,,,55,,35,
