﻿season,player_id,player_name,competition,journey,date,home_team,away_team,result,position,goals,assists,own_goals,yellow_cards,second_yellow_cards,red_cards,substitutions_on,substitutions_off,minutes_played,transfermarkt_score
2025/26,1005844,Brayden Clarke,International Friendlies,9,2025-09-06,Wales U19,Austria U19,2:2,,,,,,,,,81,81,
2025/26,1005844,Brayden Clarke,International Friendlies,3,2025-09-09,Wales U19,Belgium U19,1:3,,,,,,,,,60,60,
2025/26,1005844,Brayden Clarke,International Friendlies,3,2025-10-08,Wales U19,Scotland U19,-:-,Information not yet available,,,,,,,,,,
2025/26,1005844,Brayden Clarke,International Friendlies,52,2025-10-08,Wales U19,Switzerland U19,2:5,CB,,,,,,,,,90,
2025/26,1005844,Brayden Clarke,International Friendlies,4,2025-10-11,Netherlands U19,Wales U19,0:2,CB,,,,,,,,57,57,
2025/26,1005844,Brayden Clarke,International Friendlies,4,2025-10-14,England U19,Wales U19,7:0,CB,,,,,,,,,90,
2025/26,1005844,Brayden Clarke,International Friendlies,3,2025-11-12,Wales U19,Japan U18,3:2,RB,,,,,,,,,90,
2025/26,1005844,Brayden Clarke,International Friendlies,4,2025-11-15,Wales U19,USA U19,6:5 on pens,CB,,,,69,,,,80,80,
2025/26,1005844,Brayden Clarke,International Friendlies,5,2025-11-18,Wales U19,Germany U19,0:3,CB,,,,,,,76,,14,
2025/26,1005844,Brayden Clarke,UEFA Youth League,Group Stage,2025-09-16,Athl.Bilbao YL,Arsenal YL,3:1,CB,,,,,,,,,90,
2025/26,1005844,Brayden Clarke,UEFA Youth League,Group Stage,2025-10-01,Arsenal YL,Olympiacos YL,1:2,CB,,,,,,,,,90,
2025/26,1005844,Brayden Clarke,UEFA Youth League,Group Stage,2025-10-21,Arsenal YL,Atlético YL,3:4,on the bench,,,,,,,,,,
2025/26,1005844,Brayden Clarke,UEFA Youth League,Group Stage,2025-11-04,Slavia Prag YL,Arsenal YL,5:1,CB,,,,,,,,,90,
2025/26,1005844,Brayden Clarke,UEFA Youth League,Group Stage,2025-11-26,Arsenal YL,FC Bayern YL,4:2,CB,,,,,,,,,90,
2025/26,1005844,Brayden Clarke,EFL Trophy,group B1,2025-09-23,Newport County,Arsenal U21,1:2,CB,,,,,,,,,90,
2025/26,1005844,Brayden Clarke,EFL Trophy,group B1,2025-10-28,Exeter City,Arsenal U21,4:3,CB,,,,,,,,,90,
2025/26,1005844,Brayden Clarke,EFL Trophy,group B1,2025-11-11,Cardiff,Arsenal U21,3:1,Not in squad,,,,,,,,,,
2025/26,1005844,Brayden Clarke,Premier League 2,1,2025-08-15,Arsenal U21,Fulham U21,2:3,,,,,63,,,59,,31,
2025/26,1005844,Brayden Clarke,Premier League 2,2,2025-08-22,Nottingham U21,Arsenal U21,2:2,,,,,,,,79,,11,
2025/26,1005844,Brayden Clarke,Premier League 2,3,2025-08-29,Arsenal U21,Brighton U21,1:0,CB,,,,,,,,,90,
2025/26,1005844,Brayden Clarke,Premier League 2,4,2025-09-20,Arsenal U21,Wolves U21,3:2,CB,,,,41,,,,,90,
2025/26,1005844,Brayden Clarke,Premier League 2,5,2025-09-26,Derby U21,Arsenal U21,0:1,,,,,,,,85,,5,
2025/26,1005844,Brayden Clarke,Premier League 2,6,2025-10-04,Arsenal U21,West Ham U21,2:2,CB,,,,,,,,,90,
2025/26,1005844,Brayden Clarke,Premier League 2,7,2025-10-25,Chelsea U21,Arsenal U21,2:1,CB,,,,,,,,,90,
2025/26,1005844,Brayden Clarke,Premier League 2,9,2025-11-07,Southampton U21,Arsenal U21,1:1,CB,,,,79,,,,,90,
