﻿season,player_id,player_name,competition,journey,date,home_team,away_team,result,position,goals,assists,own_goals,yellow_cards,second_yellow_cards,red_cards,substitutions_on,substitutions_off,minutes_played,transfermarkt_score
2018/19,108725,Chris Wood,UEFA Europa League Qualifying,Second Round 1st leg,2018-07-26,Aberdeen FC,Burnley,1:1,CF,,1,,,,,,,90,
2018/19,108725,Chris Wood,UEFA Europa League Qualifying,Second Round 2nd leg,2018-08-02,Burnley,Aberdeen FC,3:1 AET,CF,1,,,,,,,46,46,
2018/19,108725,Chris Wood,UEFA Europa League Qualifying,3rd round 1st leg,2018-08-09,Basaksehir,Burnley,0:0,Knock,,,,,,,,,,
2018/19,108725,Chris Wood,UEFA Europa League Qualifying,3rd round 2nd leg,2018-08-16,Burnley,Basaksehir,1:0 AET,,,,,,,,82,,38,
2018/19,108725,Chris Wood,UEFA Europa League Qualifying,Qualifying Round 1st leg,2018-08-23,Olympiacos,Burnley,3:1,CF,1,,,,,,,62,62,
2018/19,108725,Chris Wood,UEFA Europa League Qualifying,Qualifying Round 2nd leg,2018-08-30,Burnley,Olympiacos,1:1,,,,,,,,75,,15,
2018/19,108725,Chris Wood,Premier League,1,2018-08-12,Southampton,Burnley,0:0,CF,,,,,,,,73,73,
2018/19,108725,Chris Wood,Premier League,2,2018-08-19,Burnley,Watford,1:3,CF,,,,,,,,65,65,
2018/19,108725,Chris Wood,Premier League,3,2018-08-26,Fulham,Burnley,4:2,CF,,,,,,,,66,66,
2018/19,108725,Chris Wood,Premier League,4,2018-09-02,Burnley,Man Utd,0:2,CF,,,,,,,,84,84,
2018/19,108725,Chris Wood,Premier League,5,2018-09-16,Wolves,Burnley,1:0,CF,,,,,,,70,,20,
2018/19,108725,Chris Wood,Premier League,6,2018-09-22,Burnley,Bournemouth,4:0,CF,,,,,,,60,,30,
2018/19,108725,Chris Wood,Premier League,7,2018-09-30,Cardiff,Burnley,1:2,CF,,,,,,,72,,18,
2018/19,108725,Chris Wood,Premier League,8,2018-10-06,Burnley,Huddersfield,1:1,CF,,,,,,,61,,29,
2018/19,108725,Chris Wood,Premier League,9,2018-10-20,Man City,Burnley,5:0,CF,,,,,,,69,,21,
2018/19,108725,Chris Wood,Premier League,10,2018-10-28,Burnley,Chelsea,0:4,CF,,,,,,,59,,31,
2018/19,108725,Chris Wood,Premier League,11,2018-11-03,West Ham,Burnley,4:2,CF,1,,,,,,72,,18,
2018/19,108725,Chris Wood,Premier League,12,2018-11-10,Leicester,Burnley,0:0,CF,,,,,,,,,90,
2018/19,108725,Chris Wood,Premier League,13,2018-11-26,Burnley,Newcastle,1:2,CF,,,,,,,,,90,
2018/19,108725,Chris Wood,Premier League,14,2018-12-01,Crystal Palace,Burnley,2:0,CF,,,,,,,,80,80,
2018/19,108725,Chris Wood,Premier League,15,2018-12-05,Burnley,Liverpool,1:3,CF,,,,,,,,71,71,
2018/19,108725,Chris Wood,Premier League,16,2018-12-08,Burnley,Brighton,1:0,CF,,,,,,,,,90,
2018/19,108725,Chris Wood,Premier League,17,2018-12-15,Tottenham,Burnley,1:0,CF,,,,,,,80,,10,
2018/19,108725,Chris Wood,Premier League,18,2018-12-22,Arsenal,Burnley,3:1,CF,,,,47,,,,77,77,
2018/19,108725,Chris Wood,Premier League,19,2018-12-26,Burnley,Everton,1:5,CF,,,,,,,73,,17,
2018/19,108725,Chris Wood,Premier League,20,2018-12-30,Burnley,West Ham,2:0,CF,1,,,,,,,90,90,
2018/19,108725,Chris Wood,Premier League,21,2019-01-02,Huddersfield,Burnley,1:2,CF,1,,,78,,,,,90,
2018/19,108725,Chris Wood,Premier League,22,2019-01-12,Burnley,Fulham,2:1,CF,,,,,,,,87,87,
2018/19,108725,Chris Wood,Premier League,23,2019-01-19,Watford,Burnley,0:0,CF,,,,,,,,,90,
2018/19,108725,Chris Wood,Premier League,24,2019-01-29,Man Utd,Burnley,2:2,CF,1,,,,,,,,90,
2018/19,108725,Chris Wood,Premier League,25,2019-02-02,Burnley,Southampton,1:1,CF,,,,,,,,76,76,
2018/19,108725,Chris Wood,Premier League,26,2019-02-09,Brighton,Burnley,1:3,CF,2,,,,,,,,90,
2018/19,108725,Chris Wood,Premier League,27,2019-02-23,Burnley,Tottenham,2:1,CF,1,,,,,,,,90,
2018/19,108725,Chris Wood,Premier League,28,2019-02-26,Newcastle,Burnley,2:0,CF,,,,,,,,83,83,
2018/19,108725,Chris Wood,Premier League,29,2019-03-02,Burnley,Crystal Palace,1:3,CF,,,,,,,,81,81,
2018/19,108725,Chris Wood,Premier League,30,2019-03-10,Liverpool,Burnley,4:2,CF,,,,,,,,79,79,
2018/19,108725,Chris Wood,Premier League,31,2019-03-16,Burnley,Leicester,1:2,CF,,,,,,,,70,70,
2018/19,108725,Chris Wood,Premier League,32,2019-03-30,Burnley,Wolves,2:0,CF,,,,,,,,,90,
2018/19,108725,Chris Wood,Premier League,33,2019-04-06,Bournemouth,Burnley,1:3,CF,1,1,,,,,,,90,
2018/19,108725,Chris Wood,Premier League,34,2019-04-13,Burnley,Cardiff,2:0,CF,2,,,,,,,,90,
2018/19,108725,Chris Wood,Premier League,35,2019-04-22,Chelsea,Burnley,2:2,CF,,1,,,,,,,90,
2018/19,108725,Chris Wood,Premier League,36,2019-04-28,Burnley,Man City,0:1,CF,,,,,,,,72,72,
2018/19,108725,Chris Wood,Premier League,37,2019-05-03,Everton,Burnley,2:0,CF,,,,,,,,,90,
2018/19,108725,Chris Wood,Premier League,38,2019-05-12,Burnley,Arsenal,1:3,CF,,,,,,,,77,77,
2018/19,108725,Chris Wood,FA Cup,Third Round,2019-01-05,Burnley,Barnsley,1:0,,1,,,,,,74,,16,
2018/19,108725,Chris Wood,FA Cup,Fourth Round,2019-01-26,Man City,Burnley,5:0,CF,,,,,,,62,,28,
2018/19,108725,Chris Wood,EFL Cup,Third Round,2018-09-25,Burton Albion,Burnley,2:1,CF,,,,,,,,81,81,
