﻿season,player_id,player_name,competition,journey,date,home_team,away_team,result,position,goals,assists,own_goals,yellow_cards,second_yellow_cards,red_cards,substitutions_on,substitutions_off,minutes_played,transfermarkt_score
2025/26,1026524,Sam Amissah,International Friendlies,1,2025-09-03,England U19,Ukraine U19,2:0,LB,,,,,,,,70,70,
2025/26,1026524,Sam Amissah,International Friendlies,2,2025-09-06,England U19,Spain U19,3:3,,,,,,,,69,,21,
2025/26,1026524,Sam Amissah,International Friendlies,3,2025-09-09,England U19,Netherlands U19,4:1,,,,,,,,62,,28,
2025/26,1026524,Sam Amissah,International Friendlies,4,2025-10-11,England U19,Belgium U19,4:1,Not in squad,,,,,,,,,,
2025/26,1026524,Sam Amissah,International Friendlies,4,2025-10-14,England U19,Wales U19,7:0,Not in squad,,,,,,,,,,
2025/26,1026524,Sam Amissah,Premier League,1,2025-08-16,Brighton,Fulham,1:1,Not in squad,,,,,,,,,,
2025/26,1026524,Sam Amissah,Premier League,2,2025-08-24,Fulham,Man Utd,1:1,Not in squad,,,,,,,,,,
2025/26,1026524,Sam Amissah,Premier League,3,2025-08-30,Chelsea,Fulham,2:0,Not in squad,,,,,,,,,,
2025/26,1026524,Sam Amissah,Premier League,4,2025-09-13,Fulham,Leeds,1:0,Not in squad,,,,,,,,,,
2025/26,1026524,Sam Amissah,Premier League,5,2025-09-20,Fulham,Brentford,3:1,Not in squad,,,,,,,,,,
2025/26,1026524,Sam Amissah,Premier League,6,2025-09-28,Aston Villa,Fulham,3:1,Not in squad,,,,,,,,,,
2025/26,1026524,Sam Amissah,Premier League,7,2025-10-03,Bournemouth,Fulham,3:1,Not in squad,,,,,,,,,,
2025/26,1026524,Sam Amissah,Premier League,8,2025-10-18,Fulham,Arsenal,0:1,Not in squad,,,,,,,,,,
2025/26,1026524,Sam Amissah,Premier League,9,2025-10-25,Newcastle,Fulham,2:1,on the bench,,,,,,,,,,
2025/26,1026524,Sam Amissah,Premier League,10,2025-11-01,Fulham,Wolves,3:0,Not in squad,,,,,,,,,,
2025/26,1026524,Sam Amissah,Premier League,11,2025-11-08,Everton,Fulham,2:0,Not in squad,,,,,,,,,,
2025/26,1026524,Sam Amissah,Premier League,12,2025-11-22,Fulham,Sunderland,1:0,Not in squad,,,,,,,,,,
2025/26,1026524,Sam Amissah,Premier League,13,2025-11-29,Tottenham,Fulham,1:2,Not in squad,,,,,,,,,,
2025/26,1026524,Sam Amissah,Premier League,14,2025-12-02,Fulham,Man City,4:5,Not in squad,,,,,,,,,,
2025/26,1026524,Sam Amissah,EFL Trophy,group B7,2025-09-02,Gillingham,Fulham U21,4:1,Not in squad,,,,,,,,,,
2025/26,1026524,Sam Amissah,EFL Trophy,group B7,2025-10-07,Wycombe,Fulham U21,3:1,CB,,,,,,,,,90,
2025/26,1026524,Sam Amissah,EFL Trophy,group B7,2025-11-11,Colchester Utd.,Fulham U21,2:0,Not in squad,,,,,,,,,,
2025/26,1026524,Sam Amissah,EFL Cup,Second Round,2025-08-27,Fulham,Bristol City,2:0,Not in squad,,,,,,,,,,
2025/26,1026524,Sam Amissah,EFL Cup,Third Round,2025-09-23,Fulham,Cambridge Utd.,1:0,Not in squad,,,,,,,,,,
2025/26,1026524,Sam Amissah,EFL Cup,Fourth Round,2025-10-28,Wycombe,Fulham,5:6 on pens,on the bench,,,,,,,,,,
2025/26,1026524,Sam Amissah,Premier League 2,1,2025-08-15,Arsenal U21,Fulham U21,2:3,CB,,,,,,,,,90,
2025/26,1026524,Sam Amissah,Premier League 2,2,2025-08-22,Everton U21,Fulham U21,3:4,CB,,,,,,,,,90,
2025/26,1026524,Sam Amissah,Premier League 2,4,2025-09-19,Fulham U21,West Brom U21,2:0,CB,,,,,,,,,90,
2025/26,1026524,Sam Amissah,Premier League 2,5,2025-09-26,Birmingham U21,Fulham U21,1:3,CB,,,,30,,,,,90,
2025/26,1026524,Sam Amissah,Premier League 2,6,2025-10-03,Fulham U21,Liverpool U21,1:1,CB,,,,,,,,,90,
2025/26,1026524,Sam Amissah,Premier League 2,7,2025-10-24,Fulham U21,Derby U21,4:4,Not in squad,,,,,,,,,,
2025/26,1026524,Sam Amissah,Premier League 2,8,2025-11-01,Reading U21,Fulham U21,1:5,CB,,,,,,,,,90,
2025/26,1026524,Sam Amissah,Premier League 2,9,2025-11-08,Fulham U21,Tottenham U21,1:1,CB,,,,,,,,,90,
2025/26,1026524,Sam Amissah,Premier League International Cup U21,Group B,2025-08-27,Fulham U21,Valencia B,3:2,CB,,,,,,,,,90,
2025/26,1026524,Sam Amissah,Premier League International Cup U21,Group B,2025-11-04,Fulham U21,FCN Reserves,0:1,CB,,,,,,,,,90,
2025/26,1026524,Sam Amissah,Premier League International Cup U21,Group B,2025-11-15,Fulham U21,Juventus U20,3:0,Not in squad,,,,,,,,,,
2025/26,1026524,Sam Amissah,UEFA EURO U19 Championship Qualifiers,Group 8,2025-11-12,England U19,Lithuania U19,2:0,on the bench,,,,,,,,,,
2025/26,1026524,Sam Amissah,UEFA EURO U19 Championship Qualifiers,Group 8,2025-11-15,England U19,Latvia U19,7:0,,,,,,,,46,,45,
2025/26,1026524,Sam Amissah,UEFA EURO U19 Championship Qualifiers,Group 8,2025-11-18,Scotland U19,England U19,0:4,CB,,,,,,,,,90,
2025/26,1026524,Sam Amissah,National League Cup,Group C,2025-08-12,Sutton Utd,Fulham U21,0:7,Not in squad,,,,,,,,,,
2025/26,1026524,Sam Amissah,National League Cup,Group C,2025-09-16,Truro City FC,Fulham U21,1:0,CB,,,,,,,,,90,
2025/26,1026524,Sam Amissah,National League Cup,Group C,2025-10-21,Woking,Fulham U21,2:0,CB,,,,,,,,86,86,
2025/26,1026524,Sam Amissah,National League Cup,Group C,2025-11-25,Aldershot,Fulham U21,2:1,CB,,,,,,,,,90,
