﻿season,player_id,player_name,competition,journey,date,home_team,away_team,result,position,goals,assists,own_goals,yellow_cards,second_yellow_cards,red_cards,substitutions_on,substitutions_off,minutes_played,transfermarkt_score
2024/25,1089802,Remy Rees-Dottin,Premier League,1,2024-08-17,Nott'm Forest,Bournemouth,1:1,Not in squad,,,,,,,,,,
2024/25,1089802,Remy Rees-Dottin,Premier League,2,2024-08-25,Bournemouth,Newcastle,1:1,Not in squad,,,,,,,,,,
2024/25,1089802,Remy Rees-Dottin,Premier League,3,2024-08-31,Everton,Bournemouth,2:3,Not in squad,,,,,,,,,,
2024/25,1089802,Remy Rees-Dottin,Premier League,4,2024-09-14,Bournemouth,Chelsea,0:1,Not in squad,,,,,,,,,,
2024/25,1089802,Remy Rees-Dottin,Premier League,5,2024-09-21,Liverpool,Bournemouth,3:0,Not in squad,,,,,,,,,,
2024/25,1089802,Remy Rees-Dottin,Premier League,6,2024-09-30,Bournemouth,Southampton,3:1,Not in squad,,,,,,,,,,
2024/25,1089802,Remy Rees-Dottin,Premier League,7,2024-10-05,Leicester,Bournemouth,1:0,Not in squad,,,,,,,,,,
2024/25,1089802,Remy Rees-Dottin,Premier League,8,2024-10-19,Bournemouth,Arsenal,2:0,Not in squad,,,,,,,,,,
2024/25,1089802,Remy Rees-Dottin,Premier League,9,2024-10-26,Aston Villa,Bournemouth,1:1,Not in squad,,,,,,,,,,
2024/25,1089802,Remy Rees-Dottin,Premier League,10,2024-11-02,Bournemouth,Man City,2:1,Not in squad,,,,,,,,,,
2024/25,1089802,Remy Rees-Dottin,Premier League,11,2024-11-09,Brentford,Bournemouth,3:2,Not in squad,,,,,,,,,,
2024/25,1089802,Remy Rees-Dottin,Premier League,12,2024-11-23,Bournemouth,Brighton,1:2,Not in squad,,,,,,,,,,
2024/25,1089802,Remy Rees-Dottin,Premier League,13,2024-11-30,Wolves,Bournemouth,2:4,Not in squad,,,,,,,,,,
2024/25,1089802,Remy Rees-Dottin,Premier League,14,2024-12-05,Bournemouth,Tottenham,1:0,Not in squad,,,,,,,,,,
2024/25,1089802,Remy Rees-Dottin,Premier League,15,2024-12-08,Ipswich,Bournemouth,1:2,Not in squad,,,,,,,,,,
2024/25,1089802,Remy Rees-Dottin,Premier League,16,2024-12-16,Bournemouth,West Ham,1:1,Not in squad,,,,,,,,,,
2024/25,1089802,Remy Rees-Dottin,Premier League,17,2024-12-22,Man Utd,Bournemouth,0:3,Not in squad,,,,,,,,,,
2024/25,1089802,Remy Rees-Dottin,Premier League,18,2024-12-26,Bournemouth,Crystal Palace,0:0,Not in squad,,,,,,,,,,
2024/25,1089802,Remy Rees-Dottin,Premier League,19,2024-12-29,Fulham,Bournemouth,2:2,on the bench,,,,,,,,,,
2024/25,1089802,Remy Rees-Dottin,Premier League,20,2025-01-04,Bournemouth,Everton,1:0,on the bench,,,,,,,,,,
2024/25,1089802,Remy Rees-Dottin,Premier League,21,2025-01-14,Chelsea,Bournemouth,2:2,on the bench,,,,,,,,,,
2024/25,1089802,Remy Rees-Dottin,Premier League,22,2025-01-18,Newcastle,Bournemouth,1:4,,,,,,,,90,,1,
2024/25,1089802,Remy Rees-Dottin,Premier League,23,2025-01-25,Bournemouth,Nott'm Forest,5:0,on the bench,,,,,,,,,,
2024/25,1089802,Remy Rees-Dottin,Premier League,24,2025-02-01,Bournemouth,Liverpool,0:2,on the bench,,,,,,,,,,
2024/25,1089802,Remy Rees-Dottin,Premier League,25,2025-02-15,Southampton,Bournemouth,1:3,on the bench,,,,,,,,,,
2024/25,1089802,Remy Rees-Dottin,Premier League,26,2025-02-22,Bournemouth,Wolves,0:1,Not in squad,,,,,,,,,,
2024/25,1089802,Remy Rees-Dottin,Premier League,27,2025-02-25,Brighton,Bournemouth,2:1,Not in squad,,,,,,,,,,
2024/25,1089802,Remy Rees-Dottin,Premier League,28,2025-03-09,Tottenham,Bournemouth,2:2,Not in squad,,,,,,,,,,
2024/25,1089802,Remy Rees-Dottin,Premier League,29,2025-03-15,Bournemouth,Brentford,1:2,Not in squad,,,,,,,,,,
2024/25,1089802,Remy Rees-Dottin,Premier League,30,2025-04-02,Bournemouth,Ipswich,1:2,Not in squad,,,,,,,,,,
2024/25,1089802,Remy Rees-Dottin,Premier League,31,2025-04-05,West Ham,Bournemouth,2:2,Not in squad,,,,,,,,,,
2024/25,1089802,Remy Rees-Dottin,Premier League,32,2025-04-14,Bournemouth,Fulham,1:0,Not in squad,,,,,,,,,,
2024/25,1089802,Remy Rees-Dottin,Premier League,33,2025-04-19,Crystal Palace,Bournemouth,0:0,Not in squad,,,,,,,,,,
2024/25,1089802,Remy Rees-Dottin,Premier League,34,2025-04-27,Bournemouth,Man Utd,1:1,Not in squad,,,,,,,,,,
2024/25,1089802,Remy Rees-Dottin,Premier League,35,2025-05-03,Arsenal,Bournemouth,1:2,Not in squad,,,,,,,,,,
2024/25,1089802,Remy Rees-Dottin,Premier League,36,2025-05-10,Bournemouth,Aston Villa,0:1,Not in squad,,,,,,,,,,
2024/25,1089802,Remy Rees-Dottin,Premier League,37,2025-05-20,Man City,Bournemouth,3:1,Not in squad,,,,,,,,,,
2024/25,1089802,Remy Rees-Dottin,Premier League,38,2025-05-25,Bournemouth,Leicester,2:0,Not in squad,,,,,,,,,,
2024/25,1089802,Remy Rees-Dottin,FA Cup,Third Round,2025-01-11,Bournemouth,West Brom,5:1,,,,,,,,89,,1,
2024/25,1089802,Remy Rees-Dottin,FA Cup,Fourth Round,2025-02-08,Everton,Bournemouth,0:2,on the bench,,,,,,,,,,
2024/25,1089802,Remy Rees-Dottin,FA Cup,Fifth Round,2025-03-01,Bournemouth,Wolves,6:5 on pens,Not in squad,,,,,,,,,,
2024/25,1089802,Remy Rees-Dottin,FA Cup,Quarter-Finals,2025-03-30,Bournemouth,Man City,1:2,Not in squad,,,,,,,,,,
2024/25,1089802,Remy Rees-Dottin,EFL Cup,Second Round,2024-08-28,West Ham,Bournemouth,1:0,Not in squad,,,,,,,,,,
2024/25,1089802,Remy Rees-Dottin,Premier League Cup,group I,2024-09-13,Derby U21,Bournemouth U21,2:3,LM,,,,,,,,,90,
2024/25,1089802,Remy Rees-Dottin,Premier League Cup,group I,2024-10-21,Bournemouth U21,Chelsea U21,1:4,LB,,,,,,,,,90,
2024/25,1089802,Remy Rees-Dottin,Premier League Cup,group I,2024-11-09,Brentford U21,Bournemouth U21,2:1,LM,,,,,,,,,90,
2024/25,1089802,Remy Rees-Dottin,Premier League Cup,group I,2024-12-21,Chelsea U21,Bournemouth U21,2:1,LM,,,,,,,,,90,
2024/25,1089802,Remy Rees-Dottin,Premier League Cup,group I,2025-01-21,Bournemouth U21,Brentford U21,1:3,Not in squad,,,,,,,,,,
2024/25,1089802,Remy Rees-Dottin,Premier League Cup,group I,2025-01-24,Bournemouth U21,Derby U21,0:3,Not in squad,,,,,,,,,,
