﻿season,player_id,player_name,competition,journey,date,home_team,away_team,result,position,goals,assists,own_goals,yellow_cards,second_yellow_cards,red_cards,substitutions_on,substitutions_off,minutes_played,transfermarkt_score
2024/25,1018714,Coby Ebere,Premier League,1,2024-08-17,Everton,Brighton,0:3,Not in squad,,,,,,,,,,
2024/25,1018714,Coby Ebere,Premier League,2,2024-08-24,Tottenham,Everton,4:0,Not in squad,,,,,,,,,,
2024/25,1018714,Coby Ebere,Premier League,3,2024-08-31,Everton,Bournemouth,2:3,Not in squad,,,,,,,,,,
2024/25,1018714,Coby Ebere,Premier League,4,2024-09-14,Aston Villa,Everton,3:2,Not in squad,,,,,,,,,,
2024/25,1018714,Coby Ebere,Premier League,5,2024-09-21,Leicester,Everton,1:1,Not in squad,,,,,,,,,,
2024/25,1018714,Coby Ebere,Premier League,6,2024-09-28,Everton,Crystal Palace,2:1,Not in squad,,,,,,,,,,
2024/25,1018714,Coby Ebere,Premier League,7,2024-10-05,Everton,Newcastle,0:0,Not in squad,,,,,,,,,,
2024/25,1018714,Coby Ebere,Premier League,8,2024-10-19,Ipswich,Everton,0:2,Not in squad,,,,,,,,,,
2024/25,1018714,Coby Ebere,Premier League,9,2024-10-26,Everton,Fulham,1:1,Not in squad,,,,,,,,,,
2024/25,1018714,Coby Ebere,Premier League,10,2024-11-02,Southampton,Everton,1:0,Not in squad,,,,,,,,,,
2024/25,1018714,Coby Ebere,Premier League,11,2024-11-09,West Ham,Everton,0:0,Not in squad,,,,,,,,,,
2024/25,1018714,Coby Ebere,Premier League,12,2024-11-23,Everton,Brentford,0:0,Not in squad,,,,,,,,,,
2024/25,1018714,Coby Ebere,Premier League,13,2024-12-01,Man Utd,Everton,4:0,Not in squad,,,,,,,,,,
2024/25,1018714,Coby Ebere,Premier League,14,2024-12-04,Everton,Wolves,4:0,Not in squad,,,,,,,,,,
2024/25,1018714,Coby Ebere,Premier League,16,2024-12-14,Arsenal,Everton,0:0,Not in squad,,,,,,,,,,
2024/25,1018714,Coby Ebere,Premier League,17,2024-12-22,Everton,Chelsea,0:0,Not in squad,,,,,,,,,,
2024/25,1018714,Coby Ebere,Premier League,18,2024-12-26,Man City,Everton,1:1,Not in squad,,,,,,,,,,
2024/25,1018714,Coby Ebere,Premier League,19,2024-12-29,Everton,Nott'm Forest,0:2,Not in squad,,,,,,,,,,
2024/25,1018714,Coby Ebere,Premier League,20,2025-01-04,Bournemouth,Everton,1:0,Not in squad,,,,,,,,,,
2024/25,1018714,Coby Ebere,Premier League,21,2025-01-15,Everton,Aston Villa,0:1,Not in squad,,,,,,,,,,
2024/25,1018714,Coby Ebere,Premier League,22,2025-01-19,Everton,Tottenham,3:2,Not in squad,,,,,,,,,,
2024/25,1018714,Coby Ebere,Premier League,23,2025-01-25,Brighton,Everton,0:1,Not in squad,,,,,,,,,,
2024/25,1018714,Coby Ebere,Premier League,24,2025-02-01,Everton,Leicester,4:0,Not in squad,,,,,,,,,,
2024/25,1018714,Coby Ebere,Premier League,15,2025-02-12,Everton,Liverpool,2:2,Not in squad,,,,,,,,,,
2024/25,1018714,Coby Ebere,Premier League,25,2025-02-15,Crystal Palace,Everton,1:2,on the bench,,,,,,,,,,
2024/25,1018714,Coby Ebere,Premier League,26,2025-02-22,Everton,Man Utd,2:2,Not in squad,,,,,,,,,,
2024/25,1018714,Coby Ebere,Premier League,27,2025-02-26,Brentford,Everton,1:1,Not in squad,,,,,,,,,,
2024/25,1018714,Coby Ebere,Premier League,28,2025-03-08,Wolves,Everton,1:1,Not in squad,,,,,,,,,,
2024/25,1018714,Coby Ebere,Premier League,29,2025-03-15,Everton,West Ham,1:1,Not in squad,,,,,,,,,,
2024/25,1018714,Coby Ebere,Premier League,30,2025-04-02,Liverpool,Everton,1:0,Not in squad,,,,,,,,,,
2024/25,1018714,Coby Ebere,Premier League,31,2025-04-05,Everton,Arsenal,1:1,Not in squad,,,,,,,,,,
2024/25,1018714,Coby Ebere,Premier League,32,2025-04-12,Nott'm Forest,Everton,0:1,Not in squad,,,,,,,,,,
2024/25,1018714,Coby Ebere,Premier League,33,2025-04-19,Everton,Man City,0:2,Not in squad,,,,,,,,,,
2024/25,1018714,Coby Ebere,Premier League,34,2025-04-26,Chelsea,Everton,1:0,Not in squad,,,,,,,,,,
2024/25,1018714,Coby Ebere,Premier League,35,2025-05-03,Everton,Ipswich,2:2,Not in squad,,,,,,,,,,
2024/25,1018714,Coby Ebere,Premier League,36,2025-05-10,Fulham,Everton,1:3,Not in squad,,,,,,,,,,
2024/25,1018714,Coby Ebere,Premier League,37,2025-05-18,Everton,Southampton,2:0,Not in squad,,,,,,,,,,
2024/25,1018714,Coby Ebere,Premier League,38,2025-05-25,Newcastle,Everton,0:1,Not in squad,,,,,,,,,,
2024/25,1018714,Coby Ebere,EFL Trophy,group A1,2024-08-20,Tranmere,Everton U21,1:3,Not in squad,,,,,,,,,,
2024/25,1018714,Coby Ebere,EFL Trophy,group A1,2024-09-17,Stockport,Everton U21,4:1,Not in squad,,,,,,,,,,
2024/25,1018714,Coby Ebere,EFL Trophy,group A1,2024-10-29,Accrington,Everton U21,2:1,Not in squad,,,,,,,,,,
2024/25,1018714,Coby Ebere,FA Cup,Third Round,2025-01-09,Everton,Peterborough,2:0,Not in squad,,,,,,,,,,
2024/25,1018714,Coby Ebere,FA Cup,Fourth Round,2025-02-08,Everton,Bournemouth,0:2,Not in squad,,,,,,,,,,
2024/25,1018714,Coby Ebere,EFL Cup,Second Round,2024-08-27,Everton,Doncaster,3:0,Not in squad,,,,,,,,,,
2024/25,1018714,Coby Ebere,EFL Cup,Third Round,2024-09-17,Everton,Southampton,6:7 on pens,Not in squad,,,,,,,,,,
2024/25,1018714,Coby Ebere,Premier League 2 Playoffs,Round of 16,2025-04-25,Man Utd U21,Everton U21,4:2,Not in squad,,,,,,,,,,
2024/25,1018714,Coby Ebere,Premier League 2,1,2024-08-16,Everton U21,Blackburn U21,3:1,Not in squad,,,,,,,,,,
2024/25,1018714,Coby Ebere,Premier League 2,2,2024-08-23,Chelsea U21,Everton U21,1:1,Not in squad,,,,,,,,,,
2024/25,1018714,Coby Ebere,Premier League 2,3,2024-09-01,Man City U21,Everton U21,5:0,Not in squad,,,,,,,,,,
2024/25,1018714,Coby Ebere,Premier League 2,4,2024-09-22,Everton U21,Sunderland U21,4:3,Not in squad,,,,,,,,,,
2024/25,1018714,Coby Ebere,Premier League 2,5,2024-09-30,Everton U21,Reading U21,3:3,Not in squad,,,,,,,,,,
2024/25,1018714,Coby Ebere,Premier League 2,6,2024-10-04,Wolves U21,Everton U21,4:2,Not in squad,,,,,,,,,,
2024/25,1018714,Coby Ebere,Premier League 2,7,2024-10-26,Liverpool U21,Everton U21,0:2,Not in squad,,,,,,,,,,
2024/25,1018714,Coby Ebere,Premier League 2,8,2024-11-02,Everton U21,Stoke U21,4:1,Not in squad,,,,,,,,,,
2024/25,1018714,Coby Ebere,Premier League 2,9,2024-11-29,Everton U21,Nottingham U21,2:4,Not in squad,,,,,,,,,,
2024/25,1018714,Coby Ebere,Premier League 2,10,2024-12-16,Leicester U21,Everton U21,1:1,Not in squad,,,,,,,,,,
2024/25,1018714,Coby Ebere,Premier League 2,12,2025-01-17,Everton U21,Leeds U21,1:3,LW,,,,,,,,46,45,
2024/25,1018714,Coby Ebere,Premier League 2,13,2025-01-27,Newcastle U21,Everton U21,2:2,LW,,1,,,,,,63,63,
2024/25,1018714,Coby Ebere,Premier League 2,14,2025-02-07,Everton U21,Brighton U21,1:0,LW,,,,,,,,,90,
2024/25,1018714,Coby Ebere,Premier League 2,15,2025-02-14,Everton U21,Southampton U21,1:2,Not in squad,,,,,,,,,,
2024/25,1018714,Coby Ebere,Premier League 2,16,2025-02-21,Fulham U21,Everton U21,2:2,LW,1,,,,,,,87,87,
2024/25,1018714,Coby Ebere,Premier League 2,17,2025-02-28,Aston Villa U21,Everton U21,1:2,LM,,1,,,,,,,90,
2024/25,1018714,Coby Ebere,Premier League 2,11,2025-03-10,West Brom U21,Everton U21,0:1,RM,,,,,,,,82,82,
2024/25,1018714,Coby Ebere,Premier League 2,18,2025-03-14,Everton U21,Arsenal U21,1:2,,,,,,,,46,82,37,
2024/25,1018714,Coby Ebere,Premier League 2,19,2025-04-07,Everton U21,Norwich U21,3:4,Not in squad,,,,,,,,,,
2024/25,1018714,Coby Ebere,Premier League 2,20,2025-04-14,Tottenham U21,Everton U21,4:5,Not in squad,,,,,,,,,,
2024/25,1018714,Coby Ebere,Premier League Cup,Group F,2024-09-13,Everton U21,Watford U21,2:1,Not in squad,,,,,,,,,,
2024/25,1018714,Coby Ebere,Premier League Cup,Group F,2024-09-26,Ipswich U21,Everton U21,3:3,Not in squad,,,,,,,,,,
2024/25,1018714,Coby Ebere,Premier League Cup,Group F,2024-11-08,Everton U21,Cardiff U21,2:2,Not in squad,,,,,,,,,,
2024/25,1018714,Coby Ebere,Premier League Cup,Group F,2024-11-25,Watford U21,Everton U21,1:0,Not in squad,,,,,,,,,,
2024/25,1018714,Coby Ebere,Premier League Cup,Group F,2024-12-06,Everton U21,Ipswich U21,0:0,Not in squad,,,,,,,,,,
2024/25,1018714,Coby Ebere,Premier League Cup,Group F,2025-02-01,Cardiff U21,Everton U21,3:2,LM,1,,,,,,,78,78,
