﻿season,player_id,player_name,competition,journey,date,home_team,away_team,result,position,goals,assists,own_goals,yellow_cards,second_yellow_cards,red_cards,substitutions_on,substitutions_off,minutes_played,transfermarkt_score
2010/11,102017,Jorginho,Coppa Italia Lega Pro,Group 4,2010-08-14,Sambonifacese,Giacomense,4:0,Information not yet available,,,,,,,,,,
2010/11,102017,Jorginho,Coppa Italia Lega Pro,Group 4,2010-08-18,Bassano,Sambonifacese,2:2,Information not yet available,,,,,,,,,,
2010/11,102017,Jorginho,Coppa Italia Lega Pro,Group 4,2010-08-22,Sambonifacese,Sacilese,3:0,Information not yet available,,,,,,,,,,
2010/11,102017,Jorginho,Coppa Italia Lega Pro,Group 4,2010-09-08,Bellaria IM,Sambonifacese,0:3,Information not yet available,,,,,,,,,,
2010/11,102017,Jorginho,Coppa Italia Lega Pro,First Round,2010-10-20,Hellas Verona,Sambonifacese,2:5,Information not yet available,,,,,,,,,,
2010/11,102017,Jorginho,Coppa Italia Lega Pro,Second Round,2010-10-27,Carpi,Sambonifacese,1:0,Information not yet available,,,,,,,,,,
2010/11,102017,Jorginho,Lega Pro Seconda Divisione - Girone A,1,2010-08-29,Sacilese,Sambonifacese,2:2,Not in squad,,,,,,,,,,
2010/11,102017,Jorginho,Lega Pro Seconda Divisione - Girone A,2,2010-09-05,Sambonifacese,AC Mezzocorona,2:1,,,,,,,,73,,17,
2010/11,102017,Jorginho,Lega Pro Seconda Divisione - Girone A,3,2010-09-12,Rodengo Saiano,Sambonifacese,2:1,,,,,,,,47,,43,
2010/11,102017,Jorginho,Lega Pro Seconda Divisione - Girone A,5,2010-09-26,Sambonifacese,Valenzana,1:1,AM,,,,,,,,,90,
2010/11,102017,Jorginho,Lega Pro Seconda Divisione - Girone A,6,2010-10-03,Sanremese,Sambonifacese,0:1,CM,,,,,,,,,90,
2010/11,102017,Jorginho,Lega Pro Seconda Divisione - Girone A,7,2010-10-10,Sambonifacese,Savona,1:1,AM,,,,,,,,,90,
2010/11,102017,Jorginho,Lega Pro Seconda Divisione - Girone A,8,2010-10-17,Lecco,Sambonifacese,1:2,,,,,,,,41,,49,
2010/11,102017,Jorginho,Lega Pro Seconda Divisione - Girone A,9,2010-10-24,Sambonifacese,Pro Vercelli,1:1,CM,,,,,,,,63,63,
2010/11,102017,Jorginho,Lega Pro Seconda Divisione - Girone A,10,2010-10-31,AC Montichiari,Sambonifacese,0:2,AM,,,,,,,,80,80,
2010/11,102017,Jorginho,Lega Pro Seconda Divisione - Girone A,11,2010-11-07,Sambonifacese,Pro Patria,2:3,CM,,,,,,,,88,88,
2010/11,102017,Jorginho,Lega Pro Seconda Divisione - Girone A,12,2010-11-14,Casale,Sambonifacese,0:2,CM,1,,,,,,,67,67,
2010/11,102017,Jorginho,Lega Pro Seconda Divisione - Girone A,13,2010-11-21,Renate,Sambonifacese,1:1,AM,,,,,,,,,90,
2010/11,102017,Jorginho,Lega Pro Seconda Divisione - Girone A,14,2010-11-28,Sambonifacese,Tritium,2:5,CM,,,,,,,,,90,
2010/11,102017,Jorginho,Lega Pro Seconda Divisione - Girone A,15,2010-12-05,Virtus Entella,Sambonifacese,3:2,CM,,,,,,,,,90,
2010/11,102017,Jorginho,Lega Pro Seconda Divisione - Girone A,16,2010-12-12,Sambonifacese,Feralpisalò,0:0,CM,,,,,,,,,90,
2010/11,102017,Jorginho,Lega Pro Seconda Divisione - Girone A,17,2010-12-19,FC Canavese,Sambonifacese,1:1,,,,,,,,60,,30,
2010/11,102017,Jorginho,Lega Pro Seconda Divisione - Girone A,18,2011-01-16,Sambonifacese,Sacilese,3:1,CM,,,,,,,,73,73,
2010/11,102017,Jorginho,Lega Pro Seconda Divisione - Girone A,19,2011-01-22,AC Mezzocorona,Sambonifacese,1:1,CM,,,,,,,,,90,
2010/11,102017,Jorginho,Lega Pro Seconda Divisione - Girone A,20,2011-01-30,Sambonifacese,Rodengo Saiano,2:3,CM,,,,,,,,,90,
2010/11,102017,Jorginho,Lega Pro Seconda Divisione - Girone A,22,2011-02-13,Valenzana,Sambonifacese,1:1,CM,,,,,,,,58,58,
2010/11,102017,Jorginho,Lega Pro Seconda Divisione - Girone A,23,2011-02-20,Sambonifacese,Sanremese,0:1,CM,,,,,,,,,90,
2010/11,102017,Jorginho,Lega Pro Seconda Divisione - Girone A,24,2011-02-27,Savona,Sambonifacese,1:0,CM,,,,,,,,50,50,
2010/11,102017,Jorginho,Lega Pro Seconda Divisione - Girone A,25,2011-03-06,Sambonifacese,Lecco,1:1,CM,,,,,,,,,90,
2010/11,102017,Jorginho,Lega Pro Seconda Divisione - Girone A,26,2011-03-13,Pro Vercelli,Sambonifacese,1:1,CM,,,,,,,,89,89,
2010/11,102017,Jorginho,Lega Pro Seconda Divisione - Girone A,27,2011-03-20,Sambonifacese,AC Montichiari,0:0,CM,,,,,,,,82,82,
2010/11,102017,Jorginho,Lega Pro Seconda Divisione - Girone A,28,2011-03-27,Pro Patria,Sambonifacese,1:0,,,,,,,,,,90,
2010/11,102017,Jorginho,Lega Pro Seconda Divisione - Girone A,29,2011-04-03,Sambonifacese,Casale,1:2,CM,,,,,,,,,90,
2010/11,102017,Jorginho,Lega Pro Seconda Divisione - Girone A,30,2011-04-10,Sambonifacese,Renate,0:2,CM,,,,,,,,,90,
2010/11,102017,Jorginho,Lega Pro Seconda Divisione - Girone A,31,2011-04-17,Tritium,Sambonifacese,2:0,CM,,,,,,,,,90,
2010/11,102017,Jorginho,Lega Pro Seconda Divisione - Girone A,32,2011-04-23,Sambonifacese,Virtus Entella,0:0,CM,,,,,,,,,90,
2010/11,102017,Jorginho,Lega Pro Seconda Divisione - Girone A,33,2011-05-01,Feralpisalò,Sambonifacese,2:1,CM,,,,,,,,,90,
2010/11,102017,Jorginho,Lega Pro Seconda Divisione - Girone A,34,2011-05-08,Sambonifacese,FC Canavese,2:0,CM,,,,,,,,86,86,
