﻿season,player_id,player_name,competition,journey,date,home_team,away_team,result,position,goals,assists,own_goals,yellow_cards,second_yellow_cards,red_cards,substitutions_on,substitutions_off,minutes_played,transfermarkt_score
2014/15,110867,Jed Steer,Premier League,23,2015-02-01,Arsenal,Aston Villa,5:0,Not in squad,,,,,,,,,,
2014/15,110867,Jed Steer,Premier League,24,2015-02-07,Aston Villa,Chelsea,1:2,Not in squad,,,,,,,,,,
2014/15,110867,Jed Steer,Premier League,25,2015-02-10,Hull City,Aston Villa,2:0,Not in squad,,,,,,,,,,
2014/15,110867,Jed Steer,Premier League,26,2015-02-21,Aston Villa,Stoke City,1:2,Not in squad,,,,,,,,,,
2014/15,110867,Jed Steer,Premier League,27,2015-02-28,Newcastle,Aston Villa,1:0,Not in squad,,,,,,,,,,
2014/15,110867,Jed Steer,Premier League,28,2015-03-03,Aston Villa,West Brom,2:1,Not in squad,,,,,,,,,,
2014/15,110867,Jed Steer,Premier League,29,2015-03-14,Sunderland,Aston Villa,0:4,Not in squad,,,,,,,,,,
2014/15,110867,Jed Steer,Premier League,30,2015-03-21,Aston Villa,Swansea,0:1,Not in squad,,,,,,,,,,
2014/15,110867,Jed Steer,Premier League,31,2015-04-04,Man Utd,Aston Villa,3:1,Not in squad,,,,,,,,,,
2014/15,110867,Jed Steer,Premier League,33,2015-04-07,Aston Villa,QPR,3:3,Not in squad,,,,,,,,,,
2014/15,110867,Jed Steer,Premier League,32,2015-04-11,Tottenham,Aston Villa,0:1,Not in squad,,,,,,,,,,
2014/15,110867,Jed Steer,Premier League,34,2015-04-25,Man City,Aston Villa,3:2,Not in squad,,,,,,,,,,
2014/15,110867,Jed Steer,Premier League,35,2015-05-02,Aston Villa,Everton,3:2,Not in squad,,,,,,,,,,
2014/15,110867,Jed Steer,Premier League,36,2015-05-09,Aston Villa,West Ham,1:0,Not in squad,,,,,,,,,,
2014/15,110867,Jed Steer,Premier League,37,2015-05-16,Southampton,Aston Villa,6:1,Not in squad,,,,,,,,,,
2014/15,110867,Jed Steer,Premier League,38,2015-05-24,Aston Villa,Burnley,0:1,GK,,,,,,,,,90,
2014/15,110867,Jed Steer,EFL Trophy,Second Round,2014-10-07,Burton Albion,Doncaster,0:3,GK,,,,,,,,,90,
2014/15,110867,Jed Steer,League One,1,2014-08-09,Yeovil Town,Doncaster,0:3,GK,,,,,,,,,90,
2014/15,110867,Jed Steer,League One,2,2014-08-16,Doncaster,Port Vale,1:3,GK,,,,,,,,,90,
2014/15,110867,Jed Steer,League One,3,2014-08-19,Doncaster,Preston,1:1,GK,,,,,,,,,90,
2014/15,110867,Jed Steer,League One,4,2014-08-23,Colchester Utd.,Doncaster,0:1,GK,,,,,,,,,90,
2014/15,110867,Jed Steer,League One,5,2014-08-30,Doncaster,Oldham Athletic,0:2,GK,,,,,,,,,90,
2014/15,110867,Jed Steer,League One,7,2014-09-13,Bristol City,Doncaster,3:0,GK,,,,,,,,,90,
2014/15,110867,Jed Steer,League One,8,2014-09-16,Doncaster,Crawley Town,0:0,GK,,,,,,,,,90,
2014/15,110867,Jed Steer,League One,9,2014-09-20,Doncaster,Chesterfield,3:2,GK,,,,,,,,,90,
2014/15,110867,Jed Steer,League One,10,2014-09-27,Walsall,Doncaster,3:0,GK,,,,,,,,30,30,
2014/15,110867,Jed Steer,League One,11,2014-10-04,Scunthorpe Utd.,Doncaster,1:2,GK,,,,,,,,,90,
2014/15,110867,Jed Steer,League One,13,2014-10-18,Fleetwood,Doncaster,3:1,GK,,,,,,,,,90,
2014/15,110867,Jed Steer,League One,14,2014-10-21,Doncaster,Leyton Orient,0:2,GK,,,,,,,,,90,
2014/15,110867,Jed Steer,League One,15,2014-10-25,Doncaster,MK Dons,0:0,GK,,,,,,,,,90,
2013/14,110867,Jed Steer,League One,,,,,,,,,,,,,,,,
2014/15,110867,Jed Steer,League One,16,2014-11-01,Chesterfield,Yeovil Town,0:0,GK,,,,,,,,,90,
2014/15,110867,Jed Steer,League One,17,2014-11-15,Yeovil Town,Fleetwood,0:1,GK,,,,,,,,,90,
2014/15,110867,Jed Steer,League One,18,2014-11-22,Notts County,Yeovil Town,1:2,GK,,,,,,,,,90,
2014/15,110867,Jed Steer,League One,19,2014-11-29,Yeovil Town,Preston,0:2,Not in squad,,,,,,,,,,
2014/15,110867,Jed Steer,League One,20,2014-12-13,Oldham Athletic,Yeovil Town,0:4,GK,,,,,,,,,90,
2014/15,110867,Jed Steer,League One,21,2014-12-20,Yeovil Town,Colchester Utd.,0:1,GK,,,,,,,,,90,
2014/15,110867,Jed Steer,League One,22,2014-12-26,Bristol City,Yeovil Town,2:1,GK,,,,,,,,,90,
2014/15,110867,Jed Steer,League One,23,2014-12-29,Yeovil Town,Leyton Orient,0:3,GK,,,,,,,,,90,
2014/15,110867,Jed Steer,League One,25,2015-01-10,Barnsley,Yeovil Town,2:0,GK,,,,74,,,,,90,
2014/15,110867,Jed Steer,League One,26,2015-01-17,Yeovil Town,Bradford,1:0,GK,,,,,,,,,90,
2014/15,110867,Jed Steer,League One,24,2015-01-20,Preston,Yeovil Town,1:1,GK,,,,,,,,,90,
2014/15,110867,Jed Steer,League One,27,2015-01-24,Yeovil Town,Coventry,0:0,GK,,,,,,,,,90,
2014/15,110867,Jed Steer,League One,28,2015-01-31,Peterborough,Yeovil Town,1:0,GK,,,,,,,,,90,
2014/15,110867,Jed Steer,FA Cup,First Round,2014-11-08,Yeovil Town,Crawley Town,1:0,GK,,,,,,,,,90,
2014/15,110867,Jed Steer,FA Cup,Second Round,2014-12-06,Accrington,Yeovil Town,1:1,GK,,,,,,,,,90,
2014/15,110867,Jed Steer,FA Cup,Second Round Replay,2014-12-16,Yeovil Town,Accrington,2:0,GK,,,,,,,,,90,
2014/15,110867,Jed Steer,FA Cup,Third Round,2015-01-04,Yeovil Town,Man Utd,0:2,GK,,,,,,,,,90,
2013/14,110867,Jed Steer,FA Cup,,,,,,,,,,,,,,,,
2014/15,110867,Jed Steer,FA Cup,Fifth Round,2015-02-15,Aston Villa,Leicester,2:1,Not in squad,,,,,,,,,,
2014/15,110867,Jed Steer,FA Cup,Sixth Round,2015-03-07,Aston Villa,West Brom,2:0,Not in squad,,,,,,,,,,
2014/15,110867,Jed Steer,FA Cup,Semi-Finals,2015-04-19,Aston Villa,Liverpool,2:1,Not in squad,,,,,,,,,,
2014/15,110867,Jed Steer,FA Cup,Final,2015-05-30,Arsenal,Aston Villa,4:0,Not in squad,,,,,,,,,,
2014/15,110867,Jed Steer,League Cup,First Round,2014-08-12,York City,Doncaster,0:1,GK,,,,,,,,,90,
2014/15,110867,Jed Steer,League Cup,Second Round,2014-08-26,Watford,Doncaster,1:2,GK,,,,,,,,,90,
2014/15,110867,Jed Steer,League Cup,Third Round,2014-09-23,Fulham,Doncaster,2:1,GK,,,,,,,,,90,
2014/15,110867,Jed Steer,U21 Premier League,14,2015-02-16,Aston Villa U21,Derby U21,0:3,Not in squad,,,,,,,,,,
2014/15,110867,Jed Steer,U21 Premier League,16,2015-03-09,Bolton U21,Aston Villa U21,0:2,Not in squad,,,,,,,,,,
2014/15,110867,Jed Steer,U21 Premier League,17,2015-03-16,Aston Villa U21,West Brom U21,3:0,GK,,,,,,,,,90,
2014/15,110867,Jed Steer,U21 Premier League,18,2015-04-08,Wolves U21,Aston Villa U21,0:1,GK,,,,,,,,,90,
2014/15,110867,Jed Steer,U21 Premier League,19,2015-04-20,Aston Villa U21,Newcastle U21,1:2,GK,,,,,,,,,90,
2014/15,110867,Jed Steer,U21 Premier League,15,2015-04-24,Arsenal U21,Aston Villa U21,1:3,Not in squad,,,,,,,,,,
2014/15,110867,Jed Steer,U21 Premier League,20,2015-05-01,Reading U21,Aston Villa U21,1:0,Not in squad,,,,,,,,,,
2014/15,110867,Jed Steer,U21 Premier League,21,2015-05-08,Boro U21,Aston Villa U21,3:2,GK,,,,,,,,,90,
2014/15,110867,Jed Steer,U21 Premier League,22,2015-05-18,Aston Villa U21,Brighton U21,1:0,GK,,,,,,,,,90,
