﻿season,player_id,player_name,competition,journey,date,home_team,away_team,result,position,goals,assists,own_goals,yellow_cards,second_yellow_cards,red_cards,substitutions_on,substitutions_off,minutes_played,transfermarkt_score
2024/25,108725,Chris Wood,International Friendlies,4,2024-09-08,Mexico,New Zealand,3:0,CF,,,,,,,,70,70,
2024/25,108725,Chris Wood,International Friendlies,2,2024-09-11,USA,New Zealand,1:1,CF,,,,,,,,74,74,
2024/25,108725,Chris Wood,International Friendlies,4,2024-10-14,New Zealand,Malaysia,4:0,,1,,,,,,62,,28,
2024/25,108725,Chris Wood,International Friendlies,45,2025-06-08,New Zealand,Ivory Coast,1:0,CF,,,,,,,82,,8,
2024/25,108725,Chris Wood,International Friendlies,46,2025-06-10,New Zealand,Ukraine,1:2,CF,,,,,,,81,,9,
2024/25,108725,Chris Wood,Premier League,1,2024-08-17,Nott'm Forest,Bournemouth,1:1,CF,1,,,,,,,72,72,
2024/25,108725,Chris Wood,Premier League,2,2024-08-24,Southampton,Nott'm Forest,0:1,CF,,,,61,,,,76,76,
2024/25,108725,Chris Wood,Premier League,3,2024-08-31,Nott'm Forest,Wolves,1:1,CF,1,,,,,,,,90,
2024/25,108725,Chris Wood,Premier League,4,2024-09-14,Liverpool,Nott'm Forest,0:1,CF,,,,,,,,81,81,
2024/25,108725,Chris Wood,Premier League,5,2024-09-22,Brighton,Nott'm Forest,2:2,CF,1,,,,,,,72,72,
2024/25,108725,Chris Wood,Premier League,6,2024-09-28,Nott'm Forest,Fulham,0:1,CF,,,,,,,,,90,
2024/25,108725,Chris Wood,Premier League,7,2024-10-06,Chelsea,Nott'm Forest,1:1,CF,1,,,,,,,82,82,
2024/25,108725,Chris Wood,Premier League,8,2024-10-21,Nott'm Forest,Crystal Palace,1:0,CF,1,,,,,,,84,84,
2024/25,108725,Chris Wood,Premier League,9,2024-10-25,Leicester,Nott'm Forest,1:3,CF,2,,,,,,,81,81,
2024/25,108725,Chris Wood,Premier League,10,2024-11-02,Nott'm Forest,West Ham,3:0,CF,1,,,,,,,79,79,
2024/25,108725,Chris Wood,Premier League,11,2024-11-10,Nott'm Forest,Newcastle,1:3,CF,,,,,,,,,90,
2024/25,108725,Chris Wood,Premier League,12,2024-11-23,Arsenal,Nott'm Forest,3:0,CF,,,,,,,63,,27,
2024/25,108725,Chris Wood,Premier League,13,2024-11-30,Nott'm Forest,Ipswich,1:0,CF,1,,,,,,,,90,
2024/25,108725,Chris Wood,Premier League,14,2024-12-04,Man City,Nott'm Forest,3:0,CF,,,,,,,,62,62,
2024/25,108725,Chris Wood,Premier League,15,2024-12-07,Man Utd,Nott'm Forest,2:3,CF,1,,,,,,,79,79,
2024/25,108725,Chris Wood,Premier League,16,2024-12-14,Nott'm Forest,Aston Villa,2:1,CF,,,,,,,,,90,
2024/25,108725,Chris Wood,Premier League,17,2024-12-21,Brentford,Nott'm Forest,0:2,CF,,,,,,,,90,90,
2024/25,108725,Chris Wood,Premier League,18,2024-12-26,Nott'm Forest,Tottenham,1:0,CF,,,,,,,,87,87,
2024/25,108725,Chris Wood,Premier League,19,2024-12-29,Everton,Nott'm Forest,0:2,CF,1,1,,,,,,76,76,
2024/25,108725,Chris Wood,Premier League,20,2025-01-06,Wolves,Nott'm Forest,0:3,CF,1,,,,,,,88,88,
2024/25,108725,Chris Wood,Premier League,21,2025-01-14,Nott'm Forest,Liverpool,1:1,CF,1,,,,,,,90,90,
2024/25,108725,Chris Wood,Premier League,22,2025-01-19,Nott'm Forest,Southampton,3:2,CF,1,1,,,,,,83,83,
2024/25,108725,Chris Wood,Premier League,23,2025-01-25,Bournemouth,Nott'm Forest,5:0,CF,,,,,,,,,90,
2024/25,108725,Chris Wood,Premier League,24,2025-02-01,Nott'm Forest,Brighton,7:0,CF,3,,,,,,,82,82,
2024/25,108725,Chris Wood,Premier League,25,2025-02-15,Fulham,Nott'm Forest,2:1,CF,1,,,,,,,,90,
2024/25,108725,Chris Wood,Premier League,26,2025-02-23,Newcastle,Nott'm Forest,4:3,CF,,1,,,,,,,90,
2024/25,108725,Chris Wood,Premier League,27,2025-02-26,Nott'm Forest,Arsenal,0:0,CF,,,,,,,,85,85,
2024/25,108725,Chris Wood,Premier League,28,2025-03-08,Nott'm Forest,Man City,1:0,CF,,,,,,,,87,87,
2024/25,108725,Chris Wood,Premier League,29,2025-03-15,Ipswich,Nott'm Forest,2:4,CF,,,,,,,,80,80,
2024/25,108725,Chris Wood,Premier League,30,2025-04-01,Nott'm Forest,Man Utd,1:0,Hip problems,,,,,,,,,,
2024/25,108725,Chris Wood,Premier League,31,2025-04-05,Aston Villa,Nott'm Forest,2:1,Hip problems,,,,,,,,,,
2024/25,108725,Chris Wood,Premier League,32,2025-04-12,Nott'm Forest,Everton,0:1,CF,,,,,,,,,90,
2024/25,108725,Chris Wood,Premier League,33,2025-04-21,Tottenham,Nott'm Forest,1:2,CF,1,,,,,,,76,76,
2024/25,108725,Chris Wood,Premier League,34,2025-05-01,Nott'm Forest,Brentford,0:2,CF,,,,,,,,,90,
2024/25,108725,Chris Wood,Premier League,35,2025-05-05,Crystal Palace,Nott'm Forest,1:1,CF,,,,,,,,,90,
2024/25,108725,Chris Wood,Premier League,36,2025-05-11,Nott'm Forest,Leicester,2:2,CF,1,,,,,,,,90,
2024/25,108725,Chris Wood,Premier League,37,2025-05-18,West Ham,Nott'm Forest,1:2,CF,,,,,,,,,90,
2024/25,108725,Chris Wood,Premier League,38,2025-05-25,Nott'm Forest,Chelsea,0:1,CF,,,,,,,,,90,
2024/25,108725,Chris Wood,FA Cup,Third Round,2025-01-11,Nott'm Forest,Luton,2:0,CF,,,,,,,74,,16,
2024/25,108725,Chris Wood,FA Cup,Fourth Round,2025-02-11,Exeter City,Nott'm Forest,4:6 on pens,,,,,,,,90,,30,
2024/25,108725,Chris Wood,FA Cup,Fifth Round,2025-03-03,Nott'm Forest,Ipswich,6:5 on pens,,,,,,,,82,,38,
2024/25,108725,Chris Wood,FA Cup,Quarter-Finals,2025-03-29,Brighton,Nott'm Forest,3:4 on pens,Hip problems,,,,,,,,,,
2024/25,108725,Chris Wood,FA Cup,Semi-Finals,2025-04-27,Nott'm Forest,Man City,0:2,CF,,,,,,,,71,71,
2024/25,108725,Chris Wood,EFL Cup,Second Round,2024-08-28,Nott'm Forest,Newcastle,4:5 on pens,on the bench,,,,,,,,,,
2024/25,108725,Chris Wood,World Cup qualification Oceania,Group B,2024-10-11,New Zealand,Tahiti,3:0,CF,1,,,,,,,76,76,
2024/25,108725,Chris Wood,World Cup qualification Oceania,Group B,2024-11-15,New Zealand,Vanuatu,8:1,CF,2,,,,,,,75,75,
2024/25,108725,Chris Wood,World Cup qualification Oceania,Group B,2024-11-18,Samoa,New Zealand,0:8,CF,3,,,,,,,64,64,
2024/25,108725,Chris Wood,World Cup qualification Oceania,Semi-Finals,2025-03-21,New Zealand,Fiji,7:0,CF,3,,,,,,,62,62,
2024/25,108725,Chris Wood,World Cup qualification Oceania,Final,2025-03-24,New Caledonia,New Zealand,0:3,CF,,,,,,,,54,54,
