﻿season,player_id,player_name,competition,journey,date,home_team,away_team,result,position,goals,assists,own_goals,yellow_cards,second_yellow_cards,red_cards,substitutions_on,substitutions_off,minutes_played,transfermarkt_score
2022/23,1051146,James Scanlon,International Friendlies,8,2022-08-25,Gibraltar U17,Liechtenst. U17,8:2,AM,2,1,,,,,,,90,
2022/23,1051146,James Scanlon,International Friendlies,11,2022-08-27,Gibraltar U17,Liechtenst. U17,4:0,,1,1,,,,,66,,24,
2022/23,1051146,James Scanlon,U18 Premier League,2,2022-08-20,Man Utd U18,Nottingham U18,3:0,Not in squad,,,,,,,,,,
2022/23,1051146,James Scanlon,U18 Premier League,3,2022-08-27,Liverpool U18,Man Utd U18,4:2,Not in squad,,,,,,,,,,
2022/23,1051146,James Scanlon,U18 Premier League,5,2022-09-17,Stoke U18,Man Utd U18,1:0,Not in squad,,,,,,,,,,
2022/23,1051146,James Scanlon,U18 Premier League,6,2022-10-01,Man Utd U18,Blackburn U18,6:1,Not in squad,,,,,,,,,,
2022/23,1051146,James Scanlon,U18 Premier League,9,2022-10-29,Newcastle U18,Man Utd U18,2:2,Not in squad,,,,,,,,,,
2022/23,1051146,James Scanlon,U18 Premier League,1,2022-11-12,Man City U18,Man Utd U18,2:3,Not in squad,,,,,,,,,,
2022/23,1051146,James Scanlon,U18 Premier League,25,2022-12-17,Man Utd U18,Boro U18,3:0,,,,,,,,60,,30,
2022/23,1051146,James Scanlon,U18 Premier League,4,2022-12-20,Man Utd U18,Sunderland U18,1:0,Not in squad,,,,,,,,,,
2022/23,1051146,James Scanlon,U18 Premier League,15,2023-01-14,Blackburn U18,Man Utd U18,2:3,AM,,,,,,,,,90,
2022/23,1051146,James Scanlon,U18 Premier League,16,2023-01-21,Man Utd U18,Liverpool U18,3:2,AM,1,,,,,,,,90,
2022/23,1051146,James Scanlon,U18 Premier League,17,2023-01-28,Wolves U18,Man Utd U18,3:3,AM,,,,,,,,87,87,
2022/23,1051146,James Scanlon,U18 Premier League,11,2023-02-04,Derby U18,Man Utd U18,1:1,AM,,,,,,,,62,62,
2022/23,1051146,James Scanlon,U18 Premier League,18,2023-02-11,Man Utd U18,Newcastle U18,3:0,Centre Forward,,,,,,,,,90,
2022/23,1051146,James Scanlon,U18 Premier League,19,2023-02-18,Nottingham U18,Man Utd U18,4:0,AM,,,,,,,,,90,
2022/23,1051146,James Scanlon,U18 Premier League,20,2023-02-25,Man Utd U18,Derby U18,5:2,AM,1,,,,,,,69,69,
2022/23,1051146,James Scanlon,U18 Premier League,21,2023-03-04,Leeds U18,Man Utd U18,3:3,AM,,,,,,,,60,60,
2022/23,1051146,James Scanlon,U18 Premier League,22,2023-03-18,Man Utd U18,Stoke U18,0:0,,,,,81,,,77,,13,
2022/23,1051146,James Scanlon,U18 Premier League,24,2023-04-15,Man Utd U18,Man City U18,1:3,,,,,,,,85,,5,
2022/23,1051146,James Scanlon,U18 Premier League,12,2023-04-18,Man Utd U18,Leeds U18,3:1,LW,1,,,,,,,,90,
2022/23,1051146,James Scanlon,U18 Premier League,13,2023-04-21,Boro U18,Man Utd U18,0:2,AM,,,,,,,,82,82,
2022/23,1051146,James Scanlon,U18 Premier League,8,2023-04-25,Man Utd U18,Wolves U18,2:2,AM,,1,,,,,,,90,
2022/23,1051146,James Scanlon,U18 Premier League,26,2023-04-29,Sunderland U18,Man Utd U18,3:4,,,,,,,,64,,26,
2022/23,1051146,James Scanlon,U18 Premier League,10,2023-05-02,Man Utd U18,Everton U18,1:1,Not in squad,,,,,,,,,,
2022/23,1051146,James Scanlon,U18 Premier League,23,2023-05-06,Everton U18,Man Utd U18,2:2,,,,,,,,66,,24,
2022/23,1051146,James Scanlon,UEFA European Under-17 Championship qualification,Group 11,2022-11-01,Gibraltar U17,Cyprus U17,0:2,AM,,,,,,,,,90,
2022/23,1051146,James Scanlon,UEFA European Under-17 Championship qualification,Group 11,2022-11-04,Serbia U17,Gibraltar U17,12:0,CM,,,,,,,,,90,
2022/23,1051146,James Scanlon,FA Youth Cup,Third Round,2022-12-11,Palace U18,Man Utd U18,1:3,Not in squad,,,,,,,,,,
2022/23,1051146,James Scanlon,FA Youth Cup,Fourth Round,2023-01-11,Stoke U18,Man Utd U18,1:0,on the bench,,,,,,,,,,
