﻿season,player_id,player_name,competition,journey,date,home_team,away_team,result,position,goals,assists,own_goals,yellow_cards,second_yellow_cards,red_cards,substitutions_on,substitutions_off,minutes_played,transfermarkt_score
2008/09,111051,Nampalys Mendy,U17-Europameisterschaft 2009,Group A,2009-05-06,France U17,Switzerland U17,1:1,,,,,,,,,73,73,
2008/09,111051,Nampalys Mendy,U17-Europameisterschaft 2009,Group A,2009-05-09,Spain U17,France U17,0:0,on the bench,,,,,,,,,,
2008/09,111051,Nampalys Mendy,U17-Europameisterschaft 2009,Group A,2009-05-12,Italy U17,France U17,2:1,on the bench,,,,,,,,,,
2008/09,111051,Nampalys Mendy,UEFA European Under-17 Championship qualification,group A4,2009-03-26,Norway U17,France U17,1:1,on the bench,,,,,,,,,,
2008/09,111051,Nampalys Mendy,UEFA European Under-17 Championship qualification,group A4,2009-03-29,France U17,Denmark U17,1:0,Information not yet available,,,,,,,,,,
