﻿season,player_id,player_name,competition,journey,date,home_team,away_team,result,position,goals,assists,own_goals,yellow_cards,second_yellow_cards,red_cards,substitutions_on,substitutions_off,minutes_played,transfermarkt_score
2022/23,1080392,Fletcher Holman,National League South,17,2022-11-05,Eastbourne,Cheshunt,3:0,,,,,,,,90,,1,
2022/23,1080392,Fletcher Holman,National League South,18,2022-11-08,Farnborough,Eastbourne,0:0,,,,,,,,85,,5,
2022/23,1080392,Fletcher Holman,National League South,19,2022-11-12,Eastbourne,St Albans City,1:0,Not in squad,,,,,,,,,,
2022/23,1080392,Fletcher Holman,National League South,13,2022-11-22,Hemel,Eastbourne,1:2,Not in squad,,,,,,,,,,
2022/23,1080392,Fletcher Holman,National League South,20,2022-11-26,Slough,Eastbourne,1:5,Not in squad,,,,,,,,,,
2022/23,1080392,Fletcher Holman,National League South,21,2022-12-03,Eastbourne,Chippenham,2:1,Not in squad,,,,,,,,,,
2022/23,1080392,Fletcher Holman,National League South,22,2022-12-06,Tonbridge,Eastbourne,3:0,on the bench,,,,,,,,,,
2022/23,1080392,Fletcher Holman,National League South,23,2022-12-10,Eastbourne,Oxford City,1:1,Not in squad,,,,,,,,,,
2022/23,1080392,Fletcher Holman,National League South,24,2022-12-13,Ebbsfleet,Eastbourne,0:2,on the bench,,,,,,,,,,
2022/23,1080392,Fletcher Holman,National League South,25,2022-12-26,Havant & Water.,Eastbourne,1:2,Not in squad,,,,,,,,,,
2022/23,1080392,Fletcher Holman,National League South,26,2023-01-01,Eastbourne,Havant & Water.,1:3,Not in squad,,,,,,,,,,
2022/23,1080392,Fletcher Holman,National League South,27,2023-01-07,Bath City,Eastbourne,2:0,,,,,,,,72,,18,
2022/23,1080392,Fletcher Holman,National League South,28,2023-01-14,Eastbourne,Worthing,0:2,,,,,,,,75,,15,
2022/23,1080392,Fletcher Holman,National League South,29,2023-01-21,Eastbourne,Hungerford,3:1,Not in squad,,,,,,,,,,
2022/23,1080392,Fletcher Holman,National League South,30,2023-01-28,Dulwich Hamlet,Eastbourne,1:3,on the bench,,,,,,,,,,
2022/23,1080392,Fletcher Holman,National League South,31,2023-02-04,Eastbourne,Taunton Town,0:3,on the bench,,,,,,,,,,
