﻿season,player_id,player_name,competition,journey,date,home_team,away_team,result,position,goals,assists,own_goals,yellow_cards,second_yellow_cards,red_cards,substitutions_on,substitutions_off,minutes_played,transfermarkt_score
2025/26,1012534,Yankuba Minteh,Premier League,1,2025-08-16,Brighton,Fulham,1:1,Centre Forward,,,,,,,,69,69,
2025/26,1012534,Yankuba Minteh,Premier League,2,2025-08-24,Everton,Brighton,2:0,Centre Forward,,,,,,,,,90,
2025/26,1012534,Yankuba Minteh,Premier League,3,2025-08-31,Brighton,Man City,2:1,Centre Forward,,,,,,,,90,90,
2025/26,1012534,Yankuba Minteh,Premier League,4,2025-09-13,Bournemouth,Brighton,2:1,Centre Forward,,1,,,,,,,90,
2025/26,1012534,Yankuba Minteh,Premier League,5,2025-09-20,Brighton,Tottenham,2:2,Centre Forward,1,,,,,,,75,75,
2025/26,1012534,Yankuba Minteh,Premier League,6,2025-09-27,Chelsea,Brighton,1:3,Centre Forward,,1,,,,,,,90,
2025/26,1012534,Yankuba Minteh,Premier League,7,2025-10-05,Wolves,Brighton,1:1,LW,,,,,,,,,90,
2025/26,1012534,Yankuba Minteh,Premier League,8,2025-10-18,Brighton,Newcastle,2:1,Centre Forward,,,,,,,,90,90,
2025/26,1012534,Yankuba Minteh,Premier League,9,2025-10-25,Man Utd,Brighton,4:2,Centre Forward,,,,,,,,,90,
2025/26,1012534,Yankuba Minteh,Premier League,10,2025-11-01,Brighton,Leeds,3:0,Centre Forward,,1,,,,,,88,88,
2025/26,1012534,Yankuba Minteh,Premier League,11,2025-11-09,Crystal Palace,Brighton,0:0,RM,,,,,,,,,90,
2025/26,1012534,Yankuba Minteh,Premier League,12,2025-11-22,Brighton,Brentford,2:1,RM,,1,,,,,,89,89,
2025/26,1012534,Yankuba Minteh,Premier League,13,2025-11-30,Nott'm Forest,Brighton,0:2,RM,,,,,,,,84,84,
2025/26,1012534,Yankuba Minteh,Premier League,14,2025-12-03,Brighton,Aston Villa,3:4,RM,,,,,,,,,90,
2025/26,1012534,Yankuba Minteh,EFL Cup,Second Round,2025-08-27,Oxford United,Brighton,0:6,Not in squad,,,,,,,,,,
2025/26,1012534,Yankuba Minteh,EFL Cup,Third Round,2025-09-23,Barnsley,Brighton,0:6,Not in squad,,,,,,,,,,
2025/26,1012534,Yankuba Minteh,EFL Cup,Fourth Round,2025-10-29,Arsenal,Brighton,2:0,Centre Forward,,,,,,,67,,23,
