﻿season,player_id,player_name,competition,journey,date,home_team,away_team,result,position,goals,assists,own_goals,yellow_cards,second_yellow_cards,red_cards,substitutions_on,substitutions_off,minutes_played,transfermarkt_score
2018/19,111051,Nampalys Mendy,Premier League,1,2018-08-10,Man Utd,Leicester,2:1,bruise,,,,,,,,,,
2018/19,111051,Nampalys Mendy,Premier League,2,2018-08-18,Leicester,Wolves,2:0,DM,,,,,,,,,90,
2018/19,111051,Nampalys Mendy,Premier League,3,2018-08-25,Southampton,Leicester,1:2,DM,,,,,,,,,90,
2018/19,111051,Nampalys Mendy,Premier League,4,2018-09-01,Leicester,Liverpool,1:2,DM,,,,88,,,,,90,
2018/19,111051,Nampalys Mendy,Premier League,5,2018-09-15,Bournemouth,Leicester,4:2,DM,,,,,,,,,90,
2018/19,111051,Nampalys Mendy,Premier League,6,2018-09-22,Leicester,Huddersfield,3:1,DM,,,,,,,,,90,
2018/19,111051,Nampalys Mendy,Premier League,7,2018-09-29,Newcastle,Leicester,0:2,CM,,,,,,,,,90,
2018/19,111051,Nampalys Mendy,Premier League,8,2018-10-06,Leicester,Everton,1:2,DM,,,,,,,,,90,
2018/19,111051,Nampalys Mendy,Premier League,9,2018-10-22,Arsenal,Leicester,3:1,DM,,,,,,,,,90,
2018/19,111051,Nampalys Mendy,Premier League,10,2018-10-27,Leicester,West Ham,1:1,on the bench,,,,,,,,,,
2018/19,111051,Nampalys Mendy,Premier League,11,2018-11-03,Cardiff,Leicester,0:1,DM,,,,,,,,,90,
2018/19,111051,Nampalys Mendy,Premier League,12,2018-11-10,Leicester,Burnley,0:0,DM,,,,,,,,,90,
2018/19,111051,Nampalys Mendy,Premier League,13,2018-11-24,Brighton,Leicester,1:1,DM,,,,,,,,,90,
2018/19,111051,Nampalys Mendy,Premier League,14,2018-12-01,Leicester,Watford,2:0,CM,,,,,,,,,90,
2018/19,111051,Nampalys Mendy,Premier League,15,2018-12-05,Fulham,Leicester,1:1,CM,,,,,,,,72,72,
2018/19,111051,Nampalys Mendy,Premier League,16,2018-12-08,Leicester,Tottenham,0:2,CM,,,,16,,,,79,79,
2018/19,111051,Nampalys Mendy,Premier League,17,2018-12-15,Crystal Palace,Leicester,1:0,DM,,,,,,,,,90,
2018/19,111051,Nampalys Mendy,Premier League,18,2018-12-22,Chelsea,Leicester,0:1,DM,,,,81,,,,,90,
2018/19,111051,Nampalys Mendy,Premier League,19,2018-12-26,Leicester,Man City,2:1,DM,,,,,,,,,90,
2018/19,111051,Nampalys Mendy,Premier League,20,2018-12-29,Leicester,Cardiff,0:1,CM,,,,,,,,,90,
2018/19,111051,Nampalys Mendy,Premier League,21,2019-01-01,Everton,Leicester,0:1,DM,,,,,,,,,90,
2018/19,111051,Nampalys Mendy,Premier League,22,2019-01-12,Leicester,Southampton,1:2,DM,,,,,,,,46,45,
2018/19,111051,Nampalys Mendy,Premier League,23,2019-01-19,Wolves,Leicester,4:3,DM,,,,2,,,,,90,
2018/19,111051,Nampalys Mendy,Premier League,24,2019-01-30,Liverpool,Leicester,1:1,DM,,,,,,,,,90,
2018/19,111051,Nampalys Mendy,Premier League,25,2019-02-03,Leicester,Man Utd,0:1,CM,,,,45,,,,84,84,
2018/19,111051,Nampalys Mendy,Premier League,26,2019-02-10,Tottenham,Leicester,3:1,Groin injury,,,,,,,,,,
2018/19,111051,Nampalys Mendy,Premier League,27,2019-02-23,Leicester,Crystal Palace,1:4,on the bench,,,,,,,,,,
2018/19,111051,Nampalys Mendy,Premier League,28,2019-02-26,Leicester,Brighton,2:1,DM,,,,,,,69,,21,
2018/19,111051,Nampalys Mendy,Premier League,29,2019-03-03,Watford,Leicester,2:1,DM,,,,,,,82,,8,
2018/19,111051,Nampalys Mendy,Premier League,30,2019-03-09,Leicester,Fulham,3:1,DM,,,,,,,81,,9,
2018/19,111051,Nampalys Mendy,Premier League,31,2019-03-16,Burnley,Leicester,1:2,DM,,,,,,,77,,13,
2018/19,111051,Nampalys Mendy,Premier League,32,2019-03-30,Leicester,Bournemouth,2:0,CM,,,,,,,72,,18,
2018/19,111051,Nampalys Mendy,Premier League,33,2019-04-06,Huddersfield,Leicester,1:4,on the bench,,,,,,,,,,
2018/19,111051,Nampalys Mendy,Premier League,34,2019-04-12,Leicester,Newcastle,0:1,DM,,,,,,,72,,18,
2018/19,111051,Nampalys Mendy,Premier League,35,2019-04-20,West Ham,Leicester,2:2,DM,,,,,,,90,,1,
2018/19,111051,Nampalys Mendy,Premier League,36,2019-04-28,Leicester,Arsenal,3:0,DM,,,,,,,79,,11,
2018/19,111051,Nampalys Mendy,Premier League,37,2019-05-06,Man City,Leicester,1:0,on the bench,,,,,,,,,,
2018/19,111051,Nampalys Mendy,Premier League,38,2019-05-12,Leicester,Chelsea,0:0,Not in squad,,,,,,,,,,
2018/19,111051,Nampalys Mendy,FA Cup,Third Round,2019-01-06,Newport County,Leicester,2:1,on the bench,,,,,,,,,,
2018/19,111051,Nampalys Mendy,EFL Cup,Second Round,2018-08-28,Leicester,Fleetwood,4:0,on the bench,,,,,,,,,,
2018/19,111051,Nampalys Mendy,EFL Cup,Third Round,2018-09-25,Wolves,Leicester,1:3 on pens,Not in squad,,,,,,,,,,
2018/19,111051,Nampalys Mendy,EFL Cup,Fourth Round,2018-11-27,Leicester,Southampton,6:5 on pens,,,,,,,,61,,29,
2018/19,111051,Nampalys Mendy,EFL Cup,Quarter-Finals,2018-12-18,Leicester,Man City,2:4 on pens,on the bench,,,,,,,,,,
