﻿season,player_id,player_name,competition,journey,date,home_team,away_team,result,position,goals,assists,own_goals,yellow_cards,second_yellow_cards,red_cards,substitutions_on,substitutions_off,minutes_played,transfermarkt_score
2024/25,1008553,Julian Eyestone,International Friendlies,3,2024-10-11,USA U19,Sweden U19,4:1,Not in squad,,,,,,,,,,
2023/24,1008553,Julian Eyestone,International Friendlies,,,,,,,,,,,,,,,,
2024/25,1008553,Julian Eyestone,International Friendlies,1,2024-10-12,Chile U20,USA U20,0:3,on the bench,,,,,,,,,,
2023/24,1008553,Julian Eyestone,International Friendlies,,,,,,,,,,,,,,,,
2024/25,1008553,Julian Eyestone,International Friendlies,12,2024-10-15,USA U19,Japan U18,3:2,Not in squad,,,,,,,,,,
2023/24,1008553,Julian Eyestone,International Friendlies,,,,,,,,,,,,,,,,
2024/25,1008553,Julian Eyestone,International Friendlies,2,2024-10-15,Chile U20,USA U20,2:1,GK,,,,,,,,,90,
2023/24,1008553,Julian Eyestone,International Friendlies,,,,,,,,,,,,,,,,
2024/25,1008553,Julian Eyestone,International Friendlies,42,2024-11-16,South Korea U19,USA U19,0:3,on the bench,,,,,,,,,,
2023/24,1008553,Julian Eyestone,International Friendlies,,,,,,,,,,,,,,,,
2024/25,1008553,Julian Eyestone,International Friendlies,6,2024-11-18,USA U20,France U20,2:1,GK,,,,,,,,,90,
2024/25,1008553,Julian Eyestone,International Friendlies,12,2025-03-22,USA U20,Mexico U20,3:0,GK,,,,,,,,75,75,
2024/25,1008553,Julian Eyestone,International Friendlies,12,2025-03-24,Japan U20,USA U20,1:1,on the bench,,,,,,,,,,
2024/25,1008553,Julian Eyestone,International Friendlies,52,2025-06-06,USA U20,Norway U20,0:1,Not in squad,,,,,,,,,,
2023/24,1008553,Julian Eyestone,International Friendlies,,,,,,,,,,,,,,,,
2024/25,1008553,Julian Eyestone,International Friendlies,52,2025-06-07,Spain U19,USA U19,1:1,Not in squad,,,,,,,,,,
2024/25,1008553,Julian Eyestone,International Friendlies,35,2025-06-10,Ukraine U20,USA U19,1:1,Not in squad,,,,,,,,,,
2023/24,1008553,Julian Eyestone,International Friendlies,,,,,,,,,,,,,,,,
2024/25,1008553,Julian Eyestone,International Friendlies,52,2025-06-10,Colombia U20,USA U20,0:1,Not in squad,,,,,,,,,,
2024/25,1008553,Julian Eyestone,Premier League,1,2024-08-18,Brentford,Crystal Palace,2:1,Not in squad,,,,,,,,,,
2024/25,1008553,Julian Eyestone,Premier League,2,2024-08-25,Liverpool,Brentford,2:0,Not in squad,,,,,,,,,,
2024/25,1008553,Julian Eyestone,Premier League,3,2024-08-31,Brentford,Southampton,3:1,Not in squad,,,,,,,,,,
2024/25,1008553,Julian Eyestone,Premier League,4,2024-09-14,Man City,Brentford,2:1,Not in squad,,,,,,,,,,
2024/25,1008553,Julian Eyestone,Premier League,5,2024-09-21,Tottenham,Brentford,3:1,Not in squad,,,,,,,,,,
2024/25,1008553,Julian Eyestone,Premier League,6,2024-09-28,Brentford,West Ham,1:1,Not in squad,,,,,,,,,,
2024/25,1008553,Julian Eyestone,Premier League,7,2024-10-05,Brentford,Wolves,5:3,Not in squad,,,,,,,,,,
2024/25,1008553,Julian Eyestone,Premier League,8,2024-10-19,Man Utd,Brentford,2:1,Not in squad,,,,,,,,,,
2024/25,1008553,Julian Eyestone,Premier League,9,2024-10-26,Brentford,Ipswich,4:3,Not in squad,,,,,,,,,,
2024/25,1008553,Julian Eyestone,Premier League,10,2024-11-04,Fulham,Brentford,2:1,Not in squad,,,,,,,,,,
2024/25,1008553,Julian Eyestone,Premier League,11,2024-11-09,Brentford,Bournemouth,3:2,Not in squad,,,,,,,,,,
2024/25,1008553,Julian Eyestone,Premier League,12,2024-11-23,Everton,Brentford,0:0,Not in squad,,,,,,,,,,
2024/25,1008553,Julian Eyestone,Premier League,13,2024-11-30,Brentford,Leicester,4:1,Not in squad,,,,,,,,,,
2024/25,1008553,Julian Eyestone,Premier League,14,2024-12-04,Aston Villa,Brentford,3:1,Not in squad,,,,,,,,,,
2024/25,1008553,Julian Eyestone,Premier League,15,2024-12-07,Brentford,Newcastle,4:2,Not in squad,,,,,,,,,,
2024/25,1008553,Julian Eyestone,Premier League,16,2024-12-15,Chelsea,Brentford,2:1,Not in squad,,,,,,,,,,
2024/25,1008553,Julian Eyestone,Premier League,17,2024-12-21,Brentford,Nott'm Forest,0:2,Not in squad,,,,,,,,,,
2024/25,1008553,Julian Eyestone,Premier League,18,2024-12-27,Brighton,Brentford,0:0,Not in squad,,,,,,,,,,
2024/25,1008553,Julian Eyestone,Premier League,19,2025-01-01,Brentford,Arsenal,1:3,Not in squad,,,,,,,,,,
2024/25,1008553,Julian Eyestone,Premier League,20,2025-01-04,Southampton,Brentford,0:5,Not in squad,,,,,,,,,,
2024/25,1008553,Julian Eyestone,Premier League,21,2025-01-14,Brentford,Man City,2:2,Not in squad,,,,,,,,,,
2024/25,1008553,Julian Eyestone,Premier League,22,2025-01-18,Brentford,Liverpool,0:2,Not in squad,,,,,,,,,,
2024/25,1008553,Julian Eyestone,Premier League,23,2025-01-26,Crystal Palace,Brentford,1:2,Not in squad,,,,,,,,,,
2024/25,1008553,Julian Eyestone,Premier League,24,2025-02-02,Brentford,Tottenham,0:2,on the bench,,,,,,,,,,
2024/25,1008553,Julian Eyestone,Premier League,25,2025-02-15,West Ham,Brentford,0:1,Not in squad,,,,,,,,,,
2024/25,1008553,Julian Eyestone,Premier League,26,2025-02-21,Leicester,Brentford,0:4,Not in squad,,,,,,,,,,
2024/25,1008553,Julian Eyestone,Premier League,27,2025-02-26,Brentford,Everton,1:1,Not in squad,,,,,,,,,,
2024/25,1008553,Julian Eyestone,Premier League,28,2025-03-08,Brentford,Aston Villa,0:1,Not in squad,,,,,,,,,,
2024/25,1008553,Julian Eyestone,Premier League,29,2025-03-15,Bournemouth,Brentford,1:2,Not in squad,,,,,,,,,,
2024/25,1008553,Julian Eyestone,Premier League,30,2025-04-02,Newcastle,Brentford,2:1,Not in squad,,,,,,,,,,
2024/25,1008553,Julian Eyestone,Premier League,31,2025-04-06,Brentford,Chelsea,0:0,Not in squad,,,,,,,,,,
2024/25,1008553,Julian Eyestone,Premier League,32,2025-04-12,Arsenal,Brentford,1:1,Not in squad,,,,,,,,,,
2024/25,1008553,Julian Eyestone,Premier League,33,2025-04-19,Brentford,Brighton,4:2,Not in squad,,,,,,,,,,
2024/25,1008553,Julian Eyestone,Premier League,34,2025-05-01,Nott'm Forest,Brentford,0:2,Not in squad,,,,,,,,,,
2024/25,1008553,Julian Eyestone,Premier League,35,2025-05-04,Brentford,Man Utd,4:3,Not in squad,,,,,,,,,,
2024/25,1008553,Julian Eyestone,Premier League,36,2025-05-10,Ipswich,Brentford,0:1,Not in squad,,,,,,,,,,
2024/25,1008553,Julian Eyestone,Premier League,37,2025-05-18,Brentford,Fulham,2:3,Not in squad,,,,,,,,,,
2024/25,1008553,Julian Eyestone,Premier League,38,2025-05-25,Wolves,Brentford,1:1,Not in squad,,,,,,,,,,
2024/25,1008553,Julian Eyestone,FA Cup,Third Round,2025-01-11,Brentford,Plymouth,0:1,Not in squad,,,,,,,,,,
2024/25,1008553,Julian Eyestone,EFL Cup,Second Round,2024-08-28,Colchester Utd.,Brentford,0:1,Not in squad,,,,,,,,,,
2024/25,1008553,Julian Eyestone,EFL Cup,Third Round,2024-09-17,Brentford,Leyton Orient,3:1,Not in squad,,,,,,,,,,
2024/25,1008553,Julian Eyestone,EFL Cup,Fourth Round,2024-10-29,Brentford,Sheff Wed,6:5 on pens,Not in squad,,,,,,,,,,
2024/25,1008553,Julian Eyestone,EFL Cup,Quarter-Finals,2024-12-18,Newcastle,Brentford,3:1,on the bench,,,,,,,,,,
2025/26,1008553,Julian Eyestone,U-20 World Cup 2025,Group E,2025-09-30,USA U20,N.Caledonia U20,9:1,Not in squad,,,,,,,,,,
2025/26,1008553,Julian Eyestone,U-20 World Cup 2025,Group E,2025-10-02,USA U20,France U20,3:0,Not in squad,,,,,,,,,,
2025/26,1008553,Julian Eyestone,U-20 World Cup 2025,Group E,2025-10-05,S. Africa U20,USA U20,2:1,Not in squad,,,,,,,,,,
2025/26,1008553,Julian Eyestone,U-20 World Cup 2025,Round of 16,2025-10-09,USA U20,Italy U20,3:0,Not in squad,,,,,,,,,,
2025/26,1008553,Julian Eyestone,U-20 World Cup 2025,Quarter-Finals,2025-10-12,USA U20,Morocco U20,1:3,Not in squad,,,,,,,,,,
2024/25,1008553,Julian Eyestone,Premier League Cup,group I,2024-09-15,Chelsea U21,Brentford U21,6:3,GK,,,,,,,,,90,
2024/25,1008553,Julian Eyestone,Premier League Cup,group I,2024-10-21,Brentford U21,Derby U21,0:1,Not in squad,,,,,,,,,,
2024/25,1008553,Julian Eyestone,Premier League Cup,group I,2024-11-09,Brentford U21,Bournemouth U21,2:1,GK,,,,,,,,,90,
2024/25,1008553,Julian Eyestone,Premier League Cup,group I,2024-12-06,Derby U21,Brentford U21,1:4,Not in squad,,,,,,,,,,
2024/25,1008553,Julian Eyestone,Premier League Cup,group I,2025-01-21,Bournemouth U21,Brentford U21,1:3,Not in squad,,,,,,,,,,
2024/25,1008553,Julian Eyestone,Premier League Cup,group I,2025-01-27,Brentford U21,Chelsea U21,2:2,GK,,,,,,,,,90,
2024/25,1008553,Julian Eyestone,Premier League Cup,Round of 16,2025-03-13,Exeter City U21,Brentford U21,0:1,GK,,,,,,,,,90,
2024/25,1008553,Julian Eyestone,Premier League Cup,Quarter-Finals,2025-03-28,Brentford U21,Nottingham U21,1:0,GK,,,,,,,,,90,
2024/25,1008553,Julian Eyestone,Premier League Cup,Semi-Finals,2025-05-01,Southampton U21,Brentford U21,0:2,Not in squad,,,,,,,,,,
2024/25,1008553,Julian Eyestone,Premier League Cup,Final,2025-05-15,QPR U21,Brentford U21,3:1,GK,,,,,,,,,90,
