﻿season,player_id,player_name,competition,journey,date,home_team,away_team,result,position,goals,assists,own_goals,yellow_cards,second_yellow_cards,red_cards,substitutions_on,substitutions_off,minutes_played,transfermarkt_score
2023/24,108354,Jordan Ayew,International Friendlies,31,2023-09-12,Ghana,Liberia,3:1,,1,,,,,,62,,28,
2023/24,108354,Jordan Ayew,International Friendlies,33,2023-10-15,Mexico,Ghana,2:0,Centre Forward,,,,,,,71,,19,
2023/24,108354,Jordan Ayew,International Friendlies,33,2023-10-18,USA,Ghana,4:0,AM,,,,,,,,,90,
2023/24,108354,Jordan Ayew,International Friendlies,35,2024-01-08,Ghana,Namibia,0:0,CF,,,,,,,,71,71,
2023/24,108354,Jordan Ayew,International Friendlies,36,2024-03-22,Nigeria,Ghana,2:1,CF,1,,,,,,,90,90,
2023/24,108354,Jordan Ayew,International Friendlies,37,2024-03-26,Uganda,Ghana,2:2,CF,1,1,,60,,,,78,78,
2023/24,108354,Jordan Ayew,Premier League,1,2023-08-12,Sheff Utd,Crystal Palace,0:1,Centre Forward,,1,,,,,,,90,
2023/24,108354,Jordan Ayew,Premier League,2,2023-08-21,Crystal Palace,Arsenal,0:1,Centre Forward,,,,27,,,,,90,
2023/24,108354,Jordan Ayew,Premier League,3,2023-08-26,Brentford,Crystal Palace,1:1,Centre Forward,,1,,,,,,,90,
2023/24,108354,Jordan Ayew,Premier League,4,2023-09-03,Crystal Palace,Wolves,3:2,Centre Forward,,,,,,,,,90,
2023/24,108354,Jordan Ayew,Premier League,5,2023-09-16,Aston Villa,Crystal Palace,3:1,Centre Forward,,,,,,,,25,25,
2023/24,108354,Jordan Ayew,Premier League,6,2023-09-23,Crystal Palace,Fulham,0:0,Centre Forward,,,,21,,,,,90,
2023/24,108354,Jordan Ayew,Premier League,7,2023-09-30,Man Utd,Crystal Palace,0:1,Centre Forward,,,,,,,,,90,
2023/24,108354,Jordan Ayew,Premier League,8,2023-10-07,Crystal Palace,Nott'm Forest,0:0,Centre Forward,,,,,,,,,90,
2023/24,108354,Jordan Ayew,Premier League,9,2023-10-21,Newcastle,Crystal Palace,4:0,Centre Forward,,,,,,,,,90,
2023/24,108354,Jordan Ayew,Premier League,10,2023-10-27,Crystal Palace,Tottenham,1:2,Centre Forward,1,,,,,,,,90,
2023/24,108354,Jordan Ayew,Premier League,11,2023-11-04,Burnley,Crystal Palace,0:2,Centre Forward,,1,,,,,,,90,
2023/24,108354,Jordan Ayew,Premier League,12,2023-11-11,Crystal Palace,Everton,2:3,Centre Forward,,,,,,,,,90,
2023/24,108354,Jordan Ayew,Premier League,13,2023-11-25,Luton,Crystal Palace,2:1,,,,,,,,49,,41,
2023/24,108354,Jordan Ayew,Premier League,14,2023-12-03,West Ham,Crystal Palace,1:1,LW,,,,,,,,,90,
2023/24,108354,Jordan Ayew,Premier League,15,2023-12-06,Crystal Palace,Bournemouth,0:2,LW,,,,,,,,,90,
2023/24,108354,Jordan Ayew,Premier League,16,2023-12-09,Crystal Palace,Liverpool,1:2,Centre Forward,,,,60,75,,,,75,
2023/24,108354,Jordan Ayew,Premier League,17,2023-12-16,Man City,Crystal Palace,2:2,Yellow card suspension,,,,,,,,,,
2023/24,108354,Jordan Ayew,Premier League,18,2023-12-21,Crystal Palace,Brighton,1:1,LW,1,,,,,,,70,70,
2023/24,108354,Jordan Ayew,Premier League,19,2023-12-27,Chelsea,Crystal Palace,2:1,LW,,1,,,,,,79,79,
2023/24,108354,Jordan Ayew,Premier League,20,2023-12-30,Crystal Palace,Brentford,3:1,LW,,1,,,,,,90,90,
2023/24,108354,Jordan Ayew,Premier League,21,2024-01-20,Arsenal,Crystal Palace,5:0,Called up to national team,,,,,,,,,,
2023/24,108354,Jordan Ayew,Premier League,22,2024-01-30,Crystal Palace,Sheff Utd,3:2,LW,,,,,,,,,90,
2023/24,108354,Jordan Ayew,Premier League,23,2024-02-03,Brighton,Crystal Palace,4:1,Centre Forward,,,,,,,,,90,
2023/24,108354,Jordan Ayew,Premier League,24,2024-02-12,Crystal Palace,Chelsea,1:3,Centre Forward,,,,,,,,,90,
2023/24,108354,Jordan Ayew,Premier League,25,2024-02-19,Everton,Crystal Palace,1:1,Centre Forward,1,,,87,,,,,90,
2023/24,108354,Jordan Ayew,Premier League,26,2024-02-24,Crystal Palace,Burnley,3:0,Centre Forward,1,1,,92,,,,90,90,
2023/24,108354,Jordan Ayew,Premier League,27,2024-03-02,Tottenham,Crystal Palace,3:1,AM,,,,,,,,71,71,
2023/24,108354,Jordan Ayew,Premier League,28,2024-03-09,Crystal Palace,Luton,1:1,Centre Forward,,,,,,,,70,70,
2023/24,108354,Jordan Ayew,Premier League,30,2024-03-30,Nott'm Forest,Crystal Palace,1:1,AM,,,,,,,,66,66,
2023/24,108354,Jordan Ayew,Premier League,31,2024-04-02,Bournemouth,Crystal Palace,1:0,LW,,,,,,,,70,70,
2023/24,108354,Jordan Ayew,Premier League,32,2024-04-06,Crystal Palace,Man City,2:4,Centre Forward,,,,,,,,74,74,
2023/24,108354,Jordan Ayew,Premier League,33,2024-04-14,Liverpool,Crystal Palace,0:1,Centre Forward,,,,,,,68,,22,
2023/24,108354,Jordan Ayew,Premier League,34,2024-04-21,Crystal Palace,West Ham,5:2,,,,,,,,68,,22,
2023/24,108354,Jordan Ayew,Premier League,29,2024-04-24,Crystal Palace,Newcastle,2:0,AM,,1,,,,,,73,73,
2023/24,108354,Jordan Ayew,Premier League,35,2024-04-27,Fulham,Crystal Palace,1:1,LW,,,,,,,,76,76,
2023/24,108354,Jordan Ayew,Premier League,36,2024-05-06,Crystal Palace,Man Utd,4:0,Centre Forward,,,,,,,85,,5,
2023/24,108354,Jordan Ayew,Premier League,37,2024-05-11,Wolves,Crystal Palace,1:3,on the bench,,,,,,,,,,
2023/24,108354,Jordan Ayew,Premier League,38,2024-05-19,Crystal Palace,Aston Villa,5:0,,,,,,,,88,,2,
2023/24,108354,Jordan Ayew,FA Cup,Third Round,2024-01-04,Crystal Palace,Everton,0:0,Called up to national team,,,,,,,,,,
2023/24,108354,Jordan Ayew,FA Cup,Third Round Replay,2024-01-17,Everton,Crystal Palace,1:0,Called up to national team,,,,,,,,,,
2023/24,108354,Jordan Ayew,EFL Cup,Second Round,2023-08-29,Plymouth,Crystal Palace,2:4,,,1,,,,,55,,35,
2023/24,108354,Jordan Ayew,EFL Cup,Third Round,2023-09-26,Man Utd,Crystal Palace,3:0,LW,,,,,,,,,90,
2023/24,108354,Jordan Ayew,World Cup Qualification Africa,group I,2023-11-17,Ghana,Madagascar,1:0,Centre Forward,,,,,,,,82,82,
2023/24,108354,Jordan Ayew,World Cup Qualification Africa,group I,2023-11-21,Comoros,Ghana,1:0,CF,,,,,,,,81,81,
2023/24,108354,Jordan Ayew,World Cup Qualification Africa,group I,2024-06-06,Mali,Ghana,1:2,CF,1,,,,,,79,,11,
2023/24,108354,Jordan Ayew,World Cup Qualification Africa,group I,2024-06-10,Ghana,Central Africa,4:3,CF,3,,,,,,,75,75,
2024/25,108354,Jordan Ayew,World Cup Qualification Africa,group I,2025-03-21,Ghana,Chad,5:0,LW,1,1,,,,,,80,80,
2024/25,108354,Jordan Ayew,World Cup Qualification Africa,group I,2025-03-24,Madagascar,Ghana,0:3,CF,,3,,,,,,,90,
2025/26,108354,Jordan Ayew,World Cup Qualification Africa,group I,2025-09-04,Chad,Ghana,1:1,CF,1,,,,,,,,90,
2025/26,108354,Jordan Ayew,World Cup Qualification Africa,group I,2025-09-08,Ghana,Mali,1:0,CF,,1,,,,,,80,80,
2025/26,108354,Jordan Ayew,World Cup Qualification Africa,group I,2025-10-08,Central Africa,Ghana,0:5,CF,1,2,,66,,,,,90,
2025/26,108354,Jordan Ayew,World Cup Qualification Africa,group I,2025-10-12,Ghana,Comoros,1:0,LW,,,,,,,,86,86,
2023/24,108354,Jordan Ayew,Africa Cup of Nations 2024,Group B,2024-01-14,Ghana,Cape Verde,1:2,LW,,1,,,,,,90,90,
2023/24,108354,Jordan Ayew,Africa Cup of Nations 2024,Group B,2024-01-18,Egypt,Ghana,2:2,LW,,,,,,,,,90,
2023/24,108354,Jordan Ayew,Africa Cup of Nations 2024,Group B,2024-01-22,Mozambique,Ghana,2:2,LW,2,,,83,,,,,90,
