﻿season,player_id,player_name,competition,journey,date,home_team,away_team,result,position,goals,assists,own_goals,yellow_cards,second_yellow_cards,red_cards,substitutions_on,substitutions_off,minutes_played,transfermarkt_score
2014/15,105470,Alisson,Copa Libertadores,Group 4,2015-02-18,The Strongest,Internacional,3:1,GK,,,,,,,,,90,
2014/15,105470,Alisson,Copa Libertadores,Group 4,2015-02-27,Internacional,U. de Chile,3:1,GK,,,,,,,,,90,
2014/15,105470,Alisson,Copa Libertadores,Group 4,2015-03-05,Internacional,CS Emelec,3:2,GK,,,,,,,,,90,
2014/15,105470,Alisson,Copa Libertadores,Group 4,2015-03-18,CS Emelec,Internacional,1:1,GK,,,,,,,,,90,
2014/15,105470,Alisson,Copa Libertadores,Group 4,2015-04-17,U. de Chile,Internacional,0:4,GK,,,,,,,,,90,
2014/15,105470,Alisson,Copa Libertadores,Group 4,2015-04-22,Internacional,The Strongest,1:0,GK,,,,,,,,,90,
2014/15,105470,Alisson,Copa Libertadores,last 16 1st leg,2015-05-07,Atlético-MG,Internacional,2:2,GK,,,,,,,,,90,
2014/15,105470,Alisson,Copa Libertadores,last 16 2nd leg,2015-05-14,Internacional,Atlético-MG,3:1,GK,,,,,,,,,90,
2014/15,105470,Alisson,Copa Libertadores,Quarter-Finals 1st leg,2015-05-21,Indep. Santa Fe,Internacional,1:0,GK,,,,,,,,,90,
2014/15,105470,Alisson,Copa Libertadores,Quarter-Finals 2nd leg,2015-05-28,Internacional,Indep. Santa Fe,2:0,GK,,,,,,,,,90,
2015/16,105470,Alisson,Copa Libertadores,Semi-Finals 1st Leg,2015-07-16,Internacional,Tigres UANL,2:1,GK,,,,,,,,,90,
2015/16,105470,Alisson,Copa Libertadores,Semi-Finals 2nd Leg,2015-07-23,Tigres UANL,Internacional,3:1,GK,,,,,,,,,90,
2014/15,105470,Alisson,Campeonato Brasileiro Série A,1,2015-05-10,Atlético-PR,Internacional,3:0,GK,,,,,,,,,90,
2014/15,105470,Alisson,Campeonato Brasileiro Série A,2,2015-05-17,Internacional,Avaí FC,1:0,Not in squad,,,,,,,,,,
2014/15,105470,Alisson,Campeonato Brasileiro Série A,3,2015-05-23,Vasco da Gama,Internacional,1:1,Not in squad,,,,,,,,,,
2014/15,105470,Alisson,Campeonato Brasileiro Série A,4,2015-05-31,Internacional,São Paulo,0:0,GK,,,,,,,,,90,
2014/15,105470,Alisson,Campeonato Brasileiro Série A,5,2015-06-05,Palmeiras,Internacional,1:1,GK,,,,93,,,,,90,
2014/15,105470,Alisson,Campeonato Brasileiro Série A,6,2015-06-07,Internacional,Coritiba FC,2:0,GK,,,,,,,,,90,
2014/15,105470,Alisson,Campeonato Brasileiro Série A,7,2015-06-13,Corinthians,Internacional,2:1,GK,,,,,,,,,90,
2014/15,105470,Alisson,Campeonato Brasileiro Série A,8,2015-06-19,Figueirense FC,Internacional,0:0,GK,,,,,,,,,90,
2014/15,105470,Alisson,Campeonato Brasileiro Série A,9,2015-06-28,Internacional,Santos,1:0,GK,,,,,,,,13,13,
2015/16,105470,Alisson,Campeonato Brasileiro Série A,10,2015-07-02,Sport Recife,Internacional,3:0,Muscle injury,,,,,,,,,,
2015/16,105470,Alisson,Campeonato Brasileiro Série A,11,2015-07-05,Internacional,Atlético-MG,1:3,Muscle injury,,,,,,,,,,
2015/16,105470,Alisson,Campeonato Brasileiro Série A,12,2015-07-09,Internacional,Flamengo,1:2,Muscle injury,,,,,,,,,,
2015/16,105470,Alisson,Campeonato Brasileiro Série A,13,2015-07-12,Joinville-SC,Internacional,0:2,Muscle injury,,,,,,,,,,
2015/16,105470,Alisson,Campeonato Brasileiro Série A,14,2015-07-18,Internacional,Goiás,2:1,Not in squad,,,,,,,,,,
2015/16,105470,Alisson,Campeonato Brasileiro Série A,15,2015-07-26,Ponte Preta,Internacional,0:0,GK,,,,,,,,,90,
2015/16,105470,Alisson,Campeonato Brasileiro Série A,16,2015-08-02,Internacional,Chapecoense,0:0,GK,,,,,,,,,90,
2015/16,105470,Alisson,Campeonato Brasileiro Série A,17,2015-08-09,Grêmio,Internacional,5:0,GK,,,,11,,,,,90,
2015/16,105470,Alisson,Campeonato Brasileiro Série A,18,2015-08-13,Internacional,Fluminense,1:0,GK,,,,,,,,,90,
2015/16,105470,Alisson,Campeonato Brasileiro Série A,19,2015-08-16,Cruzeiro,Internacional,0:0,GK,,,,,,,,,90,
2015/16,105470,Alisson,Campeonato Brasileiro Série A,20,2015-08-23,Internacional,Atlético-PR,2:0,GK,,,,,,,,,90,
2015/16,105470,Alisson,Campeonato Brasileiro Série A,21,2015-08-30,Avaí FC,Internacional,3:0,GK,,,,,,,,,90,
2015/16,105470,Alisson,Campeonato Brasileiro Série A,22,2015-09-03,Internacional,Vasco da Gama,6:0,Not in squad,,,,,,,,,,
2015/16,105470,Alisson,Campeonato Brasileiro Série A,23,2015-09-06,São Paulo,Internacional,2:0,Not in squad,,,,,,,,,,
2015/16,105470,Alisson,Campeonato Brasileiro Série A,24,2015-09-10,Internacional,Palmeiras,1:0,Not in squad,,,,,,,,,,
2015/16,105470,Alisson,Campeonato Brasileiro Série A,25,2015-09-12,Coritiba FC,Internacional,0:1,GK,,,,,,,,,90,
2015/16,105470,Alisson,Campeonato Brasileiro Série A,26,2015-09-17,Internacional,Corinthians,2:1,GK,,,,,,,,,90,
2015/16,105470,Alisson,Campeonato Brasileiro Série A,27,2015-09-19,Internacional,Figueirense FC,1:1,GK,,,,,,,,,90,
2015/16,105470,Alisson,Campeonato Brasileiro Série A,28,2015-09-27,Santos,Internacional,3:1,GK,,,,,,,,,90,
2015/16,105470,Alisson,Campeonato Brasileiro Série A,29,2015-10-03,Internacional,Sport Recife,2:1,GK,,,,,,,,,90,
2015/16,105470,Alisson,Campeonato Brasileiro Série A,30,2015-10-15,Atlético-MG,Internacional,2:1,Not in squad,,,,,,,,,,
2015/16,105470,Alisson,Campeonato Brasileiro Série A,31,2015-10-18,Flamengo,Internacional,0:1,GK,,,,,,,,,90,
2015/16,105470,Alisson,Campeonato Brasileiro Série A,32,2015-10-24,Internacional,Joinville-SC,1:0,GK,,,,,,,,,90,
2015/16,105470,Alisson,Campeonato Brasileiro Série A,33,2015-11-01,Goiás,Internacional,2:1,GK,,,,,,,,,90,
2015/16,105470,Alisson,Campeonato Brasileiro Série A,34,2015-11-07,Internacional,Ponte Preta,1:0,GK,,,,,,,,,90,
2015/16,105470,Alisson,Campeonato Brasileiro Série A,35,2015-11-19,Chapecoense,Internacional,1:0,GK,,,,,,,,,90,
2015/16,105470,Alisson,Campeonato Brasileiro Série A,36,2015-11-22,Internacional,Grêmio,1:0,GK,,,,63,,,,,90,
2015/16,105470,Alisson,Campeonato Brasileiro Série A,37,2015-11-28,Fluminense,Internacional,1:1,Not in squad,,,,,,,,,,
2015/16,105470,Alisson,Campeonato Brasileiro Série A,38,2015-12-06,Internacional,Cruzeiro,2:0,GK,,,,,,,,,90,
2015/16,105470,Alisson,Copa do Brasil,last 16 1st leg,2015-08-20,Internacional,Ituano,2:0,,,,,,,,,,90,
2015/16,105470,Alisson,Copa do Brasil,last 16 2nd leg,2015-08-28,Ituano,Internacional,1:2,,,,,,,,,,90,
2015/16,105470,Alisson,Copa do Brasil,Quarter-Finals 1st leg,2015-09-23,Internacional,Palmeiras,1:1,,,,,,,,,,90,
2015/16,105470,Alisson,Copa do Brasil,Quarter-Finals 2nd leg,2015-10-01,Palmeiras,Internacional,3:2,,,,,,,,,,90,
2014/15,105470,Alisson,Campeonato Gaúcho - Fase Final,Quarter-Finals,2015-04-09,Internacional,Cruzeiro-RS,5:3 on pens,,,,,,,,,,90,
2014/15,105470,Alisson,Campeonato Gaúcho - Fase Final,Semi-Finals 1st Leg,2015-04-11,Brasil Pelotas,Internacional,1:1,,,,,,,,,,90,
2014/15,105470,Alisson,Campeonato Gaúcho - Fase Final,Semi-Finals 2nd Leg,2015-04-19,Internacional,Brasil Pelotas,3:1,,,,,,,,,,90,
2014/15,105470,Alisson,Campeonato Gaúcho - Fase Final,final 1st leg,2015-04-26,Grêmio,Internacional,0:0,,,,,41,,,,,90,
2014/15,105470,Alisson,Campeonato Gaúcho - Fase Final,final 2nd leg,2015-05-03,Internacional,Grêmio,2:1,,,,,,,,,,90,
2014/15,105470,Alisson,Campeonato Gaúcho,1,2015-02-01,Lajeadense,Internacional,1:1,,,,,,,,,,90,
2014/15,105470,Alisson,Campeonato Gaúcho,2,2015-02-05,Internacional,EC São José,4:4,,,,,,,,,,90,
2014/15,105470,Alisson,Campeonato Gaúcho,3,2015-02-07,Internacional,Novo Hamburgo,1:0,Not in squad,,,,,,,,,,
2014/15,105470,Alisson,Campeonato Gaúcho,4,2015-02-12,Cruzeiro-RS,Internacional,0:0,Not in squad,,,,,,,,,,
2014/15,105470,Alisson,Campeonato Gaúcho,5,2015-02-15,Caxias-RS,Internacional,1:2,,,,,,,,,,90,
2014/15,105470,Alisson,Campeonato Gaúcho,7,2015-02-22,São Paulo-RS,Internacional,1:2,,,,,,,,,,90,
2014/15,105470,Alisson,Campeonato Gaúcho,8,2015-03-01,Internacional,Grêmio,0:0,,,,,,,,,,90,
2014/15,105470,Alisson,Campeonato Gaúcho,9,2015-03-08,Juventude,Internacional,1:0,Not in squad,,,,,,,,,,
2014/15,105470,Alisson,Campeonato Gaúcho,10,2015-03-12,Internacional,Aimoré,3:0,,,,,,,,,,90,
2014/15,105470,Alisson,Campeonato Gaúcho,11,2015-03-15,Brasil Pelotas,Internacional,0:2,,,,,91,,,,,90,
2014/15,105470,Alisson,Campeonato Gaúcho,12,2015-03-22,Veranópolis,Internacional,0:1,Not in squad,,,,,,,,,,
2014/15,105470,Alisson,Campeonato Gaúcho,13,2015-03-26,Internacional,Avenida,1:0,,,,,,,,,,90,
2014/15,105470,Alisson,Campeonato Gaúcho,14,2015-03-29,Frederiquense,Internacional,0:1,,,,,,,,,,90,
2014/15,105470,Alisson,Campeonato Gaúcho,6,2015-04-01,Internacional,Ypiranga-RS,1:0,,,,,,,,,,90,
2014/15,105470,Alisson,Campeonato Gaúcho,15,2015-04-05,Internacional,Passo Fundo,2:0,Not in squad,,,,,,,,,,
