﻿season,player_id,player_name,competition,journey,date,home_team,away_team,result,position,goals,assists,own_goals,yellow_cards,second_yellow_cards,red_cards,substitutions_on,substitutions_off,minutes_played,transfermarkt_score
2023/24,108725,Chris Wood,International Friendlies,33,2023-10-13,New Zealand,DR Congo,1:1,,1,,,,,,,,90,
2023/24,108725,Chris Wood,International Friendlies,23,2023-10-17,Australia,New Zealand,2:0,CF,,,,,,,,81,81,
2023/24,108725,Chris Wood,International Friendlies,44,2023-11-17,Greece,New Zealand,2:0,CF,,,,,,,,46,45,
2023/24,108725,Chris Wood,International Friendlies,45,2023-11-21,Ireland,New Zealand,1:1,CF,,,,,,,,60,60,
2023/24,108725,Chris Wood,International Friendlies,11,2024-03-22,Egypt,New Zealand,1:0,Not in squad,,,,,,,,,,
2023/24,108725,Chris Wood,International Friendlies,37,2024-03-26,New Zealand,Tunisia,2:4 on pens,Not in squad,,,,,,,,,,
2023/24,108725,Chris Wood,Premier League,1,2023-08-12,Arsenal,Nott'm Forest,2:1,CF,,,,,,,90,,1,
2023/24,108725,Chris Wood,Premier League,2,2023-08-18,Nott'm Forest,Sheff Utd,2:1,CF,1,,,,,,84,,6,
2023/24,108725,Chris Wood,Premier League,3,2023-08-26,Man Utd,Nott'm Forest,3:2,CF,,,,,,,81,,9,
2023/24,108725,Chris Wood,Premier League,4,2023-09-02,Chelsea,Nott'm Forest,0:1,CF,,,,,,,65,,25,
2023/24,108725,Chris Wood,Premier League,5,2023-09-18,Nott'm Forest,Burnley,1:1,,,,,,,,88,,2,
2023/24,108725,Chris Wood,Premier League,6,2023-09-23,Man City,Nott'm Forest,2:0,CF,,,,,,,75,,15,
2023/24,108725,Chris Wood,Premier League,7,2023-10-01,Nott'm Forest,Brentford,1:1,,,,,,,,81,,9,
2023/24,108725,Chris Wood,Premier League,8,2023-10-07,Crystal Palace,Nott'm Forest,0:0,CF,,,,,,,,76,76,
2023/24,108725,Chris Wood,Premier League,9,2023-10-21,Nott'm Forest,Luton,2:2,CF,2,,,,,,,,90,
2023/24,108725,Chris Wood,Premier League,10,2023-10-29,Liverpool,Nott'm Forest,3:0,Not in squad,,,,,,,,,,
2023/24,108725,Chris Wood,Premier League,11,2023-11-05,Nott'm Forest,Aston Villa,2:0,Not in squad,,,,,,,,,,
2023/24,108725,Chris Wood,Premier League,12,2023-11-12,West Ham,Nott'm Forest,3:2,CF,,,,,,,76,,14,
2023/24,108725,Chris Wood,Premier League,13,2023-11-25,Nott'm Forest,Brighton,2:3,CF,,,,,,,,63,63,
2023/24,108725,Chris Wood,Premier League,14,2023-12-02,Nott'm Forest,Everton,0:1,CF,,,,,,,,,90,
2023/24,108725,Chris Wood,Premier League,15,2023-12-06,Fulham,Nott'm Forest,5:0,CF,,,,,,,58,,32,
2023/24,108725,Chris Wood,Premier League,16,2023-12-09,Wolves,Nott'm Forest,1:1,,,,,,,,84,,6,
2023/24,108725,Chris Wood,Premier League,17,2023-12-15,Nott'm Forest,Tottenham,0:2,,,,,,,,68,,22,
2023/24,108725,Chris Wood,Premier League,18,2023-12-23,Nott'm Forest,Bournemouth,2:3,CF,1,1,,,,,,,90,
2023/24,108725,Chris Wood,Premier League,19,2023-12-26,Newcastle,Nott'm Forest,1:3,CF,3,,,,,,,,90,
2023/24,108725,Chris Wood,Premier League,20,2023-12-30,Nott'm Forest,Man Utd,2:1,CF,,,,,,,,,90,
2023/24,108725,Chris Wood,Premier League,21,2024-01-20,Brentford,Nott'm Forest,3:2,CF,1,,,,,,,,90,
2023/24,108725,Chris Wood,Premier League,22,2024-01-30,Nott'm Forest,Arsenal,1:2,CF,,,,,,,,46,45,
2023/24,108725,Chris Wood,Premier League,23,2024-02-04,Bournemouth,Nott'm Forest,1:1,Hamstring injury,,,,,,,,,,
2023/24,108725,Chris Wood,Premier League,24,2024-02-10,Nott'm Forest,Newcastle,2:3,Hamstring injury,,,,,,,,,,
2023/24,108725,Chris Wood,Premier League,25,2024-02-17,Nott'm Forest,West Ham,2:0,Hamstring injury,,,,,,,,,,
2023/24,108725,Chris Wood,Premier League,26,2024-02-24,Aston Villa,Nott'm Forest,4:2,Hamstring injury,,,,,,,,,,
2023/24,108725,Chris Wood,Premier League,27,2024-03-02,Nott'm Forest,Liverpool,0:1,Hamstring injury,,,,,,,,,,
2023/24,108725,Chris Wood,Premier League,28,2024-03-10,Brighton,Nott'm Forest,1:0,CF,,,,,,,,,90,
2023/24,108725,Chris Wood,Premier League,29,2024-03-16,Luton,Nott'm Forest,1:1,CF,1,,,,,,,75,75,
2023/24,108725,Chris Wood,Premier League,30,2024-03-30,Nott'm Forest,Crystal Palace,1:1,CF,1,,,,,,,,90,
2023/24,108725,Chris Wood,Premier League,31,2024-04-02,Nott'm Forest,Fulham,3:1,CF,1,,,,,,,,90,
2023/24,108725,Chris Wood,Premier League,32,2024-04-07,Tottenham,Nott'm Forest,3:1,CF,1,,,,,,,68,68,
2023/24,108725,Chris Wood,Premier League,33,2024-04-13,Nott'm Forest,Wolves,2:2,CF,,,,,,,,,90,
2023/24,108725,Chris Wood,Premier League,34,2024-04-21,Everton,Nott'm Forest,2:0,CF,,,,,,,,,90,
2023/24,108725,Chris Wood,Premier League,35,2024-04-28,Nott'm Forest,Man City,0:2,CF,,,,,,,,,90,
2023/24,108725,Chris Wood,Premier League,36,2024-05-04,Sheff Utd,Nott'm Forest,1:3,CF,,,,,,,,90,90,
2023/24,108725,Chris Wood,Premier League,37,2024-05-11,Nott'm Forest,Chelsea,2:3,CF,,,,,,,,,90,
2023/24,108725,Chris Wood,Premier League,38,2024-05-19,Burnley,Nott'm Forest,1:2,CF,2,,,,,,,79,79,
2023/24,108725,Chris Wood,FA Cup,Third Round,2024-01-07,Nott'm Forest,Blackpool,2:2,CF,,,,,,,,,90,
2023/24,108725,Chris Wood,FA Cup,Third Round Replay,2024-01-17,Blackpool,Nott'm Forest,2:3 AET,CF,1,,,116,,,,,120,
2023/24,108725,Chris Wood,FA Cup,Fourth Round,2024-01-26,Bristol City,Nott'm Forest,0:0,CF,,,,,,,,,90,
2023/24,108725,Chris Wood,FA Cup,4th round deciders,2024-02-07,Nott'm Forest,Bristol City,6:4 on pens,Hamstring injury,,,,,,,,,,
2023/24,108725,Chris Wood,FA Cup,Fifth Round,2024-02-28,Nott'm Forest,Man Utd,0:1,Hamstring injury,,,,,,,,,,
2023/24,108725,Chris Wood,EFL Cup,Second Round,2023-08-30,Nott'm Forest,Burnley,0:1,CF,,,,,,,,88,88,
2023/24,108725,Chris Wood,OFC Nations Cup,Group 1,2024-06-18,New Zealand,Solomons,3:0,Not in squad,,,,,,,,,,
2023/24,108725,Chris Wood,OFC Nations Cup,Group 1,2024-06-21,Vanuatu,New Zealand,0:4,Not in squad,,,,,,,,,,
2023/24,108725,Chris Wood,OFC Nations Cup,Semi-Finals,2024-06-27,New Zealand,Tahiti,5:0,Not in squad,,,,,,,,,,
2023/24,108725,Chris Wood,OFC Nations Cup,Final,2024-06-30,New Zealand,Vanuatu,3:0,Not in squad,,,,,,,,,,
