﻿season,player_id,player_name,competition,journey,date,home_team,away_team,result,position,goals,assists,own_goals,yellow_cards,second_yellow_cards,red_cards,substitutions_on,substitutions_off,minutes_played,transfermarkt_score
2023/24,1052892,Jaydan Kamason,EFL Trophy,group A5,2023-08-22,Stockport,Man Utd U21,4:6 on pens,Not in squad,,,,,,,,,,
2023/24,1052892,Jaydan Kamason,EFL Trophy,group A5,2023-09-26,Bolton,Man Utd U21,8:1,Not in squad,,,,,,,,,,
2023/24,1052892,Jaydan Kamason,EFL Trophy,group A5,2023-10-31,Salford,Man Utd U21,4:3,Not in squad,,,,,,,,,,
2023/24,1052892,Jaydan Kamason,U18 Premier League - Final Stage,Final,2024-05-14,Chelsea U18,Man Utd U18,1:2,Not in squad,,,,,,,,,,
2023/24,1052892,Jaydan Kamason,Premier League 2 Playoffs,Round of 16,2024-05-03,Arsenal U21,Man Utd U21,6:2,,,,,,,,75,,15,
2023/24,1052892,Jaydan Kamason,U18 Premier League,1,2023-08-12,Boro U18,Man Utd U18,0:4,,,,,,,,46,,45,
2023/24,1052892,Jaydan Kamason,U18 Premier League,3,2023-08-26,Stoke U18,Man Utd U18,1:4,RB,,,,,,,,14,14,
2023/24,1052892,Jaydan Kamason,U18 Premier League,4,2023-09-16,Man Utd U18,Nottingham U18,2:1,Not in squad,,,,,,,,,,
2023/24,1052892,Jaydan Kamason,U18 Premier League,5,2023-09-23,Sunderland U18,Man Utd U18,2:3,Not in squad,,,,,,,,,,
2023/24,1052892,Jaydan Kamason,U18 Premier League,6,2023-09-30,Man Utd U18,Newcastle U18,5:1,Not in squad,,,,,,,,,,
2023/24,1052892,Jaydan Kamason,U18 Premier League,7,2023-10-07,Man Utd U18,Derby U18,3:1,Not in squad,,,,,,,,,,
2023/24,1052892,Jaydan Kamason,U18 Premier League,8,2023-10-28,Leeds U18,Man Utd U18,0:6,Not in squad,,,,,,,,,,
2023/24,1052892,Jaydan Kamason,U18 Premier League,10,2023-11-11,Blackburn U18,Man Utd U18,0:3,Not in squad,,,,,,,,,,
2023/24,1052892,Jaydan Kamason,U18 Premier League,11,2023-12-02,Man Utd U18,Wolves U18,2:0,,,,,,,,61,,29,
2023/24,1052892,Jaydan Kamason,U18 Premier League,12,2023-12-16,Everton U18,Man Utd U18,0:2,Not in squad,,,,,,,,,,
2023/24,1052892,Jaydan Kamason,U18 Premier League,14,2024-01-13,Newcastle U18,Man Utd U18,1:3,,,,,,,,79,,11,
2023/24,1052892,Jaydan Kamason,U18 Premier League,2,2024-01-20,Man Utd U18,Man City U18,1:0,Not in squad,,,,,,,,,,
2023/24,1052892,Jaydan Kamason,U18 Premier League,15,2024-01-27,Man Utd U18,Leeds U18,4:0,RB,,,,15,,,,,90,
2023/24,1052892,Jaydan Kamason,U18 Premier League,13,2024-01-30,Man Utd U18,Liverpool U18,4:3,Not in squad,,,,,,,,,,
2023/24,1052892,Jaydan Kamason,U18 Premier League,16,2024-02-10,Derby U18,Man Utd U18,2:2,RB,,,,,,,,,90,
2023/24,1052892,Jaydan Kamason,U18 Premier League,17,2024-02-17,Nottingham U18,Man Utd U18,2:2,RB,,,,,,,,75,75,
2023/24,1052892,Jaydan Kamason,U18 Premier League,18,2024-02-24,Man Utd U18,Boro U18,3:0,,,,,,,,61,,29,
2023/24,1052892,Jaydan Kamason,U18 Premier League,19,2024-03-09,Man City U18,Man Utd U18,4:1,RB,,1,1,,,,,,90,
2023/24,1052892,Jaydan Kamason,U18 Premier League,20,2024-03-16,Man Utd U18,Blackburn U18,5:2,RB,,,,,,,,77,77,
2023/24,1052892,Jaydan Kamason,U18 Premier League,21,2024-04-06,Liverpool U18,Man Utd U18,1:9,RB,,2,,,,,,,90,
2023/24,1052892,Jaydan Kamason,U18 Premier League,22,2024-04-13,Man Utd U18,Stoke U18,4:2,RB,,,,,,,,,90,
2023/24,1052892,Jaydan Kamason,U18 Premier League,23,2024-04-16,Wolves U18,Man Utd U18,1:2,RB,,,,,,,,,90,
2023/24,1052892,Jaydan Kamason,U18 Premier League,24,2024-04-27,Man Utd U18,Sunderland U18,1:3,Not in squad,,,,,,,,,,
2023/24,1052892,Jaydan Kamason,U18 Premier League,25,2024-05-04,Man Utd U18,Everton U18,3:1,RB,,1,,,,,,,90,
2023/24,1052892,Jaydan Kamason,Premier League 2,1,2023-08-14,Palace U21,Man Utd U21,3:2,Not in squad,,,,,,,,,,
2023/24,1052892,Jaydan Kamason,Premier League 2,2,2023-08-18,Man Utd U21,Leeds U21,1:2,Not in squad,,,,,,,,,,
2023/24,1052892,Jaydan Kamason,Premier League 2,3,2023-08-26,Man Utd U21,Stoke U21,10:1,Not in squad,,,,,,,,,,
2023/24,1052892,Jaydan Kamason,Premier League 2,4,2023-09-03,Sunderland U21,Man Utd U21,5:5,Not in squad,,,,,,,,,,
2023/24,1052892,Jaydan Kamason,Premier League 2,5,2023-09-23,Man Utd U21,Arsenal U21,2:4,Not in squad,,,,,,,,,,
2023/24,1052892,Jaydan Kamason,Premier League 2,6,2023-09-30,Blackburn U21,Man Utd U21,2:5,Not in squad,,,,,,,,,,
2023/24,1052892,Jaydan Kamason,Premier League 2,7,2023-10-27,Fulham U21,Man Utd U21,1:1,Not in squad,,,,,,,,,,
2023/24,1052892,Jaydan Kamason,Premier League 2,8,2023-11-04,Man Utd U21,Everton U21,3:1,Not in squad,,,,,,,,,,
2023/24,1052892,Jaydan Kamason,Premier League 2,10,2023-12-16,Man Utd U21,Newcastle U21,3:2,Not in squad,,,,,,,,,,
2023/24,1052892,Jaydan Kamason,Premier League 2,11,2024-01-12,Chelsea U21,Man Utd U21,3:2,Not in squad,,,,,,,,,,
2023/24,1052892,Jaydan Kamason,Premier League 2,12,2024-01-27,Man Utd U21,Norwich U21,4:2,Not in squad,,,,,,,,,,
2023/24,1052892,Jaydan Kamason,Premier League 2,14,2024-02-19,Man Utd U21,Man City U21,2:1,Not in squad,,,,,,,,,,
2023/24,1052892,Jaydan Kamason,Premier League 2,15,2024-03-01,Man Utd U21,Derby U21,2:4,Not in squad,,,,,,,,,,
2023/24,1052892,Jaydan Kamason,Premier League 2,16,2024-03-08,Boro U21,Man Utd U21,3:2,Not in squad,,,,,,,,,,
2023/24,1052892,Jaydan Kamason,Premier League 2,17,2024-03-18,West Brom U21,Man Utd U21,0:3,Not in squad,,,,,,,,,,
2023/24,1052892,Jaydan Kamason,Premier League 2,18,2024-04-08,Man Utd U21,Brighton U21,1:1,Not in squad,,,,,,,,,,
2023/24,1052892,Jaydan Kamason,Premier League 2,19,2024-04-12,Man Utd U21,Liverpool U21,0:3,Not in squad,,,,,,,,,,
2023/24,1052892,Jaydan Kamason,Premier League 2,9,2024-04-20,Tottenham U21,Man Utd U21,2:2,RB,,,,,,,,,90,
2023/24,1052892,Jaydan Kamason,Premier League 2,20,2024-04-26,Nottingham U21,Man Utd U21,0:0,RB,,,,,,,,86,86,
2023/24,1052892,Jaydan Kamason,Premier League 2,13,2024-04-29,Southampton U21,Man Utd U21,3:6,Not in squad,,,,,,,,,,
2023/24,1052892,Jaydan Kamason,FA Youth Cup,Third Round,2023-12-19,Man Utd U18,Derby U18,1:0,Not in squad,,,,,,,,,,
2023/24,1052892,Jaydan Kamason,FA Youth Cup,Fourth Round,2024-01-16,Swindon U18,Man Utd U18,2:0,Not in squad,,,,,,,,,,
