﻿season,player_id,player_name,competition,journey,date,home_team,away_team,result,position,goals,assists,own_goals,yellow_cards,second_yellow_cards,red_cards,substitutions_on,substitutions_off,minutes_played,transfermarkt_score
2018/19,110867,Jed Steer,Championship,1,2018-08-06,Hull City,Aston Villa,1:3,GK,,,,,,,,,90,
2018/19,110867,Jed Steer,Championship,26,2019-01-01,Aston Villa,QPR,2:2,GK,,,,,,,,,90,
2018/19,110867,Jed Steer,Championship,27,2019-01-12,Wigan,Aston Villa,3:0,on the bench,,,,,,,,,,
2018/19,110867,Jed Steer,Championship,28,2019-01-19,Aston Villa,Hull City,2:2,on the bench,,,,,,,,,,
2018/19,110867,Jed Steer,Championship,29,2019-01-26,Aston Villa,Ipswich,2:1,on the bench,,,,,,,,,,
2018/19,110867,Jed Steer,Championship,30,2019-02-02,Reading,Aston Villa,0:0,on the bench,,,,,,,,,,
2018/19,110867,Jed Steer,Championship,31,2019-02-08,Aston Villa,Sheff Utd,3:3,on the bench,,,,,,,,,,
2018/19,110867,Jed Steer,Championship,32,2019-02-13,Brentford,Aston Villa,1:0,on the bench,,,,,,,,,,
2018/19,110867,Jed Steer,Championship,33,2019-02-16,Aston Villa,West Brom,0:2,GK,,,,,,,46,,45,
2018/19,110867,Jed Steer,Championship,34,2019-02-23,Stoke City,Aston Villa,1:1,GK,,,,,,,,,90,
2018/19,110867,Jed Steer,Championship,35,2019-03-02,Aston Villa,Derby,4:0,GK,,,,,,,,,90,
2018/19,110867,Jed Steer,Championship,36,2019-03-10,Birmingham,Aston Villa,0:1,GK,,,,,,,,,90,
2018/19,110867,Jed Steer,Championship,37,2019-03-13,Nott'm Forest,Aston Villa,1:3,GK,,,,,,,,,90,
2018/19,110867,Jed Steer,Championship,38,2019-03-16,Aston Villa,Middlesbrough,3:0,GK,,,,,,,,,90,
2018/19,110867,Jed Steer,Championship,39,2019-03-30,Aston Villa,Blackburn,2:1,GK,,,,,,,,,90,
2018/19,110867,Jed Steer,Championship,40,2019-04-06,Sheff Wed,Aston Villa,1:3,GK,,,,,,,,,90,
2018/19,110867,Jed Steer,Championship,41,2019-04-10,Rotherham,Aston Villa,1:2,GK,,,,,,,,,90,
2018/19,110867,Jed Steer,Championship,42,2019-04-13,Aston Villa,Bristol City,2:1,GK,,,,,,,,,90,
2018/19,110867,Jed Steer,Championship,43,2019-04-19,Bolton,Aston Villa,0:2,GK,,,,,,,,,90,
2018/19,110867,Jed Steer,Championship,44,2019-04-22,Aston Villa,Millwall,1:0,GK,,,,,,,,,90,
2018/19,110867,Jed Steer,Championship,45,2019-04-28,Leeds,Aston Villa,1:1,GK,,,,,,,,,90,
2018/19,110867,Jed Steer,Championship,46,2019-05-05,Aston Villa,Norwich,1:2,GK,,,,,,,,,90,
2018/19,110867,Jed Steer,EFL Trophy,group B7,2018-09-04,Charlton,AFC Wimbledon,4:6 on pens,GK,,,,,,,,,120,
2018/19,110867,Jed Steer,EFL Trophy,group B7,2018-10-09,Stevenage,Charlton,0:8,on the bench,,,,,,,,,,
2018/19,110867,Jed Steer,EFL Trophy,group B7,2018-11-13,Charlton,Swansea U23,0:1,Not in squad,,,,,,,,,,
2018/19,110867,Jed Steer,League One,2,2018-08-11,Charlton,Shrewsbury,2:1,Not in squad,,,,,,,,,,
2018/19,110867,Jed Steer,League One,3,2018-08-18,Accrington,Charlton,1:1,on the bench,,,,,,,,,,
2018/19,110867,Jed Steer,League One,4,2018-08-21,Charlton,Peterborough,0:1,on the bench,,,,,,,,,,
2018/19,110867,Jed Steer,League One,5,2018-08-25,Charlton,Fleetwood,0:0,on the bench,,,,,,,,,,
2018/19,110867,Jed Steer,League One,6,2018-09-01,Southend United,Charlton,1:2,on the bench,,,,,,,,,,
2018/19,110867,Jed Steer,League One,7,2018-09-08,Charlton,Wycombe,3:2,GK,,,,95,,,,,90,
2018/19,110867,Jed Steer,League One,8,2018-09-15,Bradford,Charlton,0:2,GK,,,,,,,,,90,
2018/19,110867,Jed Steer,League One,9,2018-09-22,Charlton,Plymouth,2:1,GK,,,,,,,,,90,
2018/19,110867,Jed Steer,League One,10,2018-09-29,Luton,Charlton,2:2,GK,,,,,,,,,90,
2018/19,110867,Jed Steer,League One,11,2018-10-02,Scunthorpe Utd.,Charlton,5:3,GK,,,,,,,,,90,
2018/19,110867,Jed Steer,League One,12,2018-10-06,Charlton,Coventry,1:2,GK,,,,,,,,,90,
2018/19,110867,Jed Steer,League One,14,2018-10-20,Charlton,Barnsley,2:0,GK,,,,,,,,,90,
2018/19,110867,Jed Steer,League One,15,2018-10-23,Charlton,Oxford United,1:1,GK,,,,,,,,,90,
2018/19,110867,Jed Steer,League One,16,2018-10-27,Rochdale,Charlton,1:0,GK,,,,,,,,,90,
2018/19,110867,Jed Steer,League One,17,2018-11-03,Charlton,Doncaster,2:0,GK,,,,,,,,,90,
2018/19,110867,Jed Steer,League One,13,2018-11-06,Walsall,Charlton,0:2,GK,,,,,,,,,90,
2018/19,110867,Jed Steer,League One,19,2018-11-24,Charlton,Bristol Rovers,3:1,GK,,1,,,,,,,90,
2018/19,110867,Jed Steer,League One,20,2018-11-27,Burton Albion,Charlton,1:2,GK,,,,,,,,,90,
2018/19,110867,Jed Steer,League One,21,2018-12-08,Blackpool,Charlton,2:1,GK,,,,,,,,,90,
2018/19,110867,Jed Steer,League One,18,2018-12-11,Portsmouth,Charlton,1:2,GK,,,,90,,,,,90,
2018/19,110867,Jed Steer,League One,22,2018-12-15,Charlton,AFC Wimbledon,2:0,GK,,,,,,,,,90,
2018/19,110867,Jed Steer,League One,23,2018-12-22,Charlton,Gillingham,2:0,GK,,,,,,,,,90,
2018/19,110867,Jed Steer,League One,24,2018-12-26,Coventry,Charlton,2:1,GK,,,,,,,,,90,
2018/19,110867,Jed Steer,League One,25,2018-12-29,Barnsley,Charlton,2:1,GK,,,,,,,,,90,
2018/19,110867,Jed Steer,FA Cup,First Round,2018-11-11,Mansfield Town,Charlton,1:1,on the bench,,,,,,,,,,
2018/19,110867,Jed Steer,FA Cup,First Round Replay,2018-11-20,Charlton,Mansfield Town,5:0,Not in squad,,,,,,,,,,
2018/19,110867,Jed Steer,FA Cup,Second Round,2018-12-01,Charlton,Doncaster,0:2,on the bench,,,,,,,,,,
2017/18,110867,Jed Steer,FA Cup,,,,,,,,,,,,,,,,
2018/19,110867,Jed Steer,FA Cup,Third Round,2019-01-05,Aston Villa,Swansea,0:3,on the bench,,,,,,,,,,
2018/19,110867,Jed Steer,EFL Cup,First Round,2018-08-14,MK Dons,Charlton,3:0,Not in squad,,,,,,,,,,
2018/19,110867,Jed Steer,Championship Play-Offs,Semi-Finals 1st Leg,2019-05-11,Aston Villa,West Brom,2:1,GK,,,,,,,,,90,
2018/19,110867,Jed Steer,Championship Play-Offs,Semi-Finals 2nd Leg,2019-05-14,West Brom,Aston Villa,3:4 on pens,GK,,,,,,,,,120,
2018/19,110867,Jed Steer,Championship Play-Offs,Final,2019-05-27,Aston Villa,Derby,2:1,GK,,,,,,,,,90,
