﻿season,player_id,player_name,competition,journey,date,home_team,away_team,result,position,goals,assists,own_goals,yellow_cards,second_yellow_cards,red_cards,substitutions_on,substitutions_off,minutes_played,transfermarkt_score
2024/25,1091562,Romelle Donovan,International Friendlies,6,2024-09-04,Italy U19,England U19,2:2,Centre Forward,,1,,,,,,68,68,
2024/25,1091562,Romelle Donovan,International Friendlies,2,2024-09-07,Croatia U19,England U19,1:1,,,,,,,,68,,22,
2024/25,1091562,Romelle Donovan,International Friendlies,2,2024-09-10,Germany U19,England U19,3:2,on the bench,,,,,,,,,,
2024/25,1091562,Romelle Donovan,International Friendlies,3,2024-10-09,England U19,Portugal U19,1:2,Not in squad,,,,,,,,,,
2024/25,1091562,Romelle Donovan,International Friendlies,4,2024-10-12,Netherlands U19,England U19,1:4,Not in squad,,,,,,,,,,
2024/25,1091562,Romelle Donovan,International Friendlies,37,2024-10-15,England U19,France U19,4:2,Not in squad,,,,,,,,,,
2024/25,1091562,Romelle Donovan,EFL Trophy,group B6,2024-09-24,Burton Albion,Notts County,1:2,Centre Forward,,,,,,,,83,83,
2024/25,1091562,Romelle Donovan,EFL Trophy,group B6,2024-11-12,Northampton,Burton Albion,2:5,Centre Forward,1,,,,,,,,90,
2023/24,1091562,Romelle Donovan,EFL Trophy,,,,,,,,,,,,,,,,
2024/25,1091562,Romelle Donovan,EFL Trophy,Second Round,2024-12-10,Exeter City,Birmingham,1:2,Not in squad,,,,,,,,,,
2024/25,1091562,Romelle Donovan,EFL Trophy,Round of 16,2025-01-14,Swindon Town,Birmingham,1:2,Not in squad,,,,,,,,,,
2024/25,1091562,Romelle Donovan,League One,1,2024-08-10,Birmingham,Reading,1:1,Not in squad,,,,,,,,,,
2024/25,1091562,Romelle Donovan,League One,2,2024-08-17,Wycombe,Birmingham,2:3,Not in squad,,,,,,,,,,
2024/25,1091562,Romelle Donovan,League One,3,2024-08-24,Leyton Orient,Birmingham,1:2,Not in squad,,,,,,,,,,
2023/24,1091562,Romelle Donovan,League One,,,,,,,,,,,,,,,,
2024/25,1091562,Romelle Donovan,League One,4,2024-08-31,Northampton,Burton Albion,0:0,Not in squad,,,,,,,,,,
2024/25,1091562,Romelle Donovan,League One,6,2024-09-14,Rotherham,Burton Albion,2:2,,,,,,,,80,,10,
2024/25,1091562,Romelle Donovan,League One,7,2024-09-21,Burton Albion,Barnsley,1:2,,,,,,,,73,,17,
2024/25,1091562,Romelle Donovan,League One,8,2024-09-28,Blackpool,Burton Albion,3:0,,,,,,,,63,,27,
2024/25,1091562,Romelle Donovan,League One,9,2024-10-01,Reading,Burton Albion,3:1,AM,,,,,,,,71,71,
2024/25,1091562,Romelle Donovan,League One,10,2024-10-05,Burton Albion,Bristol Rovers,1:3,,,,,,,,62,,28,
2024/25,1091562,Romelle Donovan,League One,12,2024-10-19,Bolton,Burton Albion,2:1,Not in squad,,,,,,,,,,
2024/25,1091562,Romelle Donovan,League One,13,2024-10-22,Burton Albion,Wycombe,2:3,Not in squad,,,,,,,,,,
2024/25,1091562,Romelle Donovan,League One,14,2024-10-26,Cambridge Utd.,Burton Albion,1:0,Not in squad,,,,,,,,,,
2024/25,1091562,Romelle Donovan,League One,5,2024-11-05,Burton Albion,Crawley Town,0:0,,,,,,,,67,,23,
2024/25,1091562,Romelle Donovan,League One,15,2024-11-09,Burton Albion,Shrewsbury,2:0,Not in squad,,,,,,,,,,
2024/25,1091562,Romelle Donovan,League One,17,2024-11-23,Burton Albion,Stockport,0:3,Not in squad,,,,,,,,,,
2024/25,1091562,Romelle Donovan,League One,11,2024-11-26,Burton Albion,Charlton,0:1,Not in squad,,,,,,,,,,
2024/25,1091562,Romelle Donovan,League One,18,2024-12-04,Peterborough,Burton Albion,0:1,Not in squad,,,,,,,,,,
2023/24,1091562,Romelle Donovan,League One,,,,,,,,,,,,,,,,
2024/25,1091562,Romelle Donovan,League One,19,2024-12-07,Barnsley,Birmingham,1:2,Not in squad,,,,,,,,,,
2024/25,1091562,Romelle Donovan,League One,20,2024-12-14,Birmingham,Bristol Rovers,2:0,Not in squad,,,,,,,,,,
2024/25,1091562,Romelle Donovan,League One,21,2024-12-23,Crawley Town,Birmingham,0:1,Not in squad,,,,,,,,,,
2024/25,1091562,Romelle Donovan,League One,22,2024-12-26,Birmingham,Burton Albion,2:0,Not in squad,,,,,,,,,,
2024/25,1091562,Romelle Donovan,League One,23,2024-12-29,Birmingham,Blackpool,0:0,Not in squad,,,,,,,,,,
2024/25,1091562,Romelle Donovan,League One,24,2025-01-01,Stockport,Birmingham,1:1,Not in squad,,,,,,,,,,
2024/25,1091562,Romelle Donovan,League One,25,2025-01-04,Wigan,Birmingham,0:3,Not in squad,,,,,,,,,,
2024/25,1091562,Romelle Donovan,League One,27,2025-01-18,Birmingham,Exeter City,1:0,Not in squad,,,,,,,,,,
2024/25,1091562,Romelle Donovan,League One,28,2025-01-23,Wrexham,Birmingham,1:1,Not in squad,,,,,,,,,,
2024/25,1091562,Romelle Donovan,League One,29,2025-01-28,Huddersfield,Birmingham,0:1,Not in squad,,,,,,,,,,
2024/25,1091562,Romelle Donovan,League One,30,2025-02-01,Birmingham,Rotherham,2:1,Not in squad,,,,,,,,,,
2024/25,1091562,Romelle Donovan,FA Cup,First Round,2024-11-02,Burton Albion,Scarborough,1:0,CF,,,,,,,,65,65,
2024/25,1091562,Romelle Donovan,FA Cup,Second Round,2024-12-01,Burton Albion,Tamworth,4:5 on pens,Not in squad,,,,,,,,,,
2023/24,1091562,Romelle Donovan,FA Cup,,,,,,,,,,,,,,,,
2024/25,1091562,Romelle Donovan,FA Cup,Third Round,2025-01-11,Birmingham,Lincoln City,2:1,Not in squad,,,,,,,,,,
2024/25,1091562,Romelle Donovan,EFL Cup,First Round,2024-08-13,Charlton,Birmingham,0:1,Not in squad,,,,,,,,,,
2024/25,1091562,Romelle Donovan,EFL Cup,Second Round,2024-08-27,Birmingham,Fulham,0:2,Not in squad,,,,,,,,,,
2024/25,1091562,Romelle Donovan,UEFA EURO U19 Championship Qualifiers,Group 3,2024-11-13,England U19,Lithuania U19,1:0,Not in squad,,,,,,,,,,
2024/25,1091562,Romelle Donovan,UEFA EURO U19 Championship Qualifiers,Group 3,2024-11-16,England U19,Bulgaria U19,2:1,Not in squad,,,,,,,,,,
2024/25,1091562,Romelle Donovan,UEFA EURO U19 Championship Qualifiers,Group 3,2024-11-19,Belgium U19,England U19,0:0,Not in squad,,,,,,,,,,
