﻿season,player_id,player_name,competition,journey,date,home_team,away_team,result,position,goals,assists,own_goals,yellow_cards,second_yellow_cards,red_cards,substitutions_on,substitutions_off,minutes_played,transfermarkt_score
2025/26,1086619,Giovanni Leoni,UEFA Champions League,Group Stage,2025-09-17,Liverpool,Atlético,3:2,on the bench,,,,,,,,,,
2025/26,1086619,Giovanni Leoni,UEFA Champions League,Group Stage,2025-09-30,Galatasaray,Liverpool,1:0,No eligibility,,,,,,,,,,
2025/26,1086619,Giovanni Leoni,UEFA Champions League,Group Stage,2025-10-22,Frankfurt,Liverpool,1:5,No eligibility,,,,,,,,,,
2025/26,1086619,Giovanni Leoni,UEFA Champions League,Group Stage,2025-11-04,Liverpool,Real Madrid,1:0,No eligibility,,,,,,,,,,
2025/26,1086619,Giovanni Leoni,UEFA Champions League,Group Stage,2025-11-26,Liverpool,PSV,1:4,No eligibility,,,,,,,,,,
2025/26,1086619,Giovanni Leoni,Premier League,1,2025-08-15,Liverpool,Bournemouth,4:2,No eligibility,,,,,,,,,,
2025/26,1086619,Giovanni Leoni,Premier League,2,2025-08-25,Newcastle,Liverpool,2:3,on the bench,,,,,,,,,,
2025/26,1086619,Giovanni Leoni,Premier League,3,2025-08-31,Liverpool,Arsenal,1:0,Not in squad,,,,,,,,,,
2025/26,1086619,Giovanni Leoni,Premier League,4,2025-09-14,Burnley,Liverpool,0:1,Not in squad,,,,,,,,,,
2025/26,1086619,Giovanni Leoni,Premier League,5,2025-09-20,Liverpool,Everton,2:1,Not in squad,,,,,,,,,,
2025/26,1086619,Giovanni Leoni,Premier League,6,2025-09-27,Crystal Palace,Liverpool,2:1,Cruciate ligament tear,,,,,,,,,,
2025/26,1086619,Giovanni Leoni,Premier League,7,2025-10-04,Chelsea,Liverpool,2:1,Cruciate ligament tear,,,,,,,,,,
2025/26,1086619,Giovanni Leoni,Premier League,8,2025-10-19,Liverpool,Man Utd,1:2,Cruciate ligament tear,,,,,,,,,,
2025/26,1086619,Giovanni Leoni,Premier League,9,2025-10-25,Brentford,Liverpool,3:2,Cruciate ligament tear,,,,,,,,,,
2025/26,1086619,Giovanni Leoni,Premier League,10,2025-11-01,Liverpool,Aston Villa,2:0,Cruciate ligament tear,,,,,,,,,,
2025/26,1086619,Giovanni Leoni,Premier League,11,2025-11-09,Man City,Liverpool,3:0,Cruciate ligament tear,,,,,,,,,,
2025/26,1086619,Giovanni Leoni,Premier League,12,2025-11-22,Liverpool,Nott'm Forest,0:3,Cruciate ligament tear,,,,,,,,,,
2025/26,1086619,Giovanni Leoni,Premier League,13,2025-11-30,West Ham,Liverpool,0:2,Cruciate ligament tear,,,,,,,,,,
2025/26,1086619,Giovanni Leoni,Premier League,14,2025-12-03,Liverpool,Sunderland,1:1,Cruciate ligament tear,,,,,,,,,,
2025/26,1086619,Giovanni Leoni,EFL Cup,Third Round,2025-09-23,Liverpool,Southampton,2:1,CB,,,,,,,,81,81,
2025/26,1086619,Giovanni Leoni,EFL Cup,Fourth Round,2025-10-29,Liverpool,Crystal Palace,0:3,Cruciate ligament tear,,,,,,,,,,
