﻿season,player_id,player_name,competition,journey,date,home_team,away_team,result,position,goals,assists,own_goals,yellow_cards,second_yellow_cards,red_cards,substitutions_on,substitutions_off,minutes_played,transfermarkt_score
2022/23,1012534,Yankuba Minteh,International Friendlies,11,2022-11-20,Guinea-Bissau,The Gambia,0:0,,,,,,,,46,,45,
2022/23,1012534,Yankuba Minteh,Superliga,6,2022-08-22,Odense BK,AC Horsens,1:0,Not in squad,,,,,,,,,,
2022/23,1012534,Yankuba Minteh,Superliga,7,2022-08-28,Silkeborg IF,Odense BK,1:2,on the bench,,,,,,,,,,
2022/23,1012534,Yankuba Minteh,Superliga,8,2022-09-04,Odense BK,Viborg FF,1:2,Not in squad,,,,,,,,,,
2022/23,1012534,Yankuba Minteh,Superliga,9,2022-09-10,Odense BK,Copenhagen,2:1,,1,,,,,,83,,7,
2022/23,1012534,Yankuba Minteh,Superliga,10,2022-09-18,Lyngby BK,Odense BK,0:2,on the bench,,,,,,,,,,
2022/23,1012534,Yankuba Minteh,Superliga,11,2022-09-30,Aalborg BK,Odense BK,1:1,on the bench,,,,,,,,,,
2022/23,1012534,Yankuba Minteh,Superliga,12,2022-10-09,Odense BK,Silkeborg IF,1:1,LW,,1,,27,,,,63,63,
2022/23,1012534,Yankuba Minteh,Superliga,13,2022-10-16,Viborg FF,Odense BK,0:0,Centre Forward,,,,,,,,67,67,
2022/23,1012534,Yankuba Minteh,Superliga,14,2022-10-21,Odense BK,Lyngby BK,3:1,Centre Forward,,2,,,,,,76,76,
2022/23,1012534,Yankuba Minteh,Superliga,15,2022-10-31,Midtjylland,Odense BK,1:2,Centre Forward,,,,,,,,86,86,
2022/23,1012534,Yankuba Minteh,Superliga,16,2022-11-06,Odense BK,Bröndby IF,1:1,Centre Forward,,,,,,,,82,82,
2022/23,1012534,Yankuba Minteh,Superliga,17,2022-11-13,AC Horsens,Odense BK,3:3,Centre Forward,1,,,74,,,,,90,
2022/23,1012534,Yankuba Minteh,Superliga,18,2023-02-19,Odense BK,Randers FC,0:0,Not in squad,,,,,,,,,,
2022/23,1012534,Yankuba Minteh,Superliga,19,2023-02-24,Nordsjaelland,Odense BK,4:2,Centre Forward,,,,68,,,,75,75,
2022/23,1012534,Yankuba Minteh,Superliga,20,2023-03-05,Copenhagen,Odense BK,7:0,Suspension through sports court,,,,,,,,,,
2022/23,1012534,Yankuba Minteh,Superliga,21,2023-03-10,Odense BK,Aalborg BK,2:1,Suspension through sports court,,,,,,,,,,
2022/23,1012534,Yankuba Minteh,Superliga,22,2023-03-19,Aarhus GF,Odense BK,1:0,Centre Forward,,,,,,,,,90,
2022/23,1012534,Yankuba Minteh,Future Cup,3,2022-08-30,OB Reserves,LBK Reserves,4:3,Centre Forward,,,,,,,,72,72,
2022/23,1012534,Yankuba Minteh,Future Cup,2,2022-10-03,SJF Reserves,OB Reserves,1:3,Not in squad,,,,,,,,,,
2022/23,1012534,Yankuba Minteh,Future Cup,1,2022-10-10,RFC Reserves,OB Reserves,1:2,Not in squad,,,,,,,,,,
2022/23,1012534,Yankuba Minteh,Superliga Relegation round,23,2023-03-31,Odense BK,Midtjylland,1:3,,,,,96,,,46,,45,
2022/23,1012534,Yankuba Minteh,Superliga Relegation round,24,2023-04-10,Aalborg BK,Odense BK,2:3,Centre Forward,,,,53,,,,,90,
2022/23,1012534,Yankuba Minteh,Superliga Relegation round,25,2023-04-16,Odense BK,Silkeborg IF,2:0,Centre Forward,,2,,,,,,81,81,
2022/23,1012534,Yankuba Minteh,Superliga Relegation round,26,2023-04-24,Odense BK,Lyngby BK,2:2,LW,1,,,,,,,,90,
2022/23,1012534,Yankuba Minteh,Superliga Relegation round,27,2023-04-28,AC Horsens,Odense BK,2:2,Centre Forward,,,,,,,,,90,
2022/23,1012534,Yankuba Minteh,Superliga Relegation round,28,2023-05-07,Silkeborg IF,Odense BK,0:1,LW,,,,29,,,,70,70,
2022/23,1012534,Yankuba Minteh,Superliga Relegation round,29,2023-05-12,Odense BK,Aalborg BK,1:1,Yellow card suspension,,,,,,,,,,
2022/23,1012534,Yankuba Minteh,Superliga Relegation round,30,2023-05-21,Lyngby BK,Odense BK,0:4,Centre Forward,1,,,,,,,,90,
2022/23,1012534,Yankuba Minteh,Superliga Relegation round,31,2023-05-26,Odense BK,AC Horsens,2:1,Centre Forward,,,,,,,,32,32,
2022/23,1012534,Yankuba Minteh,Superliga Relegation round,32,2023-06-03,Midtjylland,Odense BK,4:2,Not in squad,,,,,,,,,,
2022/23,1012534,Yankuba Minteh,Pokalen,Second Round,2022-09-07,Nyköbing FC,Odense BK,4:3 on pens,Not in squad,,,,,,,,,,
2022/23,1012534,Yankuba Minteh,U19 Boys League,2,2022-08-19,Sönderjyske U19,Odense BK U19,1:4,Not in squad,,,,,,,,,,
2022/23,1012534,Yankuba Minteh,U19 Boys League,3,2022-08-27,Odense BK U19,Esbjerg fB U19,3:0,AM,1,,,,,,,46,45,
2022/23,1012534,Yankuba Minteh,U19 Boys League,4,2022-09-03,Bröndby IF U19,Odense BK U19,3:3,Centre Forward,1,,,,,,,90,90,
2022/23,1012534,Yankuba Minteh,U19 Boys League,5,2022-09-10,Midtjylland U19,Odense BK U19,3:2,Not in squad,,,,,,,,,,
2022/23,1012534,Yankuba Minteh,U19 Boys League,6,2022-09-17,Odense BK U19,Vejle BK U19,5:3,Not in squad,,,,,,,,,,
2022/23,1012534,Yankuba Minteh,U19 Boys League,7,2022-10-01,Odense BK U19,Nordsjaell. U19,6:3,Centre Forward,,1,,,,,,81,81,
2022/23,1012534,Yankuba Minteh,U19 Boys League,8,2022-10-08,Aalborg BK U19,Odense BK U19,1:3,Not in squad,,,,,,,,,,
2022/23,1012534,Yankuba Minteh,U19 Boys League,9,2022-10-15,Odense BK U19,Randers FC U19,0:1,Not in squad,,,,,,,,,,
2022/23,1012534,Yankuba Minteh,U19 Boys League,10,2022-10-22,Aarhus GF U19,Odense BK U19,2:5,Not in squad,,,,,,,,,,
