﻿season,player_id,player_name,competition,journey,date,home_team,away_team,result,position,goals,assists,own_goals,yellow_cards,second_yellow_cards,red_cards,substitutions_on,substitutions_off,minutes_played,transfermarkt_score
2019/20,104495,Lyle Taylor,Championship,1,2019-08-03,Blackburn,Charlton,1:2,CF,1,,,,,,,,90,
2019/20,104495,Lyle Taylor,Championship,2,2019-08-10,Charlton,Stoke City,3:1,CF,1,1,,,,,,,90,
2019/20,104495,Lyle Taylor,Championship,3,2019-08-17,Barnsley,Charlton,2:2,CF,1,,,,,,,,90,
2019/20,104495,Lyle Taylor,Championship,4,2019-08-21,Charlton,Nott'm Forest,1:1,CF,1,,,63,,,,,90,
2019/20,104495,Lyle Taylor,Championship,5,2019-08-24,Charlton,Brentford,1:0,CF,,,,,,,,,90,
2019/20,104495,Lyle Taylor,Championship,6,2019-08-31,Reading,Charlton,0:2,CF,1,,,,,,,,90,
2019/20,104495,Lyle Taylor,Championship,7,2019-09-14,Charlton,Birmingham,0:1,Not in squad,,,,,,,,,,
2019/20,104495,Lyle Taylor,Championship,8,2019-09-21,Wigan,Charlton,2:0,Not in squad,,,,,,,,,,
2019/20,104495,Lyle Taylor,Championship,9,2019-09-28,Charlton,Leeds,1:0,Not in squad,,,,,,,,,,
2019/20,104495,Lyle Taylor,Championship,10,2019-10-02,Charlton,Swansea,1:2,Not in squad,,,,,,,,,,
2019/20,104495,Lyle Taylor,Championship,11,2019-10-05,Fulham,Charlton,2:2,Not in squad,,,,,,,,,,
2019/20,104495,Lyle Taylor,Championship,12,2019-10-19,Charlton,Derby,3:0,Not in squad,,,,,,,,,,
2019/20,104495,Lyle Taylor,Championship,13,2019-10-23,Bristol City,Charlton,2:1,Not in squad,,,,,,,,,,
2019/20,104495,Lyle Taylor,Championship,14,2019-10-26,West Brom,Charlton,2:2,Not in squad,,,,,,,,,,
2019/20,104495,Lyle Taylor,Championship,15,2019-11-03,Charlton,Preston,0:1,Not in squad,,,,,,,,,,
2019/20,104495,Lyle Taylor,Championship,16,2019-11-09,Millwall,Charlton,2:1,Not in squad,,,,,,,,,,
2019/20,104495,Lyle Taylor,Championship,17,2019-11-23,Charlton,Cardiff,2:2,Not in squad,,,,,,,,,,
2019/20,104495,Lyle Taylor,Championship,18,2019-11-26,Luton,Charlton,2:1,Not in squad,,,,,,,,,,
2019/20,104495,Lyle Taylor,Championship,19,2019-11-30,Charlton,Sheff Wed,1:3,Not in squad,,,,,,,,,,
2019/20,104495,Lyle Taylor,Championship,20,2019-12-07,Middlesbrough,Charlton,1:0,CF,,,,,,,46,,45,
2019/20,104495,Lyle Taylor,Championship,21,2019-12-10,Charlton,Huddersfield,0:1,CF,,,,,,,69,,21,
2019/20,104495,Lyle Taylor,Championship,22,2019-12-13,Charlton,Hull City,2:2,CF,,,,,,,81,,9,
2019/20,104495,Lyle Taylor,Championship,23,2019-12-21,QPR,Charlton,2:2,CF,1,,,,,,,,90,
2019/20,104495,Lyle Taylor,Championship,24,2019-12-26,Charlton,Bristol City,3:2,CF,,,,,,,,,90,
2019/20,104495,Lyle Taylor,Championship,25,2019-12-30,Derby,Charlton,2:1,CF,1,,,,,,46,,45,
2019/20,104495,Lyle Taylor,Championship,26,2020-01-02,Swansea,Charlton,1:0,CF,,,,,,,,46,45,
2019/20,104495,Lyle Taylor,Championship,27,2020-01-11,Charlton,West Brom,2:2,Thigh problems,,,,,,,,,,
2019/20,104495,Lyle Taylor,Championship,28,2020-01-18,Preston,Charlton,2:1,Thigh problems,,,,,,,,,,
2019/20,104495,Lyle Taylor,Championship,29,2020-01-22,Charlton,Fulham,0:0,CF,,,,,,,70,,20,
2019/20,104495,Lyle Taylor,Championship,30,2020-02-01,Charlton,Barnsley,2:1,CF,1,,,,,,,68,68,
2019/20,104495,Lyle Taylor,Championship,31,2020-02-08,Stoke City,Charlton,3:1,CF,,,,74,,,,,90,
2019/20,104495,Lyle Taylor,Championship,32,2020-02-11,Nott'm Forest,Charlton,0:1,CF,1,,,,,,,,90,
2019/20,104495,Lyle Taylor,Championship,33,2020-02-15,Charlton,Blackburn,0:2,CF,,,,,,,,,90,
2019/20,104495,Lyle Taylor,Championship,34,2020-02-22,Charlton,Luton,3:1,CF,2,,,76,,,,,90,
2019/20,104495,Lyle Taylor,Championship,35,2020-02-26,Sheff Wed,Charlton,1:0,CF,,,,,,,,,90,
2019/20,104495,Lyle Taylor,Championship,36,2020-02-29,Huddersfield,Charlton,4:0,CF,,,,,,,,,90,
2019/20,104495,Lyle Taylor,Championship,37,2020-03-07,Charlton,Middlesbrough,0:1,CF,,,,53,,,,,90,
2019/20,104495,Lyle Taylor,Championship,38,2020-06-20,Hull City,Charlton,0:1,Not in squad,,,,,,,,,,
2019/20,104495,Lyle Taylor,Championship,39,2020-06-27,Charlton,QPR,1:0,Not in squad,,,,,,,,,,
2019/20,104495,Lyle Taylor,Championship,40,2020-06-30,Cardiff,Charlton,0:0,Not in squad,,,,,,,,,,
2020/21,104495,Lyle Taylor,Championship,41,2020-07-03,Charlton,Millwall,0:1,Not in squad,,,,,,,,,,
2020/21,104495,Lyle Taylor,Championship,42,2020-07-07,Brentford,Charlton,2:1,Not in squad,,,,,,,,,,
2020/21,104495,Lyle Taylor,Championship,43,2020-07-11,Charlton,Reading,0:1,Not in squad,,,,,,,,,,
2020/21,104495,Lyle Taylor,Championship,44,2020-07-15,Birmingham,Charlton,1:1,Not in squad,,,,,,,,,,
2020/21,104495,Lyle Taylor,Championship,45,2020-07-18,Charlton,Wigan,2:2,Not in squad,,,,,,,,,,
2020/21,104495,Lyle Taylor,Championship,46,2020-07-22,Leeds,Charlton,4:0,Not in squad,,,,,,,,,,
2019/20,104495,Lyle Taylor,FA Cup,Third Round,2020-01-05,Charlton,West Brom,0:1,Thigh problems,,,,,,,,,,
2019/20,104495,Lyle Taylor,EFL Cup,First Round,2019-08-13,Charlton,Forest Green,3:5 on pens,Not in squad,,,,,,,,,,
2019/20,104495,Lyle Taylor,CONCACAF Nations League B,Group B,2019-09-07,Montserrat,Dominican Rep.,2:1,Centre Forward,,,,,,,,,90,
2019/20,104495,Lyle Taylor,CONCACAF Nations League B,Group B,2019-09-10,Montserrat,Saint Lucia,1:1,Not in squad,,,,,,,,,,
2019/20,104495,Lyle Taylor,CONCACAF Nations League B,Group B,2019-10-13,Montserrat,El Salvador,0:2,Not in squad,,,,,,,,,,
2019/20,104495,Lyle Taylor,CONCACAF Nations League B,Group B,2019-10-15,Dominican Rep.,Montserrat,0:0,Not in squad,,,,,,,,,,
2019/20,104495,Lyle Taylor,CONCACAF Nations League B,Group B,2019-11-17,El Salvador,Montserrat,1:0,Not in squad,,,,,,,,,,
2019/20,104495,Lyle Taylor,CONCACAF Nations League B,Group B,2019-11-19,Saint Lucia,Montserrat,0:1,Not in squad,,,,,,,,,,
