﻿season,player_id,player_name,competition,journey,date,home_team,away_team,result,position,goals,assists,own_goals,yellow_cards,second_yellow_cards,red_cards,substitutions_on,substitutions_off,minutes_played,transfermarkt_score
2023/24,1008553,Julian Eyestone,International Friendlies,3,2024-06-07,Argentina U20,USA U19,0:1,on the bench,,,,,,,,,,
2023/24,1008553,Julian Eyestone,International Friendlies,4,2024-06-11,Uruguay U20,USA U19,0:1,,,,,,,,46,,45,
2024/25,1008553,Julian Eyestone,CONCACAF U-20 Championship,Group A,2024-07-20,USA U20,Jamaica U20,9:0,on the bench,,,,,,,,,,
2024/25,1008553,Julian Eyestone,CONCACAF U-20 Championship,Group A,2024-07-23,Cuba U20,USA U20,0:4,GK,,,,,,,,,90,
2024/25,1008553,Julian Eyestone,CONCACAF U-20 Championship,Group A,2024-07-26,USA U20,Costa Rica U20,1:0,on the bench,,,,,,,,,,
2024/25,1008553,Julian Eyestone,CONCACAF U-20 Championship,Quarter-Finals,2024-07-30,USA U20,Guatemala U20,1:0,on the bench,,,,,,,,,,
2024/25,1008553,Julian Eyestone,CONCACAF U-20 Championship,Semi-Finals,2024-08-02,USA U20,Panama U20,2:1,on the bench,,,,,,,,,,
2024/25,1008553,Julian Eyestone,CONCACAF U-20 Championship,Final,2024-08-04,USA U20,Mexico U20,1:2 AET,on the bench,,,,,,,,,,
