﻿season,player_id,player_name,competition,journey,date,home_team,away_team,result,position,goals,assists,own_goals,yellow_cards,second_yellow_cards,red_cards,substitutions_on,substitutions_off,minutes_played,transfermarkt_score
2023/24,1011152,Trevan Sanusi,International Friendlies,8,2023-09-06,England U17,Portugal U17,2:3,Not in squad,,,,,,,,,,
2023/24,1011152,Trevan Sanusi,International Friendlies,31,2023-09-09,England U17,Morocco U16,6:7 on pens,Not in squad,,,,,,,,,,
2023/24,1011152,Trevan Sanusi,International Friendlies,6,2023-09-12,England U17,Spain U17,4:1,Not in squad,,,,,,,,,,
2023/24,1011152,Trevan Sanusi,International Friendlies,4,2023-10-11,England U17,Norway U16,3:0,,,,,,,,83,,7,
2023/24,1011152,Trevan Sanusi,International Friendlies,11,2023-10-13,England U17,Norway U16,2:2,,,,,,,,,61,61,
2023/24,1011152,Trevan Sanusi,UEFA Youth League,Group F,2023-09-19,AC Milan YL,Newcastle YL,4:0,Not in squad,,,,,,,,,,
2023/24,1011152,Trevan Sanusi,UEFA Youth League,Group F,2023-10-04,Newcastle YL,Paris SG YL,0:1,,,,,,,,8,,82,
2023/24,1011152,Trevan Sanusi,UEFA Youth League,Group F,2023-10-25,Newcastle YL,Dortmund YL,1:2,Not in squad,,,,,,,,,,
2023/24,1011152,Trevan Sanusi,UEFA Youth League,Group F,2023-11-07,Dortmund YL,Newcastle YL,2:2,CF,,1,,,,,58,,32,
2023/24,1011152,Trevan Sanusi,UEFA Youth League,Group F,2023-11-28,Paris SG YL,Newcastle YL,1:2,LW,,,,,,,,90,90,
2023/24,1011152,Trevan Sanusi,UEFA Youth League,Group F,2023-12-13,Newcastle YL,AC Milan YL,3:1,AM,,,,,,,,,90,
2023/24,1011152,Trevan Sanusi,EFL Trophy,group A2,2023-09-05,Wrexham,Newcastle U21,1:0,Not in squad,,,,,,,,,,
2023/24,1011152,Trevan Sanusi,EFL Trophy,group A2,2023-10-10,Port Vale,Newcastle U21,4:3 on pens,Not in squad,,,,,,,,,,
2023/24,1011152,Trevan Sanusi,EFL Trophy,group A2,2023-11-21,Crewe Alexandra,Newcastle U21,2:1,LW,,,,,,,,,90,
2023/24,1011152,Trevan Sanusi,U18 Premier League,4,2023-09-16,Leeds U18,Newcastle U18,1:1,LW,,,,,,,,62,62,
2023/24,1011152,Trevan Sanusi,U18 Premier League,5,2023-09-23,Newcastle U18,Blackburn U18,3:0,LW,1,,,,,,,73,73,
2023/24,1011152,Trevan Sanusi,U18 Premier League,6,2023-09-30,Man Utd U18,Newcastle U18,5:1,LW,,,,,,,,,90,
2023/24,1011152,Trevan Sanusi,U18 Premier League,7,2023-10-07,Stoke U18,Newcastle U18,4:1,,,,,,,,59,,31,
2023/24,1011152,Trevan Sanusi,U18 Premier League,18,2023-10-28,Liverpool U18,Newcastle U18,1:2,LW,,1,,,,,,69,69,
2023/24,1011152,Trevan Sanusi,U18 Premier League,10,2023-11-11,Newcastle U18,Sunderland U18,3:0,LW,,1,,,,,,,90,
2023/24,1011152,Trevan Sanusi,U18 Premier League,22,2024-01-06,Newcastle U18,Wolves U18,3:2,LW,,,,,,,,,90,
2023/24,1011152,Trevan Sanusi,U18 Premier League,14,2024-01-13,Newcastle U18,Man Utd U18,1:3,Centre Forward,,,,,,,,,90,
2023/24,1011152,Trevan Sanusi,U18 Premier League,15,2024-01-27,Sunderland U18,Newcastle U18,2:2,Not in squad,,,,,,,,,,
2023/24,1011152,Trevan Sanusi,U18 Premier League,16,2024-02-10,Newcastle U18,Man City U18,1:2,LW,,,,,,,,,90,
2023/24,1011152,Trevan Sanusi,U18 Premier League,17,2024-02-17,Newcastle U18,Derby U18,1:2,LW,,,,,,,,,90,
2023/24,1011152,Trevan Sanusi,U18 Premier League,9,2024-02-21,Man City U18,Newcastle U18,4:2,LM,,,,,,,,,90,
2023/24,1011152,Trevan Sanusi,U18 Premier League,11,2024-03-02,Newcastle U18,Boro U18,1:3,Not in squad,,,,,,,,,,
2023/24,1011152,Trevan Sanusi,U18 Premier League,19,2024-03-09,Nottingham U18,Newcastle U18,1:4,Not in squad,,,,,,,,,,
2023/24,1011152,Trevan Sanusi,U18 Premier League,20,2024-03-16,Newcastle U18,Stoke U18,2:4,,,,,,,,52,,38,
2023/24,1011152,Trevan Sanusi,U18 Premier League,21,2024-04-06,Blackburn U18,Newcastle U18,2:1,Not in squad,,,,,,,,,,
2023/24,1011152,Trevan Sanusi,U18 Premier League,8,2024-04-16,Newcastle U18,Liverpool U18,4:3,Not in squad,,,,,,,,,,
2023/24,1011152,Trevan Sanusi,U18 Premier League,13,2024-04-20,Wolves U18,Newcastle U18,1:0,Not in squad,,,,,,,,,,
2023/24,1011152,Trevan Sanusi,U18 Premier League,25,2024-05-04,Newcastle U18,Leeds U18,2:1,Not in squad,,,,,,,,,,
2023/24,1011152,Trevan Sanusi,U18 Premier League,26,2024-05-07,Boro U18,Newcastle U18,3:4,Not in squad,,,,,,,,,,
2023/24,1011152,Trevan Sanusi,U18 Premier League,24,2024-05-18,Everton U18,Newcastle U18,8:0,Not in squad,,,,,,,,,,
2023/24,1011152,Trevan Sanusi,Premier League 2,4,2023-09-02,Newcastle U21,Man City U21,0:4,Not in squad,,,,,,,,,,
2023/24,1011152,Trevan Sanusi,Premier League 2,5,2023-09-23,Brighton U21,Newcastle U21,1:1,Not in squad,,,,,,,,,,
2023/24,1011152,Trevan Sanusi,Premier League 2,6,2023-09-29,Newcastle U21,Nottingham U21,1:1,Not in squad,,,,,,,,,,
2023/24,1011152,Trevan Sanusi,Premier League 2,7,2023-10-29,Newcastle U21,Everton U21,1:0,Not in squad,,,,,,,,,,
2023/24,1011152,Trevan Sanusi,Premier League 2,10,2023-12-16,Man Utd U21,Newcastle U21,3:2,Not in squad,,,,,,,,,,
2023/24,1011152,Trevan Sanusi,Premier League 2,8,2024-01-08,Leicester U21,Newcastle U21,2:2,Not in squad,,,,,,,,,,
2023/24,1011152,Trevan Sanusi,Premier League 2,12,2024-01-28,Blackburn U21,Newcastle U21,2:1,LW,,,,,,,,46,45,
2023/24,1011152,Trevan Sanusi,Premier League 2,13,2024-02-09,Boro U21,Newcastle U21,3:2,Not in squad,,,,,,,,,,
2023/24,1011152,Trevan Sanusi,Premier League 2,14,2024-02-17,Newcastle U21,Liverpool U21,1:2,on the bench,,,,,,,,,,
2023/24,1011152,Trevan Sanusi,Premier League 2,15,2024-03-04,Wolves U21,Newcastle U21,2:2,Centre Forward,,,,,,,,,90,
2023/24,1011152,Trevan Sanusi,Premier League 2,16,2024-03-08,Newcastle U21,Chelsea U21,1:7,Centre Forward,1,,,,,,,,90,
2023/24,1011152,Trevan Sanusi,Premier League 2,17,2024-03-18,Sunderland U21,Newcastle U21,2:3,Not in squad,,,,,,,,,,
2023/24,1011152,Trevan Sanusi,Premier League 2,18,2024-04-05,Newcastle U21,West Brom U21,3:2,Not in squad,,,,,,,,,,
2023/24,1011152,Trevan Sanusi,Premier League 2,19,2024-04-13,Newcastle U21,Fulham U21,1:3,Not in squad,,,,,,,,,,
2023/24,1011152,Trevan Sanusi,Premier League 2,9,2024-04-19,Newcastle U21,Leeds U21,0:2,Not in squad,,,,,,,,,,
2023/24,1011152,Trevan Sanusi,Premier League 2,20,2024-04-26,Stoke U21,Newcastle U21,1:2,Not in squad,,,,,,,,,,
2023/24,1011152,Trevan Sanusi,Premier League 2,11,2024-04-29,Newcastle U21,Aston Villa U21,0:1,Not in squad,,,,,,,,,,
2023/24,1011152,Trevan Sanusi,2024 UEFA Under-17 Euro,Group D,2024-05-21,France U17,England U17,0:4,Not in squad,,,,,,,,,,
2023/24,1011152,Trevan Sanusi,2024 UEFA Under-17 Euro,Group D,2024-05-24,Portugal U17,England U17,4:1,Not in squad,,,,,,,,,,
2023/24,1011152,Trevan Sanusi,2024 UEFA Under-17 Euro,Group D,2024-05-27,England U17,Spain U17,3:1,Not in squad,,,,,,,,,,
2023/24,1011152,Trevan Sanusi,2024 UEFA Under-17 Euro,Quarter-Finals,2024-05-30,Italy U17,England U17,6:5 on pens,Not in squad,,,,,,,,,,
2023/24,1011152,Trevan Sanusi,UEFA European Under-17 Championship qualification,group 9,2023-11-03,England U17,Faroe U17,8:0,Not in squad,,,,,,,,,,
2023/24,1011152,Trevan Sanusi,UEFA European Under-17 Championship qualification,group 9,2023-11-06,England U17,Kosovo U17,5:0,Not in squad,,,,,,,,,,
2023/24,1011152,Trevan Sanusi,UEFA European Under-17 Championship qualification,group 9,2023-11-09,Croatia U17,England U17,1:5,Not in squad,,,,,,,,,,
2023/24,1011152,Trevan Sanusi,UEFA European Under-17 Championship qualification,group B1,2024-03-20,England U17,N. Ireland U17,5:1,on the bench,,,,,,,,,,
2023/24,1011152,Trevan Sanusi,UEFA European Under-17 Championship qualification,group B1,2024-03-23,England U17,Hungary U17,5:0,,,,,,,,81,,9,
2023/24,1011152,Trevan Sanusi,UEFA European Under-17 Championship qualification,group B1,2024-03-26,France U17,England U17,2:1,on the bench,,,,,,,,,,
2023/24,1011152,Trevan Sanusi,Premier League Cup,Group F,2023-09-13,Huddersf. U21,Newcastle U21,1:1,Information not yet available,,,,,,,,,,
2023/24,1011152,Trevan Sanusi,Premier League Cup,Group F,2023-10-07,Newcastle U21,Fleetwood U21,2:2,Information not yet available,,,,,,,,,,
2023/24,1011152,Trevan Sanusi,Premier League Cup,Group F,2023-11-11,Newcastle U21,Nottingham U21,0:3,Information not yet available,,,,,,,,,,
2023/24,1011152,Trevan Sanusi,Premier League Cup,Group F,2023-11-24,Newcastle U21,Huddersf. U21,0:1,Information not yet available,,,,,,,,,,
2023/24,1011152,Trevan Sanusi,Premier League Cup,Group F,2024-02-02,Fleetwood U21,Newcastle U21,1:1,Information not yet available,,,,,,,,,,
2023/24,1011152,Trevan Sanusi,Premier League Cup,Group F,2024-02-05,Nottingham U21,Newcastle U21,1:2,Information not yet available,,,,,,,,,,
2023/24,1011152,Trevan Sanusi,FA Youth Cup,Third Round,2023-12-19,Newcastle U18,Leyton U18,7:2,LW,1,,,,,,,83,83,
2023/24,1011152,Trevan Sanusi,FA Youth Cup,Fourth Round,2024-01-17,Newcastle U18,Bournemouth U18,0:5,,,,,,,,,,90,
