﻿season,player_id,player_name,competition,journey,date,home_team,away_team,result,position,goals,assists,own_goals,yellow_cards,second_yellow_cards,red_cards,substitutions_on,substitutions_off,minutes_played,transfermarkt_score
2015/16,110867,Jed Steer,Championship,6,2015-09-12,Cardiff,Huddersfield,2:0,GK,,,,,,,,,90,
2015/16,110867,Jed Steer,Championship,7,2015-09-15,Charlton,Huddersfield,1:2,GK,,,,68,,,,,90,
2015/16,110867,Jed Steer,Championship,8,2015-09-19,Huddersfield,Bolton,4:1,GK,,,,,,,,,90,
2015/16,110867,Jed Steer,Championship,9,2015-09-24,Huddersfield,Nott'm Forest,1:1,GK,,,,,,,,,90,
2015/16,110867,Jed Steer,Championship,10,2015-10-03,Wolves,Huddersfield,3:0,GK,,,,,,,,,90,
2015/16,110867,Jed Steer,Championship,11,2015-10-17,Ipswich,Huddersfield,0:0,GK,,,,,,,,,90,
2015/16,110867,Jed Steer,Championship,12,2015-10-20,Huddersfield,MK Dons,2:0,GK,,,,,,,,,90,
2015/16,110867,Jed Steer,Championship,13,2015-10-24,Huddersfield,Derby,1:2,GK,,,,,,,,,90,
2015/16,110867,Jed Steer,Championship,14,2015-10-31,Burnley,Huddersfield,2:1,GK,,,,,,,,,90,
2015/16,110867,Jed Steer,Championship,15,2015-11-03,Reading,Huddersfield,2:2,GK,,,,,,,,,90,
2015/16,110867,Jed Steer,Championship,16,2015-11-07,Huddersfield,Leeds,0:3,on the bench,,,,,,,,,,
2015/16,110867,Jed Steer,Championship,17,2015-11-21,Sheff Wed,Huddersfield,3:1,Not in squad,,,,,,,,,,
2015/16,110867,Jed Steer,Championship,18,2015-11-28,Huddersfield,Middlesbrough,0:2,GK,,,,,,,,,90,
2015/16,110867,Jed Steer,Championship,19,2015-12-05,Birmingham,Huddersfield,0:2,GK,,,,,,,,,90,
2015/16,110867,Jed Steer,Championship,20,2015-12-12,Huddersfield,Bristol City,1:2,GK,,,,,,,,,90,
2015/16,110867,Jed Steer,Championship,21,2015-12-15,Huddersfield,Rotherham,2:0,GK,,,,,,,,,90,
2015/16,110867,Jed Steer,Championship,22,2015-12-19,Brentford,Huddersfield,4:2,GK,,,,,,,,,90,
2015/16,110867,Jed Steer,Championship,23,2015-12-26,Huddersfield,Preston,3:1,GK,,,,,,,,,90,
2015/16,110867,Jed Steer,Championship,24,2015-12-28,QPR,Huddersfield,1:1,Not in squad,,,,,,,,,,
2015/16,110867,Jed Steer,Championship,25,2016-01-02,Bolton,Huddersfield,0:2,GK,,,,,,,,,90,
2015/16,110867,Jed Steer,Championship,26,2016-01-12,Huddersfield,Charlton,5:0,GK,,,,,,,,,90,
2015/16,110867,Jed Steer,Championship,27,2016-01-16,Huddersfield,Fulham,1:1,GK,,,,,,,,,90,
2015/16,110867,Jed Steer,Championship,28,2016-01-23,Brighton,Huddersfield,2:1,GK,,,,,,,,,90,
2015/16,110867,Jed Steer,Championship,29,2016-01-30,Huddersfield,Cardiff,2:3,GK,,,,,,,,,90,
2015/16,110867,Jed Steer,Championship,30,2016-02-06,Preston,Huddersfield,2:1,GK,,,,,,,,,90,
2015/16,110867,Jed Steer,Championship,31,2016-02-13,Nott'm Forest,Huddersfield,0:2,GK,,,,,,,,,90,
2015/16,110867,Jed Steer,Championship,32,2016-02-20,Huddersfield,Wolves,1:0,GK,,,,,,,,,90,
2015/16,110867,Jed Steer,Championship,33,2016-02-23,MK Dons,Huddersfield,1:1,GK,,,,,,,,,90,
2015/16,110867,Jed Steer,Championship,34,2016-02-27,Huddersfield,Ipswich,0:1,GK,,,,,,,,,90,
2015/16,110867,Jed Steer,Championship,35,2016-03-05,Derby,Huddersfield,2:0,GK,,,,,,,,,90,
2015/16,110867,Jed Steer,Championship,36,2016-03-08,Huddersfield,Reading,3:1,GK,,,,,,,,,90,
2015/16,110867,Jed Steer,Championship,37,2016-03-12,Huddersfield,Burnley,1:3,GK,,,,,,,,,90,
2015/16,110867,Jed Steer,Championship,38,2016-03-19,Leeds,Huddersfield,1:4,GK,,,,,,,,,90,
2015/16,110867,Jed Steer,Championship,39,2016-04-02,Huddersfield,Sheff Wed,0:1,GK,,,,,,,,,90,
2015/16,110867,Jed Steer,Championship,40,2016-04-05,Middlesbrough,Huddersfield,3:0,GK,,,,,,,,,90,
2015/16,110867,Jed Steer,Championship,41,2016-04-09,Huddersfield,Hull City,2:2,GK,,,,,,,,,90,
2015/16,110867,Jed Steer,Championship,42,2016-04-16,Blackburn,Huddersfield,0:2,GK,,,,,,,,,90,
2015/16,110867,Jed Steer,Championship,43,2016-04-19,Rotherham,Huddersfield,1:1,GK,,,,,,,,,90,
2015/16,110867,Jed Steer,Championship,44,2016-04-23,Huddersfield,Birmingham,1:1,GK,,,,,,,,,90,
2015/16,110867,Jed Steer,Championship,45,2016-04-30,Bristol City,Huddersfield,4:0,GK,,,,,,,,,90,
2015/16,110867,Jed Steer,Championship,46,2016-05-07,Huddersfield,Brentford,1:5,GK,,,,,,,,16,16,
2015/16,110867,Jed Steer,FA Cup,Third Round,2016-01-09,Huddersfield,Reading,2:2,Not in squad,,,,,,,,,,
2015/16,110867,Jed Steer,FA Cup,Third Round Replay,2016-01-19,Reading,Huddersfield,5:2,Not in squad,,,,,,,,,,
2015/16,110867,Jed Steer,U21 Premier League,1,2015-08-10,Aston Villa U21,Stoke U21,0:0,Not in squad,,,,,,,,,,
2015/16,110867,Jed Steer,U21 Premier League,2,2015-08-17,Derby U21,Aston Villa U21,0:1,Not in squad,,,,,,,,,,
2015/16,110867,Jed Steer,U21 Premier League,3,2015-08-24,West Ham U21,Aston Villa U21,1:2,GK,,,,,,,,,90,
