﻿season,player_id,player_name,competition,journey,date,home_team,away_team,result,position,goals,assists,own_goals,yellow_cards,second_yellow_cards,red_cards,substitutions_on,substitutions_off,minutes_played,transfermarkt_score
2012/13,101118,Joel Robles,UEFA Super Cup,Final,2012-08-31,Chelsea,Atlético,1:4,Not in squad,,,,,,,,,,
2012/13,101118,Joel Robles,UEFA Europa League,Group B,2012-09-20,Hapoel Tel Aviv,Atlético,0:3,Not in squad,,,,,,,,,,
2012/13,101118,Joel Robles,UEFA Europa League,Group B,2012-10-04,Atlético,Viktoria Plzeň,1:0,Not in squad,,,,,,,,,,
2012/13,101118,Joel Robles,UEFA Europa League,Group B,2012-10-25,Atlético,Coimbra,2:1,Not in squad,,,,,,,,,,
2012/13,101118,Joel Robles,UEFA Europa League,Group B,2012-11-08,Coimbra,Atlético,2:0,Not in squad,,,,,,,,,,
2012/13,101118,Joel Robles,UEFA Europa League,Group B,2012-11-22,Atlético,Hapoel Tel Aviv,1:0,Not in squad,,,,,,,,,,
2012/13,101118,Joel Robles,UEFA Europa League,Group B,2012-12-06,Viktoria Plzeň,Atlético,1:0,Not in squad,,,,,,,,,,
2012/13,101118,Joel Robles,International Friendlies,2,2012-11-13,Italy U21,Spain U21,1:3,on the bench,,,,,,,,,,
2012/13,101118,Joel Robles,International Friendlies,4,2013-02-05,Belgium U21,Spain U21,1:1,Not in squad,,,,,,,,,,
2012/13,101118,Joel Robles,International Friendlies,4,2013-03-21,Spain U21,Norway U21,5:2,GK,,,,,,,,,90,
2012/13,101118,Joel Robles,International Friendlies,10,2013-03-25,Spain U21,Russia U21,3:1,on the bench,,,,,,,,,,
2012/13,101118,Joel Robles,Premier League,23,2013-01-19,Wigan,Sunderland,2:3,on the bench,,,,,,,,,,
2012/13,101118,Joel Robles,Premier League,24,2013-01-29,Stoke City,Wigan,2:2,on the bench,,,,,,,,,,
2012/13,101118,Joel Robles,Premier League,25,2013-02-02,Wigan,Southampton,2:2,on the bench,,,,,,,,,,
2012/13,101118,Joel Robles,Premier League,26,2013-02-09,Chelsea,Wigan,4:1,on the bench,,,,,,,,,,
2012/13,101118,Joel Robles,Premier League,27,2013-02-23,Reading,Wigan,0:3,on the bench,,,,,,,,,,
2012/13,101118,Joel Robles,Premier League,28,2013-03-02,Wigan,Liverpool,0:4,on the bench,,,,,,,,,,
2012/13,101118,Joel Robles,Premier League,30,2013-03-17,Wigan,Newcastle,2:1,GK,,,,,,,,,90,
2012/13,101118,Joel Robles,Premier League,31,2013-03-30,Wigan,Norwich,1:0,GK,,,,,,,,,90,
2012/13,101118,Joel Robles,Premier League,32,2013-04-07,QPR,Wigan,1:1,GK,,,,,,,,,90,
2012/13,101118,Joel Robles,Premier League,29,2013-04-17,Man City,Wigan,1:0,GK,,,,,,,,,90,
2012/13,101118,Joel Robles,Premier League,34,2013-04-20,West Ham,Wigan,2:0,GK,,,,,,,,,90,
2012/13,101118,Joel Robles,Premier League,35,2013-04-27,Wigan,Tottenham,2:2,GK,,,,,,,,,90,
2012/13,101118,Joel Robles,Premier League,36,2013-05-04,West Brom,Wigan,2:3,GK,,,,,,,,,90,
2012/13,101118,Joel Robles,Premier League,33,2013-05-07,Wigan,Swansea,2:3,GK,,,,,,,,,90,
2012/13,101118,Joel Robles,Premier League,37,2013-05-14,Arsenal,Wigan,4:1,GK,,,,,,,,,90,
2012/13,101118,Joel Robles,Premier League,38,2013-05-19,Wigan,Aston Villa,2:2,on the bench,,,,,,,,,,
2012/13,101118,Joel Robles,LaLiga,1,2012-08-19,Levante,Atlético,1:1,Not in squad,,,,,,,,,,
2012/13,101118,Joel Robles,LaLiga,2,2012-08-27,Atlético,Athletic Club,4:0,Not in squad,,,,,,,,,,
2012/13,101118,Joel Robles,LaLiga,4,2012-09-16,Atlético,Rayo Vallecano,4:3,Not in squad,,,,,,,,,,
2012/13,101118,Joel Robles,LaLiga,5,2012-09-23,Atlético,Real Valladolid,2:1,Not in squad,,,,,,,,,,
2012/13,101118,Joel Robles,LaLiga,3,2012-09-26,Real Betis,Atlético,2:4,Not in squad,,,,,,,,,,
2012/13,101118,Joel Robles,LaLiga,6,2012-09-30,Espanyol,Atlético,0:1,Not in squad,,,,,,,,,,
2012/13,101118,Joel Robles,LaLiga,7,2012-10-07,Atlético,Málaga CF,2:1,Not in squad,,,,,,,,,,
2012/13,101118,Joel Robles,LaLiga,8,2012-10-21,Real Sociedad,Atlético,0:1,Not in squad,,,,,,,,,,
2012/13,101118,Joel Robles,LaLiga,9,2012-10-28,Atlético,CA Osasuna,3:1,Not in squad,,,,,,,,,,
2012/13,101118,Joel Robles,LaLiga,10,2012-11-03,Valencia,Atlético,2:0,Not in squad,,,,,,,,,,
2012/13,101118,Joel Robles,LaLiga,11,2012-11-11,Atlético,Getafe,2:0,Not in squad,,,,,,,,,,
2012/13,101118,Joel Robles,LaLiga,12,2012-11-18,Granada CF,Atlético,0:1,Not in squad,,,,,,,,,,
2012/13,101118,Joel Robles,LaLiga,13,2012-11-25,Atlético,Sevilla FC,4:0,Not in squad,,,,,,,,,,
2012/13,101118,Joel Robles,LaLiga,14,2012-12-01,Real Madrid,Atlético,2:0,Not in squad,,,,,,,,,,
2012/13,101118,Joel Robles,LaLiga,15,2012-12-09,Atlético,Dep. La Coruña,6:0,Not in squad,,,,,,,,,,
2012/13,101118,Joel Robles,LaLiga,16,2012-12-16,Barcelona,Atlético,4:1,Not in squad,,,,,,,,,,
2012/13,101118,Joel Robles,LaLiga,17,2012-12-21,Atlético,Celta de Vigo,1:0,Not in squad,,,,,,,,,,
2012/13,101118,Joel Robles,LaLiga,18,2013-01-06,RCD Mallorca,Atlético,1:1,Not in squad,,,,,,,,,,
2012/13,101118,Joel Robles,LaLiga,19,2013-01-13,Atlético,Real Zaragoza,2:0,Not in squad,,,,,,,,,,
2012/13,101118,Joel Robles,Copa del Rey,4th round 1st leg,2012-10-31,Real Jaén CF,Atlético,0:3,Not in squad,,,,,,,,,,
2012/13,101118,Joel Robles,Copa del Rey,4th round 2nd leg,2012-11-28,Atlético,Real Jaén CF,1:0,on the bench,,,,,,,,,,
2012/13,101118,Joel Robles,Copa del Rey,last 16 1st leg,2012-12-12,Atlético,Getafe,3:0,Not in squad,,,,,,,,,,
2012/13,101118,Joel Robles,Copa del Rey,last 16 2nd leg,2013-01-10,Getafe,Atlético,0:0,Not in squad,,,,,,,,,,
2012/13,101118,Joel Robles,FA Cup,Fourth Round,2013-01-26,Macclesfield,Wigan,0:1,GK,,,,,,,,,90,
2012/13,101118,Joel Robles,FA Cup,Fifth Round,2013-02-17,Huddersfield,Wigan,1:4,GK,,,,,,,,,90,
2012/13,101118,Joel Robles,FA Cup,Sixth Round,2013-03-09,Everton,Wigan,0:3,GK,,,,,,,,,90,
2012/13,101118,Joel Robles,FA Cup,Semi-Finals,2013-04-13,Millwall,Wigan,0:2,on the bench,,,,,,,,,,
2012/13,101118,Joel Robles,FA Cup,Final,2013-05-11,Wigan,Man City,1:0,GK,,,,93,,,,,90,
2012/13,101118,Joel Robles,2013 European Under-21 Football Championship,Group B,2013-06-06,Spain U21,Russia U21,1:0,on the bench,,,,,,,,,,
2012/13,101118,Joel Robles,2013 European Under-21 Football Championship,Group B,2013-06-09,Germany U21,Spain U21,0:1,on the bench,,,,,,,,,,
2012/13,101118,Joel Robles,2013 European Under-21 Football Championship,Group B,2013-06-12,Spain U21,Netherlands U21,3:0,on the bench,,,,,,,,,,
2012/13,101118,Joel Robles,2013 European Under-21 Football Championship,Semi-Finals,2013-06-15,Spain U21,Norway U21,3:0,on the bench,,,,,,,,,,
2012/13,101118,Joel Robles,2013 European Under-21 Football Championship,Final,2013-06-18,Italy U21,Spain U21,2:4,on the bench,,,,,,,,,,
2012/13,101118,Joel Robles,UEFA European Under-21 Championship Qualifying,Qualifying Round 1st leg,2012-10-11,Spain U21,Denmark U21,5:0,Not in squad,,,,,,,,,,
2012/13,101118,Joel Robles,UEFA European Under-21 Championship Qualifying,Qualifying Round 2nd leg,2012-10-16,Denmark U21,Spain U21,1:3,Not in squad,,,,,,,,,,
