﻿season,player_id,player_name,competition,journey,date,home_team,away_team,result,position,goals,assists,own_goals,yellow_cards,second_yellow_cards,red_cards,substitutions_on,substitutions_off,minutes_played,transfermarkt_score
2025/26,1009658,Julio Soler,Premier League,1,2025-08-15,Liverpool,Bournemouth,4:2,on the bench,,,,,,,,,,
2025/26,1009658,Julio Soler,Premier League,2,2025-08-23,Bournemouth,Wolves,1:0,on the bench,,,,,,,,,,
2025/26,1009658,Julio Soler,Premier League,3,2025-08-30,Tottenham,Bournemouth,0:1,on the bench,,,,,,,,,,
2025/26,1009658,Julio Soler,Premier League,4,2025-09-13,Bournemouth,Brighton,2:1,,,,,,,,90,,1,
2025/26,1009658,Julio Soler,Premier League,5,2025-09-21,Bournemouth,Newcastle,0:0,on the bench,,,,,,,,,,
2025/26,1009658,Julio Soler,Premier League,6,2025-09-27,Leeds,Bournemouth,2:2,on the bench,,,,,,,,,,
2025/26,1009658,Julio Soler,Premier League,7,2025-10-03,Bournemouth,Fulham,3:1,Called up to national team,,,,,,,,,,
2025/26,1009658,Julio Soler,Premier League,8,2025-10-18,Crystal Palace,Bournemouth,3:3,Called up to national team,,,,,,,,,,
2025/26,1009658,Julio Soler,Premier League,9,2025-10-26,Bournemouth,Nott'm Forest,2:0,on the bench,,,,,,,,,,
2025/26,1009658,Julio Soler,Premier League,10,2025-11-02,Man City,Bournemouth,3:1,Called up to national team,,,,,,,,,,
2025/26,1009658,Julio Soler,Premier League,11,2025-11-09,Aston Villa,Bournemouth,4:0,Called up to national team,,,,,,,,,,
2025/26,1009658,Julio Soler,Premier League,12,2025-11-22,Bournemouth,West Ham,2:2,on the bench,,,,,,,,,,
2025/26,1009658,Julio Soler,Premier League,13,2025-11-29,Sunderland,Bournemouth,3:2,on the bench,,,,,,,,,,
2025/26,1009658,Julio Soler,Premier League,14,2025-12-02,Bournemouth,Everton,0:1,,,,,,,,70,,20,
2025/26,1009658,Julio Soler,EFL Cup,Second Round,2025-08-26,Bournemouth,Brentford,0:2,LB,,,,,,,,,90,
