﻿season,player_id,player_name,competition,journey,date,home_team,away_team,result,position,goals,assists,own_goals,yellow_cards,second_yellow_cards,red_cards,substitutions_on,substitutions_off,minutes_played,transfermarkt_score
2016/17,110867,Jed Steer,Championship,1,2016-08-07,Sheff Wed,Aston Villa,1:0,Not in squad,,,,,,,,,,
2016/17,110867,Jed Steer,Championship,2,2016-08-13,Aston Villa,Rotherham,3:0,Not in squad,,,,,,,,,,
2016/17,110867,Jed Steer,Championship,3,2016-08-16,Aston Villa,Huddersfield,1:1,Not in squad,,,,,,,,,,
2016/17,110867,Jed Steer,Championship,4,2016-08-20,Derby,Aston Villa,0:0,Not in squad,,,,,,,,,,
2016/17,110867,Jed Steer,Championship,5,2016-08-27,Bristol City,Aston Villa,3:1,Not in squad,,,,,,,,,,
2016/17,110867,Jed Steer,Championship,6,2016-09-11,Aston Villa,Nott'm Forest,2:2,Not in squad,,,,,,,,,,
2016/17,110867,Jed Steer,Championship,7,2016-09-14,Aston Villa,Brentford,1:1,Not in squad,,,,,,,,,,
2016/17,110867,Jed Steer,Championship,8,2016-09-17,Ipswich,Aston Villa,0:0,Not in squad,,,,,,,,,,
2016/17,110867,Jed Steer,Championship,9,2016-09-24,Aston Villa,Newcastle,1:1,Not in squad,,,,,,,,,,
2016/17,110867,Jed Steer,Championship,10,2016-09-27,Barnsley,Aston Villa,1:1,Not in squad,,,,,,,,,,
2016/17,110867,Jed Steer,Championship,11,2016-10-01,Preston,Aston Villa,2:0,on the bench,,,,,,,,,,
2016/17,110867,Jed Steer,Championship,12,2016-10-15,Aston Villa,Wolves,1:1,Not in squad,,,,,,,,,,
2016/17,110867,Jed Steer,Championship,13,2016-10-18,Reading,Aston Villa,1:2,Not in squad,,,,,,,,,,
2016/17,110867,Jed Steer,Championship,14,2016-10-22,Aston Villa,Fulham,1:0,Not in squad,,,,,,,,,,
2016/17,110867,Jed Steer,Championship,15,2016-10-30,Birmingham,Aston Villa,1:1,Not in squad,,,,,,,,,,
2016/17,110867,Jed Steer,Championship,16,2016-11-05,Aston Villa,Blackburn,2:1,Not in squad,,,,,,,,,,
2016/17,110867,Jed Steer,Championship,17,2016-11-18,Brighton,Aston Villa,1:1,Achilles tendon rupture,,,,,,,,,,
2016/17,110867,Jed Steer,Championship,18,2016-11-26,Aston Villa,Cardiff,3:1,Achilles tendon rupture,,,,,,,,,,
2016/17,110867,Jed Steer,Championship,19,2016-12-03,Leeds,Aston Villa,2:0,Achilles tendon rupture,,,,,,,,,,
2016/17,110867,Jed Steer,Championship,20,2016-12-10,Aston Villa,Wigan,1:0,Achilles tendon rupture,,,,,,,,,,
2016/17,110867,Jed Steer,Championship,21,2016-12-13,Norwich,Aston Villa,1:0,Achilles tendon rupture,,,,,,,,,,
2016/17,110867,Jed Steer,Championship,22,2016-12-18,QPR,Aston Villa,0:1,Achilles tendon rupture,,,,,,,,,,
2016/17,110867,Jed Steer,Championship,23,2016-12-26,Aston Villa,Burton Albion,2:1,Achilles tendon rupture,,,,,,,,,,
2016/17,110867,Jed Steer,Championship,24,2016-12-29,Aston Villa,Leeds,1:1,Achilles tendon rupture,,,,,,,,,,
2016/17,110867,Jed Steer,Championship,25,2017-01-02,Cardiff,Aston Villa,1:0,Achilles tendon rupture,,,,,,,,,,
2016/17,110867,Jed Steer,Championship,26,2017-01-14,Wolves,Aston Villa,1:0,Achilles tendon rupture,,,,,,,,,,
2016/17,110867,Jed Steer,Championship,27,2017-01-21,Aston Villa,Preston,2:2,Achilles tendon rupture,,,,,,,,,,
2016/17,110867,Jed Steer,Championship,29,2017-01-31,Brentford,Aston Villa,3:0,Achilles tendon rupture,,,,,,,,,,
2016/17,110867,Jed Steer,Championship,30,2017-02-04,Nott'm Forest,Aston Villa,2:1,Achilles tendon rupture,,,,,,,,,,
2016/17,110867,Jed Steer,Championship,31,2017-02-11,Aston Villa,Ipswich,0:1,Achilles tendon rupture,,,,,,,,,,
2016/17,110867,Jed Steer,Championship,32,2017-02-14,Aston Villa,Barnsley,1:3,Achilles tendon rupture,,,,,,,,,,
2016/17,110867,Jed Steer,Championship,33,2017-02-20,Newcastle,Aston Villa,2:0,Achilles tendon rupture,,,,,,,,,,
2016/17,110867,Jed Steer,Championship,34,2017-02-25,Aston Villa,Derby,1:0,Achilles tendon rupture,,,,,,,,,,
2016/17,110867,Jed Steer,Championship,28,2017-02-28,Aston Villa,Bristol City,2:0,Achilles tendon rupture,,,,,,,,,,
2016/17,110867,Jed Steer,Championship,35,2017-03-04,Rotherham,Aston Villa,0:2,Achilles tendon rupture,,,,,,,,,,
2016/17,110867,Jed Steer,Championship,36,2017-03-07,Huddersfield,Aston Villa,1:0,Achilles tendon rupture,,,,,,,,,,
2016/17,110867,Jed Steer,Championship,37,2017-03-11,Aston Villa,Sheff Wed,2:0,Achilles tendon rupture,,,,,,,,,,
2016/17,110867,Jed Steer,Championship,38,2017-03-18,Wigan,Aston Villa,0:2,Achilles tendon rupture,,,,,,,,,,
2016/17,110867,Jed Steer,Championship,39,2017-04-01,Aston Villa,Norwich,2:0,Achilles tendon rupture,,,,,,,,,,
2016/17,110867,Jed Steer,Championship,40,2017-04-04,Aston Villa,QPR,1:0,Achilles tendon rupture,,,,,,,,,,
2016/17,110867,Jed Steer,Championship,41,2017-04-08,Burton Albion,Aston Villa,1:1,Achilles tendon rupture,,,,,,,,,,
2016/17,110867,Jed Steer,Championship,42,2017-04-15,Aston Villa,Reading,1:3,Achilles tendon rupture,,,,,,,,,,
2016/17,110867,Jed Steer,Championship,43,2017-04-17,Fulham,Aston Villa,3:1,Achilles tendon rupture,,,,,,,,,,
2016/17,110867,Jed Steer,Championship,44,2017-04-23,Aston Villa,Birmingham,1:0,Achilles tendon rupture,,,,,,,,,,
2016/17,110867,Jed Steer,Championship,45,2017-04-29,Blackburn,Aston Villa,1:0,Achilles tendon rupture,,,,,,,,,,
2016/17,110867,Jed Steer,Championship,46,2017-05-07,Aston Villa,Brighton,1:1,Achilles tendon rupture,,,,,,,,,,
2016/17,110867,Jed Steer,FA Cup,Third Round,2017-01-08,Tottenham,Aston Villa,2:0,Achilles tendon rupture,,,,,,,,,,
2016/17,110867,Jed Steer,EFL Cup,First Round,2016-08-10,Luton,Aston Villa,3:1,on the bench,,,,,,,,,,
2016/17,110867,Jed Steer,Premier League 2,1,2016-08-15,Aston Villa U23,Wolves U23,0:1,GK,,,,,,,,,90,
2016/17,110867,Jed Steer,Premier League 2,2,2016-08-22,Brighton U23,Aston Villa U23,1:1,Not in squad,,,,,,,,,,
2016/17,110867,Jed Steer,Premier League 2,3,2016-08-29,Aston Villa U23,Newcastle U23,4:0,GK,,,,,,,,,90,
2016/17,110867,Jed Steer,Premier League 2,4,2016-09-12,Fulham U23,Aston Villa U23,3:0,Not in squad,,,,,,,,,,
2016/17,110867,Jed Steer,Premier League 2,5,2016-09-19,Aston Villa U23,West Brom U23,2:5,GK,,,,,,,,,90,
2016/17,110867,Jed Steer,Premier League 2,6,2016-09-26,Boro U23,Aston Villa U23,1:2,Not in squad,,,,,,,,,,
2016/17,110867,Jed Steer,Premier League 2,7,2016-10-17,Aston Villa U23,West Ham U23,2:0,Not in squad,,,,,,,,,,
2016/17,110867,Jed Steer,Premier League 2,8,2016-10-24,Aston Villa U23,Swansea U23,1:2,Not in squad,,,,,,,,,,
2016/17,110867,Jed Steer,Premier League 2,9,2016-10-31,Aston Villa U23,Blackburn U23,4:0,Not in squad,,,,,,,,,,
2016/17,110867,Jed Steer,Premier League 2,10,2016-11-21,Aston Villa U23,Norwich City U23,1:2,Achilles tendon rupture,,,,,,,,,,
2016/17,110867,Jed Steer,Premier League 2,11,2016-11-26,Stoke City U23,Aston Villa U23,2:4,Achilles tendon rupture,,,,,,,,,,
2016/17,110867,Jed Steer,Premier League 2,12,2016-12-12,Newcastle U23,Aston Villa U23,4:2,Achilles tendon rupture,,,,,,,,,,
2016/17,110867,Jed Steer,Premier League 2,13,2016-12-19,Aston Villa U23,Fulham U23,3:3,Achilles tendon rupture,,,,,,,,,,
2016/17,110867,Jed Steer,Premier League 2,14,2017-01-09,West Brom U23,Aston Villa U23,3:3,Achilles tendon rupture,,,,,,,,,,
2016/17,110867,Jed Steer,Premier League 2,15,2017-01-16,Aston Villa U23,Boro U23,0:0,Achilles tendon rupture,,,,,,,,,,
2016/17,110867,Jed Steer,Premier League 2,16,2017-01-27,West Ham U23,Aston Villa U23,0:0,Achilles tendon rupture,,,,,,,,,,
2016/17,110867,Jed Steer,Premier League 2,17,2017-02-06,Norwich City U23,Aston Villa U23,0:1,Achilles tendon rupture,,,,,,,,,,
2016/17,110867,Jed Steer,Premier League 2,18,2017-02-20,Aston Villa U23,Stoke City U23,0:2,Achilles tendon rupture,,,,,,,,,,
2016/17,110867,Jed Steer,Premier League 2,19,2017-03-06,Wolves U23,Aston Villa U23,1:2,Achilles tendon rupture,,,,,,,,,,
2016/17,110867,Jed Steer,Premier League 2,20,2017-03-13,Aston Villa U23,Brighton U23,2:0,Achilles tendon rupture,,,,,,,,,,
2016/17,110867,Jed Steer,Premier League 2,21,2017-04-10,Swansea U23,Aston Villa U23,2:0,Achilles tendon rupture,,,,,,,,,,
2016/17,110867,Jed Steer,Premier League 2,22,2017-04-24,Blackburn U23,Aston Villa U23,0:0,Achilles tendon rupture,,,,,,,,,,
2016/17,110867,Jed Steer,Premier League International Cup U21,Group E,2016-10-05,Aston Villa U23,Valencia B,2:1,Not in squad,,,,,,,,,,
2016/17,110867,Jed Steer,Premier League International Cup U21,Group E,2016-11-09,Aston Villa U23,Celtic B,0:3,Achilles tendon rupture,,,,,,,,,,
2016/17,110867,Jed Steer,Premier League International Cup U21,Group E,2017-01-12,Norwich City U23,Aston Villa U23,4:3,Achilles tendon rupture,,,,,,,,,,
