﻿season,player_id,player_name,competition,journey,date,home_team,away_team,result,position,goals,assists,own_goals,yellow_cards,second_yellow_cards,red_cards,substitutions_on,substitutions_off,minutes_played,transfermarkt_score
2025/26,1019169,Adam Harrison,EFL Trophy,group A6,2025-09-02,Huddersfield,Newcastle U21,6:2,GK,,,,,,,,,90,
2025/26,1019169,Adam Harrison,EFL Trophy,group A6,2025-10-15,Mansfield Town,Newcastle U21,5:7 on pens,on the bench,,,,,,,,,,
2025/26,1019169,Adam Harrison,EFL Trophy,group A6,2025-11-11,Harrogate Town,Newcastle U21,3:1,on the bench,,,,,,,,,,
2025/26,1019169,Adam Harrison,Premier League 2,1,2025-08-17,Newcastle U21,Southampton U21,1:2,on the bench,,,,,,,,,,
2025/26,1019169,Adam Harrison,Premier League 2,2,2025-08-22,Newcastle U21,Chelsea U21,0:5,GK,,,,,,,,,90,
2025/26,1019169,Adam Harrison,Premier League 2,3,2025-08-29,Birmingham U21,Newcastle U21,2:2,GK,,,,,,,,,90,
2025/26,1019169,Adam Harrison,Premier League 2,4,2025-09-22,Newcastle U21,Norwich U21,2:3,Not in squad,,,,,,,,,,
2025/26,1019169,Adam Harrison,Premier League 2,5,2025-09-26,Reading U21,Newcastle U21,1:1,Not in squad,,,,,,,,,,
2025/26,1019169,Adam Harrison,Premier League 2,6,2025-10-05,Newcastle U21,Tottenham U21,1:4,Not in squad,,,,,,,,,,
2025/26,1019169,Adam Harrison,Premier League 2,7,2025-10-27,Palace U21,Newcastle U21,0:2,Not in squad,,,,,,,,,,
2025/26,1019169,Adam Harrison,Premier League 2,8,2025-10-31,Ipswich U21,Newcastle U21,1:0,on the bench,,,,,,,,,,
2025/26,1019169,Adam Harrison,Premier League 2,9,2025-11-08,Newcastle U21,Burnley U21,3:2,Not in squad,,,,,,,,,,
2025/26,1019169,Adam Harrison,Premier League International Cup U21,Group C,2025-11-18,Newcastle U21,Real Sociedad B,0:0,on the bench,,,,,,,,,,
2025/26,1019169,Adam Harrison,Premier League International Cup U21,Group C,2025-11-21,Newcastle U21,Paris SG U23,0:2,Not in squad,,,,,,,,,,
2025/26,1019169,Adam Harrison,National League Cup,Group D,2025-08-13,Gateshead,Newcastle U21,3:4,GK,,,,,,,,,90,
2025/26,1019169,Adam Harrison,National League Cup,Group D,2025-10-08,Boston Utd,Newcastle U21,1:3,on the bench,,,,,,,,,,
2025/26,1019169,Adam Harrison,National League Cup,Group D,2025-12-02,Scunthorpe Utd.,Newcastle U21,2:0,on the bench,,,,,,,,,,
