﻿season,player_id,player_name,competition,journey,date,home_team,away_team,result,position,goals,assists,own_goals,yellow_cards,second_yellow_cards,red_cards,substitutions_on,substitutions_off,minutes_played,transfermarkt_score
2024/25,1088817,Jayden Luker,EFL Trophy,group A7,2024-10-08,Grimsby Town,Lincoln City,1:2,RM,,,,,,,,46,45,
2024/25,1088817,Jayden Luker,EFL Trophy,group A7,2024-10-29,Grimsby Town,Man City U21,5:6 on pens,CM,,,,,,,,71,71,
2024/25,1088817,Jayden Luker,EFL Trophy,group A7,2024-11-12,Chesterfield,Grimsby Town,3:2,RM,,,,,,,,69,69,
2024/25,1088817,Jayden Luker,League Two,4,2024-08-31,Grimsby Town,Bradford,2:1,Not in squad,,,,,,,,,,
2024/25,1088817,Jayden Luker,League Two,5,2024-09-07,Chesterfield,Grimsby Town,2:1,Not in squad,,,,,,,,,,
2024/25,1088817,Jayden Luker,League Two,6,2024-09-14,Grimsby Town,Barrow,1:2,Not in squad,,,,,,,,,,
2024/25,1088817,Jayden Luker,League Two,7,2024-09-21,Grimsby Town,Bromley,1:0,Not in squad,,,,,,,,,,
2024/25,1088817,Jayden Luker,League Two,8,2024-09-28,Carlisle United,Grimsby Town,2:3,Not in squad,,,,,,,,,,
2024/25,1088817,Jayden Luker,League Two,9,2024-10-01,Gillingham,Grimsby Town,0:1,Not in squad,,,,,,,,,,
2024/25,1088817,Jayden Luker,League Two,10,2024-10-05,Grimsby Town,Doncaster,0:3,Not in squad,,,,,,,,,,
2024/25,1088817,Jayden Luker,League Two,11,2024-10-12,Salford,Grimsby Town,1:2,on the bench,,,,,,,,,,
2024/25,1088817,Jayden Luker,League Two,12,2024-10-19,Grimsby Town,Walsall,1:4,unknown injury,,,,,,,,,,
2024/25,1088817,Jayden Luker,League Two,13,2024-10-22,Tranmere,Grimsby Town,0:1,Not in squad,,,,,,,,,,
2024/25,1088817,Jayden Luker,League Two,14,2024-10-26,Grimsby Town,MK Dons,1:3,,,,,,,,57,,33,
2024/25,1088817,Jayden Luker,League Two,15,2024-11-09,AFC Wimbledon,Grimsby Town,0:1,on the bench,,,,,,,,,,
2024/25,1088817,Jayden Luker,League Two,16,2024-11-16,Newport County,Grimsby Town,0:0,,,,,,,,46,,45,
2024/25,1088817,Jayden Luker,League Two,17,2024-11-23,Grimsby Town,Colchester Utd.,0:1,RM,,,,,,,,,90,
2024/25,1088817,Jayden Luker,League Two,18,2024-12-03,Grimsby Town,Accrington,5:2,RM,1,,,,,,,,90,
2024/25,1088817,Jayden Luker,League Two,19,2024-12-07,Morecambe FC,Grimsby Town,0:3,RM,,,,,,,,90,90,
2024/25,1088817,Jayden Luker,League Two,20,2024-12-14,Grimsby Town,Crewe Alexandra,0:2,RM,,,,,,,,80,80,
2024/25,1088817,Jayden Luker,League Two,21,2024-12-21,Swindon Town,Grimsby Town,3:1,RM,,,,,,,,,90,
2024/25,1088817,Jayden Luker,League Two,22,2024-12-26,Grimsby Town,Harrogate Town,2:1,RM,,2,,,,,,82,82,
2024/25,1088817,Jayden Luker,League Two,23,2024-12-29,Grimsby Town,Port Vale,3:0,RM,,,,,,,,76,76,
2024/25,1088817,Jayden Luker,League Two,24,2025-01-01,Accrington,Grimsby Town,3:2,RM,,,,,,,,73,73,
2024/25,1088817,Jayden Luker,League Two,25,2025-01-04,Bradford,Grimsby Town,3:1,,,,,,,,66,,24,
2024/25,1088817,Jayden Luker,League Two,27,2025-01-18,Grimsby Town,Chesterfield,1:1,RM,,,,,,,,,90,
2024/25,1088817,Jayden Luker,League Two,28,2025-01-25,Barrow,Grimsby Town,3:0,RM,,,,,,,,61,61,
2024/25,1088817,Jayden Luker,League Two,29,2025-01-28,Grimsby Town,Gillingham,1:1,,,,,,,,65,,25,
2024/25,1088817,Jayden Luker,League Two,30,2025-02-01,Bromley,Grimsby Town,0:2,on the bench,,,,,,,,,,
2024/25,1088817,Jayden Luker,League Two,31,2025-02-08,Grimsby Town,Carlisle United,2:1,on the bench,,,,,,,,,,
2024/25,1088817,Jayden Luker,League Two,32,2025-02-15,Doncaster,Grimsby Town,1:2,on the bench,,,,,,,,,,
2024/25,1088817,Jayden Luker,League Two,33,2025-02-22,Grimsby Town,Fleetwood,2:1,on the bench,,,,,,,,,,
2024/25,1088817,Jayden Luker,League Two,34,2025-03-01,Cheltenham,Grimsby Town,1:1,,,,,,,,69,,21,
2024/25,1088817,Jayden Luker,League Two,35,2025-03-04,Grimsby Town,Tranmere,1:1,AM,,,,,,,,81,81,
2024/25,1088817,Jayden Luker,League Two,36,2025-03-08,Walsall,Grimsby Town,1:3,CF,2,,,66,,,,82,82,
2024/25,1088817,Jayden Luker,League Two,26,2025-03-11,Grimsby Town,Notts County,0:2,LM,,,,,,,,,90,
2024/25,1088817,Jayden Luker,League Two,37,2025-03-15,Grimsby Town,Salford,0:1,CF,,,,,,,,,90,
2024/25,1088817,Jayden Luker,League Two,38,2025-03-22,Grimsby Town,Newport County,1:0,,,,,,,,74,,16,
2024/25,1088817,Jayden Luker,League Two,39,2025-03-28,Colchester Utd.,Grimsby Town,1:2,,,,,,,,89,,1,
2024/25,1088817,Jayden Luker,League Two,40,2025-04-01,Crewe Alexandra,Grimsby Town,2:0,CF,,,,38,,,,71,71,
2024/25,1088817,Jayden Luker,League Two,41,2025-04-05,Grimsby Town,Morecambe FC,3:1,Not in squad,,,,,,,,,,
2024/25,1088817,Jayden Luker,League Two,42,2025-04-12,Harrogate Town,Grimsby Town,2:2,Not in squad,,,,,,,,,,
2024/25,1088817,Jayden Luker,League Two,43,2025-04-18,Grimsby Town,Swindon Town,0:4,Not in squad,,,,,,,,,,
2024/25,1088817,Jayden Luker,League Two,44,2025-04-21,Port Vale,Grimsby Town,2:2,on the bench,,,,,,,,,,
2024/25,1088817,Jayden Luker,League Two,45,2025-04-26,MK Dons,Grimsby Town,0:0,Not in squad,,,,,,,,,,
2024/25,1088817,Jayden Luker,League Two,46,2025-05-03,Grimsby Town,AFC Wimbledon,0:1,Not in squad,,,,,,,,,,
2024/25,1088817,Jayden Luker,FA Cup,First Round,2024-11-02,Grimsby Town,Wealdstone,0:1,,,,,,,,90,,1,
