﻿season,player_id,player_name,competition,journey,date,home_team,away_team,result,position,goals,assists,own_goals,yellow_cards,second_yellow_cards,red_cards,substitutions_on,substitutions_off,minutes_played,transfermarkt_score
2025/26,1108475,Lucá Williams-Barnett,UEFA Champions League,Group Stage,2025-09-16,Tottenham,Villarreal,1:0,Not in squad,,,,,,,,,,
2025/26,1108475,Lucá Williams-Barnett,UEFA Champions League,Group Stage,2025-09-30,Bodø/Glimt,Tottenham,2:2,Not in squad,,,,,,,,,,
2025/26,1108475,Lucá Williams-Barnett,UEFA Champions League,Group Stage,2025-10-22,Monaco,Tottenham,0:0,on the bench,,,,,,,,,,
2025/26,1108475,Lucá Williams-Barnett,UEFA Champions League,Group Stage,2025-11-04,Tottenham,Copenhagen,4:0,Not in squad,,,,,,,,,,
2025/26,1108475,Lucá Williams-Barnett,UEFA Champions League,Group Stage,2025-11-26,PSG,Tottenham,5:3,on the bench,,,,,,,,,,
2025/26,1108475,Lucá Williams-Barnett,UEFA Super Cup,Final,2025-08-13,PSG,Tottenham,6:5 on pens,Not in squad,,,,,,,,,,
2025/26,1108475,Lucá Williams-Barnett,International Friendlies,1,2025-09-03,England U18,Uzbekistan U18,-:-,Information not yet available,,,,,,,,,,
2025/26,1108475,Lucá Williams-Barnett,International Friendlies,2,2025-09-03,England U18,Uzbekistan U17,3:1,AM,1,,,,,,,74,74,
2025/26,1108475,Lucá Williams-Barnett,International Friendlies,45,2025-09-06,England U18,Morocco U17,4:1,,,,,,,,65,,25,
2025/26,1108475,Lucá Williams-Barnett,International Friendlies,1,2025-09-09,England U18,Canada U17,3:2,AM,1,,,,,,,46,45,
2025/26,1108475,Lucá Williams-Barnett,International Friendlies,3,2025-10-09,England U18,France U18,1:0,Not in squad,,,,,,,,,,
2025/26,1108475,Lucá Williams-Barnett,International Friendlies,4,2025-10-12,England U18,France U18,2:2,Not in squad,,,,,,,,,,
2025/26,1108475,Lucá Williams-Barnett,UEFA Youth League,Group Stage,2025-09-16,Tottenham YL,Villarreal YL,5:3,AM,1,1,,17,,,,86,86,
2025/26,1108475,Lucá Williams-Barnett,UEFA Youth League,Group Stage,2025-09-30,Bodø/Glimt YL,Tottenham YL,0:6,,,,,92,,,60,,30,
2025/26,1108475,Lucá Williams-Barnett,UEFA Youth League,Group Stage,2025-10-22,AS Monaco YL,Tottenham YL,2:4,CM,,1,,88,,,,90,90,
2025/26,1108475,Lucá Williams-Barnett,UEFA Youth League,Group Stage,2025-11-04,Tottenham YL,Copenhagen YL,2:3,Not in squad,,,,,,,,,,
2025/26,1108475,Lucá Williams-Barnett,UEFA Youth League,Group Stage,2025-11-26,Paris SG YL,Tottenham YL,5:2,CM,,,,,,,,,90,
2025/26,1108475,Lucá Williams-Barnett,Premier League,1,2025-08-16,Tottenham,Burnley,3:0,Not in squad,,,,,,,,,,
2025/26,1108475,Lucá Williams-Barnett,Premier League,2,2025-08-23,Man City,Tottenham,0:2,Not in squad,,,,,,,,,,
2025/26,1108475,Lucá Williams-Barnett,Premier League,3,2025-08-30,Tottenham,Bournemouth,0:1,Not in squad,,,,,,,,,,
2025/26,1108475,Lucá Williams-Barnett,Premier League,4,2025-09-13,West Ham,Tottenham,0:3,Not in squad,,,,,,,,,,
2025/26,1108475,Lucá Williams-Barnett,Premier League,5,2025-09-20,Brighton,Tottenham,2:2,Not in squad,,,,,,,,,,
2025/26,1108475,Lucá Williams-Barnett,Premier League,6,2025-09-27,Tottenham,Wolves,1:1,Not in squad,,,,,,,,,,
2025/26,1108475,Lucá Williams-Barnett,Premier League,7,2025-10-04,Leeds,Tottenham,1:2,Not in squad,,,,,,,,,,
2025/26,1108475,Lucá Williams-Barnett,Premier League,8,2025-10-19,Tottenham,Aston Villa,1:2,Not in squad,,,,,,,,,,
2025/26,1108475,Lucá Williams-Barnett,Premier League,9,2025-10-26,Everton,Tottenham,0:3,Not in squad,,,,,,,,,,
2025/26,1108475,Lucá Williams-Barnett,Premier League,10,2025-11-01,Tottenham,Chelsea,0:1,Not in squad,,,,,,,,,,
2025/26,1108475,Lucá Williams-Barnett,Premier League,11,2025-11-08,Tottenham,Man Utd,2:2,Not in squad,,,,,,,,,,
2025/26,1108475,Lucá Williams-Barnett,Premier League,12,2025-11-23,Arsenal,Tottenham,4:1,Not in squad,,,,,,,,,,
2025/26,1108475,Lucá Williams-Barnett,Premier League,13,2025-11-29,Tottenham,Fulham,1:2,Not in squad,,,,,,,,,,
2025/26,1108475,Lucá Williams-Barnett,Premier League,14,2025-12-02,Newcastle,Tottenham,2:2,Not in squad,,,,,,,,,,
2025/26,1108475,Lucá Williams-Barnett,EFL Trophy,group B2,2025-08-26,Bristol Rovers,Tottenham U21,9:8 on pens,AM,1,1,,,,,,82,82,
2025/26,1108475,Lucá Williams-Barnett,EFL Trophy,group B2,2025-09-23,Plymouth,Tottenham U21,6:2,Not in squad,,,,,,,,,,
2025/26,1108475,Lucá Williams-Barnett,EFL Trophy,group B2,2025-10-28,Cheltenham,Tottenham U21,5:3 on pens,Not in squad,,,,,,,,,,
2025/26,1108475,Lucá Williams-Barnett,EFL Cup,Third Round,2025-09-24,Tottenham,Doncaster,3:0,LW,,,,,,,87,,3,
2025/26,1108475,Lucá Williams-Barnett,EFL Cup,Fourth Round,2025-10-29,Newcastle,Tottenham,2:0,Not in squad,,,,,,,,,,
2025/26,1108475,Lucá Williams-Barnett,U18 Premier League,1,2025-08-16,Spurs U18,Reading U18,2:2,Not in squad,,,,,,,,,,
2025/26,1108475,Lucá Williams-Barnett,U18 Premier League,2,2025-08-23,Norwich U18,Spurs U18,0:2,Not in squad,,,,,,,,,,
2025/26,1108475,Lucá Williams-Barnett,U18 Premier League,3,2025-08-30,Spurs U18,Palace U18,2:3,Not in squad,,,,,,,,,,
2025/26,1108475,Lucá Williams-Barnett,U18 Premier League,4,2025-09-13,West Ham U18,Spurs U18,0:5,Not in squad,,,,,,,,,,
2025/26,1108475,Lucá Williams-Barnett,U18 Premier League,5,2025-09-20,Southampton U18,Spurs U18,4:2,Not in squad,,,,,,,,,,
2025/26,1108475,Lucá Williams-Barnett,U18 Premier League,6,2025-09-27,Spurs U18,Birmingham U18,4:0,Not in squad,,,,,,,,,,
2025/26,1108475,Lucá Williams-Barnett,U18 Premier League,7,2025-10-18,Chelsea U18,Spurs U18,2:2,Not in squad,,,,,,,,,,
2025/26,1108475,Lucá Williams-Barnett,U18 Premier League,8,2025-10-25,Spurs U18,Leicester U18,2:0,Not in squad,,,,,,,,,,
2025/26,1108475,Lucá Williams-Barnett,U18 Premier League,10,2025-11-08,Spurs U18,Ipswich U18,4:0,Not in squad,,,,,,,,,,
2025/26,1108475,Lucá Williams-Barnett,U18 Premier League,11,2025-11-29,Spurs U18,Arsenal U18,2:2,CM,2,,,,,,,64,64,
2025/26,1108475,Lucá Williams-Barnett,Premier League 2,1,2025-08-18,Sunderland U21,Tottenham U21,3:5,CF,1,,,,,,,77,77,
2025/26,1108475,Lucá Williams-Barnett,Premier League 2,2,2025-08-22,Tottenham U21,Palace U21,2:3,AM,,1,,,,,,,90,
2025/26,1108475,Lucá Williams-Barnett,Premier League 2,3,2025-08-30,Tottenham U21,Nottingham U21,1:0,AM,,,,,,,,,90,
2025/26,1108475,Lucá Williams-Barnett,Premier League 2,4,2025-09-19,Leicester U21,Tottenham U21,3:6,AM,3,1,,,,,,89,89,
2025/26,1108475,Lucá Williams-Barnett,Premier League 2,5,2025-09-26,Tottenham U21,West Brom U21,1:0,AM,,,,74,,,,82,82,
2025/26,1108475,Lucá Williams-Barnett,Premier League 2,6,2025-10-05,Newcastle U21,Tottenham U21,1:4,AM,2,1,,42,,,,,90,
2025/26,1108475,Lucá Williams-Barnett,Premier League 2,7,2025-10-25,Man Utd U21,Tottenham U21,4:1,AM,,1,,,,,,85,85,
2025/26,1108475,Lucá Williams-Barnett,Premier League 2,8,2025-11-01,Tottenham U21,Southampton U21,1:2,Not in squad,,,,,,,,,,
2025/26,1108475,Lucá Williams-Barnett,Premier League 2,9,2025-11-08,Fulham U21,Tottenham U21,1:1,Not in squad,,,,,,,,,,
