﻿season,player_id,player_name,competition,journey,date,home_team,away_team,result,position,goals,assists,own_goals,yellow_cards,second_yellow_cards,red_cards,substitutions_on,substitutions_off,minutes_played,transfermarkt_score
2024/25,1086375,Gustavo Nunes,Premier League,3,2024-08-31,Brentford,Southampton,3:1,Back injury,,,,,,,,,,
2024/25,1086375,Gustavo Nunes,Premier League,4,2024-09-14,Man City,Brentford,2:1,Back injury,,,,,,,,,,
2024/25,1086375,Gustavo Nunes,Premier League,5,2024-09-21,Tottenham,Brentford,3:1,Back injury,,,,,,,,,,
2024/25,1086375,Gustavo Nunes,Premier League,6,2024-09-28,Brentford,West Ham,1:1,Back injury,,,,,,,,,,
2024/25,1086375,Gustavo Nunes,Premier League,7,2024-10-05,Brentford,Wolves,5:3,Back injury,,,,,,,,,,
2024/25,1086375,Gustavo Nunes,Premier League,8,2024-10-19,Man Utd,Brentford,2:1,Back injury,,,,,,,,,,
2024/25,1086375,Gustavo Nunes,Premier League,9,2024-10-26,Brentford,Ipswich,4:3,Back injury,,,,,,,,,,
2024/25,1086375,Gustavo Nunes,Premier League,10,2024-11-04,Fulham,Brentford,2:1,Back injury,,,,,,,,,,
2024/25,1086375,Gustavo Nunes,Premier League,11,2024-11-09,Brentford,Bournemouth,3:2,Back injury,,,,,,,,,,
2024/25,1086375,Gustavo Nunes,Premier League,12,2024-11-23,Everton,Brentford,0:0,Back injury,,,,,,,,,,
2024/25,1086375,Gustavo Nunes,Premier League,13,2024-11-30,Brentford,Leicester,4:1,Back injury,,,,,,,,,,
2024/25,1086375,Gustavo Nunes,Premier League,14,2024-12-04,Aston Villa,Brentford,3:1,Back injury,,,,,,,,,,
2024/25,1086375,Gustavo Nunes,Premier League,15,2024-12-07,Brentford,Newcastle,4:2,Back injury,,,,,,,,,,
2024/25,1086375,Gustavo Nunes,Premier League,16,2024-12-15,Chelsea,Brentford,2:1,Back injury,,,,,,,,,,
2024/25,1086375,Gustavo Nunes,Premier League,17,2024-12-21,Brentford,Nott'm Forest,0:2,Back injury,,,,,,,,,,
2024/25,1086375,Gustavo Nunes,Premier League,18,2024-12-27,Brighton,Brentford,0:0,Back injury,,,,,,,,,,
2024/25,1086375,Gustavo Nunes,Premier League,19,2025-01-01,Brentford,Arsenal,1:3,Back injury,,,,,,,,,,
2024/25,1086375,Gustavo Nunes,Premier League,20,2025-01-04,Southampton,Brentford,0:5,Back injury,,,,,,,,,,
2024/25,1086375,Gustavo Nunes,Premier League,21,2025-01-14,Brentford,Man City,2:2,Back injury,,,,,,,,,,
2024/25,1086375,Gustavo Nunes,Premier League,22,2025-01-18,Brentford,Liverpool,0:2,Back injury,,,,,,,,,,
2024/25,1086375,Gustavo Nunes,Premier League,23,2025-01-26,Crystal Palace,Brentford,1:2,Back injury,,,,,,,,,,
2024/25,1086375,Gustavo Nunes,Premier League,24,2025-02-02,Brentford,Tottenham,0:2,Back injury,,,,,,,,,,
2024/25,1086375,Gustavo Nunes,Premier League,25,2025-02-15,West Ham,Brentford,0:1,Back injury,,,,,,,,,,
2024/25,1086375,Gustavo Nunes,Premier League,26,2025-02-21,Leicester,Brentford,0:4,Back injury,,,,,,,,,,
2024/25,1086375,Gustavo Nunes,Premier League,27,2025-02-26,Brentford,Everton,1:1,Back injury,,,,,,,,,,
2024/25,1086375,Gustavo Nunes,Premier League,28,2025-03-08,Brentford,Aston Villa,0:1,Back injury,,,,,,,,,,
2024/25,1086375,Gustavo Nunes,Premier League,29,2025-03-15,Bournemouth,Brentford,1:2,Back injury,,,,,,,,,,
2024/25,1086375,Gustavo Nunes,Premier League,30,2025-04-02,Newcastle,Brentford,2:1,Fitness,,,,,,,,,,
2024/25,1086375,Gustavo Nunes,Premier League,31,2025-04-06,Brentford,Chelsea,0:0,Fitness,,,,,,,,,,
2024/25,1086375,Gustavo Nunes,Premier League,32,2025-04-12,Arsenal,Brentford,1:1,LW,,,,,,,90,,1,
2024/25,1086375,Gustavo Nunes,Premier League,33,2025-04-19,Brentford,Brighton,4:2,LW,,,,,,,90,,1,
2024/25,1086375,Gustavo Nunes,Premier League,34,2025-05-01,Nott'm Forest,Brentford,0:2,on the bench,,,,,,,,,,
2024/25,1086375,Gustavo Nunes,Premier League,35,2025-05-04,Brentford,Man Utd,4:3,LW,,,,,,,81,,9,
2024/25,1086375,Gustavo Nunes,Premier League,36,2025-05-10,Ipswich,Brentford,0:1,on the bench,,,,,,,,,,
2024/25,1086375,Gustavo Nunes,Premier League,37,2025-05-18,Brentford,Fulham,2:3,on the bench,,,,,,,,,,
2024/25,1086375,Gustavo Nunes,Premier League,38,2025-05-25,Wolves,Brentford,1:1,on the bench,,,,,,,,,,
2024/25,1086375,Gustavo Nunes,FA Cup,Third Round,2025-01-11,Brentford,Plymouth,0:1,Back injury,,,,,,,,,,
2024/25,1086375,Gustavo Nunes,EFL Cup,Second Round,2024-08-28,Colchester Utd.,Brentford,0:1,Back injury,,,,,,,,,,
2024/25,1086375,Gustavo Nunes,EFL Cup,Third Round,2024-09-17,Brentford,Leyton Orient,3:1,Back injury,,,,,,,,,,
2024/25,1086375,Gustavo Nunes,EFL Cup,Fourth Round,2024-10-29,Brentford,Sheff Wed,6:5 on pens,Back injury,,,,,,,,,,
2024/25,1086375,Gustavo Nunes,EFL Cup,Quarter-Finals,2024-12-18,Newcastle,Brentford,3:1,Back injury,,,,,,,,,,
