﻿season,player_id,player_name,competition,journey,date,home_team,away_team,result,position,goals,assists,own_goals,yellow_cards,second_yellow_cards,red_cards,substitutions_on,substitutions_off,minutes_played,transfermarkt_score
2008/09,110867,Jed Steer,U17-Europameisterschaft 2009,Group B,2009-05-06,England U17,Netherlands U17,1:1,GK,,,,,,,,,80,
2008/09,110867,Jed Steer,U17-Europameisterschaft 2009,Group B,2009-05-09,Germany U17,England U17,4:0,GK,,,,,,,,,80,
2008/09,110867,Jed Steer,U17-Europameisterschaft 2009,Group B,2009-05-12,Türkiye U17,England U17,1:0,on the bench,,,,,,,,,,
2008/09,110867,Jed Steer,UEFA European Under-17 Championship qualification,Group 13,2008-10-22,England U17,Armenia U17,0:0,,,,,,,,,,80,
2008/09,110867,Jed Steer,UEFA European Under-17 Championship qualification,Group 13,2008-10-24,England U17,Estonia U17,7:0,Information not yet available,,,,,,,,,,
2008/09,110867,Jed Steer,UEFA European Under-17 Championship qualification,Group 13,2008-10-27,Spain U17,England U17,1:1,,,,,,,,,,80,
2008/09,110867,Jed Steer,UEFA European Under-17 Championship qualification,group A7,2009-03-25,Portugal U17,England U17,0:1,GK,,,,,,,,,80,
2008/09,110867,Jed Steer,UEFA European Under-17 Championship qualification,group A7,2009-03-27,England U17,Serbia U17,2:1,,,,,,,,,,80,
2008/09,110867,Jed Steer,UEFA European Under-17 Championship qualification,group A7,2009-03-30,Hungary U17,England U17,0:2,on the bench,,,,,,,,,,
2008/09,110867,Jed Steer,U17 Algarve Tournament,Group A,2009-02-21,Portugal U17,England U17,2:0,on the bench,,,,,,,,,,
2008/09,110867,Jed Steer,U17 Algarve Tournament,Group A,2009-02-22,France U17,England U17,2:0,,,,,,,,,,80,
2008/09,110867,Jed Steer,U17 Algarve Tournament,Group A,2009-02-24,England U17,Israel U17,4:0,on the bench,,,,,,,,,,
