﻿season,player_id,player_name,competition,journey,date,home_team,away_team,result,position,goals,assists,own_goals,yellow_cards,second_yellow_cards,red_cards,substitutions_on,substitutions_off,minutes_played,transfermarkt_score
2024/25,1005649,Murillo,Premier League,1,2024-08-17,Nott'm Forest,Bournemouth,1:1,CB,,,,,,,,,90,
2024/25,1005649,Murillo,Premier League,2,2024-08-24,Southampton,Nott'm Forest,0:1,CB,,,,,,,,,90,
2024/25,1005649,Murillo,Premier League,3,2024-08-31,Nott'm Forest,Wolves,1:1,CB,,,,,,,,,90,
2024/25,1005649,Murillo,Premier League,4,2024-09-14,Liverpool,Nott'm Forest,0:1,CB,,,,,,,,,90,
2024/25,1005649,Murillo,Premier League,5,2024-09-22,Brighton,Nott'm Forest,2:2,CB,,,,,,,,,90,
2024/25,1005649,Murillo,Premier League,6,2024-09-28,Nott'm Forest,Fulham,0:1,CB,,,,50,,,,,90,
2024/25,1005649,Murillo,Premier League,7,2024-10-06,Chelsea,Nott'm Forest,1:1,CB,,,,,,,,,90,
2024/25,1005649,Murillo,Premier League,8,2024-10-21,Nott'm Forest,Crystal Palace,1:0,CB,,,,,,,,,90,
2024/25,1005649,Murillo,Premier League,9,2024-10-25,Leicester,Nott'm Forest,1:3,CB,,,,,,,,,90,
2024/25,1005649,Murillo,Premier League,10,2024-11-02,Nott'm Forest,West Ham,3:0,CB,,,,,,,,,90,
2024/25,1005649,Murillo,Premier League,11,2024-11-10,Nott'm Forest,Newcastle,1:3,CB,1,,,,,,,,90,
2024/25,1005649,Murillo,Premier League,12,2024-11-23,Arsenal,Nott'm Forest,3:0,CB,,,,,,,,,90,
2024/25,1005649,Murillo,Premier League,13,2024-11-30,Nott'm Forest,Ipswich,1:0,CB,,,,,,,,,90,
2024/25,1005649,Murillo,Premier League,14,2024-12-04,Man City,Nott'm Forest,3:0,CB,,,,54,,,,,90,
2024/25,1005649,Murillo,Premier League,15,2024-12-07,Man Utd,Nott'm Forest,2:3,CB,,,,,,,,,90,
2024/25,1005649,Murillo,Premier League,16,2024-12-14,Nott'm Forest,Aston Villa,2:1,CB,,,,,,,,68,68,
2024/25,1005649,Murillo,Premier League,17,2024-12-21,Brentford,Nott'm Forest,0:2,CB,,,,27,,,,,90,
2024/25,1005649,Murillo,Premier League,18,2024-12-26,Nott'm Forest,Tottenham,1:0,CB,,,,65,,,,,90,
2024/25,1005649,Murillo,Premier League,19,2024-12-29,Everton,Nott'm Forest,0:2,Adductor pain,,,,,,,,,,
2024/25,1005649,Murillo,Premier League,20,2025-01-06,Wolves,Nott'm Forest,0:3,CB,,,,,,,,,90,
2024/25,1005649,Murillo,Premier League,21,2025-01-14,Nott'm Forest,Liverpool,1:1,CB,,,,,,,,,90,
2024/25,1005649,Murillo,Premier League,22,2025-01-19,Nott'm Forest,Southampton,3:2,CB,,,,,,,,,90,
2024/25,1005649,Murillo,Premier League,23,2025-01-25,Bournemouth,Nott'm Forest,5:0,CB,,,,,,,,,90,
2024/25,1005649,Murillo,Premier League,24,2025-02-01,Nott'm Forest,Brighton,7:0,CB,,,,7,,,,72,72,
2024/25,1005649,Murillo,Premier League,25,2025-02-15,Fulham,Nott'm Forest,2:1,CB,,,,,,,,,90,
2024/25,1005649,Murillo,Premier League,26,2025-02-23,Newcastle,Nott'm Forest,4:3,CB,,,,,,,,,90,
2024/25,1005649,Murillo,Premier League,27,2025-02-26,Nott'm Forest,Arsenal,0:0,CB,,,,,,,,,90,
2024/25,1005649,Murillo,Premier League,28,2025-03-08,Nott'm Forest,Man City,1:0,CB,,,,,,,,,90,
2024/25,1005649,Murillo,Premier League,29,2025-03-15,Ipswich,Nott'm Forest,2:4,CB,,,,,,,,,90,
2024/25,1005649,Murillo,Premier League,30,2025-04-01,Nott'm Forest,Man Utd,1:0,CB,,,,,,,,,90,
2024/25,1005649,Murillo,Premier League,31,2025-04-05,Aston Villa,Nott'm Forest,2:1,CB,,,,,,,,,90,
2024/25,1005649,Murillo,Premier League,32,2025-04-12,Nott'm Forest,Everton,0:1,CB,,,,,,,,,90,
2024/25,1005649,Murillo,Premier League,33,2025-04-21,Tottenham,Nott'm Forest,1:2,CB,,,,,,,,,90,
2024/25,1005649,Murillo,Premier League,34,2025-05-01,Nott'm Forest,Brentford,0:2,CB,,,,,,,,,90,
2024/25,1005649,Murillo,Premier League,35,2025-05-05,Crystal Palace,Nott'm Forest,1:1,CB,1,,,,,,,81,81,
2024/25,1005649,Murillo,Premier League,36,2025-05-11,Nott'm Forest,Leicester,2:2,Not in squad,,,,,,,,,,
2024/25,1005649,Murillo,Premier League,37,2025-05-18,West Ham,Nott'm Forest,1:2,CB,,,,,,,,,90,
2024/25,1005649,Murillo,Premier League,38,2025-05-25,Nott'm Forest,Chelsea,0:1,CB,,,,,,,,,90,
2024/25,1005649,Murillo,FA Cup,Third Round,2025-01-11,Nott'm Forest,Luton,2:0,Not in squad,,,,,,,,,,
2024/25,1005649,Murillo,FA Cup,Fourth Round,2025-02-11,Exeter City,Nott'm Forest,4:6 on pens,Not in squad,,,,,,,,,,
2024/25,1005649,Murillo,FA Cup,Fifth Round,2025-03-03,Nott'm Forest,Ipswich,6:5 on pens,CB,,,,,,,,,120,
2024/25,1005649,Murillo,FA Cup,Quarter-Finals,2025-03-29,Brighton,Nott'm Forest,3:4 on pens,CB,,,,,,,,,120,
2024/25,1005649,Murillo,FA Cup,Semi-Finals,2025-04-27,Nott'm Forest,Man City,0:2,CB,,,,,,,,,90,
2024/25,1005649,Murillo,EFL Cup,Second Round,2024-08-28,Nott'm Forest,Newcastle,4:5 on pens,Not in squad,,,,,,,,,,
