﻿season,player_id,player_name,competition,journey,date,home_team,away_team,result,position,goals,assists,own_goals,yellow_cards,second_yellow_cards,red_cards,substitutions_on,substitutions_off,minutes_played,transfermarkt_score
2008/09,108725,Chris Wood,International Friendlies,23,2009-03-28,Thailand,New Zealand,3:1,Not in squad,,,,,,,,,,
2008/09,108725,Chris Wood,International Friendlies,4,2009-06-03,Tanzania,New Zealand,2:1,,,,,,,,,55,55,
2008/09,108725,Chris Wood,International Friendlies,22,2009-06-06,Botswana,New Zealand,0:0,on the bench,,,,,,,,,,
2008/09,108725,Chris Wood,International Friendlies,1,2009-06-10,Italy,New Zealand,4:3,,,,,,,,81,,9,
2008/09,108725,Chris Wood,Premier League,1,2008-08-16,Arsenal,West Brom,1:0,Not in squad,,,,,,,,,,
2008/09,108725,Chris Wood,Premier League,2,2008-08-23,West Brom,Everton,1:2,Not in squad,,,,,,,,,,
2008/09,108725,Chris Wood,Premier League,3,2008-08-30,Bolton,West Brom,0:0,Not in squad,,,,,,,,,,
2008/09,108725,Chris Wood,Premier League,4,2008-09-13,West Brom,West Ham,3:2,Not in squad,,,,,,,,,,
2008/09,108725,Chris Wood,Premier League,5,2008-09-21,West Brom,Aston Villa,1:2,Not in squad,,,,,,,,,,
2008/09,108725,Chris Wood,Premier League,6,2008-09-27,Middlesbrough,West Brom,0:1,Not in squad,,,,,,,,,,
2008/09,108725,Chris Wood,Premier League,7,2008-10-04,West Brom,Fulham,1:0,Not in squad,,,,,,,,,,
2008/09,108725,Chris Wood,Premier League,8,2008-10-18,Man Utd,West Brom,4:0,Not in squad,,,,,,,,,,
2008/09,108725,Chris Wood,Premier League,9,2008-10-25,West Brom,Hull City,0:3,Not in squad,,,,,,,,,,
2008/09,108725,Chris Wood,Premier League,10,2008-10-28,Newcastle,West Brom,2:1,Not in squad,,,,,,,,,,
2008/09,108725,Chris Wood,Premier League,11,2008-11-01,West Brom,Blackburn,2:2,Not in squad,,,,,,,,,,
2008/09,108725,Chris Wood,Premier League,12,2008-11-08,Liverpool,West Brom,3:0,Not in squad,,,,,,,,,,
2008/09,108725,Chris Wood,Premier League,13,2008-11-15,West Brom,Chelsea,0:3,Not in squad,,,,,,,,,,
2008/09,108725,Chris Wood,Premier League,14,2008-11-22,Stoke City,West Brom,1:0,Not in squad,,,,,,,,,,
2008/09,108725,Chris Wood,Premier League,15,2008-11-29,Wigan,West Brom,2:1,Not in squad,,,,,,,,,,
2008/09,108725,Chris Wood,Premier League,16,2008-12-07,West Brom,Portsmouth,1:1,Not in squad,,,,,,,,,,
2008/09,108725,Chris Wood,Premier League,17,2008-12-13,Sunderland,West Brom,4:0,Not in squad,,,,,,,,,,
2008/09,108725,Chris Wood,Premier League,18,2008-12-21,West Brom,Man City,2:1,Not in squad,,,,,,,,,,
2008/09,108725,Chris Wood,Premier League,19,2008-12-26,Chelsea,West Brom,2:0,Not in squad,,,,,,,,,,
2008/09,108725,Chris Wood,Premier League,20,2008-12-28,West Brom,Tottenham,2:0,Not in squad,,,,,,,,,,
2008/09,108725,Chris Wood,Premier League,21,2009-01-10,Aston Villa,West Brom,2:1,Not in squad,,,,,,,,,,
2008/09,108725,Chris Wood,Premier League,22,2009-01-17,West Brom,Middlesbrough,3:0,Not in squad,,,,,,,,,,
2008/09,108725,Chris Wood,Premier League,23,2009-01-27,West Brom,Man Utd,0:5,Not in squad,,,,,,,,,,
2008/09,108725,Chris Wood,Premier League,24,2009-01-31,Hull City,West Brom,2:2,Not in squad,,,,,,,,,,
2008/09,108725,Chris Wood,Premier League,25,2009-02-07,West Brom,Newcastle,2:3,Not in squad,,,,,,,,,,
2008/09,108725,Chris Wood,Premier League,26,2009-02-22,Fulham,West Brom,2:0,Not in squad,,,,,,,,,,
2008/09,108725,Chris Wood,Premier League,27,2009-02-28,Everton,West Brom,2:0,Not in squad,,,,,,,,,,
2008/09,108725,Chris Wood,Premier League,28,2009-03-03,West Brom,Arsenal,1:3,Not in squad,,,,,,,,,,
2008/09,108725,Chris Wood,Premier League,29,2009-03-16,West Ham,West Brom,0:0,Not in squad,,,,,,,,,,
2008/09,108725,Chris Wood,Premier League,30,2009-03-21,West Brom,Bolton,1:1,Not in squad,,,,,,,,,,
2008/09,108725,Chris Wood,Premier League,31,2009-04-04,West Brom,Stoke City,0:2,Not in squad,,,,,,,,,,
2008/09,108725,Chris Wood,Premier League,32,2009-04-11,Portsmouth,West Brom,2:2,,,,,,,,75,,15,
2008/09,108725,Chris Wood,Premier League,33,2009-04-19,Man City,West Brom,4:2,on the bench,,,,,,,,,,
2008/09,108725,Chris Wood,Premier League,34,2009-04-25,West Brom,Sunderland,3:0,on the bench,,,,,,,,,,
2008/09,108725,Chris Wood,Premier League,35,2009-05-02,Tottenham,West Brom,1:0,Not in squad,,,,,,,,,,
2008/09,108725,Chris Wood,Premier League,36,2009-05-09,West Brom,Wigan,3:1,Not in squad,,,,,,,,,,
2008/09,108725,Chris Wood,Premier League,37,2009-05-17,West Brom,Liverpool,0:2,on the bench,,,,,,,,,,
2008/09,108725,Chris Wood,Premier League,38,2009-05-24,Blackburn,West Brom,0:0,,,,,,,,90,,1,
2008/09,108725,Chris Wood,FA Cup,Third Round,2009-01-03,West Brom,Peterborough,1:1,Not in squad,,,,,,,,,,
2008/09,108725,Chris Wood,FA Cup,Third Round Replay,2009-01-13,Peterborough,West Brom,0:2,Not in squad,,,,,,,,,,
2008/09,108725,Chris Wood,FA Cup,Fourth Round,2009-01-24,West Brom,Burnley,2:2,Not in squad,,,,,,,,,,
2008/09,108725,Chris Wood,FA Cup,4th round deciders,2009-02-03,Burnley,West Brom,3:1,Not in squad,,,,,,,,,,
2008/09,108725,Chris Wood,League Cup,Second Round,2008-08-26,Hartlepool,West Brom,3:1 AET,Not in squad,,,,,,,,,,
2008/09,108725,Chris Wood,World Cup qualification Oceania,Group 1,2008-09-06,New Caledonia,New Zealand,1:3,Not in squad,,,,,,,,,,
2008/09,108725,Chris Wood,World Cup qualification Oceania,Group 1,2008-09-10,New Zealand,New Caledonia,3:0,Not in squad,,,,,,,,,,
2008/09,108725,Chris Wood,World Cup qualification Oceania,Group 1,2008-11-19,New Zealand,Fiji,0:2,Not in squad,,,,,,,,,,
2008/09,108725,Chris Wood,Confederations Cup 2009,Group A,2009-06-14,New Zealand,Spain,0:5,on the bench,,,,,,,,,,
2008/09,108725,Chris Wood,Confederations Cup 2009,Group A,2009-06-17,South Africa,New Zealand,2:0,,,,,,,,75,,15,
2008/09,108725,Chris Wood,Confederations Cup 2009,Group A,2009-06-20,Iraq,New Zealand,0:0,on the bench,,,,,,,,,,
