﻿season,player_id,player_name,competition,journey,date,home_team,away_team,result,position,goals,assists,own_goals,yellow_cards,second_yellow_cards,red_cards,substitutions_on,substitutions_off,minutes_played,transfermarkt_score
2013/14,111051,Nampalys Mendy,UEFA Europa League Qualifying,Qualifying Round 1st leg,2013-08-22,Apol. Limassol,Nice,2:0,CM,,,,,,,,,90,
2013/14,111051,Nampalys Mendy,UEFA Europa League Qualifying,Qualifying Round 2nd leg,2013-08-29,Nice,Apol. Limassol,1:0,DM,,1,,90,,,,,90,
2013/14,111051,Nampalys Mendy,International Friendlies,1,2013-08-13,Germany U21,France U21,0:0,DM,,,,,,,,71,71,
2013/14,111051,Nampalys Mendy,International Friendlies,2,2013-11-18,France U21,Netherlands U21,1:1,CM,,,,,,,70,,20,
2013/14,111051,Nampalys Mendy,Ligue 1,1,2013-08-10,Lyon,Nice,4:0,Not in squad,,,,,,,,,,
2013/14,111051,Nampalys Mendy,Ligue 1,2,2013-08-17,Nice,Stade Rennais,2:1,DM,,,,,,,,,90,
2013/14,111051,Nampalys Mendy,Ligue 1,3,2013-08-25,AC Ajaccio,Nice,0:0,DM,,,,,,,,,90,
2013/14,111051,Nampalys Mendy,Ligue 1,4,2013-09-01,Nice,Montpellier,2:2,DM,,1,,,,,,76,76,
2013/14,111051,Nampalys Mendy,Ligue 1,5,2013-09-15,Lille,Nice,0:2,DM,,,,,,,,,90,
2013/14,111051,Nampalys Mendy,Ligue 1,6,2013-09-22,Nice,Valenciennes FC,4:0,DM,,,,,,,,78,78,
2013/14,111051,Nampalys Mendy,Ligue 1,7,2013-09-25,FC Nantes,Nice,2:0,DM,,,,,,,,65,65,
2013/14,111051,Nampalys Mendy,Ligue 1,8,2013-09-28,Nice,Guingamp,1:0,DM,,,,34,,,,,90,
2013/14,111051,Nampalys Mendy,Ligue 1,9,2013-10-05,Toulouse,Nice,1:0,DM,,,,,,,,,90,
2013/14,111051,Nampalys Mendy,Ligue 1,10,2013-10-18,Nice,Marseille,1:0,DM,,,,74,,,,,90,
2013/14,111051,Nampalys Mendy,Ligue 1,11,2013-10-26,SC Bastia,Nice,1:0,DM,,,,,,,,64,64,
2013/14,111051,Nampalys Mendy,Ligue 1,12,2013-11-03,Nice,G. Bordeaux,1:2,DM,,,,38,,,,66,66,
2013/14,111051,Nampalys Mendy,Ligue 1,13,2013-11-09,PSG,Nice,3:1,DM,,,,,,,,59,59,
2013/14,111051,Nampalys Mendy,Ligue 1,14,2013-11-24,Nice,Saint-Étienne,0:1,Yellow card suspension,,,,,,,,,,
2013/14,111051,Nampalys Mendy,Ligue 1,15,2013-11-30,FC Lorient,Nice,3:0,DM,,,,,,,,,90,
2013/14,111051,Nampalys Mendy,Ligue 1,16,2013-12-03,Nice,Monaco,0:3,CM,,,,,,,,,90,
2013/14,111051,Nampalys Mendy,Ligue 1,17,2013-12-07,Stade Reims,Nice,1:0,DM,,,,,,,,,90,
2013/14,111051,Nampalys Mendy,Ligue 1,18,2013-12-14,Nice,FC Sochaux,1:0,DM,,,,,,,,,90,
2013/14,111051,Nampalys Mendy,Ligue 1,19,2013-12-21,Nice,Évian,3:1,DM,,,,,,,,,90,
2013/14,111051,Nampalys Mendy,Ligue 1,20,2014-01-11,Stade Rennais,Nice,0:0,DM,,,,,,,,,90,
2013/14,111051,Nampalys Mendy,Ligue 1,21,2014-01-18,Nice,AC Ajaccio,2:0,CM,,,,,,,,,90,
2013/14,111051,Nampalys Mendy,Ligue 1,22,2014-01-25,Montpellier,Nice,3:1,DM,,,,,,,,,90,
2013/14,111051,Nampalys Mendy,Ligue 1,23,2014-02-02,Nice,Lille,1:0,DM,,,,,,,,,90,
2013/14,111051,Nampalys Mendy,Ligue 1,24,2014-02-08,Valenciennes FC,Nice,2:1,DM,,,,48,,,,,90,
2013/14,111051,Nampalys Mendy,Ligue 1,25,2014-02-15,Nice,FC Nantes,0:0,DM,,,,,,,,,90,
2013/14,111051,Nampalys Mendy,Ligue 1,26,2014-02-22,Guingamp,Nice,1:0,DM,,,,,,,,,90,
2013/14,111051,Nampalys Mendy,Ligue 1,27,2014-03-01,Nice,Toulouse,0:2,DM,,,,,,,,,90,
2013/14,111051,Nampalys Mendy,Ligue 1,28,2014-03-07,Marseille,Nice,0:1,DM,,,,,,,,,90,
2013/14,111051,Nampalys Mendy,Ligue 1,29,2014-03-15,Nice,SC Bastia,2:0,DM,,,,,,,,,90,
2013/14,111051,Nampalys Mendy,Ligue 1,30,2014-03-22,G. Bordeaux,Nice,1:1,DM,,,,,,,,,90,
2013/14,111051,Nampalys Mendy,Ligue 1,31,2014-03-28,Nice,PSG,0:1,DM,,,,,,,,,90,
2013/14,111051,Nampalys Mendy,Ligue 1,32,2014-04-06,Saint-Étienne,Nice,1:1,CM,,,,58,,,,,90,
2013/14,111051,Nampalys Mendy,Ligue 1,33,2014-04-12,Nice,FC Lorient,1:2,DM,,,,,,,,,90,
2013/14,111051,Nampalys Mendy,Ligue 1,34,2014-04-20,Monaco,Nice,1:0,DM,,,,,,,,,90,
2013/14,111051,Nampalys Mendy,Ligue 1,35,2014-04-26,Nice,Stade Reims,1:0,DM,,,,,,,,,90,
2013/14,111051,Nampalys Mendy,Ligue 1,36,2014-05-04,FC Sochaux,Nice,2:0,DM,,,,,,,,,90,
2013/14,111051,Nampalys Mendy,Ligue 1,37,2014-05-10,Évian,Nice,2:0,DM,,,,,,,,,90,
2013/14,111051,Nampalys Mendy,Ligue 1,38,2014-05-17,Nice,Lyon,0:1,DM,,,,,,,,,90,
2013/14,111051,Nampalys Mendy,Coupe de France,Sixth Round,2014-01-05,FC Nantes,Nice,0:2,DM,,,,,,,,89,89,
2013/14,111051,Nampalys Mendy,Coupe de France,Seventh Round,2014-01-21,Marseille,Nice,4:5,DM,,,,,,,,,90,
2013/14,111051,Nampalys Mendy,Coupe de France,Round of 16,2014-02-12,Nice,Monaco,0:1 AET,DM,,,,,,,,,120,
2013/14,111051,Nampalys Mendy,Coupe de la Ligue,Round of 16,2013-12-18,Nice,FC Sochaux,3:0,DM,,,,,,,,,90,
2013/14,111051,Nampalys Mendy,Coupe de la Ligue,Quarter-Finals,2014-01-15,FC Nantes,Nice,4:3,DM,,,,,,,,,90,
2013/14,111051,Nampalys Mendy,UEFA European Under-21 Championship Qualifying,Group 10,2013-09-05,France U21,Kazakhstan U21,5:0,Not in squad,,,,,,,,,,
2013/14,111051,Nampalys Mendy,UEFA European Under-21 Championship Qualifying,Group 10,2013-09-09,Belarus U21,France U21,1:2,Not in squad,,,,,,,,,,
2013/14,111051,Nampalys Mendy,UEFA European Under-21 Championship Qualifying,Group 10,2013-10-10,Armenia U21,France U21,1:4,on the bench,,,,,,,,,,
2013/14,111051,Nampalys Mendy,UEFA European Under-21 Championship Qualifying,Group 10,2013-10-14,Iceland U21,France U21,3:4,on the bench,,,,,,,,,,
2013/14,111051,Nampalys Mendy,UEFA European Under-21 Championship Qualifying,Group 10,2013-11-14,France U21,Armenia U21,6:0,Not in squad,,,,,,,,,,
2013/14,111051,Nampalys Mendy,UEFA European Under-21 Championship Qualifying,Group 10,2014-03-04,France U21,Belarus U21,1:0,Not in squad,,,,,,,,,,
2014/15,111051,Nampalys Mendy,UEFA European Under-21 Championship Qualifying,Group 10,2014-09-04,Kazakhstan U21,France U21,1:5,DM,,,,,,,,,90,
2014/15,111051,Nampalys Mendy,UEFA European Under-21 Championship Qualifying,Group 10,2014-09-08,France U21,Iceland U21,1:1,on the bench,,,,,,,,,,
2014/15,111051,Nampalys Mendy,UEFA European Under-21 Championship Qualifying,Qualifying Round 1st leg,2014-10-10,France U21,Sweden U21,2:0,Not in squad,,,,,,,,,,
2014/15,111051,Nampalys Mendy,UEFA European Under-21 Championship Qualifying,Qualifying Round 2nd leg,2014-10-14,Sweden U21,France U21,4:1,Not in squad,,,,,,,,,,
