﻿season,player_id,player_name,competition,journey,date,home_team,away_team,result,position,goals,assists,own_goals,yellow_cards,second_yellow_cards,red_cards,substitutions_on,substitutions_off,minutes_played,transfermarkt_score
2024/25,1005575,Vitor Reis,UEFA Champions League,Group Stage,2025-01-22,PSG,Man City,4:2,No eligibility,,,,,,,,,,
2024/25,1005575,Vitor Reis,UEFA Champions League,Group Stage,2025-01-29,Man City,Club Brugge,3:1,No eligibility,,,,,,,,,,
2024/25,1005575,Vitor Reis,UEFA Champions League,intermediate stage 1st leg,2025-02-11,Man City,Real Madrid,2:3,Not in squad,,,,,,,,,,
2024/25,1005575,Vitor Reis,UEFA Champions League,intermediate stage 2nd leg,2025-02-19,Real Madrid,Man City,3:1,Not in squad,,,,,,,,,,
2024/25,1005575,Vitor Reis,FIFA Club World Cup,Group G,2025-06-18,Man City,Wydad AC,2:0,CB,,,,,,,,,90,
2024/25,1005575,Vitor Reis,FIFA Club World Cup,Group G,2025-06-23,Man City,Al-Ain,6:0,on the bench,,,,,,,,,,
2024/25,1005575,Vitor Reis,FIFA Club World Cup,Group G,2025-06-26,Juventus,Man City,2:5,on the bench,,,,,,,,,,
2025/26,1005575,Vitor Reis,FIFA Club World Cup,Round of 16,2025-07-01,Man City,Al-Hilal,3:4 AET,on the bench,,,,,,,,,,
2024/25,1005575,Vitor Reis,Premier League,23,2025-01-25,Man City,Chelsea,3:1,on the bench,,,,,,,,,,
2024/25,1005575,Vitor Reis,Premier League,24,2025-02-02,Arsenal,Man City,5:1,on the bench,,,,,,,,,,
2024/25,1005575,Vitor Reis,Premier League,25,2025-02-15,Man City,Newcastle,4:0,on the bench,,,,,,,,,,
2024/25,1005575,Vitor Reis,Premier League,26,2025-02-23,Man City,Liverpool,0:2,on the bench,,,,,,,,,,
2024/25,1005575,Vitor Reis,Premier League,27,2025-02-26,Tottenham,Man City,0:1,Not in squad,,,,,,,,,,
2024/25,1005575,Vitor Reis,Premier League,28,2025-03-08,Nott'm Forest,Man City,1:0,on the bench,,,,,,,,,,
2024/25,1005575,Vitor Reis,Premier League,29,2025-03-15,Man City,Brighton,2:2,on the bench,,,,,,,,,,
2024/25,1005575,Vitor Reis,Premier League,30,2025-04-02,Man City,Leicester,2:0,,,,,,,,90,,1,
2024/25,1005575,Vitor Reis,Premier League,31,2025-04-06,Man Utd,Man City,0:0,on the bench,,,,,,,,,,
2024/25,1005575,Vitor Reis,Premier League,32,2025-04-12,Man City,Crystal Palace,5:2,on the bench,,,,,,,,,,
2024/25,1005575,Vitor Reis,Premier League,33,2025-04-19,Everton,Man City,0:2,Not in squad,,,,,,,,,,
2024/25,1005575,Vitor Reis,Premier League,34,2025-04-22,Man City,Aston Villa,2:1,Not in squad,,,,,,,,,,
2024/25,1005575,Vitor Reis,Premier League,35,2025-05-02,Man City,Wolves,1:0,Not in squad,,,,,,,,,,
2024/25,1005575,Vitor Reis,Premier League,36,2025-05-10,Southampton,Man City,0:0,Not in squad,,,,,,,,,,
2024/25,1005575,Vitor Reis,Premier League,37,2025-05-20,Man City,Bournemouth,3:1,Not in squad,,,,,,,,,,
2024/25,1005575,Vitor Reis,Premier League,38,2025-05-25,Fulham,Man City,0:2,Not in squad,,,,,,,,,,
2024/25,1005575,Vitor Reis,FA Cup,Fourth Round,2025-02-08,Leyton Orient,Man City,1:2,CB,,,,,,,,46,45,
2024/25,1005575,Vitor Reis,FA Cup,Fifth Round,2025-03-01,Man City,Plymouth,3:1,CB,,,,,,,,,90,
2024/25,1005575,Vitor Reis,FA Cup,Quarter-Finals,2025-03-30,Bournemouth,Man City,1:2,on the bench,,,,,,,,,,
2024/25,1005575,Vitor Reis,FA Cup,Semi-Finals,2025-04-27,Nott'm Forest,Man City,0:2,on the bench,,,,,,,,,,
2024/25,1005575,Vitor Reis,FA Cup,Final,2025-05-17,Crystal Palace,Man City,1:0,on the bench,,,,,,,,,,
2024/25,1005575,Vitor Reis,Campeonato Paulista,1,2025-01-16,Palmeiras,Portuguesa,2:0,Not in squad,,,,,,,,,,
2024/25,1005575,Vitor Reis,Campeonato Paulista,2,2025-01-18,Noroeste,Palmeiras,1:1,Not in squad,,,,,,,,,,
2024/25,1005575,Vitor Reis,Premier League 2 Playoffs,Round of 16,2025-04-25,Man City U21,Liverpool U21,2:1 AET,Not in squad,,,,,,,,,,
2024/25,1005575,Vitor Reis,Premier League 2 Playoffs,Quarter-Finals,2025-05-03,Man City U21,Arsenal U21,3:2 AET,Not in squad,,,,,,,,,,
2024/25,1005575,Vitor Reis,Premier League 2 Playoffs,Semi-Finals,2025-05-09,Man City U21,Man Utd U21,2:0,Not in squad,,,,,,,,,,
2024/25,1005575,Vitor Reis,Premier League 2 Playoffs,Final,2025-05-22,Man City U21,Southampton U21,2:0,Not in squad,,,,,,,,,,
2024/25,1005575,Vitor Reis,Premier League 2,13,2025-01-24,Wolves U21,Man City U21,3:1,Not in squad,,,,,,,,,,
2024/25,1005575,Vitor Reis,Premier League 2,14,2025-02-08,Blackburn U21,Man City U21,1:3,Not in squad,,,,,,,,,,
2024/25,1005575,Vitor Reis,Premier League 2,15,2025-02-17,Man City U21,Tottenham U21,2:0,Not in squad,,,,,,,,,,
2024/25,1005575,Vitor Reis,Premier League 2,16,2025-02-21,Boro U21,Man City U21,0:3,Not in squad,,,,,,,,,,
2024/25,1005575,Vitor Reis,Premier League 2,17,2025-02-28,Man City U21,Chelsea U21,5:0,Not in squad,,,,,,,,,,
2024/25,1005575,Vitor Reis,Premier League 2,18,2025-03-16,Man City U21,Palace U21,2:3,CB,,,,,,,,,90,
2024/25,1005575,Vitor Reis,Premier League 2,19,2025-04-07,Fulham U21,Man City U21,1:1,Not in squad,,,,,,,,,,
2024/25,1005575,Vitor Reis,Premier League 2,20,2025-04-14,Man City U21,Newcastle U21,4:0,Not in squad,,,,,,,,,,
