﻿season,player_id,player_name,competition,journey,date,home_team,away_team,result,position,goals,assists,own_goals,yellow_cards,second_yellow_cards,red_cards,substitutions_on,substitutions_off,minutes_played,transfermarkt_score
2020/21,108354,Jordan Ayew,International Friendlies,13,2020-10-09,Mali,Ghana,3:0,CF,,,,,,,,,90,
2020/21,108354,Jordan Ayew,International Friendlies,12,2020-10-12,Ghana,Qatar,5:1,CF,,1,,,,,,85,85,
2020/21,108354,Jordan Ayew,International Friendlies,9,2021-06-08,Morocco,Ghana,1:0,LW,,,,,,,,,90,
2020/21,108354,Jordan Ayew,International Friendlies,9,2021-06-12,Ghana,Ivory Coast,0:0,LW,,,,,,,,,90,
2020/21,108354,Jordan Ayew,Premier League,1,2020-09-12,Crystal Palace,Southampton,1:0,CF,,,,,,,,,90,
2020/21,108354,Jordan Ayew,Premier League,2,2020-09-19,Man Utd,Crystal Palace,1:3,CF,,,,,,,,81,81,
2020/21,108354,Jordan Ayew,Premier League,3,2020-09-26,Crystal Palace,Everton,1:2,CF,,,,,,,,82,82,
2020/21,108354,Jordan Ayew,Premier League,4,2020-10-03,Chelsea,Crystal Palace,4:0,CF,,,,,,,,,90,
2020/21,108354,Jordan Ayew,Premier League,5,2020-10-18,Crystal Palace,Brighton,1:1,Not in squad,,,,,,,,,,
2020/21,108354,Jordan Ayew,Premier League,6,2020-10-24,Fulham,Crystal Palace,1:2,Virus,,,,,,,,,,
2020/21,108354,Jordan Ayew,Premier League,7,2020-10-30,Wolves,Crystal Palace,2:0,Centre Forward,,,,,,,72,,18,
2020/21,108354,Jordan Ayew,Premier League,8,2020-11-07,Crystal Palace,Leeds,4:1,CF,1,,,,,,,85,85,
2020/21,108354,Jordan Ayew,Premier League,9,2020-11-23,Burnley,Crystal Palace,1:0,CF,,,,,,,,77,77,
2020/21,108354,Jordan Ayew,Premier League,10,2020-11-27,Crystal Palace,Newcastle,0:2,CF,,,,,,,,66,66,
2020/21,108354,Jordan Ayew,Premier League,11,2020-12-06,West Brom,Crystal Palace,1:5,Centre Forward,,,,,,,74,,16,
2020/21,108354,Jordan Ayew,Premier League,12,2020-12-13,Crystal Palace,Tottenham,1:1,on the bench,,,,,,,,,,
2020/21,108354,Jordan Ayew,Premier League,13,2020-12-16,West Ham,Crystal Palace,1:1,LW,,,,,,,76,,14,
2020/21,108354,Jordan Ayew,Premier League,14,2020-12-19,Crystal Palace,Liverpool,0:7,CF,,,,,,,,,90,
2020/21,108354,Jordan Ayew,Premier League,15,2020-12-26,Aston Villa,Crystal Palace,3:0,on the bench,,,,,,,,,,
2020/21,108354,Jordan Ayew,Premier League,16,2020-12-28,Crystal Palace,Leicester,1:1,LW,,,,,,,84,,6,
2020/21,108354,Jordan Ayew,Premier League,17,2021-01-02,Crystal Palace,Sheff Utd,2:0,CF,,,,,,,48,,42,
2020/21,108354,Jordan Ayew,Premier League,18,2021-01-14,Arsenal,Crystal Palace,0:0,CF,,,,,,,81,,9,
2020/21,108354,Jordan Ayew,Premier League,19,2021-01-17,Man City,Crystal Palace,4:0,CF,,,,,,,,,90,
2020/21,108354,Jordan Ayew,Premier League,20,2021-01-26,Crystal Palace,West Ham,2:3,,,1,,,,,73,,17,
2020/21,108354,Jordan Ayew,Premier League,21,2021-01-30,Crystal Palace,Wolves,1:0,Centre Forward,,1,,,,,,,90,
2020/21,108354,Jordan Ayew,Premier League,22,2021-02-02,Newcastle,Crystal Palace,1:2,Centre Forward,,,,93,,,,,90,
2020/21,108354,Jordan Ayew,Premier League,23,2021-02-08,Leeds,Crystal Palace,2:0,CF,,,,,,,,76,76,
2020/21,108354,Jordan Ayew,Premier League,24,2021-02-13,Crystal Palace,Burnley,0:3,Centre Forward,,,,,,,,,90,
2020/21,108354,Jordan Ayew,Premier League,25,2021-02-22,Brighton,Crystal Palace,1:2,Centre Forward,,1,,,,,,,90,
2020/21,108354,Jordan Ayew,Premier League,26,2021-02-28,Crystal Palace,Fulham,0:0,LW,,,,,,,,,90,
2020/21,108354,Jordan Ayew,Premier League,29,2021-03-03,Crystal Palace,Man Utd,0:0,CF,,,,,,,,,90,
2020/21,108354,Jordan Ayew,Premier League,27,2021-03-07,Tottenham,Crystal Palace,4:1,CF,,,,29,,,,,90,
2020/21,108354,Jordan Ayew,Premier League,28,2021-03-13,Crystal Palace,West Brom,1:0,LW,,,,,,,,84,84,
2020/21,108354,Jordan Ayew,Premier League,30,2021-04-05,Everton,Crystal Palace,1:1,Centre Forward,,,,,,,,84,84,
2020/21,108354,Jordan Ayew,Premier League,31,2021-04-10,Crystal Palace,Chelsea,1:4,Centre Forward,,,,,,,,76,76,
2020/21,108354,Jordan Ayew,Premier League,33,2021-04-26,Leicester,Crystal Palace,2:1,Centre Forward,,,,,,,,78,78,
2020/21,108354,Jordan Ayew,Premier League,34,2021-05-01,Crystal Palace,Man City,0:2,Centre Forward,,,,,,,82,,8,
2020/21,108354,Jordan Ayew,Premier League,35,2021-05-08,Sheff Utd,Crystal Palace,0:2,,,,,,,,75,,15,
2020/21,108354,Jordan Ayew,Premier League,32,2021-05-11,Southampton,Crystal Palace,3:1,Centre Forward,,,,,,,,72,72,
2020/21,108354,Jordan Ayew,Premier League,36,2021-05-16,Crystal Palace,Aston Villa,3:2,on the bench,,,,,,,,,,
2020/21,108354,Jordan Ayew,Premier League,37,2021-05-19,Crystal Palace,Arsenal,1:3,CF,,,,,,,79,,11,
2020/21,108354,Jordan Ayew,Premier League,38,2021-05-23,Liverpool,Crystal Palace,2:0,LW,,,,71,,,,,90,
2020/21,108354,Jordan Ayew,FA Cup,Third Round,2021-01-08,Wolves,Crystal Palace,1:0,Centre Forward,,,,,,,,,90,
2020/21,108354,Jordan Ayew,EFL Cup,Second Round,2020-09-15,Bournemouth,Crystal Palace,11:10 on pens,CF,,,,,,,60,,30,
