﻿season,player_id,player_name,competition,journey,date,home_team,away_team,result,position,goals,assists,own_goals,yellow_cards,second_yellow_cards,red_cards,substitutions_on,substitutions_off,minutes_played,transfermarkt_score
2025/26,108354,Jordan Ayew,Championship,1,2025-08-10,Leicester,Sheff Wed,2:1,CF,,,,,,,,,90,
2025/26,108354,Jordan Ayew,Championship,2,2025-08-16,Preston,Leicester,2:1,CF,,,,,,,,,90,
2025/26,108354,Jordan Ayew,Championship,3,2025-08-23,Charlton,Leicester,0:1,CF,,,,55,,,,,90,
2025/26,108354,Jordan Ayew,Championship,4,2025-08-29,Leicester,Birmingham,2:0,CF,,,,,,,,,90,
2025/26,108354,Jordan Ayew,Championship,5,2025-09-13,Oxford United,Leicester,2:2,CF,1,,,,,,,90,90,
2025/26,108354,Jordan Ayew,Championship,6,2025-09-20,Leicester,Coventry,0:0,CF,,,,,,,,88,88,
2025/26,108354,Jordan Ayew,Championship,7,2025-09-26,West Brom,Leicester,1:1,CF,,,,,,,,73,73,
2025/26,108354,Jordan Ayew,Championship,8,2025-09-30,Leicester,Wrexham,1:1,,,,,,,,82,,8,
2025/26,108354,Jordan Ayew,Championship,9,2025-10-04,Swansea,Leicester,1:3,on the bench,,,,,,,,,,
2025/26,108354,Jordan Ayew,Championship,10,2025-10-18,Leicester,Portsmouth,1:1,,,,,,,,72,,18,
2025/26,108354,Jordan Ayew,Championship,11,2025-10-21,Hull City,Leicester,2:1,LM,,1,,,,,,,90,
2025/26,108354,Jordan Ayew,Championship,12,2025-10-25,Millwall,Leicester,1:0,CF,,,,,,,,77,77,
2025/26,108354,Jordan Ayew,Championship,13,2025-11-01,Leicester,Blackburn,0:2,,,,,,,,64,,26,
2025/26,108354,Jordan Ayew,Championship,14,2025-11-04,Leicester,Middlesbrough,1:1,LM,1,,,59,,,,,90,
2025/26,108354,Jordan Ayew,Championship,15,2025-11-08,Norwich,Leicester,1:2,LM,,,,,,,,73,73,
2025/26,108354,Jordan Ayew,Championship,16,2025-11-22,Leicester,Stoke City,2:1,on the bench,,,,,,,,,,
2025/26,108354,Jordan Ayew,Championship,17,2025-11-25,Southampton,Leicester,3:0,,,,,,,,46,,45,
2025/26,108354,Jordan Ayew,Championship,18,2025-11-29,Leicester,Sheff Utd,2:3,,,,,,,,46,,45,
2025/26,108354,Jordan Ayew,EFL Cup,First Round,2025-08-13,Huddersfield,Leicester,5:4 on pens,,,,,,,,82,,8,
