﻿season,player_id,player_name,competition,journey,date,home_team,away_team,result,position,goals,assists,own_goals,yellow_cards,second_yellow_cards,red_cards,substitutions_on,substitutions_off,minutes_played,transfermarkt_score
2024/25,1004327,Min-hyeok Yang,UEFA Europa League,Group Stage,2025-01-23,Hoffenheim,Tottenham,2:3,No eligibility,,,,,,,,,,
2024/25,1004327,Min-hyeok Yang,Premier League,20,2025-01-04,Tottenham,Newcastle,1:2,Not in squad,,,,,,,,,,
2024/25,1004327,Min-hyeok Yang,Premier League,21,2025-01-15,Arsenal,Tottenham,2:1,Not in squad,,,,,,,,,,
2024/25,1004327,Min-hyeok Yang,Premier League,22,2025-01-19,Everton,Tottenham,3:2,on the bench,,,,,,,,,,
2024/25,1004327,Min-hyeok Yang,Premier League,23,2025-01-26,Tottenham,Leicester,1:2,on the bench,,,,,,,,,,
2024/25,1004327,Min-hyeok Yang,Championship,30,2025-02-01,Millwall,QPR,2:1,Centre Forward,,,,,,,76,,14,
2024/25,1004327,Min-hyeok Yang,Championship,31,2025-02-04,QPR,Blackburn,2:1,,,,,,,,66,,24,
2024/25,1004327,Min-hyeok Yang,Championship,32,2025-02-11,Coventry,QPR,1:0,,,,,,,,71,,19,
2024/25,1004327,Min-hyeok Yang,Championship,33,2025-02-14,QPR,Derby,4:0,Centre Forward,,1,,,,,,63,63,
2024/25,1004327,Min-hyeok Yang,Championship,34,2025-02-22,Portsmouth,QPR,2:1,,,,,,,,68,,22,
2024/25,1004327,Min-hyeok Yang,Championship,35,2025-03-01,QPR,Sheff Utd,1:2,Centre Forward,,,,,,,,66,66,
2024/25,1004327,Min-hyeok Yang,Championship,36,2025-03-08,West Brom,QPR,1:0,Centre Forward,,,,,,,,89,89,
2024/25,1004327,Min-hyeok Yang,Championship,37,2025-03-11,Middlesbrough,QPR,2:1,Centre Forward,,,,,,,,46,45,
2024/25,1004327,Min-hyeok Yang,Championship,38,2025-03-15,QPR,Leeds,2:2,on the bench,,,,,,,,,,
2024/25,1004327,Min-hyeok Yang,Championship,39,2025-03-29,Stoke City,QPR,3:1,,1,,,67,,,46,,45,
2024/25,1004327,Min-hyeok Yang,Championship,40,2025-04-05,QPR,Cardiff,0:0,LW,,,,,,,,61,61,
2024/25,1004327,Min-hyeok Yang,Championship,41,2025-04-09,Oxford United,QPR,1:3,,1,,,,,,64,,26,
2024/25,1004327,Min-hyeok Yang,Championship,42,2025-04-12,QPR,Bristol City,1:1,CF,,,,,,,,87,87,
2024/25,1004327,Min-hyeok Yang,Championship,43,2025-04-18,Preston,QPR,1:2,CF,,,,,,,,66,66,
2024/25,1004327,Min-hyeok Yang,Championship,44,2025-04-21,QPR,Swansea,1:2,Centre Forward,,,,,,,,67,67,
2024/25,1004327,Min-hyeok Yang,Championship,45,2025-04-26,QPR,Burnley,0:5,on the bench,,,,,,,,,,
2024/25,1004327,Min-hyeok Yang,Championship,46,2025-05-03,Sunderland,QPR,0:1,Not in squad,,,,,,,,,,
2024/25,1004327,Min-hyeok Yang,FA Cup,Third Round,2025-01-12,Tamworth,Tottenham,0:3 AET,Not in squad,,,,,,,,,,
2024/25,1004327,Min-hyeok Yang,EFL Cup,Semi-Finals 1st Leg,2025-01-08,Tottenham,Liverpool,1:0,on the bench,,,,,,,,,,
