﻿season,player_id,player_name,competition,journey,date,home_team,away_team,result,position,goals,assists,own_goals,yellow_cards,second_yellow_cards,red_cards,substitutions_on,substitutions_off,minutes_played,transfermarkt_score
2022/23,108354,Jordan Ayew,World Cup 2022,Group H,2022-11-24,Portugal,Ghana,3:2,LW,,,,,,,77,,13,
2022/23,108354,Jordan Ayew,World Cup 2022,Group H,2022-11-28,South Korea,Ghana,2:3,LW,,1,,,,,,78,78,
2022/23,108354,Jordan Ayew,World Cup 2022,Group H,2022-12-02,Ghana,Uruguay,0:2,LW,,,,,,,,46,45,
2021/22,108354,Jordan Ayew,International Friendlies,3,2022-01-05,Algeria,Ghana,3:0,Not in squad,,,,,,,,,,
2021/22,108354,Jordan Ayew,International Friendlies,3,2022-06-10,Japan,Ghana,4:1,CF,1,,,,,,,81,81,
2021/22,108354,Jordan Ayew,International Friendlies,45,2022-06-14,Chile,Ghana,1:3 on pens,LW,,,,,,,63,,27,
2021/22,108354,Jordan Ayew,Africa Cup of Nations qualification,Group E,2022-06-01,Ghana,Madagascar,3:0,CF,,,,,,,,,90,
2021/22,108354,Jordan Ayew,Africa Cup of Nations qualification,Group E,2022-06-05,Central Africa,Ghana,1:1,on the bench,,,,,,,,,,
2022/23,108354,Jordan Ayew,Africa Cup of Nations qualification,Group E,2023-03-23,Ghana,Angola,1:0,Centre Forward,,,,,,,,69,69,
2022/23,108354,Jordan Ayew,Africa Cup of Nations qualification,Group E,2023-03-27,Angola,Ghana,1:1,Centre Forward,,,,,,,,,90,
2022/23,108354,Jordan Ayew,Africa Cup of Nations qualification,Group E,2023-06-18,Madagascar,Ghana,0:0,CF,,,,,,,,80,80,
2023/24,108354,Jordan Ayew,Africa Cup of Nations qualification,Group E,2023-09-07,Ghana,Central Africa,2:1,LW,,,,,,,,,90,
2021/22,108354,Jordan Ayew,Premier League,1,2021-08-14,Chelsea,Crystal Palace,3:0,Centre Forward,,,,,,,,,90,
2021/22,108354,Jordan Ayew,Premier League,2,2021-08-21,Crystal Palace,Brentford,0:0,Centre Forward,,,,,,,68,,22,
2021/22,108354,Jordan Ayew,Premier League,3,2021-08-28,West Ham,Crystal Palace,2:2,Centre Forward,,,,,,,,,90,
2021/22,108354,Jordan Ayew,Premier League,4,2021-09-11,Crystal Palace,Tottenham,3:0,Centre Forward,,,,,,,,86,86,
2021/22,108354,Jordan Ayew,Premier League,5,2021-09-18,Liverpool,Crystal Palace,3:0,Centre Forward,,,,,,,,,90,
2021/22,108354,Jordan Ayew,Premier League,6,2021-09-27,Crystal Palace,Brighton,1:1,Centre Forward,,,,,,,,86,86,
2021/22,108354,Jordan Ayew,Premier League,7,2021-10-03,Crystal Palace,Leicester,2:2,Centre Forward,,,,,,,,53,53,
2021/22,108354,Jordan Ayew,Premier League,8,2021-10-18,Arsenal,Crystal Palace,2:2,Centre Forward,,1,,,,,,71,71,
2021/22,108354,Jordan Ayew,Premier League,9,2021-10-23,Crystal Palace,Newcastle,1:1,on the bench,,,,,,,,,,
2021/22,108354,Jordan Ayew,Premier League,10,2021-10-30,Man City,Crystal Palace,0:2,Centre Forward,,,,27,,,,65,65,
2021/22,108354,Jordan Ayew,Premier League,11,2021-11-06,Crystal Palace,Wolves,2:0,,,,,,,,89,,1,
2021/22,108354,Jordan Ayew,Premier League,12,2021-11-20,Burnley,Crystal Palace,3:3,RM,,,,,,,,58,58,
2021/22,108354,Jordan Ayew,Premier League,13,2021-11-27,Crystal Palace,Aston Villa,1:2,,,,,,,,87,,3,
2021/22,108354,Jordan Ayew,Premier League,14,2021-11-30,Leeds,Crystal Palace,1:0,Centre Forward,,,,,,,,90,90,
2021/22,108354,Jordan Ayew,Premier League,15,2021-12-05,Man Utd,Crystal Palace,1:0,Centre Forward,,,,,,,,84,84,
2021/22,108354,Jordan Ayew,Premier League,16,2021-12-12,Crystal Palace,Everton,3:1,Centre Forward,,1,,,,,,,90,
2021/22,108354,Jordan Ayew,Premier League,17,2021-12-15,Crystal Palace,Southampton,2:2,Centre Forward,1,,,,,,,75,75,
2021/22,108354,Jordan Ayew,Premier League,19,2021-12-26,Tottenham,Crystal Palace,3:0,Centre Forward,,,,,,,,,90,
2021/22,108354,Jordan Ayew,Premier League,20,2021-12-28,Crystal Palace,Norwich,3:0,Centre Forward,,,,,,,,,90,
2021/22,108354,Jordan Ayew,Premier League,21,2022-01-01,Crystal Palace,West Ham,2:3,Centre Forward,,,,,,,,,90,
2021/22,108354,Jordan Ayew,Premier League,22,2022-01-14,Brighton,Crystal Palace,1:1,Called up to national team,,,,,,,,,,
2021/22,108354,Jordan Ayew,Premier League,23,2022-01-23,Crystal Palace,Liverpool,1:3,LW,,,,,,,77,,13,
2021/22,108354,Jordan Ayew,Premier League,24,2022-02-09,Norwich,Crystal Palace,1:1,Centre Forward,,,,,,,70,,20,
2021/22,108354,Jordan Ayew,Premier League,25,2022-02-12,Brentford,Crystal Palace,0:0,Centre Forward,,,,,,,,78,78,
2021/22,108354,Jordan Ayew,Premier League,26,2022-02-19,Crystal Palace,Chelsea,0:1,Centre Forward,,,,,,,,85,85,
2021/22,108354,Jordan Ayew,Premier League,18,2022-02-23,Watford,Crystal Palace,1:4,Centre Forward,,1,,,,,73,,17,
2021/22,108354,Jordan Ayew,Premier League,27,2022-02-26,Crystal Palace,Burnley,1:1,on the bench,,,,,,,,,,
2021/22,108354,Jordan Ayew,Premier League,28,2022-03-05,Wolves,Crystal Palace,0:2,on the bench,,,,,,,,,,
2021/22,108354,Jordan Ayew,Premier League,29,2022-03-14,Crystal Palace,Man City,0:0,Centre Forward,,,,,,,65,,25,
2021/22,108354,Jordan Ayew,Premier League,31,2022-04-04,Crystal Palace,Arsenal,3:0,Centre Forward,1,,,,,,,76,76,
2021/22,108354,Jordan Ayew,Premier League,32,2022-04-10,Leicester,Crystal Palace,2:1,Centre Forward,,,,,,,,,90,
2021/22,108354,Jordan Ayew,Premier League,30,2022-04-20,Newcastle,Crystal Palace,1:0,Centre Forward,,,,,,,40,,50,
2021/22,108354,Jordan Ayew,Premier League,34,2022-04-25,Crystal Palace,Leeds,0:0,Centre Forward,,,,,,,,67,67,
2021/22,108354,Jordan Ayew,Premier League,35,2022-04-30,Southampton,Crystal Palace,1:2,Centre Forward,,,,,,,,,90,
2021/22,108354,Jordan Ayew,Premier League,36,2022-05-07,Crystal Palace,Watford,1:0,on the bench,,,,,,,,,,
2021/22,108354,Jordan Ayew,Premier League,37,2022-05-15,Aston Villa,Crystal Palace,1:1,on the bench,,,,,,,,,,
2021/22,108354,Jordan Ayew,Premier League,33,2022-05-19,Everton,Crystal Palace,3:2,Centre Forward,1,,,34,,,,,90,
2021/22,108354,Jordan Ayew,Premier League,38,2022-05-22,Crystal Palace,Man Utd,1:0,on the bench,,,,,,,,,,
2021/22,108354,Jordan Ayew,FA Cup,Third Round,2022-01-08,Millwall,Crystal Palace,1:2,Not in squad,,,,,,,,,,
2021/22,108354,Jordan Ayew,FA Cup,Fourth Round,2022-02-05,Crystal Palace,Hartlepool,2:0,on the bench,,,,,,,,,,
2021/22,108354,Jordan Ayew,FA Cup,Fifth Round,2022-03-01,Crystal Palace,Stoke City,2:1,Centre Forward,,,,,,,,64,64,
2021/22,108354,Jordan Ayew,FA Cup,Quarter-Finals,2022-03-20,Crystal Palace,Everton,4:0,Not in squad,,,,,,,,,,
2021/22,108354,Jordan Ayew,FA Cup,Semi-Finals,2022-04-17,Chelsea,Crystal Palace,2:0,CF,,,,,,,55,,35,
2021/22,108354,Jordan Ayew,EFL Cup,Second Round,2021-08-24,Watford,Crystal Palace,1:0,Centre Forward,,,,,,,,,90,
2021/22,108354,Jordan Ayew,Africa Cup of Nations,Group C,2022-01-10,Morocco,Ghana,1:0,CF,,,,,,,,86,86,
2021/22,108354,Jordan Ayew,Africa Cup of Nations,Group C,2022-01-14,Gabon,Ghana,1:1,Centre Forward,,,,,,,,90,90,
2021/22,108354,Jordan Ayew,Africa Cup of Nations,Group C,2022-01-18,Ghana,Comoros,2:3,CF,,,,,,,,,90,
