﻿season,player_id,player_name,competition,journey,date,home_team,away_team,result,position,goals,assists,own_goals,yellow_cards,second_yellow_cards,red_cards,substitutions_on,substitutions_off,minutes_played,transfermarkt_score
2025/26,104495,Lyle Taylor,National League South,1,2025-08-09,Chelmsford,Horsham,1:0,Calf injury,,,,,,,,,,
2025/26,104495,Lyle Taylor,National League South,2,2025-08-16,Weston-super-M.,Chelmsford,0:0,Not in squad,,,,,,,,,,
2025/26,104495,Lyle Taylor,National League South,3,2025-08-19,Ebbsfleet,Chelmsford,1:0,Not in squad,,,,,,,,,,
2025/26,104495,Lyle Taylor,National League South,4,2025-08-23,Chelmsford,Chippenham,2:1,Not in squad,,,,,,,,,,
2025/26,104495,Lyle Taylor,National League South,5,2025-08-25,Maidstone,Chelmsford,0:0,Not in squad,,,,,,,,,,
2025/26,104495,Lyle Taylor,National League South,6,2025-08-30,Chelmsford,Chesham,2:1,,,,,,,,78,,12,
2025/26,104495,Lyle Taylor,National League South,7,2025-09-01,Chelmsford,Farnborough,2:5,,1,,,,,,66,,24,
2025/26,104495,Lyle Taylor,National League South,8,2025-09-06,Maidenhead Utd.,Chelmsford,2:1,,,,,,,,58,,32,
2025/26,104495,Lyle Taylor,National League South,9,2025-09-20,Bath City,Chelmsford,0:1,CF,1,,,,,,,81,81,
2025/26,104495,Lyle Taylor,National League South,10,2025-10-04,Chelmsford,Dorking,1:1,Not in squad,,,,,,,,,,
2025/26,104495,Lyle Taylor,National League South,12,2025-10-18,Chelmsford,Worthing,1:2,CF,1,,,32,,,,,90,
2025/26,104495,Lyle Taylor,National League South,14,2025-10-25,Totton,Chelmsford,2:1,CF,1,,,,,,,,90,
2025/26,104495,Lyle Taylor,National League South,11,2025-10-28,Dover Athletic,Chelmsford,0:1,CF,,1,,,,,,77,77,
2025/26,104495,Lyle Taylor,National League South,16,2025-11-04,Tonbridge,Chelmsford,2:4,Not in squad,,,,,,,,,,
2025/26,104495,Lyle Taylor,National League South,17,2025-11-08,Chelmsford,Hampton & Rich.,1:0,CF,,,,,,,,75,75,
2025/26,104495,Lyle Taylor,National League South,13,2025-11-10,Chelmsford,Hornchurch,2:0,CF,1,,,59,,,,82,82,
2025/26,104495,Lyle Taylor,National League South,18,2025-11-22,Salisbury,Chelmsford,3:0,CF,,,,,,,,,90,
2025/26,104495,Lyle Taylor,National League South,19,2025-11-25,Hemel,Chelmsford,2:1,,,,,4,,,,89,89,
2025/26,104495,Lyle Taylor,National League South,20,2025-11-29,Chelmsford,Torquay,0:2,,,,,,,,,77,77,
2025/26,104495,Lyle Taylor,League Two,1,2025-08-02,Colchester Utd.,Tranmere,1:1,Calf injury,,,,,,,,,,
2025/26,104495,Lyle Taylor,FA Cup,First Round,2025-11-01,Chelmsford,Braintree,4:1,CF,2,,,,,,,79,79,
