﻿season,player_id,player_name,competition,journey,date,home_team,away_team,result,position,goals,assists,own_goals,yellow_cards,second_yellow_cards,red_cards,substitutions_on,substitutions_off,minutes_played,transfermarkt_score
2015/16,101118,Joel Robles,Premier League,1,2015-08-08,Everton,Watford,2:2,on the bench,,,,,,,,,,
2015/16,101118,Joel Robles,Premier League,2,2015-08-15,Southampton,Everton,0:3,on the bench,,,,,,,,,,
2015/16,101118,Joel Robles,Premier League,3,2015-08-23,Everton,Man City,0:2,on the bench,,,,,,,,,,
2015/16,101118,Joel Robles,Premier League,4,2015-08-29,Tottenham,Everton,0:0,on the bench,,,,,,,,,,
2015/16,101118,Joel Robles,Premier League,5,2015-09-12,Everton,Chelsea,3:1,on the bench,,,,,,,,,,
2015/16,101118,Joel Robles,Premier League,6,2015-09-19,Swansea,Everton,0:0,on the bench,,,,,,,,,,
2015/16,101118,Joel Robles,Premier League,7,2015-09-28,West Brom,Everton,2:3,on the bench,,,,,,,,,,
2015/16,101118,Joel Robles,Premier League,8,2015-10-04,Everton,Liverpool,1:1,on the bench,,,,,,,,,,
2015/16,101118,Joel Robles,Premier League,9,2015-10-17,Everton,Man Utd,0:3,on the bench,,,,,,,,,,
2015/16,101118,Joel Robles,Premier League,10,2015-10-24,Arsenal,Everton,2:1,on the bench,,,,,,,,,,
2015/16,101118,Joel Robles,Premier League,11,2015-11-01,Everton,Sunderland,6:2,on the bench,,,,,,,,,,
2015/16,101118,Joel Robles,Premier League,12,2015-11-07,West Ham,Everton,1:1,on the bench,,,,,,,,,,
2015/16,101118,Joel Robles,Premier League,13,2015-11-21,Everton,Aston Villa,4:0,on the bench,,,,,,,,,,
2015/16,101118,Joel Robles,Premier League,14,2015-11-28,Bournemouth,Everton,3:3,on the bench,,,,,,,,,,
2015/16,101118,Joel Robles,Premier League,15,2015-12-07,Everton,Crystal Palace,1:1,on the bench,,,,,,,,,,
2015/16,101118,Joel Robles,Premier League,16,2015-12-12,Norwich,Everton,1:1,on the bench,,,,,,,,,,
2015/16,101118,Joel Robles,Premier League,17,2015-12-19,Everton,Leicester,2:3,on the bench,,,,,,,,,,
2015/16,101118,Joel Robles,Premier League,18,2015-12-26,Newcastle,Everton,0:1,on the bench,,,,,,,,,,
2015/16,101118,Joel Robles,Premier League,19,2015-12-28,Everton,Stoke City,3:4,on the bench,,,,,,,,,,
2015/16,101118,Joel Robles,Premier League,20,2016-01-03,Everton,Tottenham,1:1,on the bench,,,,,,,,,,
2015/16,101118,Joel Robles,Premier League,21,2016-01-13,Man City,Everton,0:0,on the bench,,,,,,,,,,
2015/16,101118,Joel Robles,Premier League,22,2016-01-16,Chelsea,Everton,3:3,on the bench,,,,,,,,,,
2015/16,101118,Joel Robles,Premier League,23,2016-01-24,Everton,Swansea,1:2,on the bench,,,,,,,,,,
2015/16,101118,Joel Robles,Premier League,24,2016-02-03,Everton,Newcastle,3:0,GK,,,,,,,,,90,
2015/16,101118,Joel Robles,Premier League,25,2016-02-06,Stoke City,Everton,0:3,GK,,,,,,,,,90,
2015/16,101118,Joel Robles,Premier League,26,2016-02-13,Everton,West Brom,0:1,GK,,,,,,,,,90,
2015/16,101118,Joel Robles,Premier League,28,2016-03-01,Aston Villa,Everton,1:3,GK,,,,,,,,,90,
2015/16,101118,Joel Robles,Premier League,29,2016-03-05,Everton,West Ham,2:3,GK,,,,75,,,,,90,
2015/16,101118,Joel Robles,Premier League,31,2016-03-19,Everton,Arsenal,0:2,GK,,,,,,,,,90,
2015/16,101118,Joel Robles,Premier League,32,2016-04-03,Man Utd,Everton,1:0,GK,,,,,,,,,90,
2015/16,101118,Joel Robles,Premier League,33,2016-04-09,Watford,Everton,1:1,GK,,,,,,,,,90,
2015/16,101118,Joel Robles,Premier League,35,2016-04-13,Crystal Palace,Everton,0:0,GK,,,,,,,,,90,
2015/16,101118,Joel Robles,Premier League,34,2016-04-16,Everton,Southampton,1:1,GK,,,,,,,,,90,
2015/16,101118,Joel Robles,Premier League,27,2016-04-20,Liverpool,Everton,4:0,GK,,,,,,,,,90,
2015/16,101118,Joel Robles,Premier League,36,2016-04-30,Everton,Bournemouth,2:1,on the bench,,,,,,,,,,
2015/16,101118,Joel Robles,Premier League,37,2016-05-07,Leicester,Everton,3:1,GK,,,,,,,,,90,
2015/16,101118,Joel Robles,Premier League,30,2016-05-11,Sunderland,Everton,3:0,GK,,,,,,,,,90,
2015/16,101118,Joel Robles,Premier League,38,2016-05-15,Everton,Norwich,3:0,on the bench,,,,,,,,,,
2015/16,101118,Joel Robles,FA Cup,Third Round,2016-01-09,Everton,Dag & Red FC,2:0,GK,,,,,,,,,90,
2015/16,101118,Joel Robles,FA Cup,Fourth Round,2016-01-31,Carlisle United,Everton,0:3,GK,,,,,,,,,90,
2015/16,101118,Joel Robles,FA Cup,Fifth Round,2016-02-20,Bournemouth,Everton,0:2,GK,,,,,,,,,90,
2015/16,101118,Joel Robles,FA Cup,Sixth Round,2016-03-12,Everton,Chelsea,2:0,GK,,,,,,,,,90,
2015/16,101118,Joel Robles,FA Cup,Semi-Finals,2016-04-23,Everton,Man Utd,1:2,GK,,,,,,,,,90,
2015/16,101118,Joel Robles,League Cup,Second Round,2015-08-26,Barnsley,Everton,3:5 AET,GK,,,,,,,,,120,
2015/16,101118,Joel Robles,League Cup,Third Round,2015-09-22,Reading,Everton,1:2,GK,,,,,,,,,90,
2015/16,101118,Joel Robles,League Cup,Fourth Round,2015-10-27,Everton,Norwich,5:4 on pens,GK,,,,,,,,,120,
2015/16,101118,Joel Robles,League Cup,Quarter-Finals,2015-12-01,Middlesbrough,Everton,0:2,GK,,,,,,,,,90,
2015/16,101118,Joel Robles,League Cup,Semi-Finals 1st Leg,2016-01-06,Everton,Man City,2:1,GK,,,,,,,,,90,
2015/16,101118,Joel Robles,League Cup,Semi-Finals 2nd Leg,2016-01-27,Man City,Everton,3:1,GK,,,,,,,,,90,
2015/16,101118,Joel Robles,U21 Premier League,1,2015-08-10,Tottenham U21,Everton U21,4:1,Not in squad,,,,,,,,,,
2015/16,101118,Joel Robles,U21 Premier League,2,2015-08-19,Everton U21,Liverpool U21,3:3,Not in squad,,,,,,,,,,
2015/16,101118,Joel Robles,U21 Premier League,3,2015-08-24,Leicester U21,Everton U21,1:1,Not in squad,,,,,,,,,,
2015/16,101118,Joel Robles,U21 Premier League,4,2015-09-14,Everton U21,Sunderland U21,1:1,GK,,,,,,,,,90,
2015/16,101118,Joel Robles,U21 Premier League,5,2015-09-21,Man Utd U21,Everton U21,3:1,Not in squad,,,,,,,,,,
2015/16,101118,Joel Robles,U21 Premier League,6,2015-09-29,Everton U21,Norwich U21,3:1,Not in squad,,,,,,,,,,
2015/16,101118,Joel Robles,U21 Premier League,8,2015-10-26,Southampton U21,Everton U21,0:2,Not in squad,,,,,,,,,,
2015/16,101118,Joel Robles,U21 Premier League,7,2015-11-08,Boro U21,Everton U21,1:0,Not in squad,,,,,,,,,,
2015/16,101118,Joel Robles,U21 Premier League,12,2015-12-06,Liverpool U21,Everton U21,1:3,Not in squad,,,,,,,,,,
2015/16,101118,Joel Robles,U21 Premier League,11,2015-12-09,Reading U21,Everton U21,1:1,Not in squad,,,,,,,,,,
2015/16,101118,Joel Robles,U21 Premier League,13,2015-12-14,Everton U21,Tottenham U21,1:1,Not in squad,,,,,,,,,,
2015/16,101118,Joel Robles,U21 Premier League,14,2016-01-11,Man City U21,Everton U21,0:1,Not in squad,,,,,,,,,,
2015/16,101118,Joel Robles,U21 Premier League,16,2016-02-01,Everton U21,Man Utd U21,2:0,Not in squad,,,,,,,,,,
2015/16,101118,Joel Robles,U21 Premier League,15,2016-02-15,Everton U21,Southampton U21,3:1,Not in squad,,,,,,,,,,
2015/16,101118,Joel Robles,U21 Premier League,19,2016-03-07,Sunderland U21,Everton U21,3:2,Not in squad,,,,,,,,,,
2015/16,101118,Joel Robles,U21 Premier League,20,2016-03-14,Everton U21,Reading U21,0:2,Not in squad,,,,,,,,,,
2015/16,101118,Joel Robles,U21 Premier League,18,2016-03-17,Everton U21,Boro U21,2:2,Not in squad,,,,,,,,,,
2015/16,101118,Joel Robles,U21 Premier League,21,2016-04-04,Norwich U21,Everton U21,1:2,Not in squad,,,,,,,,,,
2015/16,101118,Joel Robles,U21 Premier League,10,2016-04-11,Everton U21,Chelsea U21,2:0,Not in squad,,,,,,,,,,
2015/16,101118,Joel Robles,U21 Premier League,9,2016-04-18,Everton U21,Man City U21,1:0,Not in squad,,,,,,,,,,
2015/16,101118,Joel Robles,U21 Premier League,22,2016-04-25,Everton U21,Leicester U21,3:1,Not in squad,,,,,,,,,,
2015/16,101118,Joel Robles,U21 Premier League,17,2016-05-02,Chelsea U21,Everton U21,0:0,Not in squad,,,,,,,,,,
2015/16,101118,Joel Robles,Premier League International Cup U21,Group B,2015-08-31,Everton U21,Tottenham U21,4:1,,,,,,,,,,90,
2015/16,101118,Joel Robles,Premier League International Cup U21,Group B,2015-10-20,Everton U21,Schalke 04 II,0:1,,,,,,,,,,90,
2015/16,101118,Joel Robles,Premier League International Cup U21,Group B,2015-11-22,Everton U21,FC Porto B,2:3,,,,,,,,,,90,
2015/16,101118,Joel Robles,U21 Premier League Cup,Third Round,2016-01-14,Everton U21,Newcastle U21,4:3,Information not yet available,,,,,,,,,,
2015/16,101118,Joel Robles,U21 Premier League Cup,Round of 16,2016-02-09,Everton U21,Brighton U21,4:6 on pens,Information not yet available,,,,,,,,,,
