﻿season,player_id,player_name,competition,journey,date,home_team,away_team,result,position,goals,assists,own_goals,yellow_cards,second_yellow_cards,red_cards,substitutions_on,substitutions_off,minutes_played,transfermarkt_score
2025/26,1108667,Dovydas Sasnauskas,International Friendlies,24,2025-10-14,Netherlands U21,Lithuania U21,2:0,Not in squad,,,,,,,,,,
2025/26,1108667,Dovydas Sasnauskas,Championship,1,2025-08-09,Sheff Utd,Bristol City,1:4,on the bench,,,,,,,,,,
2025/26,1108667,Dovydas Sasnauskas,Championship,2,2025-08-16,Swansea,Sheff Utd,1:0,Not in squad,,,,,,,,,,
2025/26,1108667,Dovydas Sasnauskas,Championship,3,2025-08-23,Sheff Utd,Millwall,0:1,Not in squad,,,,,,,,,,
2025/26,1108667,Dovydas Sasnauskas,Championship,4,2025-08-30,Middlesbrough,Sheff Utd,1:0,Not in squad,,,,,,,,,,
2025/26,1108667,Dovydas Sasnauskas,Championship,5,2025-09-12,Ipswich,Sheff Utd,5:0,Not in squad,,,,,,,,,,
2025/26,1108667,Dovydas Sasnauskas,Championship,6,2025-09-20,Sheff Utd,Charlton,0:1,Not in squad,,,,,,,,,,
2025/26,1108667,Dovydas Sasnauskas,Championship,7,2025-09-27,Oxford United,Sheff Utd,0:1,Not in squad,,,,,,,,,,
2025/26,1108667,Dovydas Sasnauskas,Championship,8,2025-09-30,Sheff Utd,Southampton,1:2,Not in squad,,,,,,,,,,
2025/26,1108667,Dovydas Sasnauskas,Championship,9,2025-10-04,Hull City,Sheff Utd,1:0,Not in squad,,,,,,,,,,
2025/26,1108667,Dovydas Sasnauskas,Championship,10,2025-10-18,Sheff Utd,Watford,1:0,Not in squad,,,,,,,,,,
2025/26,1108667,Dovydas Sasnauskas,Championship,11,2025-10-21,Blackburn,Sheff Utd,1:3,Not in squad,,,,,,,,,,
2025/26,1108667,Dovydas Sasnauskas,Championship,12,2025-10-24,Preston,Sheff Utd,3:2,Not in squad,,,,,,,,,,
2025/26,1108667,Dovydas Sasnauskas,Championship,13,2025-11-01,Sheff Utd,Derby,1:3,Not in squad,,,,,,,,,,
2025/26,1108667,Dovydas Sasnauskas,Championship,14,2025-11-04,Coventry,Sheff Utd,3:1,Not in squad,,,,,,,,,,
2025/26,1108667,Dovydas Sasnauskas,Championship,15,2025-11-08,Sheff Utd,QPR,0:0,Not in squad,,,,,,,,,,
2025/26,1108667,Dovydas Sasnauskas,Championship,16,2025-11-23,Sheff Wed,Sheff Utd,0:3,Not in squad,,,,,,,,,,
2025/26,1108667,Dovydas Sasnauskas,Championship,17,2025-11-26,Sheff Utd,Portsmouth,3:0,Not in squad,,,,,,,,,,
2025/26,1108667,Dovydas Sasnauskas,Championship,18,2025-11-29,Leicester,Sheff Utd,2:3,Not in squad,,,,,,,,,,
2025/26,1108667,Dovydas Sasnauskas,EFL Cup,First Round,2025-08-13,Birmingham,Sheff Utd,2:1,CB,,,,,,,,,90,
2025/26,1108667,Dovydas Sasnauskas,UEFA European Under-21 Championship Qualifying,Group 8,2025-09-05,Lithuania U21,Ukraine U21,0:4,CB,,,,,,,,,90,
2025/26,1108667,Dovydas Sasnauskas,UEFA European Under-21 Championship Qualifying,Group 8,2025-09-09,Lithuania U21,Hungary U21,1:1,CB,,,,,,,,,90,
2025/26,1108667,Dovydas Sasnauskas,UEFA European Under-21 Championship Qualifying,Group 8,2025-10-10,Türkiye U21,Lithuania U21,2:0,Not in squad,,,,,,,,,,
2025/26,1108667,Dovydas Sasnauskas,UEFA European Under-21 Championship Qualifying,Group 8,2025-11-13,Croatia U21,Lithuania U21,4:0,Not in squad,,,,,,,,,,
2025/26,1108667,Dovydas Sasnauskas,UEFA European Under-21 Championship Qualifying,Group 8,2025-11-18,Lithuania U21,Türkiye U21,1:2,Not in squad,,,,,,,,,,
2025/26,1108667,Dovydas Sasnauskas,Premier League Cup,Group B,2025-09-12,Sheff Utd U21,Derby U21,2:1,CB,,,,,,,,,90,
2025/26,1108667,Dovydas Sasnauskas,Premier League Cup,Group B,2025-10-28,Stoke U21,Sheff Utd U21,1:2,Not in squad,,,,,,,,,,
2025/26,1108667,Dovydas Sasnauskas,Premier League Cup,Group B,2025-11-28,Derby U21,Sheff Utd U21,postponed,Information not yet available,,,,,,,,,,
