﻿season,player_id,player_name,competition,journey,date,home_team,away_team,result,position,goals,assists,own_goals,yellow_cards,second_yellow_cards,red_cards,substitutions_on,substitutions_off,minutes_played,transfermarkt_score
2024/25,1086619,Giovanni Leoni,International Friendlies,6,2024-09-04,Italy U19,England U19,2:2,Not in squad,,,,,,,,,,
2024/25,1086619,Giovanni Leoni,International Friendlies,2,2024-09-07,Italy U19,Germany U19,2:1,Not in squad,,,,,,,,,,
2024/25,1086619,Giovanni Leoni,International Friendlies,5,2024-09-10,Croatia U19,Italy U19,2:2,Not in squad,,,,,,,,,,
2024/25,1086619,Giovanni Leoni,International Friendlies,10,2024-10-10,Italy U19,Wales U19,3:3,CB,,,,,,,,,90,
2024/25,1086619,Giovanni Leoni,International Friendlies,10,2024-10-13,Italy U19,Wales U19,3:4,,,,,82,,,70,,20,
2024/25,1086619,Giovanni Leoni,International Friendlies,13,2025-01-15,Spain U19,Italy U19,1:0,Not in squad,,,,,,,,,,
2024/25,1086619,Giovanni Leoni,Serie A,3,2024-08-31,Napoli,Parma,2:1,on the bench,,,,,,,,,,
2024/25,1086619,Giovanni Leoni,Serie A,4,2024-09-16,Parma,Udinese,2:3,on the bench,,,,,,,,,,
2024/25,1086619,Giovanni Leoni,Serie A,5,2024-09-21,Lecce,Parma,2:2,on the bench,,,,,,,,,,
2024/25,1086619,Giovanni Leoni,Serie A,6,2024-09-30,Parma,Cagliari,2:3,on the bench,,,,,,,,,,
2024/25,1086619,Giovanni Leoni,Serie A,7,2024-10-06,Bologna,Parma,0:0,on the bench,,,,,,,,,,
2024/25,1086619,Giovanni Leoni,Serie A,8,2024-10-19,Como,Parma,1:1,on the bench,,,,,,,,,,
2024/25,1086619,Giovanni Leoni,Serie A,9,2024-10-27,Parma,FC Empoli,1:1,on the bench,,,,,,,,,,
2024/25,1086619,Giovanni Leoni,Serie A,10,2024-10-30,Juventus,Parma,2:2,on the bench,,,,,,,,,,
2024/25,1086619,Giovanni Leoni,Serie A,11,2024-11-04,Parma,Genoa,0:1,on the bench,,,,,,,,,,
2024/25,1086619,Giovanni Leoni,Serie A,12,2024-11-09,Venezia,Parma,1:2,CB,,,,,,,,65,65,
2024/25,1086619,Giovanni Leoni,Serie A,13,2024-11-23,Parma,Atalanta,1:3,on the bench,,,,,,,,,,
2024/25,1086619,Giovanni Leoni,Serie A,14,2024-12-01,Parma,Lazio,3:1,CB,,,,,,,,71,71,
2024/25,1086619,Giovanni Leoni,Serie A,15,2024-12-06,Inter,Parma,3:1,CB,,,,,,,12,,78,
2024/25,1086619,Giovanni Leoni,Serie A,16,2024-12-15,Parma,Hellas Verona,2:3,CB,,,,,,,,66,66,
2024/25,1086619,Giovanni Leoni,Serie A,17,2024-12-22,Roma,Parma,5:0,on the bench,,,,,,,,,,
2024/25,1086619,Giovanni Leoni,Serie A,18,2024-12-28,Parma,Monza,2:1,on the bench,,,,,,,,,,
2024/25,1086619,Giovanni Leoni,Serie A,19,2025-01-05,Torino,Parma,0:0,on the bench,,,,,,,,,,
2024/25,1086619,Giovanni Leoni,Serie A,20,2025-01-12,Genoa,Parma,1:0,on the bench,,,,,,,,,,
2024/25,1086619,Giovanni Leoni,Serie A,21,2025-01-19,Parma,Venezia,1:1,on the bench,,,,,,,,,,
2024/25,1086619,Giovanni Leoni,Serie A,22,2025-01-26,AC Milan,Parma,3:2,on the bench,,,,,,,,,,
2024/25,1086619,Giovanni Leoni,Serie A,23,2025-01-31,Parma,Lecce,1:3,RB,,,,,,,,,90,
2024/25,1086619,Giovanni Leoni,Serie A,24,2025-02-09,Cagliari,Parma,2:1,CB,1,,,,,,,90,90,
2024/25,1086619,Giovanni Leoni,Serie A,25,2025-02-16,Parma,Roma,0:1,CB,,,,,,31,,,31,
2024/25,1086619,Giovanni Leoni,Serie A,26,2025-02-22,Parma,Bologna,2:0,Red card suspension,,,,,,,,,,
2024/25,1086619,Giovanni Leoni,Serie A,27,2025-03-01,Udinese,Parma,1:0,RB,,,,,,,,,90,
2024/25,1086619,Giovanni Leoni,Serie A,28,2025-03-08,Parma,Torino,2:2,CB,,,,,,,55,,35,
2024/25,1086619,Giovanni Leoni,Serie A,29,2025-03-15,Monza,Parma,1:1,CB,,,,52,,,,64,64,
2024/25,1086619,Giovanni Leoni,Serie A,30,2025-03-31,Hellas Verona,Parma,0:0,on the bench,,,,,,,,,,
2024/25,1086619,Giovanni Leoni,Serie A,31,2025-04-05,Parma,Inter,2:2,RB,,,,,,,46,,45,
2024/25,1086619,Giovanni Leoni,Serie A,32,2025-04-13,Fiorentina,Parma,0:0,CB,,,,41,,,,57,57,
2024/25,1086619,Giovanni Leoni,Serie A,33,2025-04-23,Parma,Juventus,1:0,CB,,,,,,,,,90,
2024/25,1086619,Giovanni Leoni,Serie A,34,2025-04-28,Lazio,Parma,2:2,CB,,,,54,,,,,90,
2024/25,1086619,Giovanni Leoni,Serie A,35,2025-05-03,Parma,Como,0:1,CB,,,,,,,,,90,
2024/25,1086619,Giovanni Leoni,Serie A,36,2025-05-10,FC Empoli,Parma,2:1,CB,,,,,,,,,90,
2024/25,1086619,Giovanni Leoni,Serie A,37,2025-05-18,Parma,Napoli,0:0,CB,,,,,,,,63,63,
2024/25,1086619,Giovanni Leoni,Serie A,38,2025-05-25,Atalanta,Parma,2:3,Outer ligament problems,,,,,,,,,,
2024/25,1086619,Giovanni Leoni,Italy Cup,First Round,2024-08-11,Sampdoria,Como,5:4 on pens,Not in squad,,,,,,,,,,
2024/25,1086619,Giovanni Leoni,Serie B,1,2024-08-18,Frosinone,Sampdoria,2:2,Not in squad,,,,,,,,,,
2024/25,1086619,Giovanni Leoni,Serie B,2,2024-08-24,Sampdoria,Reggiana,0:1,Not in squad,,,,,,,,,,
2024/25,1086619,Giovanni Leoni,UEFA EURO U19 Championship Qualifiers,Group 8,2024-11-13,Italy U19,Montenegro U19,3:0,CB,,,,46,,,,,90,
2024/25,1086619,Giovanni Leoni,UEFA EURO U19 Championship Qualifiers,Group 8,2024-11-16,Italy U19,Bosnia U19,3:0,CB,,,,,,,,,90,
2024/25,1086619,Giovanni Leoni,UEFA EURO U19 Championship Qualifiers,Group 8,2024-11-19,Greece U19,Italy U19,0:1,CB,,,,,,,,,90,
2024/25,1086619,Giovanni Leoni,UEFA EURO U19 Championship Qualifiers,group B5,2025-03-19,Italy U19,Latvia U19,1:1,on the bench,,,,,,,,,,
2024/25,1086619,Giovanni Leoni,UEFA EURO U19 Championship Qualifiers,group B5,2025-03-22,Italy U19,Spain U19,2:2,CB,,,,,,,,,90,
2024/25,1086619,Giovanni Leoni,UEFA EURO U19 Championship Qualifiers,group B5,2025-03-25,France U19,Italy U19,0:2,CB,,,,,,,,,90,
