﻿season,player_id,player_name,competition,journey,date,home_team,away_team,result,position,goals,assists,own_goals,yellow_cards,second_yellow_cards,red_cards,substitutions_on,substitutions_off,minutes_played,transfermarkt_score
2025/26,111051,Nampalys Mendy,Ligue 1,1,2025-08-16,Lens,Lyon,0:1,Not in squad,,,,,,,,,,
2025/26,111051,Nampalys Mendy,Ligue 1,2,2025-08-24,Le Havre AC,Lens,1:2,Not in squad,,,,,,,,,,
2025/26,111051,Nampalys Mendy,Championship,4,2025-08-30,Watford,Southampton,2:2,Not in squad,,,,,,,,,,
2025/26,111051,Nampalys Mendy,Championship,5,2025-09-13,Watford,Blackburn,0:1,Not in squad,,,,,,,,,,
2025/26,111051,Nampalys Mendy,Championship,6,2025-09-22,Millwall,Watford,1:0,CM,,,,,,,,62,62,
2025/26,111051,Nampalys Mendy,Championship,7,2025-09-27,Watford,Hull City,2:1,DM,,,,,,,,83,83,
2025/26,111051,Nampalys Mendy,Championship,8,2025-10-01,Portsmouth,Watford,2:2,,,,,,,,46,,45,
2025/26,111051,Nampalys Mendy,Championship,9,2025-10-04,Watford,Oxford United,2:1,DM,,,,,,,,,90,
2025/26,111051,Nampalys Mendy,Championship,10,2025-10-18,Sheff Utd,Watford,1:0,on the bench,,,,,,,,,,
2025/26,111051,Nampalys Mendy,Championship,11,2025-10-22,Watford,West Brom,2:1,Not in squad,,,,,,,,,,
2025/26,111051,Nampalys Mendy,Championship,12,2025-10-25,Coventry,Watford,3:1,Not in squad,,,,,,,,,,
2025/26,111051,Nampalys Mendy,Championship,13,2025-11-01,Watford,Middlesbrough,3:0,Not in squad,,,,,,,,,,
2025/26,111051,Nampalys Mendy,Championship,14,2025-11-04,Ipswich,Watford,1:1,Not in squad,,,,,,,,,,
2025/26,111051,Nampalys Mendy,Championship,15,2025-11-07,Watford,Bristol City,1:1,on the bench,,,,,,,,,,
2025/26,111051,Nampalys Mendy,Championship,16,2025-11-22,Derby,Watford,2:3,on the bench,,,,,,,,,,
2025/26,111051,Nampalys Mendy,Championship,17,2025-11-25,Watford,Preston,1:1,on the bench,,,,,,,,,,
2025/26,111051,Nampalys Mendy,Championship,18,2025-12-01,Birmingham,Watford,2:1,on the bench,,,,,,,,,,
