﻿season,player_id,player_name,competition,journey,date,home_team,away_team,result,position,goals,assists,own_goals,yellow_cards,second_yellow_cards,red_cards,substitutions_on,substitutions_off,minutes_played,transfermarkt_score
2009/10,106987,Marcel Sabitzer,International Friendlies,1,2009-08-14,Liechtenst. U16,Austria U16,0:8,,,,,,,,,41,40,
2009/10,106987,Marcel Sabitzer,International Friendlies,2,2009-08-16,Austria U16,Germany U16,2:6,,,,,,,,,41,41,
2009/10,106987,Marcel Sabitzer,International Friendlies,3,2009-09-15,Slovakia U16,Austria U16,2:3,,,,,,,,56,,34,
2009/10,106987,Marcel Sabitzer,International Friendlies,4,2009-09-17,Austria U16,Slovakia U16,2:0,,,,,,,,,58,58,
2009/10,106987,Marcel Sabitzer,International Friendlies,5,2009-10-21,Austria U16,Slovenia U16,2:1,,,,,,,,,13,13,
2009/10,106987,Marcel Sabitzer,International Friendlies,6,2010-04-21,Czechia U16,Austria U16,3:9,Not in squad,,,,,,,,,,
2009/10,106987,Marcel Sabitzer,International Friendlies,7,2010-05-11,Hungary U16,Austria U16,0:0,,,,,,,,48,,42,
2009/10,106987,Marcel Sabitzer,International Friendlies,8,2010-05-13,Austria U16,Hungary U16,1:1,,1,,,,,,,76,76,
2009/10,106987,Marcel Sabitzer,Regional League East,16,2010-03-05,FC Admira II,FAC TfW,4:2,Not in squad,,,,,,,,,,
2009/10,106987,Marcel Sabitzer,Regional League East,17,2010-03-12,Mattersburg II,FC Admira II,0:3,Not in squad,,,,,,,,,,
2009/10,106987,Marcel Sabitzer,Regional League East,18,2010-03-20,FC Admira II,SC Neusiedl/See,2:0,Not in squad,,,,,,,,,,
2009/10,106987,Marcel Sabitzer,Regional League East,19,2010-03-26,SV Schwechat,FC Admira II,0:2,,,,,,,,73,,17,
2009/10,106987,Marcel Sabitzer,Regional League East,20,2010-04-02,FC Admira II,FC Waidhofen,0:1,Not in squad,,,,,,,,,,
2009/10,106987,Marcel Sabitzer,Regional League East,30,2010-04-05,Zwettl,FC Admira II,0:1,Not in squad,,,,,,,,,,
2009/10,106987,Marcel Sabitzer,Regional League East,21,2010-04-09,SV Horn,FC Admira II,1:1,Not in squad,,,,,,,,,,
2009/10,106987,Marcel Sabitzer,Regional League East,22,2010-04-16,FC Admira II,Ostbahn XI,1:1,Not in squad,,,,,,,,,,
2009/10,106987,Marcel Sabitzer,Regional League East,23,2010-04-23,Baumgarten,FC Admira II,2:0,,,,,,,,72,,18,
2009/10,106987,Marcel Sabitzer,Regional League East,24,2010-05-01,FC Admira II,Rapid Wien II,1:0,,,,,85,,,60,,30,
2009/10,106987,Marcel Sabitzer,Regional League East,25,2010-05-08,FC Admira II,Würmla,3:4,,,,,,,,,,90,
2009/10,106987,Marcel Sabitzer,Regional League East,26,2010-05-14,SC/ESV Parndorf,FC Admira II,3:0,Not in squad,,,,,,,,,,
2009/10,106987,Marcel Sabitzer,Regional League East,27,2010-05-22,FC Admira II,Wiener Sportklub,0:5,Not in squad,,,,,,,,,,
2009/10,106987,Marcel Sabitzer,Regional League East,28,2010-05-29,Gaflenz,FC Admira II,0:1,,,,,54,,,,90,90,
2009/10,106987,Marcel Sabitzer,Regional League East,29,2010-06-05,FC Admira II,Wienerberg,1:2,,,,,,,,,,90,
2009/10,106987,Marcel Sabitzer,ÖFB Jugendliga U19 (- 2010),12,2010-03-14,AKA OÖ West U19,Admira U19,0:2,,,,,,,,,,90,
2009/10,106987,Marcel Sabitzer,ÖFB Jugendliga U19 (- 2010),13,2010-03-20,Admira U19,Salzburg U19,2:1,,1,,,,,,,89,89,
2009/10,106987,Marcel Sabitzer,ÖFB Jugendliga U19 (- 2010),14,2010-03-27,Rapid U19,Admira U19,2:2,,1,,,,,,,46,45,
2009/10,106987,Marcel Sabitzer,ÖFB Jugendliga U19 (- 2010),15,2010-04-10,Admira U19,AKA Austria U19,3:2,Not in squad,,,,,,,,,,
2009/10,106987,Marcel Sabitzer,ÖFB Jugendliga U19 (- 2010),16,2010-04-18,Vgb. U19,Admira U19,5:1,,1,,,,,,,,90,
2009/10,106987,Marcel Sabitzer,ÖFB Jugendliga U19 (- 2010),17,2010-04-24,Admira U19,Bgld. U19,9:0,,2,,,,,,,59,59,
2009/10,106987,Marcel Sabitzer,ÖFB Jugendliga U19 (- 2010),18,2010-05-01,Sturm U19,Admira U19,2:2,Not in squad,,,,,,,,,,
2009/10,106987,Marcel Sabitzer,ÖFB Jugendliga U19 (- 2010),19,2010-05-09,Admira U19,Linz U19,4:0,Not in squad,,,,,,,,,,
2009/10,106987,Marcel Sabitzer,ÖFB Jugendliga U19 (- 2010),20,2010-05-15,Admira U19,Tirol U19,2:1,Not in squad,,,,,,,,,,
2009/10,106987,Marcel Sabitzer,ÖFB Jugendliga U19 (- 2010),21,2010-05-21,AKA Kärnten U19,Admira U19,0:0,Not in squad,,,,,,,,,,
2009/10,106987,Marcel Sabitzer,ÖFB Jugendliga U19 (- 2010),22,2010-06-05,Admira U19,St. Pölten U19,2:6,Not in squad,,,,,,,,,,
2009/10,106987,Marcel Sabitzer,ÖFB Jugendliga U17 (- 2010),1,2009-08-21,Admira U17,OÖ U17,0:2,,,,,,,,,,90,
2009/10,106987,Marcel Sabitzer,ÖFB Jugendliga U17 (- 2010),2,2009-08-31,Salzburg U17,Admira U17,4:0,,,,,,,,,,90,
2009/10,106987,Marcel Sabitzer,ÖFB Jugendliga U17 (- 2010),3,2009-09-03,Admira U17,Rapid U17,2:7,,1,,,,,,,,90,
2009/10,106987,Marcel Sabitzer,ÖFB Jugendliga U17 (- 2010),4,2009-09-12,AKA Austria U17,Admira U17,4:2,,1,,,,,,,72,72,
2009/10,106987,Marcel Sabitzer,ÖFB Jugendliga U17 (- 2010),5,2009-09-20,Admira U17,Vgb. U17,4:1,,2,,,62,,,,,90,
2009/10,106987,Marcel Sabitzer,ÖFB Jugendliga U17 (- 2010),6,2009-09-25,Bgld. U17,Admira U17,1:0,,,,,67,,,,,90,
2009/10,106987,Marcel Sabitzer,ÖFB Jugendliga U17 (- 2010),7,2009-10-03,Admira U17,Sturm U17,2:1,Information not yet available,,,,,,,,,,
2009/10,106987,Marcel Sabitzer,ÖFB Jugendliga U17 (- 2010),8,2009-10-17,Linz U17,Admira U17,1:3,,1,,,60,,,,,90,
2009/10,106987,Marcel Sabitzer,ÖFB Jugendliga U17 (- 2010),9,2009-10-24,Tirol U17,Admira U17,6:3,Information not yet available,,,,,,,,,,
2009/10,106987,Marcel Sabitzer,ÖFB Jugendliga U17 (- 2010),10,2009-10-31,Admira U17,AKA Kärnten U17,4:1,,2,,,40,90,,,,90,
2009/10,106987,Marcel Sabitzer,ÖFB Jugendliga U17 (- 2010),11,2009-11-07,St. Pölten U17,Admira U17,2:2,,1,,,,,,,,90,
