﻿season,player_id,player_name,competition,journey,date,home_team,away_team,result,position,goals,assists,own_goals,yellow_cards,second_yellow_cards,red_cards,substitutions_on,substitutions_off,minutes_played,transfermarkt_score
2023/24,1108667,Dovydas Sasnauskas,International Friendlies,6,2023-07-02,Latvia U17,Lithuania U17,0:2,DM,,,,37,,,,,90,
2023/24,1108667,Dovydas Sasnauskas,International Friendlies,8,2023-08-22,Slovakia U17,Lithuania U17,2:1,Not in squad,,,,,,,,,,
2023/24,1108667,Dovydas Sasnauskas,International Friendlies,6,2023-08-24,Slovakia U17,Lithuania U17,4:0,Not in squad,,,,,,,,,,
2023/24,1108667,Dovydas Sasnauskas,International Friendlies,31,2023-09-14,Armenia U17,Lithuania U17,1:1,Not in squad,,,,,,,,,,
2023/24,1108667,Dovydas Sasnauskas,International Friendlies,32,2023-09-16,Armenia U17,Lithuania U17,0:1,Not in squad,,,,,,,,,,
2023/24,1108667,Dovydas Sasnauskas,International Friendlies,12,2024-06-26,Latvia U17,Lithuania U17,2:2,Not in squad,,,,,,,,,,
2023/24,1108667,Dovydas Sasnauskas,International Friendlies,13,2024-06-28,Lithuania U17,Finland U17,3:2,Not in squad,,,,,,,,,,
2023/24,1108667,Dovydas Sasnauskas,International Friendlies,14,2024-06-30,Estonia U17,Lithuania U17,0:5,Not in squad,,,,,,,,,,
2023/24,1108667,Dovydas Sasnauskas,Premier League,1,2023-08-12,Sheff Utd,Crystal Palace,0:1,Not in squad,,,,,,,,,,
2023/24,1108667,Dovydas Sasnauskas,Premier League,2,2023-08-18,Nott'm Forest,Sheff Utd,2:1,Not in squad,,,,,,,,,,
2023/24,1108667,Dovydas Sasnauskas,Premier League,3,2023-08-27,Sheff Utd,Man City,1:2,Not in squad,,,,,,,,,,
2023/24,1108667,Dovydas Sasnauskas,Premier League,4,2023-09-02,Sheff Utd,Everton,2:2,Not in squad,,,,,,,,,,
2023/24,1108667,Dovydas Sasnauskas,Premier League,5,2023-09-16,Tottenham,Sheff Utd,2:1,Not in squad,,,,,,,,,,
2023/24,1108667,Dovydas Sasnauskas,Premier League,6,2023-09-24,Sheff Utd,Newcastle,0:8,Not in squad,,,,,,,,,,
2023/24,1108667,Dovydas Sasnauskas,Premier League,7,2023-09-30,West Ham,Sheff Utd,2:0,Not in squad,,,,,,,,,,
2023/24,1108667,Dovydas Sasnauskas,Premier League,8,2023-10-07,Fulham,Sheff Utd,3:1,Not in squad,,,,,,,,,,
2023/24,1108667,Dovydas Sasnauskas,Premier League,9,2023-10-21,Sheff Utd,Man Utd,1:2,Not in squad,,,,,,,,,,
2023/24,1108667,Dovydas Sasnauskas,Premier League,10,2023-10-28,Arsenal,Sheff Utd,5:0,Not in squad,,,,,,,,,,
2023/24,1108667,Dovydas Sasnauskas,Premier League,11,2023-11-04,Sheff Utd,Wolves,2:1,Not in squad,,,,,,,,,,
2023/24,1108667,Dovydas Sasnauskas,Premier League,12,2023-11-12,Brighton,Sheff Utd,1:1,Not in squad,,,,,,,,,,
2023/24,1108667,Dovydas Sasnauskas,Premier League,13,2023-11-25,Sheff Utd,Bournemouth,1:3,Not in squad,,,,,,,,,,
2023/24,1108667,Dovydas Sasnauskas,Premier League,14,2023-12-02,Burnley,Sheff Utd,5:0,Not in squad,,,,,,,,,,
2023/24,1108667,Dovydas Sasnauskas,Premier League,15,2023-12-06,Sheff Utd,Liverpool,0:2,Not in squad,,,,,,,,,,
2023/24,1108667,Dovydas Sasnauskas,Premier League,16,2023-12-09,Sheff Utd,Brentford,1:0,Not in squad,,,,,,,,,,
2023/24,1108667,Dovydas Sasnauskas,Premier League,17,2023-12-16,Chelsea,Sheff Utd,2:0,Not in squad,,,,,,,,,,
2023/24,1108667,Dovydas Sasnauskas,Premier League,18,2023-12-22,Aston Villa,Sheff Utd,1:1,Not in squad,,,,,,,,,,
2023/24,1108667,Dovydas Sasnauskas,Premier League,19,2023-12-26,Sheff Utd,Luton,2:3,Not in squad,,,,,,,,,,
2023/24,1108667,Dovydas Sasnauskas,Premier League,20,2023-12-30,Man City,Sheff Utd,2:0,Not in squad,,,,,,,,,,
2023/24,1108667,Dovydas Sasnauskas,Premier League,21,2024-01-21,Sheff Utd,West Ham,2:2,Not in squad,,,,,,,,,,
2023/24,1108667,Dovydas Sasnauskas,Premier League,22,2024-01-30,Crystal Palace,Sheff Utd,3:2,Not in squad,,,,,,,,,,
2023/24,1108667,Dovydas Sasnauskas,Premier League,23,2024-02-03,Sheff Utd,Aston Villa,0:5,Not in squad,,,,,,,,,,
2023/24,1108667,Dovydas Sasnauskas,Premier League,24,2024-02-10,Luton,Sheff Utd,1:3,Not in squad,,,,,,,,,,
2023/24,1108667,Dovydas Sasnauskas,Premier League,25,2024-02-18,Sheff Utd,Brighton,0:5,Not in squad,,,,,,,,,,
2023/24,1108667,Dovydas Sasnauskas,Premier League,26,2024-02-25,Wolves,Sheff Utd,1:0,on the bench,,,,,,,,,,
2023/24,1108667,Dovydas Sasnauskas,Premier League,27,2024-03-04,Sheff Utd,Arsenal,0:6,Not in squad,,,,,,,,,,
2023/24,1108667,Dovydas Sasnauskas,Premier League,28,2024-03-09,Bournemouth,Sheff Utd,2:2,Not in squad,,,,,,,,,,
2023/24,1108667,Dovydas Sasnauskas,Premier League,30,2024-03-30,Sheff Utd,Fulham,3:3,Not in squad,,,,,,,,,,
2023/24,1108667,Dovydas Sasnauskas,Premier League,31,2024-04-04,Liverpool,Sheff Utd,3:1,Not in squad,,,,,,,,,,
2023/24,1108667,Dovydas Sasnauskas,Premier League,32,2024-04-07,Sheff Utd,Chelsea,2:2,Not in squad,,,,,,,,,,
2023/24,1108667,Dovydas Sasnauskas,Premier League,33,2024-04-13,Brentford,Sheff Utd,2:0,Not in squad,,,,,,,,,,
2023/24,1108667,Dovydas Sasnauskas,Premier League,34,2024-04-20,Sheff Utd,Burnley,1:4,Not in squad,,,,,,,,,,
2023/24,1108667,Dovydas Sasnauskas,Premier League,29,2024-04-24,Man Utd,Sheff Utd,4:2,Not in squad,,,,,,,,,,
2023/24,1108667,Dovydas Sasnauskas,Premier League,35,2024-04-27,Newcastle,Sheff Utd,5:1,Not in squad,,,,,,,,,,
2023/24,1108667,Dovydas Sasnauskas,Premier League,36,2024-05-04,Sheff Utd,Nott'm Forest,1:3,Not in squad,,,,,,,,,,
2023/24,1108667,Dovydas Sasnauskas,Premier League,37,2024-05-11,Everton,Sheff Utd,1:0,on the bench,,,,,,,,,,
2023/24,1108667,Dovydas Sasnauskas,Premier League,38,2024-05-19,Sheff Utd,Tottenham,0:3,Not in squad,,,,,,,,,,
2023/24,1108667,Dovydas Sasnauskas,FA Cup,Third Round,2024-01-06,Gillingham,Sheff Utd,0:4,Not in squad,,,,,,,,,,
2023/24,1108667,Dovydas Sasnauskas,FA Cup,Fourth Round,2024-01-27,Sheff Utd,Brighton,2:5,Not in squad,,,,,,,,,,
2023/24,1108667,Dovydas Sasnauskas,EFL Cup,Second Round,2023-08-30,Sheff Utd,Lincoln City,2:3 on pens,Not in squad,,,,,,,,,,
2023/24,1108667,Dovydas Sasnauskas,UEFA European Under-17 Championship qualification,Group 1,2023-10-11,Denmark U17,Lithuania U17,4:1,Not in squad,,,,,,,,,,
2023/24,1108667,Dovydas Sasnauskas,UEFA European Under-17 Championship qualification,Group 1,2023-10-14,Austria U17,Lithuania U17,1:0,Not in squad,,,,,,,,,,
2023/24,1108667,Dovydas Sasnauskas,UEFA European Under-17 Championship qualification,Group 1,2023-10-17,Lithuania U17,Georgia U17,1:1,Not in squad,,,,,,,,,,
2023/24,1108667,Dovydas Sasnauskas,FA Youth Cup,Third Round,2023-12-18,Sheff Utd U18,Cheltenham U18,1:0,,,,,,,,,,90,
2023/24,1108667,Dovydas Sasnauskas,FA Youth Cup,Fourth Round,2024-01-10,Sheff Utd U18,Wimbledon U18,1:0,,,,,,,,,,90,
2023/24,1108667,Dovydas Sasnauskas,FA Youth Cup,Fifth Round,2024-02-07,Sheff Utd U18,Leeds U18,5:6 on pens,Not in squad,,,,,,,,,,
