﻿season,player_id,player_name,competition,journey,date,home_team,away_team,result,position,goals,assists,own_goals,yellow_cards,second_yellow_cards,red_cards,substitutions_on,substitutions_off,minutes_played,transfermarkt_score
2023/24,1012534,Yankuba Minteh,Africa Cup of Nations qualification,Group G,2023-09-10,The Gambia,Congo,2:2,Centre Forward,1,,,,,,46,,45,
2021/22,1012534,Yankuba Minteh,Reserveligaen Spring,1,2022-02-21,SIF Reserves,OB Reserves,0:2,Centre Forward,,,,,,,,71,71,
2021/22,1012534,Yankuba Minteh,Reserveligaen Spring,2,2022-02-28,AGF Reserves,OB Reserves,1:2,Not in squad,,,,,,,,,,
2021/22,1012534,Yankuba Minteh,Reserveligaen Spring,6,2022-03-07,RFC Reserves,OB Reserves,0:1,Centre Forward,,,,,,,,,90,
2021/22,1012534,Yankuba Minteh,Reserveligaen Spring,3,2022-03-23,OB Reserves,RFC Reserves,0:2,Centre Forward,,,,,,,,,90,
