﻿season,player_id,player_name,competition,journey,date,home_team,away_team,result,position,goals,assists,own_goals,yellow_cards,second_yellow_cards,red_cards,substitutions_on,substitutions_off,minutes_played,transfermarkt_score
2018/19,102017,Jorginho,UEFA Europa League,group L,2018-09-20,PAOK,Chelsea,0:1,DM,,,,,,,,65,65,
2018/19,102017,Jorginho,UEFA Europa League,group L,2018-10-04,Chelsea,Vidi FC,1:0,Not in squad,,,,,,,,,,
2018/19,102017,Jorginho,UEFA Europa League,group L,2018-10-25,Chelsea,BATE Borisov,3:1,Not in squad,,,,,,,,,,
2018/19,102017,Jorginho,UEFA Europa League,group L,2018-11-08,BATE Borisov,Chelsea,0:1,DM,,,,,,,,,90,
2018/19,102017,Jorginho,UEFA Europa League,group L,2018-11-29,Chelsea,PAOK,4:0,on the bench,,,,,,,,,,
2018/19,102017,Jorginho,UEFA Europa League,group L,2018-12-13,Vidi FC,Chelsea,2:2,on the bench,,,,,,,,,,
2018/19,102017,Jorginho,UEFA Europa League,intermediate stage 1st leg,2019-02-14,Malmö,Chelsea,1:2,DM,,,,,,,,74,74,
2018/19,102017,Jorginho,UEFA Europa League,intermediate stage 2nd leg,2019-02-21,Chelsea,Malmö,3:0,DM,,,,,,,76,,14,
2018/19,102017,Jorginho,UEFA Europa League,last 16 1st leg,2019-03-07,Chelsea,Dynamo Kyiv,3:0,DM,,,,,,,,62,62,
2018/19,102017,Jorginho,UEFA Europa League,last 16 2nd leg,2019-03-14,Dynamo Kyiv,Chelsea,0:5,DM,,,,,,,65,,25,
2018/19,102017,Jorginho,UEFA Europa League,Quarter-Finals 1st leg,2019-04-11,Slavia Praha,Chelsea,0:1,DM,,,,,,,,,90,
2018/19,102017,Jorginho,UEFA Europa League,Quarter-Finals 2nd leg,2019-04-18,Chelsea,Slavia Praha,4:3,DM,,,,,,,70,,20,
2018/19,102017,Jorginho,UEFA Europa League,Semi-Finals 1st Leg,2019-05-02,Frankfurt,Chelsea,1:1,DM,,,,,,,,,90,
2018/19,102017,Jorginho,UEFA Europa League,Semi-Finals 2nd Leg,2019-05-09,Chelsea,Frankfurt,5:4 on pens,DM,,,,,,,,,120,
2018/19,102017,Jorginho,UEFA Europa League,Final,2019-05-29,Chelsea,Arsenal,4:1,DM,,,,,,,,,90,
2018/19,102017,Jorginho,European Qualifiers,group J,2019-03-23,Italy,Finland,2:0,DM,,,,,,,,,90,
2018/19,102017,Jorginho,European Qualifiers,group J,2019-03-26,Italy,Liechtenstein,6:0,DM,,,,,,,,57,57,
2018/19,102017,Jorginho,European Qualifiers,group J,2019-06-08,Greece,Italy,0:3,DM,,,,,,,,,90,
2018/19,102017,Jorginho,European Qualifiers,group J,2019-06-11,Italy,Bosnia,2:1,DM,,,,14,,,,,90,
2019/20,102017,Jorginho,European Qualifiers,group J,2019-09-05,Armenia,Italy,1:3,DM,,,,,,,,,90,
2019/20,102017,Jorginho,European Qualifiers,group J,2019-09-08,Finland,Italy,1:2,DM,1,,,21,,,,,90,
2019/20,102017,Jorginho,European Qualifiers,group J,2019-10-12,Italy,Greece,2:0,DM,1,,,,,,,,90,
2019/20,102017,Jorginho,European Qualifiers,group J,2019-10-15,Liechtenstein,Italy,0:5,on the bench,,,,,,,,,,
2019/20,102017,Jorginho,European Qualifiers,group J,2019-11-15,Bosnia,Italy,0:3,DM,,,,,,,,,90,
2019/20,102017,Jorginho,European Qualifiers,group J,2019-11-18,Italy,Armenia,9:1,DM,1,1,,,,,,,90,
2018/19,102017,Jorginho,International Friendlies,3,2018-10-10,Italy,Ukraine,1:1,DM,,,,,,,,,90,
2018/19,102017,Jorginho,International Friendlies,4,2018-11-20,Italy,USA,1:0,Not in squad,,,,,,,,,,
2018/19,102017,Jorginho,UEFA Nations League A,Group 3,2018-09-07,Italy,Poland,1:1,DM,1,,,,,,,,90,
2018/19,102017,Jorginho,UEFA Nations League A,Group 3,2018-09-10,Portugal,Italy,1:0,DM,,,,,,,,,90,
2018/19,102017,Jorginho,UEFA Nations League A,Group 3,2018-10-14,Poland,Italy,0:1,DM,,,,31,,,,,90,
2018/19,102017,Jorginho,UEFA Nations League A,Group 3,2018-11-17,Italy,Portugal,0:0,DM,,,,54,,,,,90,
2018/19,102017,Jorginho,Premier League,1,2018-08-11,Huddersfield,Chelsea,0:3,DM,1,,,,,,,,90,
2018/19,102017,Jorginho,Premier League,2,2018-08-18,Chelsea,Arsenal,3:2,DM,,,,,,,,,90,
2018/19,102017,Jorginho,Premier League,3,2018-08-26,Newcastle,Chelsea,1:2,DM,,,,,,,,,90,
2018/19,102017,Jorginho,Premier League,4,2018-09-01,Chelsea,Bournemouth,2:0,DM,,,,,,,,,90,
2018/19,102017,Jorginho,Premier League,5,2018-09-15,Chelsea,Cardiff,4:1,DM,,,,,,,,,90,
2018/19,102017,Jorginho,Premier League,6,2018-09-23,West Ham,Chelsea,0:0,DM,,,,,,,,,90,
2018/19,102017,Jorginho,Premier League,7,2018-09-29,Chelsea,Liverpool,1:1,DM,,,,,,,,,90,
2018/19,102017,Jorginho,Premier League,8,2018-10-07,Southampton,Chelsea,0:3,DM,,,,,,,,,90,
2018/19,102017,Jorginho,Premier League,9,2018-10-20,Chelsea,Man Utd,2:2,DM,,,,,,,,,90,
2018/19,102017,Jorginho,Premier League,10,2018-10-28,Burnley,Chelsea,0:4,DM,,,,,,,,78,78,
2018/19,102017,Jorginho,Premier League,11,2018-11-04,Chelsea,Crystal Palace,3:1,DM,,,,,,,,80,80,
2018/19,102017,Jorginho,Premier League,12,2018-11-11,Chelsea,Everton,0:0,DM,,,,28,,,,64,64,
2018/19,102017,Jorginho,Premier League,13,2018-11-24,Tottenham,Chelsea,3:1,DM,,,,72,,,,,90,
2018/19,102017,Jorginho,Premier League,14,2018-12-02,Chelsea,Fulham,2:0,DM,,,,,,,,,90,
2018/19,102017,Jorginho,Premier League,15,2018-12-05,Wolves,Chelsea,2:1,on the bench,,,,,,,,,,
2018/19,102017,Jorginho,Premier League,16,2018-12-08,Chelsea,Man City,2:0,DM,,,,63,,,,,90,
2018/19,102017,Jorginho,Premier League,17,2018-12-16,Brighton,Chelsea,1:2,DM,,,,,,,,,90,
2018/19,102017,Jorginho,Premier League,18,2018-12-22,Chelsea,Leicester,0:1,DM,,,,,,,,75,75,
2018/19,102017,Jorginho,Premier League,19,2018-12-26,Watford,Chelsea,1:2,DM,,,,,,,,,90,
2018/19,102017,Jorginho,Premier League,20,2018-12-30,Crystal Palace,Chelsea,0:1,DM,,,,,,,,,90,
2018/19,102017,Jorginho,Premier League,21,2019-01-02,Chelsea,Southampton,0:0,DM,,,,,,,,,90,
2018/19,102017,Jorginho,Premier League,22,2019-01-12,Chelsea,Newcastle,2:1,DM,,,,63,,,,,90,
2018/19,102017,Jorginho,Premier League,23,2019-01-19,Arsenal,Chelsea,2:0,DM,,,,,,,,,90,
2018/19,102017,Jorginho,Premier League,24,2019-01-30,Bournemouth,Chelsea,4:0,DM,,,,,,,,,90,
2018/19,102017,Jorginho,Premier League,25,2019-02-02,Chelsea,Huddersfield,5:0,DM,,,,,,,,70,70,
2018/19,102017,Jorginho,Premier League,26,2019-02-10,Man City,Chelsea,6:0,DM,,,,60,,,,,90,
2018/19,102017,Jorginho,Premier League,28,2019-02-27,Chelsea,Tottenham,2:0,DM,,,,,,,,,90,
2018/19,102017,Jorginho,Premier League,29,2019-03-03,Fulham,Chelsea,1:2,DM,1,,,61,,,,68,68,
2018/19,102017,Jorginho,Premier League,30,2019-03-10,Chelsea,Wolves,1:1,DM,,,,,,,,72,72,
2018/19,102017,Jorginho,Premier League,31,2019-03-17,Everton,Chelsea,2:0,DM,,,,,,,,74,74,
2018/19,102017,Jorginho,Premier League,32,2019-03-31,Cardiff,Chelsea,1:2,DM,,,,26,,,,64,64,
2018/19,102017,Jorginho,Premier League,27,2019-04-03,Chelsea,Brighton,3:0,DM,,,,,,,,,90,
2018/19,102017,Jorginho,Premier League,33,2019-04-08,Chelsea,West Ham,2:0,DM,,,,,,,,,90,
2018/19,102017,Jorginho,Premier League,34,2019-04-14,Liverpool,Chelsea,2:0,DM,,,,,,,,,90,
2018/19,102017,Jorginho,Premier League,35,2019-04-22,Chelsea,Burnley,2:2,DM,,,,,,,,,90,
2018/19,102017,Jorginho,Premier League,36,2019-04-28,Man Utd,Chelsea,1:1,DM,,,,,,,,,90,
2018/19,102017,Jorginho,Premier League,37,2019-05-05,Chelsea,Watford,3:0,DM,,,,,,,,,90,
2018/19,102017,Jorginho,Premier League,38,2019-05-12,Leicester,Chelsea,0:0,DM,,,,30,,,,,90,
2018/19,102017,Jorginho,Community Shield,Final,2018-08-05,Chelsea,Man City,0:2,DM,,,,,,,,,90,
2018/19,102017,Jorginho,FA Cup,Third Round,2019-01-05,Chelsea,Nott'm Forest,2:0,on the bench,,,,,,,,,,
2018/19,102017,Jorginho,FA Cup,Fourth Round,2019-01-27,Chelsea,Sheff Wed,3:0,DM,,,,,,,84,,6,
2018/19,102017,Jorginho,FA Cup,Fifth Round,2019-02-18,Chelsea,Man Utd,0:2,DM,,,,,,,,,90,
2018/19,102017,Jorginho,EFL Cup,Third Round,2018-09-26,Liverpool,Chelsea,1:2,on the bench,,,,,,,,,,
2018/19,102017,Jorginho,EFL Cup,Fourth Round,2018-10-31,Chelsea,Derby,3:2,Not in squad,,,,,,,,,,
2018/19,102017,Jorginho,EFL Cup,Quarter-Finals,2018-12-19,Chelsea,Bournemouth,1:0,Not in squad,,,,,,,,,,
2018/19,102017,Jorginho,EFL Cup,Semi-Finals 1st Leg,2019-01-08,Tottenham,Chelsea,1:0,DM,,,,,,,,,90,
2018/19,102017,Jorginho,EFL Cup,Semi-Finals 2nd Leg,2019-01-24,Chelsea,Tottenham,6:3 on pens,DM,,,,53,,,,,90,
2018/19,102017,Jorginho,EFL Cup,Final,2019-02-24,Chelsea,Man City,3:4 on pens,DM,,,,88,,,,,120,
