﻿season,player_id,player_name,competition,journey,date,home_team,away_team,result,position,goals,assists,own_goals,yellow_cards,second_yellow_cards,red_cards,substitutions_on,substitutions_off,minutes_played,transfermarkt_score
2012/13,105470,Alisson,International Friendlies,2,2013-05-29,Belgium U21,Brazil U20,1:2,GK,,,,,,,,,80,
2012/13,105470,Alisson,International Friendlies,1,2013-05-31,Brazil U20,Mexico U20,1:0,GK,,,,,,,,,80,
2012/13,105470,Alisson,International Friendlies,47,2013-06-02,Brazil U20,Portugal U20,2:0,GK,,,,,,,,,80,
2012/13,105470,Alisson,U-20 South American Championship,Group B,2013-01-11,Brazil U20,Ecuador U20,1:1,Not in squad,,,,,,,,,,
2012/13,105470,Alisson,U-20 South American Championship,Group B,2013-01-13,Brazil U20,Uruguay U20,2:3,Not in squad,,,,,,,,,,
2012/13,105470,Alisson,U-20 South American Championship,Group B,2013-01-17,Brazil U20,Venezuela U20,1:0,Information not yet available,,,,,,,,,,
2012/13,105470,Alisson,U-20 South American Championship,Group B,2013-01-19,Brazil U20,Peru U20,0:2,Not in squad,,,,,,,,,,
2012/13,105470,Alisson,Campeonato Brasileiro Série A,1,2013-05-25,EC Vitória,Internacional,2:2,Not in squad,,,,,,,,,,
2012/13,105470,Alisson,Campeonato Brasileiro Série A,2,2013-05-31,Internacional,Criciúma,2:0,Not in squad,,,,,,,,,,
2012/13,105470,Alisson,Campeonato Brasileiro Série A,3,2013-06-02,Internacional,EC Bahia,1:2,Not in squad,,,,,,,,,,
2012/13,105470,Alisson,Campeonato Brasileiro Série A,4,2013-06-06,Portuguesa,Internacional,1:1,Not in squad,,,,,,,,,,
2012/13,105470,Alisson,Campeonato Brasileiro Série A,5,2013-06-08,Cruzeiro,Internacional,2:2,Not in squad,,,,,,,,,,
2013/14,105470,Alisson,Campeonato Brasileiro Série A,6,2013-07-07,Internacional,Vasco da Gama,5:3,Not in squad,,,,,,,,,,
2013/14,105470,Alisson,Campeonato Brasileiro Série A,7,2013-07-13,Fluminense,Internacional,2:3,on the bench,,,,,,,,,,
2013/14,105470,Alisson,Campeonato Brasileiro Série A,8,2013-07-21,Internacional,Flamengo,1:0,on the bench,,,,,,,,,,
2013/14,105470,Alisson,Campeonato Brasileiro Série A,12,2013-07-25,São Paulo,Internacional,0:1,Not in squad,,,,,,,,,,
2013/14,105470,Alisson,Campeonato Brasileiro Série A,9,2013-07-28,Náutico,Internacional,3:0,Not in squad,,,,,,,,,,
2013/14,105470,Alisson,Campeonato Brasileiro Série A,11,2013-08-04,Grêmio,Internacional,1:1,on the bench,,,,,,,,,,
2013/14,105470,Alisson,Campeonato Brasileiro Série A,13,2013-08-11,Internacional,Atlético-PR,2:2,on the bench,,,,,,,,,,
2013/14,105470,Alisson,Campeonato Brasileiro Série A,14,2013-08-16,Botafogo,Internacional,3:3,on the bench,,,,,,,,,,
2013/14,105470,Alisson,Campeonato Brasileiro Série A,15,2013-08-18,Internacional,Atlético-MG,0:0,on the bench,,,,,,,,,,
2013/14,105470,Alisson,Campeonato Brasileiro Série A,16,2013-08-25,Internacional,Goiás,3:3,GK,,,,,,,,,90,
2013/14,105470,Alisson,Campeonato Brasileiro Série A,17,2013-09-01,Coritiba FC,Internacional,0:0,GK,,,,,,,,,90,
2013/14,105470,Alisson,Campeonato Brasileiro Série A,18,2013-09-05,Internacional,Corinthians,1:0,GK,,,,,,,,,90,
2013/14,105470,Alisson,Campeonato Brasileiro Série A,19,2013-09-07,Ponte Preta,Internacional,1:3,GK,,,,25,,,,,90,
2013/14,105470,Alisson,Campeonato Brasileiro Série A,10,2013-09-11,Internacional,Santos,1:2,GK,,,,,,,,,90,
2013/14,105470,Alisson,Campeonato Brasileiro Série A,20,2013-09-13,Internacional,EC Vitória,2:2,GK,,,,,,,,69,69,
2013/14,105470,Alisson,Campeonato Brasileiro Série A,21,2013-09-15,Criciúma,Internacional,0:1,Not in squad,,,,,,,,,,
2013/14,105470,Alisson,Campeonato Brasileiro Série A,22,2013-09-20,EC Bahia,Internacional,2:0,Not in squad,,,,,,,,,,
2013/14,105470,Alisson,Campeonato Brasileiro Série A,23,2013-09-22,Internacional,Portuguesa,0:1,Not in squad,,,,,,,,,,
2013/14,105470,Alisson,Campeonato Brasileiro Série A,24,2013-09-29,Internacional,Cruzeiro,1:2,Not in squad,,,,,,,,,,
2013/14,105470,Alisson,Campeonato Brasileiro Série A,25,2013-10-04,Vasco da Gama,Internacional,3:1,Not in squad,,,,,,,,,,
2013/14,105470,Alisson,Campeonato Brasileiro Série A,26,2013-10-06,Internacional,Fluminense,1:0,on the bench,,,,,,,,,,
2013/14,105470,Alisson,Campeonato Brasileiro Série A,27,2013-10-11,Flamengo,Internacional,2:1,Not in squad,,,,,,,,,,
2013/14,105470,Alisson,Campeonato Brasileiro Série A,28,2013-10-13,Internacional,Náutico,4:1,Not in squad,,,,,,,,,,
2013/14,105470,Alisson,Campeonato Brasileiro Série A,29,2013-10-17,Santos,Internacional,0:0,on the bench,,,,,,,,,,
2013/14,105470,Alisson,Campeonato Brasileiro Série A,30,2013-10-20,Internacional,Grêmio,2:2,Not in squad,,,,,,,,,,
2013/14,105470,Alisson,Campeonato Brasileiro Série A,31,2013-10-27,Internacional,São Paulo,2:3,Not in squad,,,,,,,,,,
2013/14,105470,Alisson,Campeonato Brasileiro Série A,32,2013-11-03,Atlético-PR,Internacional,1:0,Not in squad,,,,,,,,,,
2013/14,105470,Alisson,Campeonato Brasileiro Série A,33,2013-11-10,Internacional,Botafogo,2:1,Not in squad,,,,,,,,,,
2013/14,105470,Alisson,Campeonato Brasileiro Série A,34,2013-11-15,Atlético-MG,Internacional,2:1,on the bench,,,,,,,,,,
2013/14,105470,Alisson,Campeonato Brasileiro Série A,35,2013-11-17,Goiás,Internacional,3:1,on the bench,,,,,,,,,,
2013/14,105470,Alisson,Campeonato Brasileiro Série A,36,2013-11-24,Internacional,Coritiba FC,0:0,on the bench,,,,,,,,,,
2013/14,105470,Alisson,Campeonato Brasileiro Série A,37,2013-12-01,Corinthians,Internacional,0:0,Not in squad,,,,,,,,,,
2013/14,105470,Alisson,Campeonato Brasileiro Série A,38,2013-12-08,Internacional,Ponte Preta,0:0,on the bench,,,,,,,,,,
2012/13,105470,Alisson,Copa do Brasil,First Round,2013-04-03,Rio Branco-AC,Internacional,0:2,Not in squad,,,,,,,,,,
2012/13,105470,Alisson,Copa do Brasil,Second Round 1st leg,2013-05-01,Santa Cruz-PE,Internacional,0:0,on the bench,,,,,,,,,,
2012/13,105470,Alisson,Copa do Brasil,Second Round 2nd leg,2013-05-15,Internacional,Santa Cruz-PE,2:0,on the bench,,,,,,,,,,
2013/14,105470,Alisson,Copa do Brasil,3rd round 1st leg,2013-07-11,Internacional,América-MG,3:1,Not in squad,,,,,,,,,,
2013/14,105470,Alisson,Copa do Brasil,3rd round 2nd leg,2013-07-17,América-MG,Internacional,1:1,on the bench,,,,,,,,,,
2013/14,105470,Alisson,Copa do Brasil,last 16 1st leg,2013-08-22,Internacional,Salgueiro,3:0,GK,,,,,,,,,90,
2013/14,105470,Alisson,Copa do Brasil,last 16 2nd leg,2013-08-29,Salgueiro,Internacional,2:2,GK,,,,,,,,,90,
2013/14,105470,Alisson,Copa do Brasil,Quarter-Finals 1st leg,2013-09-26,Internacional,Atlético-PR,1:1,Not in squad,,,,,,,,,,
2013/14,105470,Alisson,Copa do Brasil,Quarter-Finals 2nd leg,2013-10-23,Atlético-PR,Internacional,0:0,Not in squad,,,,,,,,,,
2012/13,105470,Alisson,Campeonato Gaúcho - 2º Turno,1,2013-03-17,Canoas,Internacional,1:3,Not in squad,,,,,,,,,,
2012/13,105470,Alisson,Campeonato Gaúcho - 2º Turno,2,2013-03-22,Internacional,São Luiz,2:1,on the bench,,,,,,,,,,
2012/13,105470,Alisson,Campeonato Gaúcho - 2º Turno,3,2013-03-24,Santa Cruz-RS,Internacional,0:3,Not in squad,,,,,,,,,,
2012/13,105470,Alisson,Campeonato Gaúcho - 2º Turno,4,2013-03-28,EC São José,Internacional,0:0,on the bench,,,,,,,,,,
2012/13,105470,Alisson,Campeonato Gaúcho - 2º Turno,5,2013-03-31,Internacional,Esportivo,2:0,Not in squad,,,,,,,,,,
2012/13,105470,Alisson,Campeonato Gaúcho - 2º Turno,6,2013-04-07,Veranópolis,Internacional,1:0,on the bench,,,,,,,,,,
2012/13,105470,Alisson,Campeonato Gaúcho - 2º Turno,7,2013-04-14,Internacional,Juventude,4:1,Not in squad,,,,,,,,,,
2012/13,105470,Alisson,Campeonato Gaúcho - Fase Final,Quarter-Finals,2013-02-24,Internacional,Grêmio,2:1,Not in squad,,,,,,,,,,
2012/13,105470,Alisson,Campeonato Gaúcho - Fase Final,Semi-Finals,2013-03-03,Internacional,Esportivo,2:0,Not in squad,,,,,,,,,,
2012/13,105470,Alisson,Campeonato Gaúcho - Fase Final,Final,2013-03-10,São Luiz,Internacional,0:5,Not in squad,,,,,,,,,,
2012/13,105470,Alisson,Campeonato Gaúcho - Fase Final,Quarter-Finals,2013-04-21,Internacional,Lajeadense,2:1,on the bench,,,,,,,,,,
2012/13,105470,Alisson,Campeonato Gaúcho - Fase Final,Semi-Finals,2013-04-28,Internacional,Veranópolis,1:0,Not in squad,,,,,,,,,,
2012/13,105470,Alisson,Campeonato Gaúcho - Fase Final,Final,2013-05-05,Internacional,Juventude,4:3 on pens,Not in squad,,,,,,,,,,
2012/13,105470,Alisson,Campeonato Gaúcho,1,2013-01-19,Internacional,Passo Fundo,1:1,Not in squad,,,,,,,,,,
2012/13,105470,Alisson,Campeonato Gaúcho,2,2013-01-24,Cerâmica,Internacional,1:2,Not in squad,,,,,,,,,,
2012/13,105470,Alisson,Campeonato Gaúcho,4,2013-01-30,Internacional,Novo Hamburgo,0:0,Not in squad,,,,,,,,,,
2012/13,105470,Alisson,Campeonato Gaúcho,5,2013-02-03,Internacional,Grêmio,2:1,Not in squad,,,,,,,,,,
2012/13,105470,Alisson,Campeonato Gaúcho,6,2013-02-07,Lajeadense,Internacional,1:0,on the bench,,,,,,,,,,
2012/13,105470,Alisson,Campeonato Gaúcho,7,2013-02-10,Internacional,Pelotas,3:0,Not in squad,,,,,,,,,,
2012/13,105470,Alisson,Campeonato Gaúcho,3,2013-02-14,Caxias-RS,Internacional,0:2,Not in squad,,,,,,,,,,
2012/13,105470,Alisson,Campeonato Gaúcho,8,2013-02-17,Cruzeiro-RS,Internacional,1:1,,,,,,,,,,90,
