﻿season,player_id,player_name,competition,journey,date,home_team,away_team,result,position,goals,assists,own_goals,yellow_cards,second_yellow_cards,red_cards,substitutions_on,substitutions_off,minutes_played,transfermarkt_score
2021/22,110864,Sam Johnstone,Championship,1,2021-08-06,Bournemouth,West Brom,2:2,on the bench,,,,,,,,,,
2021/22,110864,Sam Johnstone,Championship,2,2021-08-14,West Brom,Luton,3:2,GK,,,,,,,,,90,
2021/22,110864,Sam Johnstone,Championship,3,2021-08-18,West Brom,Sheff Utd,4:0,GK,,,,,,,,,90,
2021/22,110864,Sam Johnstone,Championship,4,2021-08-21,Blackburn,West Brom,1:2,GK,,,,,,,,,90,
2021/22,110864,Sam Johnstone,Championship,5,2021-08-28,Peterborough,West Brom,0:1,GK,,,,64,,,,,90,
2021/22,110864,Sam Johnstone,Championship,6,2021-09-11,West Brom,Millwall,1:1,GK,,,,,,,,,90,
2021/22,110864,Sam Johnstone,Championship,7,2021-09-14,West Brom,Derby,0:0,GK,,,,,,,,,90,
2021/22,110864,Sam Johnstone,Championship,8,2021-09-18,Preston,West Brom,1:1,GK,,,,,,,,,90,
2021/22,110864,Sam Johnstone,Championship,9,2021-09-24,West Brom,QPR,2:1,GK,,,,,,,,,90,
2021/22,110864,Sam Johnstone,Championship,10,2021-09-28,Cardiff,West Brom,0:4,GK,,,,,,,,,90,
2021/22,110864,Sam Johnstone,Championship,11,2021-10-01,Stoke City,West Brom,1:0,GK,,,,96,,,,,90,
2021/22,110864,Sam Johnstone,Championship,12,2021-10-15,West Brom,Birmingham,1:0,GK,,,,,,,,,90,
2021/22,110864,Sam Johnstone,Championship,13,2021-10-20,Swansea,West Brom,2:1,GK,,,,,,,,,90,
2021/22,110864,Sam Johnstone,Championship,14,2021-10-23,West Brom,Bristol City,3:0,GK,,,,,,,,,90,
2021/22,110864,Sam Johnstone,Championship,15,2021-10-30,Fulham,West Brom,3:0,GK,,,,,,,,,90,
2021/22,110864,Sam Johnstone,Championship,16,2021-11-03,West Brom,Hull City,1:0,GK,,,,,,,,,90,
2021/22,110864,Sam Johnstone,Championship,17,2021-11-06,West Brom,Middlesbrough,1:1,GK,,,,,,,,,90,
2021/22,110864,Sam Johnstone,Championship,18,2021-11-20,Huddersfield,West Brom,1:0,GK,,,,,,,,,90,
2021/22,110864,Sam Johnstone,Championship,19,2021-11-23,Blackpool,West Brom,0:0,GK,,,,,,,,,90,
2021/22,110864,Sam Johnstone,Championship,20,2021-11-26,West Brom,Nott'm Forest,0:0,GK,,,,,,,,,90,
2021/22,110864,Sam Johnstone,Championship,21,2021-12-04,Coventry,West Brom,1:2,GK,,,,66,,,,,90,
2021/22,110864,Sam Johnstone,Championship,22,2021-12-11,West Brom,Reading,1:0,GK,,,,,,,,,90,
2021/22,110864,Sam Johnstone,Championship,23,2021-12-17,Barnsley,West Brom,0:0,GK,,,,,,,,,90,
2021/22,110864,Sam Johnstone,Championship,24,2021-12-27,Derby,West Brom,1:0,GK,,,,,,,,,90,
2021/22,110864,Sam Johnstone,Championship,26,2022-01-02,West Brom,Cardiff,1:1,GK,,,,,,95,,,90,
2021/22,110864,Sam Johnstone,Championship,27,2022-01-15,QPR,West Brom,1:0,Not in squad,,,,,,,,,,
2021/22,110864,Sam Johnstone,Championship,28,2022-01-22,West Brom,Peterborough,3:0,Not in squad,,,,,,,,,,
2021/22,110864,Sam Johnstone,Championship,25,2022-01-26,West Brom,Preston,0:2,Not in squad,,,,,,,,,,
2021/22,110864,Sam Johnstone,Championship,29,2022-01-29,Millwall,West Brom,2:0,Not in squad,,,,,,,,,,
2021/22,110864,Sam Johnstone,Championship,31,2022-02-09,Sheff Utd,West Brom,2:0,GK,,,,,,,,,90,
2021/22,110864,Sam Johnstone,Championship,32,2022-02-14,West Brom,Blackburn,0:0,GK,,,,,,,,,90,
2021/22,110864,Sam Johnstone,Championship,33,2022-02-19,Luton,West Brom,2:0,GK,,,,,,,,,90,
2021/22,110864,Sam Johnstone,Championship,34,2022-02-22,Middlesbrough,West Brom,2:1,GK,,,,,,,,,90,
2021/22,110864,Sam Johnstone,Championship,35,2022-02-28,West Brom,Swansea,0:2,GK,,,,,,,,,90,
2021/22,110864,Sam Johnstone,Championship,36,2022-03-05,Hull City,West Brom,0:2,GK,,,,,,,,,90,
2021/22,110864,Sam Johnstone,Championship,37,2022-03-11,West Brom,Huddersfield,2:2,GK,,,,,,,,,90,
2021/22,110864,Sam Johnstone,Championship,38,2022-03-15,West Brom,Fulham,1:0,GK,,,,,,,,,90,
2021/22,110864,Sam Johnstone,Championship,39,2022-03-19,Bristol City,West Brom,2:2,GK,,,,,,,,,90,
2021/22,110864,Sam Johnstone,Championship,40,2022-04-03,Birmingham,West Brom,1:0,GK,,,,,,,,,90,
2021/22,110864,Sam Johnstone,Championship,30,2022-04-06,West Brom,Bournemouth,2:0,GK,,1,,84,,,,,90,
2021/22,110864,Sam Johnstone,Championship,41,2022-04-09,West Brom,Stoke City,1:3,GK,,,,,,,,,90,
2021/22,110864,Sam Johnstone,Championship,42,2022-04-15,West Brom,Blackpool,2:1,Not in squad,,,,,,,,,,
2021/22,110864,Sam Johnstone,Championship,43,2022-04-18,Nott'm Forest,West Brom,4:0,Not in squad,,,,,,,,,,
2021/22,110864,Sam Johnstone,Championship,44,2022-04-23,West Brom,Coventry,0:0,Not in squad,,,,,,,,,,
2021/22,110864,Sam Johnstone,Championship,45,2022-04-30,Reading,West Brom,0:1,Not in squad,,,,,,,,,,
2021/22,110864,Sam Johnstone,Championship,46,2022-05-07,West Brom,Barnsley,4:0,Not in squad,,,,,,,,,,
2021/22,110864,Sam Johnstone,FA Cup,Third Round,2022-01-08,West Brom,Brighton,1:2 AET,Not in squad,,,,,,,,,,
2021/22,110864,Sam Johnstone,EFL Cup,Second Round,2021-08-25,West Brom,Arsenal,0:6,Not in squad,,,,,,,,,,
