﻿season,player_id,player_name,competition,journey,date,home_team,away_team,result,position,goals,assists,own_goals,yellow_cards,second_yellow_cards,red_cards,substitutions_on,substitutions_off,minutes_played,transfermarkt_score
2025/26,1019170,Aidan Harris,Irish League Cup,First Round,2025-10-07,Dollingstown,Coleraine,0:8,,,,,73,,,,,90,
2025/26,1019170,Aidan Harris,Irish League Cup,Second Round,2025-11-04,Coleraine,Armagh City,7:1,on the bench,,,,,,,,,,
2025/26,1019170,Aidan Harris,Irish League Cup,Quarter-Finals,2025-12-02,Moyola Park,Coleraine,0:2,Not in squad,,,,,,,,,,
2025/26,1019170,Aidan Harris,Premiership,1,2025-08-10,Coleraine,Larne FC,1:0,GK,,,,,,,,,90,
2025/26,1019170,Aidan Harris,Premiership,2,2025-08-16,Cliftonville,Coleraine,0:0,GK,,,,,,,,,90,
2025/26,1019170,Aidan Harris,Premiership,3,2025-08-19,Coleraine,Dungannon,2:0,GK,,,,,,,,,90,
2025/26,1019170,Aidan Harris,Premiership,4,2025-08-23,Glenavon,Coleraine,1:2,GK,,,,,,,,,90,
2025/26,1019170,Aidan Harris,Premiership,6,2025-09-06,Crusaders,Coleraine,0:4,GK,,,,,,,,,90,
2025/26,1019170,Aidan Harris,Premiership,7,2025-09-13,Portadown,Coleraine,1:4,GK,,,,,,,,,90,
2025/26,1019170,Aidan Harris,Premiership,8,2025-09-19,Coleraine,Glentoran,1:2,GK,,,,,,,,,90,
2025/26,1019170,Aidan Harris,Premiership,9,2025-09-27,Coleraine,Carrick Rangers,2:1,GK,,,,,,,,,90,
2025/26,1019170,Aidan Harris,Premiership,10,2025-10-04,Bangor,Coleraine,2:1,GK,,,,,,,,,90,
2025/26,1019170,Aidan Harris,Premiership,11,2025-10-11,Ballymena Utd,Coleraine,1:3,GK,,,,72,,,,,90,
2025/26,1019170,Aidan Harris,Premiership,12,2025-10-18,Coleraine,Dungannon,4:0,GK,,,,,,,,,90,
2025/26,1019170,Aidan Harris,Premiership,13,2025-10-25,Portadown,Coleraine,0:2,GK,,,,,,,,,90,
2025/26,1019170,Aidan Harris,Premiership,5,2025-10-28,Coleraine,Linfield,2:2,GK,,,,,,,,,90,
2025/26,1019170,Aidan Harris,Premiership,14,2025-11-01,Coleraine,Glenavon,5:1,GK,,,,,,,,,90,
2025/26,1019170,Aidan Harris,Premiership,15,2025-11-08,Linfield,Coleraine,1:1,GK,,,,,,,,,90,
2025/26,1019170,Aidan Harris,Premiership,17,2025-11-22,Cliftonville,Coleraine,1:0,GK,,,,,,,,,90,
2025/26,1019170,Aidan Harris,Premiership,16,2025-11-25,Coleraine,Larne FC,1:2,GK,,,,,,,,,90,
2025/26,1019170,Aidan Harris,Premiership,18,2025-11-29,Crusaders,Coleraine,0:2,GK,,,,,,,,,90,
2025/26,1019170,Aidan Harris,North West Cup,Round of 16,2025-09-02,Coleraine,Newbuildings,3:0,on the bench,,,,,,,,,,
2025/26,1019170,Aidan Harris,North West Cup,Semi-Finals,2025-10-14,Limavady United,Coleraine,12:11 on pens,Not in squad,,,,,,,,,,
