﻿season,player_id,player_name,competition,journey,date,home_team,away_team,result,position,goals,assists,own_goals,yellow_cards,second_yellow_cards,red_cards,substitutions_on,substitutions_off,minutes_played,transfermarkt_score
2023/24,1045124,Jay Robinson,International Friendlies,8,2023-09-06,England U17,Portugal U17,2:3,Centre Forward,,,,,,,63,,27,
2023/24,1045124,Jay Robinson,International Friendlies,31,2023-09-09,England U17,Morocco U16,6:7 on pens,Centre Forward,,,,,,,,58,58,
2023/24,1045124,Jay Robinson,International Friendlies,6,2023-09-12,England U17,Spain U17,4:1,,,,,,,,67,,23,
2023/24,1045124,Jay Robinson,International Friendlies,4,2023-10-11,England U17,Norway U16,3:0,,,,,,,,83,,7,
2023/24,1045124,Jay Robinson,International Friendlies,11,2023-10-13,England U17,Norway U16,2:2,,1,,,,,,,61,61,
2023/24,1045124,Jay Robinson,U18 Premier League,1,2023-08-12,Palace U18,Southampton U18,5:0,Centre Forward,,,,,,,,81,81,
2023/24,1045124,Jay Robinson,U18 Premier League,2,2023-08-19,Southampton U18,Aston Villa U18,0:2,CF,,,,,,,,,90,
2023/24,1045124,Jay Robinson,U18 Premier League,3,2023-08-26,Brighton U18,Southampton U18,2:2,Not in squad,,,,,,,,,,
2023/24,1045124,Jay Robinson,U18 Premier League,4,2023-09-16,Southampton U18,Norwich U18,4:2,AM,,2,,,,,,,90,
2023/24,1045124,Jay Robinson,U18 Premier League,5,2023-09-23,Arsenal U18,Southampton U18,4:0,AM,,,,,,,,,90,
2023/24,1045124,Jay Robinson,U18 Premier League,6,2023-09-30,Southampton U18,Fulham U18,1:4,LW,,,,,,,,,90,
2023/24,1045124,Jay Robinson,U18 Premier League,7,2023-10-07,Southampton U18,West Ham U18,2:2,AM,,,,,,,,89,89,
2023/24,1045124,Jay Robinson,U18 Premier League,8,2023-10-28,Leicester U18,Southampton U18,2:1,LW,1,,,57,,,,,90,
2023/24,1045124,Jay Robinson,U18 Premier League,9,2023-11-08,Southampton U18,Reading U18,2:1,Not in squad,,,,,,,,,,
2023/24,1045124,Jay Robinson,U18 Premier League,10,2023-12-19,Chelsea U18,Southampton U18,3:2,Not in squad,,,,,,,,,,
2023/24,1045124,Jay Robinson,U18 Premier League,14,2024-01-13,Fulham U18,Southampton U18,3:2,Not in squad,,,,,,,,,,
2023/24,1045124,Jay Robinson,U18 Premier League,13,2024-02-02,Southampton U18,Spurs U18,3:6,Not in squad,,,,,,,,,,
2023/24,1045124,Jay Robinson,U18 Premier League,16,2024-02-10,Norwich U18,Southampton U18,2:3,,2,,,,,,58,,32,
2023/24,1045124,Jay Robinson,U18 Premier League,17,2024-02-17,Southampton U18,Arsenal U18,2:2,LW,,,,,,,,67,67,
2023/24,1045124,Jay Robinson,U18 Premier League,18,2024-02-24,West Ham U18,Southampton U18,2:1,LM,,,,,,,,,90,
2023/24,1045124,Jay Robinson,U18 Premier League,19,2024-03-09,Spurs U18,Southampton U18,2:2,LM,,,,,,,,,90,
2023/24,1045124,Jay Robinson,U18 Premier League,20,2024-03-16,Southampton U18,Leicester U18,1:1,AM,,,,,,,,90,90,
2023/24,1045124,Jay Robinson,U18 Premier League,21,2024-04-06,Aston Villa U18,Southampton U18,0:4,Not in squad,,,,,,,,,,
2023/24,1045124,Jay Robinson,U18 Premier League,22,2024-04-13,Southampton U18,Palace U18,0:3,Not in squad,,,,,,,,,,
2023/24,1045124,Jay Robinson,U18 Premier League,23,2024-04-20,Reading U18,Southampton U18,0:9,AM,1,3,,,,,,,90,
2023/24,1045124,Jay Robinson,U18 Premier League,11,2024-04-23,West Brom U18,Southampton U18,3:2,Not in squad,,,,,,,,,,
2023/24,1045124,Jay Robinson,U18 Premier League,24,2024-04-27,Southampton U18,Brighton U18,0:2,Not in squad,,,,,,,,,,
2023/24,1045124,Jay Robinson,U18 Premier League,15,2024-05-07,Southampton U18,Chelsea U18,1:2,Not in squad,,,,,,,,,,
2023/24,1045124,Jay Robinson,U18 Premier League,26,2024-05-11,Southampton U18,West Brom U18,3:1,Not in squad,,,,,,,,,,
2023/24,1045124,Jay Robinson,Premier League 2,1,2023-08-13,Newcastle U21,Southampton U21,5:3,Not in squad,,,,,,,,,,
2023/24,1045124,Jay Robinson,Premier League 2,2,2023-08-18,Southampton U21,Aston Villa U21,4:2,Not in squad,,,,,,,,,,
2023/24,1045124,Jay Robinson,Premier League 2,3,2023-08-25,Southampton U21,Liverpool U21,0:3,AM,,,,,,,,46,45,
2023/24,1045124,Jay Robinson,Premier League 2,4,2023-09-01,Fulham U21,Southampton U21,5:1,AM,1,,,,,,,82,82,
2023/24,1045124,Jay Robinson,Premier League 2,5,2023-09-22,West Ham U21,Southampton U21,3:3,,,,,,,,81,,9,
2023/24,1045124,Jay Robinson,Premier League 2,6,2023-09-29,Southampton U21,Reading U21,6:0,,,,,,,,76,,14,
2023/24,1045124,Jay Robinson,Premier League 2,7,2023-10-30,Wolves U21,Southampton U21,2:1,Not in squad,,,,,,,,,,
2023/24,1045124,Jay Robinson,Premier League 2,8,2023-11-03,Southampton U21,Sunderland U21,1:2,Not in squad,,,,,,,,,,
2023/24,1045124,Jay Robinson,Premier League 2,9,2023-12-04,Everton U21,Southampton U21,5:0,LM,,,,,,,,,90,
2023/24,1045124,Jay Robinson,Premier League 2,10,2023-12-15,Southampton U21,Derby U21,2:1,Not in squad,,,,,,,,,,
2023/24,1045124,Jay Robinson,Premier League 2,11,2024-01-12,Southampton U21,Tottenham U21,2:3,Not in squad,,,,,,,,,,
2023/24,1045124,Jay Robinson,Premier League 2,12,2024-01-29,Leicester U21,Southampton U21,1:2,Not in squad,,,,,,,,,,
2023/24,1045124,Jay Robinson,Premier League 2,14,2024-02-16,Arsenal U21,Southampton U21,4:2,Not in squad,,,,,,,,,,
2023/24,1045124,Jay Robinson,Premier League 2,15,2024-03-04,West Brom U21,Southampton U21,1:1,Not in squad,,,,,,,,,,
2023/24,1045124,Jay Robinson,Premier League 2,16,2024-03-08,Southampton U21,Stoke U21,5:1,Not in squad,,,,,,,,,,
2023/24,1045124,Jay Robinson,Premier League 2,17,2024-03-15,Southampton U21,Palace U21,4:0,Not in squad,,,,,,,,,,
2023/24,1045124,Jay Robinson,Premier League 2,18,2024-04-05,Norwich U21,Southampton U21,0:2,LW,,,,,,,,,90,
2023/24,1045124,Jay Robinson,Premier League 2,19,2024-04-12,Southampton U21,Nottingham U21,1:1,LW,,,,,,,,,90,
2023/24,1045124,Jay Robinson,Premier League 2,20,2024-04-26,Chelsea U21,Southampton U21,2:0,LW,,,,,,,,,90,
2023/24,1045124,Jay Robinson,Premier League 2,13,2024-04-29,Southampton U21,Man Utd U21,3:6,AM,,,,,,,,,90,
2023/24,1045124,Jay Robinson,2024 UEFA Under-17 Euro,Group D,2024-05-21,France U17,England U17,0:4,Not in squad,,,,,,,,,,
2023/24,1045124,Jay Robinson,2024 UEFA Under-17 Euro,Group D,2024-05-24,Portugal U17,England U17,4:1,Not in squad,,,,,,,,,,
2023/24,1045124,Jay Robinson,2024 UEFA Under-17 Euro,Group D,2024-05-27,England U17,Spain U17,3:1,Not in squad,,,,,,,,,,
2023/24,1045124,Jay Robinson,2024 UEFA Under-17 Euro,Quarter-Finals,2024-05-30,Italy U17,England U17,6:5 on pens,Not in squad,,,,,,,,,,
2023/24,1045124,Jay Robinson,Premier League International Cup U21,Group B,2023-10-04,Southampton U21,Olymp. Lyon B,3:4,Information not yet available,,,,,,,,,,
2023/24,1045124,Jay Robinson,Premier League International Cup U21,Group B,2023-11-28,Southampton U21,Valencia B,0:2,Information not yet available,,,,,,,,,,
2023/24,1045124,Jay Robinson,Premier League International Cup U21,Group B,2023-12-20,Southampton U21,Din. Zagreb II,2:2,Information not yet available,,,,,,,,,,
2023/24,1045124,Jay Robinson,Premier League International Cup U21,Group B,2024-01-24,Southampton U21,Celtic B,1:3,Information not yet available,,,,,,,,,,
2023/24,1045124,Jay Robinson,UEFA European Under-17 Championship qualification,group 9,2023-11-03,England U17,Faroe U17,8:0,,,,,,,,69,,21,
2023/24,1045124,Jay Robinson,UEFA European Under-17 Championship qualification,group 9,2023-11-06,England U17,Kosovo U17,5:0,,,,,,,,63,,27,
2023/24,1045124,Jay Robinson,UEFA European Under-17 Championship qualification,group 9,2023-11-09,Croatia U17,England U17,1:5,,,,,,,,83,,7,
2023/24,1045124,Jay Robinson,UEFA European Under-17 Championship qualification,group B1,2024-03-20,England U17,N. Ireland U17,5:1,,,,,,,,80,,10,
2023/24,1045124,Jay Robinson,UEFA European Under-17 Championship qualification,group B1,2024-03-23,England U17,Hungary U17,5:0,on the bench,,,,,,,,,,
2023/24,1045124,Jay Robinson,UEFA European Under-17 Championship qualification,group B1,2024-03-26,France U17,England U17,2:1,,,,,,,,80,,10,
2023/24,1045124,Jay Robinson,FA Youth Cup,Third Round,2023-12-08,West Ham U18,Southampton U18,5:3 on pens,,1,,,,,,,68,68,
