﻿season,player_id,player_name,competition,journey,date,home_team,away_team,result,position,goals,assists,own_goals,yellow_cards,second_yellow_cards,red_cards,substitutions_on,substitutions_off,minutes_played,transfermarkt_score
2023/24,1005575,Vitor Reis,Copa Libertadores,Group F,2024-04-04,San Lorenzo,Palmeiras,1:1,on the bench,,,,,,,,,,
2023/24,1005575,Vitor Reis,Copa Libertadores,Group F,2024-04-12,Palmeiras,Liverpool FC,3:1,Not in squad,,,,,,,,,,
2023/24,1005575,Vitor Reis,Copa Libertadores,Group F,2024-04-25,Independiente,Palmeiras,2:3,Not in squad,,,,,,,,,,
2023/24,1005575,Vitor Reis,Copa Libertadores,Group F,2024-05-10,Liverpool FC,Palmeiras,0:5,Not in squad,,,,,,,,,,
2023/24,1005575,Vitor Reis,Copa Libertadores,Group F,2024-05-16,Palmeiras,Independiente,2:1,Not in squad,,,,,,,,,,
2023/24,1005575,Vitor Reis,Copa Libertadores,Group F,2024-05-31,Palmeiras,San Lorenzo,0:0,Not in squad,,,,,,,,,,
2024/25,1005575,Vitor Reis,Copa Libertadores,last 16 1st leg,2024-08-15,Botafogo,Palmeiras,2:1,CB,,,,,,,,,90,
2024/25,1005575,Vitor Reis,Copa Libertadores,last 16 2nd leg,2024-08-22,Palmeiras,Botafogo,2:2,CB,,,,,,,,,90,
2023/24,1005575,Vitor Reis,Campeonato Brasileiro Série A,1,2024-04-14,EC Vitória,Palmeiras,0:1,Not in squad,,,,,,,,,,
2023/24,1005575,Vitor Reis,Campeonato Brasileiro Série A,2,2024-04-18,Palmeiras,Internacional,0:1,Not in squad,,,,,,,,,,
2023/24,1005575,Vitor Reis,Campeonato Brasileiro Série A,3,2024-04-21,Palmeiras,Flamengo,0:0,Not in squad,,,,,,,,,,
2023/24,1005575,Vitor Reis,Campeonato Brasileiro Série A,4,2024-04-30,São Paulo,Palmeiras,0:0,Not in squad,,,,,,,,,,
2023/24,1005575,Vitor Reis,Campeonato Brasileiro Série A,5,2024-05-05,Cuiabá-MT,Palmeiras,0:2,Not in squad,,,,,,,,,,
2023/24,1005575,Vitor Reis,Campeonato Brasileiro Série A,6,2024-05-12,Palmeiras,Athletico-PR,0:2,Not in squad,,,,,,,,,,
2023/24,1005575,Vitor Reis,Campeonato Brasileiro Série A,7,2024-06-02,Criciúma,Palmeiras,1:2,Not in squad,,,,,,,,,,
2023/24,1005575,Vitor Reis,Campeonato Brasileiro Série A,8,2024-06-14,Palmeiras,Vasco da Gama,2:0,on the bench,,,,,,,,,,
2023/24,1005575,Vitor Reis,Campeonato Brasileiro Série A,9,2024-06-18,Atlético-MG,Palmeiras,0:4,on the bench,,,,,,,,,,
2023/24,1005575,Vitor Reis,Campeonato Brasileiro Série A,10,2024-06-21,Palmeiras,RB Bragantino,2:1,on the bench,,,,,,,,,,
2023/24,1005575,Vitor Reis,Campeonato Brasileiro Série A,11,2024-06-23,Palmeiras,Juventude,3:1,on the bench,,,,,,,,,,
2023/24,1005575,Vitor Reis,Campeonato Brasileiro Série A,12,2024-06-27,Fortaleza,Palmeiras,3:0,,,,,,,,74,,16,
2024/25,1005575,Vitor Reis,Campeonato Brasileiro Série A,13,2024-07-02,Palmeiras,Corinthians,2:0,CB,1,,,,,,,,90,
2024/25,1005575,Vitor Reis,Campeonato Brasileiro Série A,14,2024-07-05,Grêmio,Palmeiras,2:2,CB,,,,37,,,,,90,
2024/25,1005575,Vitor Reis,Campeonato Brasileiro Série A,15,2024-07-07,Palmeiras,EC Bahia,2:0,CB,,,,,,,,,90,
2024/25,1005575,Vitor Reis,Campeonato Brasileiro Série A,16,2024-07-12,Palmeiras,Atlético-GO,3:1,CB,,,,,,,,,90,
2024/25,1005575,Vitor Reis,Campeonato Brasileiro Série A,17,2024-07-18,Botafogo,Palmeiras,1:0,on the bench,,,,,,,,,,
2024/25,1005575,Vitor Reis,Campeonato Brasileiro Série A,18,2024-07-21,Palmeiras,Cruzeiro,2:0,on the bench,,,,,,,,,,
2024/25,1005575,Vitor Reis,Campeonato Brasileiro Série A,19,2024-07-25,Fluminense,Palmeiras,1:0,CB,,,,,,,,,90,
2024/25,1005575,Vitor Reis,Campeonato Brasileiro Série A,20,2024-07-28,Palmeiras,EC Vitória,0:2,CB,,,,,,,,,90,
2024/25,1005575,Vitor Reis,Campeonato Brasileiro Série A,21,2024-08-04,Internacional,Palmeiras,1:1,CB,,,,,,,,,90,
2024/25,1005575,Vitor Reis,Campeonato Brasileiro Série A,22,2024-08-11,Flamengo,Palmeiras,1:1,CB,,,,,,,,,90,
2024/25,1005575,Vitor Reis,Campeonato Brasileiro Série A,23,2024-08-18,Palmeiras,São Paulo,2:1,CB,,,,,,,,,90,
2024/25,1005575,Vitor Reis,Campeonato Brasileiro Série A,24,2024-08-24,Palmeiras,Cuiabá-MT,5:0,Muscle injury,,,,,,,,,,
2024/25,1005575,Vitor Reis,Campeonato Brasileiro Série A,25,2024-09-01,Athletico-PR,Palmeiras,0:2,Muscle injury,,,,,,,,,,
2024/25,1005575,Vitor Reis,Campeonato Brasileiro Série A,26,2024-09-15,Palmeiras,Criciúma,5:0,on the bench,,,,,,,,,,
2024/25,1005575,Vitor Reis,Campeonato Brasileiro Série A,27,2024-09-22,Vasco da Gama,Palmeiras,0:1,on the bench,,,,,,,,,,
2024/25,1005575,Vitor Reis,Campeonato Brasileiro Série A,28,2024-09-28,Palmeiras,Atlético-MG,2:1,,,,,,,,90,,1,
2024/25,1005575,Vitor Reis,Campeonato Brasileiro Série A,29,2024-10-05,RB Bragantino,Palmeiras,0:0,on the bench,,,,,,,,,,
2024/25,1005575,Vitor Reis,Campeonato Brasileiro Série A,30,2024-10-21,Juventude,Palmeiras,3:5,CB,,,,,,,,,90,
2024/25,1005575,Vitor Reis,Campeonato Brasileiro Série A,31,2024-10-26,Palmeiras,Fortaleza,2:2,CB,,,,,,,,,90,
2024/25,1005575,Vitor Reis,Campeonato Brasileiro Série A,32,2024-11-05,Corinthians,Palmeiras,2:0,CB,,,,,,,,,90,
2024/25,1005575,Vitor Reis,Campeonato Brasileiro Série A,33,2024-11-09,Palmeiras,Grêmio,1:0,on the bench,,,,,,,,,,
2024/25,1005575,Vitor Reis,Campeonato Brasileiro Série A,34,2024-11-20,EC Bahia,Palmeiras,1:2,CB,,,,,,,,,90,
2024/25,1005575,Vitor Reis,Campeonato Brasileiro Série A,35,2024-11-23,Atlético-GO,Palmeiras,0:1,CB,,,,,,,,,90,
2024/25,1005575,Vitor Reis,Campeonato Brasileiro Série A,36,2024-11-27,Palmeiras,Botafogo,1:3,CB,,,,,,,,,90,
2024/25,1005575,Vitor Reis,Campeonato Brasileiro Série A,37,2024-12-05,Cruzeiro,Palmeiras,1:2,CB,,,,85,,,,,90,
2024/25,1005575,Vitor Reis,Campeonato Brasileiro Série A,38,2024-12-08,Palmeiras,Fluminense,0:1,Yellow card suspension,,,,,,,,,,
2023/24,1005575,Vitor Reis,CBF Brasileiro U20,1,2024-04-03,Ceará U20,Palmeiras U20,2:3,Not in squad,,,,,,,,,,
2023/24,1005575,Vitor Reis,CBF Brasileiro U20,2,2024-04-09,Palmeiras U20,Corinthians U20,2:0,,,,,,,,,,90,
2023/24,1005575,Vitor Reis,CBF Brasileiro U20,3,2024-04-17,Flamengo U20,Palmeiras U20,1:2,CB,,,,32,,,,,90,
2023/24,1005575,Vitor Reis,CBF Brasileiro U20,4,2024-04-24,Palmeiras U20,Athletico U20,3:2,,,,,20,,,,,90,
2023/24,1005575,Vitor Reis,CBF Brasileiro U20,5,2024-05-01,Atlético-GO U20,Palmeiras U20,0:5,,,,,,,,,85,85,
2023/24,1005575,Vitor Reis,CBF Brasileiro U20,6,2024-05-08,São Paulo U20,Palmeiras U20,1:5,,,,,,,,,,90,
2023/24,1005575,Vitor Reis,CBF Brasileiro U20,7,2024-05-15,Palmeiras U20,Bragantino U20,0:2,,,,,,,,,,90,
2023/24,1005575,Vitor Reis,CBF Brasileiro U20,8,2024-05-22,Bahia U20,Palmeiras U20,0:6,,,,,4,,,,,90,
2023/24,1005575,Vitor Reis,CBF Brasileiro U20,9,2024-05-29,Palmeiras U20,América-MG U20,1:0,Not in squad,,,,,,,,,,
2023/24,1005575,Vitor Reis,Copa do Brasil,3rd round 1st leg,2024-05-03,Palmeiras,Botafogo-SP,2:1,Not in squad,,,,,,,,,,
2023/24,1005575,Vitor Reis,Copa do Brasil,3rd round 2nd leg,2024-05-24,Botafogo-SP,Palmeiras,0:0,Not in squad,,,,,,,,,,
2024/25,1005575,Vitor Reis,Copa do Brasil,last 16 1st leg,2024-08-01,Flamengo,Palmeiras,2:0,CB,,,,80,,,,,90,
2024/25,1005575,Vitor Reis,Copa do Brasil,last 16 2nd leg,2024-08-08,Palmeiras,Flamengo,1:0,CB,1,,,,,,,,90,
2023/24,1005575,Vitor Reis,Supercopa Rei,Final,2024-02-04,Palmeiras,São Paulo,2:4 on pens,Not in squad,,,,,,,,,,
2023/24,1005575,Vitor Reis,Campeonato Paulista,1,2024-01-21,Novorizontino,Palmeiras,1:1,Not in squad,,,,,,,,,,
2023/24,1005575,Vitor Reis,Campeonato Paulista,2,2024-01-25,Palmeiras,Inter Limeira,3:2,Not in squad,,,,,,,,,,
2023/24,1005575,Vitor Reis,Campeonato Paulista,3,2024-01-28,Palmeiras,Santos,2:1,Not in squad,,,,,,,,,,
2023/24,1005575,Vitor Reis,Campeonato Paulista,4,2024-01-31,RB Bragantino,Palmeiras,0:1,on the bench,,,,,,,,,,
2023/24,1005575,Vitor Reis,Campeonato Paulista,6,2024-02-08,Palmeiras,Ituano,2:0,Not in squad,,,,,,,,,,
2023/24,1005575,Vitor Reis,Campeonato Paulista,7,2024-02-12,Santo André,Palmeiras,1:1,Not in squad,,,,,,,,,,
2023/24,1005575,Vitor Reis,Campeonato Paulista,8,2024-02-15,São Bernardo,Palmeiras,0:1,Not in squad,,,,,,,,,,
2023/24,1005575,Vitor Reis,Campeonato Paulista,9,2024-02-18,Palmeiras,Corinthians,2:2,Not in squad,,,,,,,,,,
2023/24,1005575,Vitor Reis,Campeonato Paulista,10,2024-02-24,Palmeiras,Mirassol-SP,3:1,Not in squad,,,,,,,,,,
2023/24,1005575,Vitor Reis,Campeonato Paulista,5,2024-02-28,Portuguesa,Palmeiras,0:2,Not in squad,,,,,,,,,,
2023/24,1005575,Vitor Reis,Campeonato Paulista,11,2024-03-04,São Paulo,Palmeiras,1:1,Not in squad,,,,,,,,,,
2023/24,1005575,Vitor Reis,Campeonato Paulista,12,2024-03-09,Palmeiras,Botafogo-SP,1:0,on the bench,,,,,,,,,,
2023/24,1005575,Vitor Reis,Campeonato Paulista - Série A1 - Fase final,Quarter-Finals,2024-03-16,Palmeiras,Ponte Preta,5:1,Not in squad,,,,,,,,,,
2023/24,1005575,Vitor Reis,Campeonato Paulista - Série A1 - Fase final,Semi-Finals,2024-03-29,Palmeiras,Novorizontino,1:0,Not in squad,,,,,,,,,,
2023/24,1005575,Vitor Reis,Campeonato Paulista - Série A1 - Fase final,final 1st leg,2024-03-31,Santos,Palmeiras,1:0,Not in squad,,,,,,,,,,
2023/24,1005575,Vitor Reis,Campeonato Paulista - Série A1 - Fase final,final 2nd leg,2024-04-07,Palmeiras,Santos,2:0,Not in squad,,,,,,,,,,
2023/24,1005575,Vitor Reis,Copa São Paulo de Futebol Júnior,Group 24,2024-01-04,Palmeiras U20,Queimadense U20,7:0,,,,,,,,,,90,
2023/24,1005575,Vitor Reis,Copa São Paulo de Futebol Júnior,Group 24,2024-01-08,União ABC U20,Palmeiras U20,0:4,Not in squad,,,,,,,,,,
2023/24,1005575,Vitor Reis,Copa São Paulo de Futebol Júnior,Group 24,2024-01-10,Oeste U20,Palmeiras U20,1:4,,,,,,,,46,,45,
2023/24,1005575,Vitor Reis,Copa São Paulo de Futebol Júnior,First Round,2024-01-13,Palmeiras U20,Sport U20,3:1,,,,,,,,,,90,
2023/24,1005575,Vitor Reis,Copa São Paulo de Futebol Júnior,Second Round,2024-01-15,Aster-SP U20,Palmeiras U20,1:0,,,,,,,,,,90,
