﻿season,player_id,player_name,competition,journey,date,home_team,away_team,result,position,goals,assists,own_goals,yellow_cards,second_yellow_cards,red_cards,substitutions_on,substitutions_off,minutes_played,transfermarkt_score
2024/25,1082283,Max Hudson,UEFA Champions League,Group Stage,2024-09-18,Man City,Inter,0:0,Not in squad,,,,,,,,,,
2024/25,1082283,Max Hudson,UEFA Champions League,Group Stage,2024-10-01,Slo. Bratislava,Man City,0:4,Not in squad,,,,,,,,,,
2024/25,1082283,Max Hudson,UEFA Champions League,Group Stage,2024-10-23,Man City,Sparta Prague,5:0,Not in squad,,,,,,,,,,
2024/25,1082283,Max Hudson,UEFA Champions League,Group Stage,2024-11-05,Sporting,Man City,4:1,Not in squad,,,,,,,,,,
2024/25,1082283,Max Hudson,UEFA Champions League,Group Stage,2024-11-26,Man City,Feyenoord,3:3,Not in squad,,,,,,,,,,
2024/25,1082283,Max Hudson,UEFA Champions League,Group Stage,2024-12-11,Juventus,Man City,2:0,on the bench,,,,,,,,,,
2024/25,1082283,Max Hudson,UEFA Champions League,Group Stage,2025-01-22,PSG,Man City,4:2,Not in squad,,,,,,,,,,
2024/25,1082283,Max Hudson,UEFA Champions League,Group Stage,2025-01-29,Man City,Club Brugge,3:1,Not in squad,,,,,,,,,,
2024/25,1082283,Max Hudson,UEFA Champions League,intermediate stage 1st leg,2025-02-11,Man City,Real Madrid,2:3,Not in squad,,,,,,,,,,
2024/25,1082283,Max Hudson,UEFA Champions League,intermediate stage 2nd leg,2025-02-19,Real Madrid,Man City,3:1,Not in squad,,,,,,,,,,
2024/25,1082283,Max Hudson,International Friendlies,12,2025-03-20,Poland U18,Wales U18,0:1,on the bench,,,,,,,,,,
2024/25,1082283,Max Hudson,International Friendlies,11,2025-03-23,Denmark U18,Wales U18,4:2,,,,,,,,,,90,
2024/25,1082283,Max Hudson,FIFA Club World Cup,Group G,2025-06-18,Man City,Wydad AC,2:0,Not in squad,,,,,,,,,,
2024/25,1082283,Max Hudson,FIFA Club World Cup,Group G,2025-06-23,Man City,Al-Ain,6:0,Not in squad,,,,,,,,,,
2024/25,1082283,Max Hudson,FIFA Club World Cup,Group G,2025-06-26,Juventus,Man City,2:5,Not in squad,,,,,,,,,,
2025/26,1082283,Max Hudson,FIFA Club World Cup,Round of 16,2025-07-01,Man City,Al-Hilal,3:4 AET,Not in squad,,,,,,,,,,
2024/25,1082283,Max Hudson,UEFA Youth League,Group Stage,2024-09-18,Man City YL,Inter YL,2:4,on the bench,,,,,,,,,,
2024/25,1082283,Max Hudson,UEFA Youth League,Group Stage,2024-10-01,Bratislava YL,Man City YL,0:4,Not in squad,,,,,,,,,,
2024/25,1082283,Max Hudson,UEFA Youth League,Group Stage,2024-10-23,Man City YL,Sparta Prag YL,3:0,on the bench,,,,,,,,,,
2024/25,1082283,Max Hudson,UEFA Youth League,Group Stage,2024-11-05,Sporting YL,Man City YL,2:0,on the bench,,,,,,,,,,
2024/25,1082283,Max Hudson,UEFA Youth League,Group Stage,2024-11-26,Man City YL,Feyenoord YL,6:1,on the bench,,,,,,,,,,
2024/25,1082283,Max Hudson,UEFA Youth League,Group Stage,2024-12-11,Juventus YL,Man City YL,1:1,on the bench,,,,,,,,,,
2024/25,1082283,Max Hudson,UEFA Youth League,intermediate stage,2025-02-12,Midtjylland YL,Man City YL,6:7 on pens,on the bench,,,,,,,,,,
2024/25,1082283,Max Hudson,UEFA Youth League,Round of 16,2025-03-05,Hoffenheim YL,Man City YL,1:2,on the bench,,,,,,,,,,
2024/25,1082283,Max Hudson,UEFA Youth League,Quarter-Finals,2025-04-02,AZ Alkmaar YL,Man City YL,1:0,Not in squad,,,,,,,,,,
2024/25,1082283,Max Hudson,Premier League,1,2024-08-18,Chelsea,Man City,0:2,Not in squad,,,,,,,,,,
2024/25,1082283,Max Hudson,Premier League,2,2024-08-24,Man City,Ipswich,4:1,Not in squad,,,,,,,,,,
2024/25,1082283,Max Hudson,Premier League,3,2024-08-31,West Ham,Man City,1:3,Not in squad,,,,,,,,,,
2024/25,1082283,Max Hudson,Premier League,4,2024-09-14,Man City,Brentford,2:1,Not in squad,,,,,,,,,,
2024/25,1082283,Max Hudson,Premier League,5,2024-09-22,Man City,Arsenal,2:2,Not in squad,,,,,,,,,,
2024/25,1082283,Max Hudson,Premier League,6,2024-09-28,Newcastle,Man City,1:1,Not in squad,,,,,,,,,,
2024/25,1082283,Max Hudson,Premier League,7,2024-10-05,Man City,Fulham,3:2,Not in squad,,,,,,,,,,
2024/25,1082283,Max Hudson,Premier League,8,2024-10-20,Wolves,Man City,1:2,Not in squad,,,,,,,,,,
2024/25,1082283,Max Hudson,Premier League,9,2024-10-26,Man City,Southampton,1:0,Not in squad,,,,,,,,,,
2024/25,1082283,Max Hudson,Premier League,10,2024-11-02,Bournemouth,Man City,2:1,Not in squad,,,,,,,,,,
2024/25,1082283,Max Hudson,Premier League,11,2024-11-09,Brighton,Man City,2:1,Not in squad,,,,,,,,,,
2024/25,1082283,Max Hudson,Premier League,12,2024-11-23,Man City,Tottenham,0:4,Not in squad,,,,,,,,,,
2024/25,1082283,Max Hudson,Premier League,13,2024-12-01,Liverpool,Man City,2:0,Not in squad,,,,,,,,,,
2024/25,1082283,Max Hudson,Premier League,14,2024-12-04,Man City,Nott'm Forest,3:0,Not in squad,,,,,,,,,,
2024/25,1082283,Max Hudson,Premier League,15,2024-12-07,Crystal Palace,Man City,2:2,Not in squad,,,,,,,,,,
2024/25,1082283,Max Hudson,Premier League,16,2024-12-15,Man City,Man Utd,1:2,Not in squad,,,,,,,,,,
2024/25,1082283,Max Hudson,Premier League,17,2024-12-21,Aston Villa,Man City,2:1,Not in squad,,,,,,,,,,
2024/25,1082283,Max Hudson,Premier League,18,2024-12-26,Man City,Everton,1:1,Not in squad,,,,,,,,,,
2024/25,1082283,Max Hudson,Premier League,19,2024-12-29,Leicester,Man City,0:2,Not in squad,,,,,,,,,,
2024/25,1082283,Max Hudson,Premier League,20,2025-01-04,Man City,West Ham,4:1,Not in squad,,,,,,,,,,
2024/25,1082283,Max Hudson,Premier League,21,2025-01-14,Brentford,Man City,2:2,Not in squad,,,,,,,,,,
2024/25,1082283,Max Hudson,Premier League,22,2025-01-19,Ipswich,Man City,0:6,Not in squad,,,,,,,,,,
2024/25,1082283,Max Hudson,Premier League,23,2025-01-25,Man City,Chelsea,3:1,Not in squad,,,,,,,,,,
2024/25,1082283,Max Hudson,Premier League,24,2025-02-02,Arsenal,Man City,5:1,Not in squad,,,,,,,,,,
2024/25,1082283,Max Hudson,Premier League,25,2025-02-15,Man City,Newcastle,4:0,Not in squad,,,,,,,,,,
2024/25,1082283,Max Hudson,Premier League,26,2025-02-23,Man City,Liverpool,0:2,Not in squad,,,,,,,,,,
2024/25,1082283,Max Hudson,Premier League,27,2025-02-26,Tottenham,Man City,0:1,Not in squad,,,,,,,,,,
2024/25,1082283,Max Hudson,Premier League,28,2025-03-08,Nott'm Forest,Man City,1:0,Not in squad,,,,,,,,,,
2024/25,1082283,Max Hudson,Premier League,29,2025-03-15,Man City,Brighton,2:2,Not in squad,,,,,,,,,,
2024/25,1082283,Max Hudson,Premier League,30,2025-04-02,Man City,Leicester,2:0,Not in squad,,,,,,,,,,
2024/25,1082283,Max Hudson,Premier League,31,2025-04-06,Man Utd,Man City,0:0,Not in squad,,,,,,,,,,
2024/25,1082283,Max Hudson,Premier League,32,2025-04-12,Man City,Crystal Palace,5:2,Not in squad,,,,,,,,,,
2024/25,1082283,Max Hudson,Premier League,33,2025-04-19,Everton,Man City,0:2,Not in squad,,,,,,,,,,
2024/25,1082283,Max Hudson,Premier League,34,2025-04-22,Man City,Aston Villa,2:1,Not in squad,,,,,,,,,,
2024/25,1082283,Max Hudson,Premier League,35,2025-05-02,Man City,Wolves,1:0,Not in squad,,,,,,,,,,
2024/25,1082283,Max Hudson,Premier League,36,2025-05-10,Southampton,Man City,0:0,Not in squad,,,,,,,,,,
2024/25,1082283,Max Hudson,Premier League,37,2025-05-20,Man City,Bournemouth,3:1,Not in squad,,,,,,,,,,
2024/25,1082283,Max Hudson,Premier League,38,2025-05-25,Fulham,Man City,0:2,Not in squad,,,,,,,,,,
2024/25,1082283,Max Hudson,Community Shield,Final,2024-08-10,Man Utd,Man City,7:8 on pens,Not in squad,,,,,,,,,,
2024/25,1082283,Max Hudson,EFL Trophy,group A7,2024-08-20,Chesterfield,Man City U21,5:3 on pens,Not in squad,,,,,,,,,,
2024/25,1082283,Max Hudson,EFL Trophy,group A7,2024-10-29,Grimsby Town,Man City U21,5:6 on pens,on the bench,,,,,,,,,,
2024/25,1082283,Max Hudson,EFL Trophy,group A7,2024-11-12,Lincoln City,Man City U21,5:0,GK,,,,,,,,,90,
2024/25,1082283,Max Hudson,FA Cup,Third Round,2025-01-11,Man City,Salford,8:0,Not in squad,,,,,,,,,,
2024/25,1082283,Max Hudson,FA Cup,Fourth Round,2025-02-08,Leyton Orient,Man City,1:2,Not in squad,,,,,,,,,,
2024/25,1082283,Max Hudson,FA Cup,Fifth Round,2025-03-01,Man City,Plymouth,3:1,Not in squad,,,,,,,,,,
2024/25,1082283,Max Hudson,FA Cup,Quarter-Finals,2025-03-30,Bournemouth,Man City,1:2,Not in squad,,,,,,,,,,
2024/25,1082283,Max Hudson,FA Cup,Semi-Finals,2025-04-27,Nott'm Forest,Man City,0:2,Not in squad,,,,,,,,,,
2024/25,1082283,Max Hudson,FA Cup,Final,2025-05-17,Crystal Palace,Man City,1:0,Not in squad,,,,,,,,,,
2024/25,1082283,Max Hudson,EFL Cup,Third Round,2024-09-24,Man City,Watford,2:1,Not in squad,,,,,,,,,,
2024/25,1082283,Max Hudson,EFL Cup,Fourth Round,2024-10-30,Tottenham,Man City,2:1,Not in squad,,,,,,,,,,
2024/25,1082283,Max Hudson,U18 Premier League - Final Stage,Final,2025-05-17,Aston Villa U18,Man City U18,1:0,on the bench,,,,,,,,,,
2024/25,1082283,Max Hudson,Premier League 2 Playoffs,Round of 16,2025-04-25,Man City U21,Liverpool U21,2:1 AET,Not in squad,,,,,,,,,,
2024/25,1082283,Max Hudson,Premier League 2 Playoffs,Quarter-Finals,2025-05-03,Man City U21,Arsenal U21,3:2 AET,Not in squad,,,,,,,,,,
2024/25,1082283,Max Hudson,Premier League 2 Playoffs,Semi-Finals,2025-05-09,Man City U21,Man Utd U21,2:0,Not in squad,,,,,,,,,,
2024/25,1082283,Max Hudson,Premier League 2 Playoffs,Final,2025-05-22,Man City U21,Southampton U21,2:0,Not in squad,,,,,,,,,,
2024/25,1082283,Max Hudson,U18 Premier League,1,2024-08-17,Leeds U18,Man City U18,0:0,on the bench,,,,,,,,,,
2024/25,1082283,Max Hudson,U18 Premier League,2,2024-08-24,Man City U18,Man Utd U18,0:2,on the bench,,,,,,,,,,
2024/25,1082283,Max Hudson,U18 Premier League,3,2024-09-01,Everton U18,Man City U18,0:4,on the bench,,,,,,,,,,
2024/25,1082283,Max Hudson,U18 Premier League,4,2024-09-14,Man City U18,Nottingham U18,6:0,on the bench,,,,,,,,,,
2024/25,1082283,Max Hudson,U18 Premier League,6,2024-09-28,Sunderland U18,Man City U18,2:5,Not in squad,,,,,,,,,,
2024/25,1082283,Max Hudson,U18 Premier League,7,2024-10-19,Man City U18,Blackburn U18,5:0,GK,,,,,,,,,90,
2024/25,1082283,Max Hudson,U18 Premier League,8,2024-10-26,Boro U18,Man City U18,0:7,GK,,,,,,,,,90,
2024/25,1082283,Max Hudson,U18 Premier League,9,2024-11-02,Man City U18,Liverpool U18,3:1,GK,,,,,,,,,90,
2024/25,1082283,Max Hudson,U18 Premier League,10,2024-11-09,Derby U18,Man City U18,3:5,Not in squad,,,,,,,,,,
2024/25,1082283,Max Hudson,U18 Premier League,11,2024-11-30,Man City U18,Newcastle U18,7:1,GK,,,,,,,,,90,
2024/25,1082283,Max Hudson,U18 Premier League,12,2024-12-14,Man City U18,Stoke U18,4:1,GK,,,,,,,,,90,
2024/25,1082283,Max Hudson,U18 Premier League,16,2025-01-11,Man City U18,Everton U18,4:1,GK,,,,,,,,,90,
2024/25,1082283,Max Hudson,U18 Premier League,14,2025-01-25,Man City U18,Leeds U18,3:2,GK,,,,,,,,,90,
2024/25,1082283,Max Hudson,U18 Premier League,15,2025-02-01,Man Utd U18,Man City U18,0:4,GK,,,,,,,,,90,
2024/25,1082283,Max Hudson,U18 Premier League,17,2025-02-15,Nottingham U18,Man City U18,0:4,GK,,,,,,,,,90,
2024/25,1082283,Max Hudson,U18 Premier League,18,2025-02-22,Man City U18,Sunderland U18,2:0,GK,,,,,,,,,90,
2024/25,1082283,Max Hudson,U18 Premier League,20,2025-03-08,Man City U18,Wolves U18,2:0,GK,,,,,,,,,90,
2024/25,1082283,Max Hudson,U18 Premier League,21,2025-03-15,Stoke U18,Man City U18,1:2,GK,,,,,,,,,90,
2024/25,1082283,Max Hudson,U18 Premier League,22,2025-03-29,Blackburn U18,Man City U18,0:2,GK,,,,,,,,,90,
2024/25,1082283,Max Hudson,U18 Premier League,13,2025-04-05,Wolves U18,Man City U18,0:3,on the bench,,,,,,,,,,
2024/25,1082283,Max Hudson,U18 Premier League,24,2025-04-16,Liverpool U18,Man City U18,0:5,on the bench,,,,,,,,,,
2024/25,1082283,Max Hudson,U18 Premier League,23,2025-04-19,Man City U18,Boro U18,6:0,GK,,,,,,,,,90,
2024/25,1082283,Max Hudson,U18 Premier League,25,2025-04-26,Man City U18,Derby U18,4:3,on the bench,,,,,,,,,,
2024/25,1082283,Max Hudson,U18 Premier League,26,2025-05-10,Newcastle U18,Man City U18,3:3,GK,,,,,,,,,90,
2024/25,1082283,Max Hudson,Premier League 2,1,2024-08-17,Liverpool U21,Man City U21,3:1,Not in squad,,,,,,,,,,
2024/25,1082283,Max Hudson,Premier League 2,2,2024-08-23,Derby U21,Man City U21,2:3,Not in squad,,,,,,,,,,
2024/25,1082283,Max Hudson,Premier League 2,3,2024-09-01,Man City U21,Everton U21,5:0,Not in squad,,,,,,,,,,
2024/25,1082283,Max Hudson,Premier League 2,4,2024-09-21,Man Utd U21,Man City U21,1:3,Not in squad,,,,,,,,,,
2024/25,1082283,Max Hudson,Premier League 2,5,2024-09-27,Man City U21,Aston Villa U21,4:1,on the bench,,,,,,,,,,
2024/25,1082283,Max Hudson,Premier League 2,6,2024-10-05,Man City U21,West Ham U21,4:1,Not in squad,,,,,,,,,,
2024/25,1082283,Max Hudson,Premier League 2,7,2024-10-26,West Brom U21,Man City U21,0:5,Not in squad,,,,,,,,,,
2024/25,1082283,Max Hudson,Premier League 2,8,2024-11-01,Man City U21,Norwich U21,5:0,on the bench,,,,,,,,,,
2024/25,1082283,Max Hudson,Premier League 2,9,2024-11-30,Sunderland U21,Man City U21,2:3,Not in squad,,,,,,,,,,
2024/25,1082283,Max Hudson,Premier League 2,10,2024-12-16,Nottingham U21,Man City U21,2:3,on the bench,,,,,,,,,,
2024/25,1082283,Max Hudson,Premier League 2,11,2025-01-13,Man City U21,Brighton U21,2:1,Not in squad,,,,,,,,,,
2024/25,1082283,Max Hudson,Premier League 2,12,2025-01-17,Man City U21,Stoke U21,2:2,Not in squad,,,,,,,,,,
2024/25,1082283,Max Hudson,Premier League 2,13,2025-01-24,Wolves U21,Man City U21,3:1,on the bench,,,,,,,,,,
2024/25,1082283,Max Hudson,Premier League 2,14,2025-02-08,Blackburn U21,Man City U21,1:3,GK,,,,,,,,,90,
2024/25,1082283,Max Hudson,Premier League 2,15,2025-02-17,Man City U21,Tottenham U21,2:0,on the bench,,,,,,,,,,
2024/25,1082283,Max Hudson,Premier League 2,16,2025-02-21,Boro U21,Man City U21,0:3,on the bench,,,,,,,,,,
2024/25,1082283,Max Hudson,Premier League 2,17,2025-02-28,Man City U21,Chelsea U21,5:0,Not in squad,,,,,,,,,,
2024/25,1082283,Max Hudson,Premier League 2,18,2025-03-16,Man City U21,Palace U21,2:3,Not in squad,,,,,,,,,,
2024/25,1082283,Max Hudson,Premier League 2,19,2025-04-07,Fulham U21,Man City U21,1:1,Not in squad,,,,,,,,,,
2024/25,1082283,Max Hudson,Premier League 2,20,2025-04-14,Man City U21,Newcastle U21,4:0,Not in squad,,,,,,,,,,
2024/25,1082283,Max Hudson,FA Youth Cup,Third Round,2024-12-06,Man City U18,Palace U18,1:0,GK,,,,,,,,,90,
2024/25,1082283,Max Hudson,FA Youth Cup,Fourth Round,2025-01-16,Man City U18,Millwall U18,5:1,GK,,,,,,,,,90,
2024/25,1082283,Max Hudson,FA Youth Cup,Fifth Round,2025-02-04,Leeds U18,Man City U18,1:6,Not in squad,,,,,,,,,,
2024/25,1082283,Max Hudson,FA Youth Cup,Quarter-Finals,2025-02-27,West Brom U18,Man City U18,0:6,on the bench,,,,,,,,,,
2024/25,1082283,Max Hudson,FA Youth Cup,Semi-Finals,2025-04-10,Watford U18,Man City U18,0:1,on the bench,,,,,,,,,,
2024/25,1082283,Max Hudson,FA Youth Cup,Final,2025-05-05,Aston Villa U18,Man City U18,3:1,on the bench,,,,,,,,,,
