﻿season,player_id,player_name,competition,journey,date,home_team,away_team,result,position,goals,assists,own_goals,yellow_cards,second_yellow_cards,red_cards,substitutions_on,substitutions_off,minutes_played,transfermarkt_score
2024/25,1071819,Ollie Harrison,International Friendlies,9,2024-09-04,England U18,Portugal U18,2:2,on the bench,,,,,,,,,,
2024/25,1071819,Ollie Harrison,International Friendlies,9,2024-09-06,Switzerland U18,England U18,1:1,CM,,,,,,,,,90,
2024/25,1071819,Ollie Harrison,International Friendlies,2,2024-09-08,France U18,England U18,1:3 on pens,,,,,,,,,46,46,
2024/25,1071819,Ollie Harrison,International Friendlies,3,2024-10-11,Sweden U18,England U18,2:0,DM,,,,,,,,59,59,
2024/25,1071819,Ollie Harrison,International Friendlies,8,2024-10-14,England U18,Ukraine U19,3:1,DM,,,,,,,84,,6,
2024/25,1071819,Ollie Harrison,International Friendlies,37,2024-11-15,Poland U18,England U18,3:1,,,,,,,,69,,21,
2024/25,1071819,Ollie Harrison,International Friendlies,37,2024-11-18,Germany U18,England U18,1:0,DM,,,,,,,,,90,
2024/25,1071819,Ollie Harrison,International Friendlies,12,2025-03-20,England U18,Czechia U18,2:2,,,,,,,,69,,21,
2024/25,1071819,Ollie Harrison,International Friendlies,12,2025-03-22,France U18,England U18,2:2,DM,,,,,,,,,90,
2024/25,1071819,Ollie Harrison,International Friendlies,12,2025-03-25,Portugal U18,England U18,0:1,,,,,,,,70,,20,
2024/25,1071819,Ollie Harrison,International Friendlies,4,2025-05-25,Morocco U18,England U18,1:3,,,,,,,,60,,30,
2024/25,1071819,Ollie Harrison,International Friendlies,5,2025-05-28,England U18,Morocco U18,1:2,DM,,,,,,,,52,52,
2024/25,1071819,Ollie Harrison,EFL Trophy,group B3,2024-09-24,Bromley,Chelsea U21,2:3,Not in squad,,,,,,,,,,
2024/25,1071819,Ollie Harrison,EFL Trophy,group B3,2024-10-29,Charlton,Chelsea U21,3:0,Not in squad,,,,,,,,,,
2024/25,1071819,Ollie Harrison,EFL Trophy,group B3,2024-11-05,Cambridge Utd.,Chelsea U21,1:0,Not in squad,,,,,,,,,,
2024/25,1071819,Ollie Harrison,Premier League 2 Playoffs,Round of 16,2025-04-26,Chelsea U21,Wolves U21,4:0,Not in squad,,,,,,,,,,
2024/25,1071819,Ollie Harrison,Premier League 2 Playoffs,Quarter-Finals,2025-05-02,Palace U21,Chelsea U21,6:0,Not in squad,,,,,,,,,,
2024/25,1071819,Ollie Harrison,U18 Premier League,1,2024-08-17,Chelsea U18,Brighton U18,2:5,CM,,,,,,,,,90,
2024/25,1071819,Ollie Harrison,U18 Premier League,2,2024-08-24,Arsenal U18,Chelsea U18,1:0,DM,,,,,,,,,90,
2024/25,1071819,Ollie Harrison,U18 Premier League,3,2024-08-31,Chelsea U18,Leicester U18,2:5,CM,,,,,,,,82,82,
2024/25,1071819,Ollie Harrison,U18 Premier League,5,2024-09-21,Chelsea U18,Aston Villa U18,6:2,DM,,,,82,,,,,90,
2024/25,1071819,Ollie Harrison,U18 Premier League,6,2024-09-28,West Ham U18,Chelsea U18,2:3,DM,1,,,,,,,,90,
2024/25,1071819,Ollie Harrison,U18 Premier League,7,2024-10-19,Chelsea U18,Reading U18,1:2,CM,,1,,,,,,,90,
2024/25,1071819,Ollie Harrison,U18 Premier League,8,2024-10-26,Southampton U18,Chelsea U18,2:1,CM,1,,,,,,,,90,
2024/25,1071819,Ollie Harrison,U18 Premier League,9,2024-11-02,Chelsea U18,Fulham U18,2:1,CM,1,,,,,,,,90,
2024/25,1071819,Ollie Harrison,U18 Premier League,10,2024-11-09,Norwich U18,Chelsea U18,1:3,CM,,1,,,,,,,90,
2024/25,1071819,Ollie Harrison,U18 Premier League,11,2024-11-30,Chelsea U18,Spurs U18,3:3,CM,1,,,,,,,,90,
2024/25,1071819,Ollie Harrison,U18 Premier League,12,2024-12-17,Palace U18,Chelsea U18,4:2,DM,,,,57,,,,,90,
2024/25,1071819,Ollie Harrison,U18 Premier League,13,2025-01-11,Chelsea U18,West Brom U18,4:1,DM,1,,,,,,,,90,
2024/25,1071819,Ollie Harrison,U18 Premier League,14,2025-01-25,Brighton U18,Chelsea U18,3:4,DM,,,,,,,,46,45,
2024/25,1071819,Ollie Harrison,U18 Premier League,16,2025-02-08,Leicester U18,Chelsea U18,1:3,Not in squad,,,,,,,,,,
2024/25,1071819,Ollie Harrison,U18 Premier League,18,2025-02-22,Chelsea U18,West Ham U18,2:2,Not in squad,,,,,,,,,,
2024/25,1071819,Ollie Harrison,U18 Premier League,19,2025-03-01,Aston Villa U18,Chelsea U18,1:2,Not in squad,,,,,,,,,,
2024/25,1071819,Ollie Harrison,U18 Premier League,20,2025-03-08,West Brom U18,Chelsea U18,2:4,Not in squad,,,,,,,,,,
2024/25,1071819,Ollie Harrison,U18 Premier League,15,2025-03-11,Chelsea U18,Arsenal U18,2:3,CM,,,,66,,,,,90,
2024/25,1071819,Ollie Harrison,U18 Premier League,21,2025-03-15,Chelsea U18,Palace U18,1:0,DM,,,,,,,,,90,
2024/25,1071819,Ollie Harrison,U18 Premier League,22,2025-04-01,Reading U18,Chelsea U18,0:2,Not in squad,,,,,,,,,,
2024/25,1071819,Ollie Harrison,U18 Premier League,23,2025-04-12,Chelsea U18,Southampton U18,4:3,DM,,,,,,,,,90,
2024/25,1071819,Ollie Harrison,U18 Premier League,24,2025-04-15,Fulham U18,Chelsea U18,1:0,DM,,,,,,,,,90,
2024/25,1071819,Ollie Harrison,U18 Premier League,25,2025-04-26,Chelsea U18,Norwich U18,5:1,DM,,,,,,,,,90,
2024/25,1071819,Ollie Harrison,U18 Premier League,26,2025-05-03,Spurs U18,Chelsea U18,0:0,DM,,,,,,,,,90,
2024/25,1071819,Ollie Harrison,Premier League 2,1,2024-08-16,Chelsea U21,Tottenham U21,1:2,,,,,,,,84,,6,
2024/25,1071819,Ollie Harrison,Premier League 2,2,2024-08-23,Chelsea U21,Everton U21,1:1,Not in squad,,,,,,,,,,
2024/25,1071819,Ollie Harrison,Premier League 2,3,2024-09-01,Boro U21,Chelsea U21,1:3,Not in squad,,,,,,,,,,
2024/25,1071819,Ollie Harrison,Premier League 2,4,2024-09-21,Chelsea U21,West Brom U21,1:2,Not in squad,,,,,,,,,,
2024/25,1071819,Ollie Harrison,Premier League 2,5,2024-09-27,West Ham U21,Chelsea U21,3:2,Not in squad,,,,,,,,,,
2024/25,1071819,Ollie Harrison,Premier League 2,6,2024-10-04,Fulham U21,Chelsea U21,0:6,Not in squad,,,,,,,,,,
2024/25,1071819,Ollie Harrison,Premier League 2,7,2024-10-25,Chelsea U21,Leicester U21,3:1,Not in squad,,,,,,,,,,
2024/25,1071819,Ollie Harrison,Premier League 2,8,2024-11-01,Chelsea U21,Arsenal U21,2:1,Not in squad,,,,,,,,,,
2024/25,1071819,Ollie Harrison,Premier League 2,9,2024-11-29,Derby U21,Chelsea U21,2:6,Not in squad,,,,,,,,,,
2024/25,1071819,Ollie Harrison,Premier League 2,10,2024-12-16,Newcastle U21,Chelsea U21,3:2,Not in squad,,,,,,,,,,
2024/25,1071819,Ollie Harrison,Premier League 2,11,2025-01-13,Chelsea U21,Reading U21,3:0,Not in squad,,,,,,,,,,
2024/25,1071819,Ollie Harrison,Premier League 2,12,2025-01-17,Nottingham U21,Chelsea U21,2:4,Not in squad,,,,,,,,,,
2024/25,1071819,Ollie Harrison,Premier League 2,13,2025-01-24,Chelsea U21,Southampton U21,0:2,Not in squad,,,,,,,,,,
2024/25,1071819,Ollie Harrison,Premier League 2,14,2025-02-07,Chelsea U21,Leeds U21,1:1,Not in squad,,,,,,,,,,
2024/25,1071819,Ollie Harrison,Premier League 2,15,2025-02-16,Liverpool U21,Chelsea U21,0:3,Not in squad,,,,,,,,,,
2024/25,1071819,Ollie Harrison,Premier League 2,16,2025-02-21,Chelsea U21,Man Utd U21,2:0,Not in squad,,,,,,,,,,
2024/25,1071819,Ollie Harrison,Premier League 2,17,2025-02-28,Man City U21,Chelsea U21,5:0,DM,,,,,,,,,90,
2024/25,1071819,Ollie Harrison,Premier League 2,18,2025-03-14,Norwich U21,Chelsea U21,1:3,Not in squad,,,,,,,,,,
2024/25,1071819,Ollie Harrison,Premier League 2,19,2025-04-04,Chelsea U21,Aston Villa U21,4:1,Not in squad,,,,,,,,,,
2024/25,1071819,Ollie Harrison,Premier League 2,20,2025-04-14,Palace U21,Chelsea U21,2:4,,,,,,,,85,,5,
2024/25,1071819,Ollie Harrison,Premier League International Cup U21,Group D,2024-08-28,Chelsea U21,RB Leipzig U19,2:4,Information not yet available,,,,,,,,,,
2024/25,1071819,Ollie Harrison,Premier League International Cup U21,Group D,2024-10-01,Chelsea U21,RSCA Futures,4:0,Not in squad,,,,,,,,,,
2024/25,1071819,Ollie Harrison,Premier League International Cup U21,Group D,2024-11-26,Chelsea U21,Real Sociedad B,2:1,Information not yet available,,,,,,,,,,
2024/25,1071819,Ollie Harrison,Premier League International Cup U21,Group D,2025-01-07,Chelsea U21,Sporting B,1:2,Information not yet available,,,,,,,,,,
2024/25,1071819,Ollie Harrison,Premier League Cup,group I,2024-09-15,Chelsea U21,Brentford U21,6:3,Not in squad,,,,,,,,,,
2024/25,1071819,Ollie Harrison,Premier League Cup,group I,2024-10-21,Bournemouth U21,Chelsea U21,1:4,Not in squad,,,,,,,,,,
2024/25,1071819,Ollie Harrison,Premier League Cup,group I,2024-11-08,Derby U21,Chelsea U21,4:3,Not in squad,,,,,,,,,,
2024/25,1071819,Ollie Harrison,Premier League Cup,group I,2024-12-21,Chelsea U21,Bournemouth U21,2:1,,,,,,,,67,,23,
2024/25,1071819,Ollie Harrison,Premier League Cup,group I,2025-01-27,Brentford U21,Chelsea U21,2:2,DM,,,,,,,,69,69,
2024/25,1071819,Ollie Harrison,Premier League Cup,group I,2025-01-31,Chelsea U21,Derby U21,2:1,on the bench,,,,,,,,,,
2024/25,1071819,Ollie Harrison,Premier League Cup,Round of 16,2025-03-07,Chelsea U21,Ipswich U21,2:1,DM,,,,,,,,58,58,
2024/25,1071819,Ollie Harrison,Premier League Cup,Quarter-Finals,2025-04-07,Burnley U21,Chelsea U21,2:0,Not in squad,,,,,,,,,,
2024/25,1071819,Ollie Harrison,FA Youth Cup,Third Round,2024-12-13,Leicester U18,Chelsea U18,2:3,DM,,,,,,,,,90,
2024/25,1071819,Ollie Harrison,FA Youth Cup,Fourth Round,2025-01-15,Chelsea U18,Merstham U18,7:1,DM,,,,,,,,,90,
2024/25,1071819,Ollie Harrison,FA Youth Cup,Fifth Round,2025-02-12,Man Utd U18,Chelsea U18,5:1,DM,,,,63,,,,83,83,
