﻿season,player_id,player_name,competition,journey,date,home_team,away_team,result,position,goals,assists,own_goals,yellow_cards,second_yellow_cards,red_cards,substitutions_on,substitutions_off,minutes_played,transfermarkt_score
2023/24,1010854,Mathis Amougou,U17 World Cup,Group E,2023-11-12,France U17,Burkina U17,3:0,,,,,,,,46,,45,
2023/24,1010854,Mathis Amougou,U17 World Cup,Group E,2023-11-15,France U17,South Korea U17,1:0,DM,1,,,,,,,,90,
2023/24,1010854,Mathis Amougou,U17 World Cup,Group E,2023-11-18,USA U17,France U17,0:3,,,,,,,,63,,27,
2023/24,1010854,Mathis Amougou,U17 World Cup,Round of 16,2023-11-22,France U17,Senegal U17,5:3 on pens,DM,,,,,,,,35,35,
2023/24,1010854,Mathis Amougou,U17 World Cup,Quarter-Finals,2023-11-25,France U17,Uzbekistan U17,1:0,CM,,,,,,,71,,19,
2023/24,1010854,Mathis Amougou,U17 World Cup,Semi-Finals,2023-11-28,France U17,Mali U17,2:1,DM,,,,,,,,,90,
2023/24,1010854,Mathis Amougou,U17 World Cup,Final,2023-12-02,Germany U17,France U17,6:5 on pens,DM,1,,,,,,,,90,
2022/23,1010854,Mathis Amougou,International Friendlies,10,2022-08-25,France U17,France U16,1:1,Information not yet available,,,,,,,,,,
2021/22,1010854,Mathis Amougou,International Friendlies,,,,,,,,,,,,,,,,
2022/23,1010854,Mathis Amougou,International Friendlies,18,2023-02-21,France U17,Italy U17,2:1,,,,,,,,,75,75,
2022/23,1010854,Mathis Amougou,International Friendlies,18,2023-02-23,France U17,Italy U17,4:3,,,,,,,,84,,6,
2022/23,1010854,Mathis Amougou,Coupe Gambardella,First Round,2022-12-11,Clermont U19,St-Étienne U19,6:5 on pens,,,,,,,,,,90,
2022/23,1010854,Mathis Amougou,National 3 - Auvergne-Rhône-Alpes,1,2022-08-28,Saint-Étienne B,Aix-les-Bains,1:2,Not in squad,,,,,,,,,,
2022/23,1010854,Mathis Amougou,National 3 - Auvergne-Rhône-Alpes,2,2022-09-03,FC Limonest,Saint-Étienne B,1:2,Not in squad,,,,,,,,,,
2022/23,1010854,Mathis Amougou,National 3 - Auvergne-Rhône-Alpes,3,2022-09-18,Saint-Étienne B,Bourgoin-Jall.,0:1,Not in squad,,,,,,,,,,
2022/23,1010854,Mathis Amougou,National 3 - Auvergne-Rhône-Alpes,4,2022-10-01,Ain Sud,Saint-Étienne B,1:3,Not in squad,,,,,,,,,,
2022/23,1010854,Mathis Amougou,National 3 - Auvergne-Rhône-Alpes,5,2022-10-16,Saint-Étienne B,Clermont B,2:1,Not in squad,,,,,,,,,,
2022/23,1010854,Mathis Amougou,National 3 - Auvergne-Rhône-Alpes,6,2022-10-22,Domérat,Saint-Étienne B,0:3,Not in squad,,,,,,,,,,
2022/23,1010854,Mathis Amougou,National 3 - Auvergne-Rhône-Alpes,7,2022-11-06,Saint-Étienne B,GFA Rumilly Val,0:2,Not in squad,,,,,,,,,,
2022/23,1010854,Mathis Amougou,National 3 - Auvergne-Rhône-Alpes,8,2022-11-12,Chambéry SF,Saint-Étienne B,1:1,Not in squad,,,,,,,,,,
2022/23,1010854,Mathis Amougou,National 3 - Auvergne-Rhône-Alpes,9,2022-11-20,Saint-Étienne B,FC Vaulx-en-Vel,1:0,CM,,,,,,,,,90,
2022/23,1010854,Mathis Amougou,National 3 - Auvergne-Rhône-Alpes,10,2022-11-26,Hauts Lyonnais,Saint-Étienne B,2:1,,,,,,,,61,,29,
2022/23,1010854,Mathis Amougou,National 3 - Auvergne-Rhône-Alpes,11,2022-12-03,Saint-Étienne B,La Duchère B,1:1,CM,,,,,,,,74,74,
2022/23,1010854,Mathis Amougou,National 3 - Auvergne-Rhône-Alpes,12,2022-12-10,Montluçon Foot,Saint-Étienne B,0:1,Not in squad,,,,,,,,,,
2022/23,1010854,Mathis Amougou,National 3 - Auvergne-Rhône-Alpes,13,2023-01-28,US Feurs,Saint-Étienne B,0:0,,,,,,,,80,,10,
2022/23,1010854,Mathis Amougou,National 3 - Auvergne-Rhône-Alpes,14,2023-02-04,Saint-Étienne B,FC Limonest,2:1,CM,,,,,,,,,90,
2022/23,1010854,Mathis Amougou,National 3 - Auvergne-Rhône-Alpes,15,2023-02-17,Bourgoin-Jall.,Saint-Étienne B,1:0,,,,,,,,,,90,
2022/23,1010854,Mathis Amougou,National 3 - Auvergne-Rhône-Alpes,16,2023-02-25,Saint-Étienne B,Ain Sud,0:0,,,,,,,,86,,4,
2022/23,1010854,Mathis Amougou,National 3 - Auvergne-Rhône-Alpes,17,2023-03-04,Clermont B,Saint-Étienne B,2:3,Not in squad,,,,,,,,,,
2022/23,1010854,Mathis Amougou,National 3 - Auvergne-Rhône-Alpes,18,2023-03-19,Saint-Étienne B,Domérat,0:1,Not in squad,,,,,,,,,,
2022/23,1010854,Mathis Amougou,National 3 - Auvergne-Rhône-Alpes,19,2023-03-25,GFA Rumilly Val,Saint-Étienne B,2:0,Not in squad,,,,,,,,,,
2022/23,1010854,Mathis Amougou,National 3 - Auvergne-Rhône-Alpes,20,2023-04-02,Saint-Étienne B,Chambéry SF,4:1,,1,,,,,,,,90,
2022/23,1010854,Mathis Amougou,National 3 - Auvergne-Rhône-Alpes,21,2023-04-15,FC Vaulx-en-Vel,Saint-Étienne B,1:1,Not in squad,,,,,,,,,,
2022/23,1010854,Mathis Amougou,National 3 - Auvergne-Rhône-Alpes,22,2023-04-23,Saint-Étienne B,Hauts Lyonnais,1:0,Not in squad,,,,,,,,,,
2022/23,1010854,Mathis Amougou,National 3 - Auvergne-Rhône-Alpes,23,2023-04-29,La Duchère B,Saint-Étienne B,1:2,Not in squad,,,,,,,,,,
2022/23,1010854,Mathis Amougou,National 3 - Auvergne-Rhône-Alpes,24,2023-05-14,Saint-Étienne B,Montluçon Foot,7:0,Not in squad,,,,,,,,,,
2022/23,1010854,Mathis Amougou,National 3 - Auvergne-Rhône-Alpes,25,2023-05-20,Saint-Étienne B,US Feurs,5:0,Not in squad,,,,,,,,,,
2022/23,1010854,Mathis Amougou,National 3 - Auvergne-Rhône-Alpes,26,2023-06-03,Aix-les-Bains,Saint-Étienne B,2:4,Not in squad,,,,,,,,,,
2022/23,1010854,Mathis Amougou,Championnat National U19 - Groupe D,1,2022-08-21,Istres FC U19,St-Étienne U19,0:3,Not in squad,,,,,,,,,,
2022/23,1010854,Mathis Amougou,Championnat National U19 - Groupe D,2,2022-08-26,St-Étienne U19,SC Bastia U19,0:0,Not in squad,,,,,,,,,,
2022/23,1010854,Mathis Amougou,Championnat National U19 - Groupe D,3,2022-09-03,Blagnac FC U19,St-Étienne U19,0:2,Not in squad,,,,,,,,,,
2022/23,1010854,Mathis Amougou,Championnat National U19 - Groupe D,4,2022-09-11,St-Étienne U19,Colomiers U19,3:1,Not in squad,,,,,,,,,,
2022/23,1010854,Mathis Amougou,Championnat National U19 - Groupe D,5,2022-09-18,Marseille U19,St-Étienne U19,3:2,Not in squad,,,,,,,,,,
2022/23,1010854,Mathis Amougou,Championnat National U19 - Groupe D,6,2022-09-25,St-Étienne U19,AS Cannes U19,0:1,Not in squad,,,,,,,,,,
2022/23,1010854,Mathis Amougou,Championnat National U19 - Groupe D,7,2022-10-02,Monaco U19,St-Étienne U19,3:3,Not in squad,,,,,,,,,,
2022/23,1010854,Mathis Amougou,Championnat National U19 - Groupe D,8,2022-10-09,St-Étienne U19,SC Air Bel U19,1:2,Not in squad,,,,,,,,,,
2022/23,1010854,Mathis Amougou,Championnat National U19 - Groupe D,9,2022-10-16,Montpellier U19,St-Étienne U19,2:1,Not in squad,,,,,,,,,,
2022/23,1010854,Mathis Amougou,Championnat National U19 - Groupe D,10,2022-10-22,St-Étienne U19,Nizza U19,1:0,Not in squad,,,,,,,,,,
2022/23,1010854,Mathis Amougou,Championnat National U19 - Groupe D,11,2022-11-06,AS Béziers U19,St-Étienne U19,1:1,Not in squad,,,,,,,,,,
2022/23,1010854,Mathis Amougou,Championnat National U19 - Groupe D,12,2022-11-12,St-Étienne U19,Toulouse U19,3:1,,1,,,,,,,,90,
2022/23,1010854,Mathis Amougou,Championnat National U19 - Groupe D,13,2022-11-20,St-Étienne U19,Ajaccio U19,0:0,Not in squad,,,,,,,,,,
2022/23,1010854,Mathis Amougou,Championnat National U19 - Groupe D,14,2022-11-26,SC Bastia U19,St-Étienne U19,3:3,Not in squad,,,,,,,,,,
2022/23,1010854,Mathis Amougou,Championnat National U19 - Groupe D,15,2022-12-04,St-Étienne U19,Blagnac FC U19,5:1,Not in squad,,,,,,,,,,
2022/23,1010854,Mathis Amougou,Championnat National U19 - Groupe D,16,2023-01-15,Colomiers U19,St-Étienne U19,3:2,Not in squad,,,,,,,,,,
2022/23,1010854,Mathis Amougou,Championnat National U19 - Groupe D,17,2023-01-22,St-Étienne U19,Marseille U19,3:1,Not in squad,,,,,,,,,,
2022/23,1010854,Mathis Amougou,Championnat National U19 - Groupe D,18,2023-02-05,AS Cannes U19,St-Étienne U19,0:1,Not in squad,,,,,,,,,,
2022/23,1010854,Mathis Amougou,Championnat National U19 - Groupe D,19,2023-02-12,St-Étienne U19,Monaco U19,3:1,Not in squad,,,,,,,,,,
2022/23,1010854,Mathis Amougou,Championnat National U19 - Groupe D,20,2023-03-05,SC Air Bel U19,St-Étienne U19,1:1,Not in squad,,,,,,,,,,
2022/23,1010854,Mathis Amougou,Championnat National U19 - Groupe D,21,2023-03-26,St-Étienne U19,Montpellier U19,1:1,Not in squad,,,,,,,,,,
2022/23,1010854,Mathis Amougou,Championnat National U19 - Groupe D,22,2023-04-02,Nizza U19,St-Étienne U19,2:1,Not in squad,,,,,,,,,,
2022/23,1010854,Mathis Amougou,Championnat National U19 - Groupe D,23,2023-04-16,St-Étienne U19,AS Béziers U19,3:0,Not in squad,,,,,,,,,,
2022/23,1010854,Mathis Amougou,Championnat National U19 - Groupe D,24,2023-04-23,Toulouse U19,St-Étienne U19,0:0,Not in squad,,,,,,,,,,
2022/23,1010854,Mathis Amougou,Championnat National U19 - Groupe D,25,2023-05-07,Ajaccio U19,St-Étienne U19,2:1,Not in squad,,,,,,,,,,
2022/23,1010854,Mathis Amougou,Championnat National U19 - Groupe D,26,2023-05-13,St-Étienne U19,Istres FC U19,2:3,Not in squad,,,,,,,,,,
2022/23,1010854,Mathis Amougou,2023 UEFA Under-17 Euro,Group C,2023-05-17,Scotland U17,France U17,1:3,Not in squad,,,,,,,,,,
2022/23,1010854,Mathis Amougou,2023 UEFA Under-17 Euro,Group C,2023-05-20,France U17,Germany U17,1:3,Not in squad,,,,,,,,,,
2022/23,1010854,Mathis Amougou,2023 UEFA Under-17 Euro,Group C,2023-05-23,France U17,Portugal U17,1:1,Not in squad,,,,,,,,,,
2022/23,1010854,Mathis Amougou,2023 UEFA Under-17 Euro,Quarter-Finals,2023-05-27,England U17,France U17,0:1,Not in squad,,,,,,,,,,
2022/23,1010854,Mathis Amougou,2023 UEFA Under-17 Euro,Semi-Finals,2023-05-30,Spain U17,France U17,1:3,Not in squad,,,,,,,,,,
2022/23,1010854,Mathis Amougou,2023 UEFA Under-17 Euro,Final,2023-06-02,Germany U17,France U17,5:4 on pens,Not in squad,,,,,,,,,,
2022/23,1010854,Mathis Amougou,UEFA European Under-17 Championship qualification,group 9,2022-10-25,France U17,Luxembourg U17,4:0,AM,1,,,,,,,76,76,
2022/23,1010854,Mathis Amougou,UEFA European Under-17 Championship qualification,group 9,2022-10-28,France U17,Macedonia U17,4:0,AM,,,,,,,,,90,
2022/23,1010854,Mathis Amougou,UEFA European Under-17 Championship qualification,group 9,2022-10-31,Iceland U17,France U17,0:4,on the bench,,,,,,,,,,
2022/23,1010854,Mathis Amougou,UEFA European Under-17 Championship qualification,group B8,2023-03-22,France U17,Albania U17,4:0,CM,,,,,,,,,90,
2022/23,1010854,Mathis Amougou,UEFA European Under-17 Championship qualification,group B8,2023-03-25,France U17,Latvia U17,2:1,CM,2,,,,,,,,90,
2022/23,1010854,Mathis Amougou,UEFA European Under-17 Championship qualification,group B8,2023-03-28,Switzerland U17,France U17,1:2,,,,,,,,64,,26,
