﻿season,player_id,player_name,competition,journey,date,home_team,away_team,result,position,goals,assists,own_goals,yellow_cards,second_yellow_cards,red_cards,substitutions_on,substitutions_off,minutes_played,transfermarkt_score
2022/23,1013690,Elyh Harrison,EFL Trophy,group A7,2022-08-30,Carlisle United,Man Utd U21,1:2,Not in squad,,,,,,,,,,
2022/23,1013690,Elyh Harrison,EFL Trophy,group A7,2022-10-04,Barrow,Man Utd U21,1:2,Not in squad,,,,,,,,,,
2022/23,1013690,Elyh Harrison,EFL Trophy,group A7,2022-10-18,Fleetwood,Man Utd U21,7:6 on pens,Not in squad,,,,,,,,,,
2022/23,1013690,Elyh Harrison,EFL Trophy,Second Round,2022-11-22,Wolves U21,Man Utd U21,1:4 on pens,on the bench,,,,,,,,,,
2022/23,1013690,Elyh Harrison,EFL Trophy,Third Round,2022-12-13,Bolton,Man Utd U21,4:0,Not in squad,,,,,,,,,,
2022/23,1013690,Elyh Harrison,U18 Premier League,2,2022-08-20,Man Utd U18,Nottingham U18,3:0,Not in squad,,,,,,,,,,
2022/23,1013690,Elyh Harrison,U18 Premier League,3,2022-08-27,Liverpool U18,Man Utd U18,4:2,Not in squad,,,,,,,,,,
2022/23,1013690,Elyh Harrison,U18 Premier League,5,2022-09-17,Stoke U18,Man Utd U18,1:0,Not in squad,,,,,,,,,,
2022/23,1013690,Elyh Harrison,U18 Premier League,6,2022-10-01,Man Utd U18,Blackburn U18,6:1,on the bench,,,,,,,,,,
2022/23,1013690,Elyh Harrison,U18 Premier League,9,2022-10-29,Newcastle U18,Man Utd U18,2:2,Not in squad,,,,,,,,,,
2022/23,1013690,Elyh Harrison,U18 Premier League,1,2022-11-12,Man City U18,Man Utd U18,2:3,GK,,,,,,,,,90,
2022/23,1013690,Elyh Harrison,U18 Premier League,25,2022-12-17,Man Utd U18,Boro U18,3:0,Not in squad,,,,,,,,,,
2022/23,1013690,Elyh Harrison,U18 Premier League,4,2022-12-20,Man Utd U18,Sunderland U18,1:0,Not in squad,,,,,,,,,,
2022/23,1013690,Elyh Harrison,U18 Premier League,15,2023-01-14,Blackburn U18,Man Utd U18,2:3,GK,,,,,,,,,90,
2022/23,1013690,Elyh Harrison,U18 Premier League,16,2023-01-21,Man Utd U18,Liverpool U18,3:2,GK,,,,,,,,,90,
2022/23,1013690,Elyh Harrison,U18 Premier League,17,2023-01-28,Wolves U18,Man Utd U18,3:3,GK,,,,,,,,,90,
2022/23,1013690,Elyh Harrison,U18 Premier League,11,2023-02-04,Derby U18,Man Utd U18,1:1,GK,,,,,,,,32,32,
2022/23,1013690,Elyh Harrison,U18 Premier League,18,2023-02-11,Man Utd U18,Newcastle U18,3:0,GK,,,,,,,,,90,
2022/23,1013690,Elyh Harrison,U18 Premier League,19,2023-02-18,Nottingham U18,Man Utd U18,4:0,GK,,,,63,,,,,90,
2022/23,1013690,Elyh Harrison,U18 Premier League,20,2023-02-25,Man Utd U18,Derby U18,5:2,GK,,,,,,,,,90,
2022/23,1013690,Elyh Harrison,U18 Premier League,21,2023-03-04,Leeds U18,Man Utd U18,3:3,GK,,,,,,,,82,82,
2022/23,1013690,Elyh Harrison,U18 Premier League,22,2023-03-18,Man Utd U18,Stoke U18,0:0,GK,,,,,,,,,90,
2022/23,1013690,Elyh Harrison,U18 Premier League,24,2023-04-15,Man Utd U18,Man City U18,1:3,GK,,,,,,,,,90,
2022/23,1013690,Elyh Harrison,U18 Premier League,12,2023-04-18,Man Utd U18,Leeds U18,3:1,GK,,,,,,,,,90,
2022/23,1013690,Elyh Harrison,U18 Premier League,13,2023-04-21,Boro U18,Man Utd U18,0:2,GK,,,,,,,,,90,
2022/23,1013690,Elyh Harrison,U18 Premier League,8,2023-04-25,Man Utd U18,Wolves U18,2:2,GK,,,,,,,,,90,
2022/23,1013690,Elyh Harrison,U18 Premier League,26,2023-04-29,Sunderland U18,Man Utd U18,3:4,GK,,,,,,,,,90,
2022/23,1013690,Elyh Harrison,U18 Premier League,10,2023-05-02,Man Utd U18,Everton U18,1:1,GK,,,,,,,,,90,
2022/23,1013690,Elyh Harrison,U18 Premier League,23,2023-05-06,Everton U18,Man Utd U18,2:2,GK,,,,,,,,,90,
2022/23,1013690,Elyh Harrison,Premier League 2,1,2022-08-06,Arsenal U21,Man Utd U21,3:1,on the bench,,,,,,,,,,
2022/23,1013690,Elyh Harrison,Premier League 2,2,2022-08-12,Man Utd U21,Palace U21,1:5,Not in squad,,,,,,,,,,
2022/23,1013690,Elyh Harrison,Premier League 2,3,2022-08-19,Everton U21,Man Utd U21,2:2,Not in squad,,,,,,,,,,
2022/23,1013690,Elyh Harrison,Premier League 2,4,2022-08-26,Man Utd U21,Fulham U21,2:2,Not in squad,,,,,,,,,,
2022/23,1013690,Elyh Harrison,Premier League 2,5,2022-09-03,Liverpool U21,Man Utd U21,2:2,Not in squad,,,,,,,,,,
2022/23,1013690,Elyh Harrison,Premier League 2,7,2022-09-16,Man Utd U21,West Ham U21,1:1,Not in squad,,,,,,,,,,
2022/23,1013690,Elyh Harrison,Premier League 2,8,2022-10-01,Blackburn U21,Man Utd U21,6:1,Not in squad,,,,,,,,,,
2022/23,1013690,Elyh Harrison,Premier League 2,9,2022-10-08,Man Utd U21,Brighton U21,3:3,Not in squad,,,,,,,,,,
2022/23,1013690,Elyh Harrison,Premier League 2,10,2022-10-15,Chelsea U21,Man Utd U21,3:3,Not in squad,,,,,,,,,,
2022/23,1013690,Elyh Harrison,Premier League 2,11,2022-10-22,Man Utd U21,Wolves U21,3:2,Not in squad,,,,,,,,,,
2022/23,1013690,Elyh Harrison,Premier League 2,12,2022-10-29,Tottenham U21,Man Utd U21,1:1,on the bench,,,,,,,,,,
2022/23,1013690,Elyh Harrison,Premier League 2,13,2022-11-05,Man Utd U21,Man City U21,1:6,on the bench,,,,,,,,,,
2022/23,1013690,Elyh Harrison,Premier League 2,14,2023-01-06,Fulham U21,Man Utd U21,1:2,Not in squad,,,,,,,,,,
2022/23,1013690,Elyh Harrison,Premier League 2,15,2023-01-14,Man Utd U21,Liverpool U21,2:1,Not in squad,,,,,,,,,,
2022/23,1013690,Elyh Harrison,Premier League 2,16,2023-01-20,West Ham U21,Man Utd U21,2:3,Not in squad,,,,,,,,,,
2022/23,1013690,Elyh Harrison,Premier League 2,17,2023-01-27,Man Utd U21,Blackburn U21,2:1,Not in squad,,,,,,,,,,
2022/23,1013690,Elyh Harrison,Premier League 2,18,2023-02-11,Man Utd U21,Everton U21,4:1,Not in squad,,,,,,,,,,
2022/23,1013690,Elyh Harrison,Premier League 2,19,2023-02-20,Palace U21,Man Utd U21,0:0,Not in squad,,,,,,,,,,
2022/23,1013690,Elyh Harrison,Premier League 2,20,2023-02-24,Wolves U21,Man Utd U21,2:2,Not in squad,,,,,,,,,,
2022/23,1013690,Elyh Harrison,Premier League 2,21,2023-03-06,Man Utd U21,Chelsea U21,1:3,Not in squad,,,,,,,,,,
2022/23,1013690,Elyh Harrison,Premier League 2,22,2023-03-19,Man City U21,Man Utd U21,6:0,Not in squad,,,,,,,,,,
2022/23,1013690,Elyh Harrison,Premier League 2,23,2023-03-31,Man Utd U21,Arsenal U21,1:1,GK,,,,,,,,,90,
2022/23,1013690,Elyh Harrison,Premier League 2,24,2023-04-17,Leicester U21,Man Utd U21,3:2,Not in squad,,,,,,,,,,
2022/23,1013690,Elyh Harrison,Premier League 2,25,2023-04-21,Brighton U21,Man Utd U21,3:2,Not in squad,,,,,,,,,,
2022/23,1013690,Elyh Harrison,Premier League 2,26,2023-04-28,Man Utd U21,Tottenham U21,2:2,Not in squad,,,,,,,,,,
2022/23,1013690,Elyh Harrison,Premier League 2,6,2023-05-05,Man Utd U21,Leicester U21,2:2,Not in squad,,,,,,,,,,
2022/23,1013690,Elyh Harrison,Premier League International Cup U21,Group B,2022-10-26,Man Utd U21,Sparta Prague B,0:0,Not in squad,,,,,,,,,,
2022/23,1013690,Elyh Harrison,Premier League International Cup U21,Group B,2022-11-11,Man Utd U21,Monaco U21,0:2,Information not yet available,,,,,,,,,,
2022/23,1013690,Elyh Harrison,Premier League International Cup U21,Group B,2022-12-19,Man Utd U21,PSV U21,0:2,Information not yet available,,,,,,,,,,
2022/23,1013690,Elyh Harrison,Premier League International Cup U21,Group B,2023-01-24,Man Utd U21,Feyenoord U21,2:1,Information not yet available,,,,,,,,,,
2022/23,1013690,Elyh Harrison,FA Youth Cup,Third Round,2022-12-11,Palace U18,Man Utd U18,1:3,GK,,,,,,,,,90,
2022/23,1013690,Elyh Harrison,FA Youth Cup,Fourth Round,2023-01-11,Stoke U18,Man Utd U18,1:0,GK,,,,,,,,,90,
