﻿season,player_id,player_name,competition,journey,date,home_team,away_team,result,position,goals,assists,own_goals,yellow_cards,second_yellow_cards,red_cards,substitutions_on,substitutions_off,minutes_played,transfermarkt_score
2023/24,1010854,Mathis Amougou,International Friendlies,6,2023-09-06,France U18,England U18,2:0,Not in squad,,,,,,,,,,
2022/23,1010854,Mathis Amougou,International Friendlies,,,,,,,,,,,,,,,,
2023/24,1010854,Mathis Amougou,International Friendlies,6,2023-09-07,France U19,Montenegro U19,0:2,Not in squad,,,,,,,,,,
2022/23,1010854,Mathis Amougou,International Friendlies,,,,,,,,,,,,,,,,
2023/24,1010854,Mathis Amougou,International Friendlies,6,2023-09-08,France U18,Portugal U18,1:0,Not in squad,,,,,,,,,,
2022/23,1010854,Mathis Amougou,International Friendlies,,,,,,,,,,,,,,,,
2023/24,1010854,Mathis Amougou,International Friendlies,7,2023-09-09,France U19,Hungary U19,2:0,Not in squad,,,,,,,,,,
2022/23,1010854,Mathis Amougou,International Friendlies,,,,,,,,,,,,,,,,
2023/24,1010854,Mathis Amougou,International Friendlies,52,2023-09-10,France U18,Japan U17,2:0,Not in squad,,,,,,,,,,
2022/23,1010854,Mathis Amougou,International Friendlies,,,,,,,,,,,,,,,,
2023/24,1010854,Mathis Amougou,International Friendlies,8,2023-09-12,Serbia U19,France U19,0:1,Not in squad,,,,,,,,,,
2023/24,1010854,Mathis Amougou,International Friendlies,23,2023-10-12,Australia U20,France U19,5:2 on pens,Not in squad,,,,,,,,,,
2022/23,1010854,Mathis Amougou,International Friendlies,,,,,,,,,,,,,,,,
2023/24,1010854,Mathis Amougou,International Friendlies,10,2023-10-13,Switzerland U18,France U18,0:3,CM,,,,38,,,,74,74,
2022/23,1010854,Mathis Amougou,International Friendlies,,,,,,,,,,,,,,,,
2023/24,1010854,Mathis Amougou,International Friendlies,10,2023-10-14,France U19,Belgium U19,2:0,Not in squad,,,,,,,,,,
2022/23,1010854,Mathis Amougou,International Friendlies,,,,,,,,,,,,,,,,
2023/24,1010854,Mathis Amougou,International Friendlies,10,2023-10-16,Switzerland U18,France U18,0:1,on the bench,,,,,,,,,,
2022/23,1010854,Mathis Amougou,International Friendlies,,,,,,,,,,,,,,,,
2023/24,1010854,Mathis Amougou,International Friendlies,9,2023-10-17,France U19,Switzerland U19,3:3,Not in squad,,,,,,,,,,
2024/25,1010854,Mathis Amougou,International Friendlies,1,2024-09-05,Ireland U19,France U19,1:2,Not in squad,,,,,,,,,,
2023/24,1010854,Mathis Amougou,Ligue 1/Ligue 2 Playoffs,Second Round,2024-05-24,Saint-Étienne,Rodez AF,2:0,Not in squad,,,,,,,,,,
2023/24,1010854,Mathis Amougou,Ligue 1/Ligue 2 Playoffs,3rd round 1st leg,2024-05-30,Saint-Étienne,FC Metz,2:1,Not in squad,,,,,,,,,,
2023/24,1010854,Mathis Amougou,Ligue 1/Ligue 2 Playoffs,3rd round 2nd leg,2024-06-02,FC Metz,Saint-Étienne,2:2 AET,Not in squad,,,,,,,,,,
2023/24,1010854,Mathis Amougou,Coupe Gambardella,First Round,2023-12-10,FC Nivolet U18,St-Étienne U19,0:6,Not in squad,,,,,,,,,,
2023/24,1010854,Mathis Amougou,Coupe Gambardella,Second Round,2024-01-14,JET U19,St-Étienne U19,4:5 on pens,Not in squad,,,,,,,,,,
2023/24,1010854,Mathis Amougou,Coupe Gambardella,Third Round,2024-02-04,AS Nancy U19,St-Étienne U19,1:0,,,,,,,,,,90,
2023/24,1010854,Mathis Amougou,Coupe de France,Third Round,2023-11-18,Bourg-en-Bresse,Saint-Étienne,0:3,Not in squad,,,,,,,,,,
2023/24,1010854,Mathis Amougou,Coupe de France,Fourth Round,2023-12-09,Saint-Étienne,Nîmes Olympique,0:1,CM,,,,,,,,70,70,
2023/24,1010854,Mathis Amougou,Championnat National 3 - Groupe K,1,2023-08-26,Chassieu Déci.,Saint-Étienne B,0:1,Not in squad,,,,,,,,,,
2023/24,1010854,Mathis Amougou,Championnat National 3 - Groupe K,2,2023-09-03,Saint-Étienne B,US Feurs,1:1,Not in squad,,,,,,,,,,
2023/24,1010854,Mathis Amougou,Championnat National 3 - Groupe K,3,2023-09-09,Espaly,Saint-Étienne B,0:1,Not in squad,,,,,,,,,,
2023/24,1010854,Mathis Amougou,Championnat National 3 - Groupe K,4,2023-09-24,Saint-Étienne B,FC Limonest,0:2,,,,,,,,,46,45,
2023/24,1010854,Mathis Amougou,Championnat National 3 - Groupe K,5,2023-10-07,Olymp. Lyon B,Saint-Étienne B,1:0,,,,,,,,,,90,
2023/24,1010854,Mathis Amougou,Championnat National 3 - Groupe K,6,2023-10-22,Saint-Étienne B,Lyon La Duchère,0:1,Not in squad,,,,,,,,,,
2023/24,1010854,Mathis Amougou,Championnat National 3 - Groupe K,7,2023-11-04,Ain Sud,Saint-Étienne B,0:0,,,,,,,,69,,21,
2023/24,1010854,Mathis Amougou,Championnat National 3 - Groupe K,8,2023-11-12,Saint-Étienne B,Chambéry SF,2:2,Not in squad,,,,,,,,,,
2023/24,1010854,Mathis Amougou,Championnat National 3 - Groupe K,9,2023-11-26,Clermont B,Saint-Étienne B,3:0,Not in squad,,,,,,,,,,
2023/24,1010854,Mathis Amougou,Championnat National 3 - Groupe K,10,2023-12-03,Saint-Étienne B,Valence,4:0,Not in squad,,,,,,,,,,
2023/24,1010854,Mathis Amougou,Championnat National 3 - Groupe K,11,2023-12-09,FC Vaulx-en-Vel,Saint-Étienne B,1:3,Not in squad,,,,,,,,,,
2023/24,1010854,Mathis Amougou,Championnat National 3 - Groupe K,12,2023-12-16,Saint-Étienne B,AS Saint-Priest,2:1,,,,,,,,,85,85,
2023/24,1010854,Mathis Amougou,Championnat National 3 - Groupe K,13,2024-01-14,Saint-Étienne B,Hauts Lyonnais,2:0,,1,,,,,,,,90,
2023/24,1010854,Mathis Amougou,Championnat National 3 - Groupe K,14,2024-01-20,US Feurs,Saint-Étienne B,1:2,Not in squad,,,,,,,,,,
2023/24,1010854,Mathis Amougou,Championnat National 3 - Groupe K,15,2024-02-04,Saint-Étienne B,Espaly,1:0,Not in squad,,,,,,,,,,
2023/24,1010854,Mathis Amougou,Championnat National 3 - Groupe K,16,2024-02-17,FC Limonest,Saint-Étienne B,1:0,Not in squad,,,,,,,,,,
2023/24,1010854,Mathis Amougou,Championnat National 3 - Groupe K,17,2024-02-25,Saint-Étienne B,Olymp. Lyon B,4:2,,,,,,,,,72,72,
2023/24,1010854,Mathis Amougou,Championnat National 3 - Groupe K,18,2024-03-09,Lyon La Duchère,Saint-Étienne B,3:1,,,,,,,,,,90,
2023/24,1010854,Mathis Amougou,Championnat National 3 - Groupe K,19,2024-03-17,Saint-Étienne B,Ain Sud,3:0,,,,,,,,,59,59,
2023/24,1010854,Mathis Amougou,Championnat National 3 - Groupe K,20,2024-03-23,Chambéry SF,Saint-Étienne B,4:0,Not in squad,,,,,,,,,,
2023/24,1010854,Mathis Amougou,Championnat National 3 - Groupe K,21,2024-04-07,Saint-Étienne B,Clermont B,2:2,,,,,,,,,,90,
2023/24,1010854,Mathis Amougou,Championnat National 3 - Groupe K,22,2024-04-13,Valence,Saint-Étienne B,0:2,,1,,,,,,,,90,
2023/24,1010854,Mathis Amougou,Championnat National 3 - Groupe K,23,2024-04-21,Saint-Étienne B,FC Vaulx-en-Vel,1:2,Not in squad,,,,,,,,,,
2023/24,1010854,Mathis Amougou,Championnat National 3 - Groupe K,24,2024-04-27,AS Saint-Priest,Saint-Étienne B,3:0,,,,,,,,,,90,
2023/24,1010854,Mathis Amougou,Championnat National 3 - Groupe K,25,2024-05-11,Hauts Lyonnais,Saint-Étienne B,1:1,,,,,,,,,29,29,
2023/24,1010854,Mathis Amougou,Championnat National 3 - Groupe K,26,2024-05-18,Saint-Étienne B,Chassieu Déci.,3:0,Not in squad,,,,,,,,,,
2023/24,1010854,Mathis Amougou,Championnat National U19 - Groupe D,1,2023-08-27,Rodez AF U19,St-Étienne U19,3:1,Not in squad,,,,,,,,,,
2023/24,1010854,Mathis Amougou,Championnat National U19 - Groupe D,2,2023-09-02,GFC Ajaccio U19,St-Étienne U19,2:3,Not in squad,,,,,,,,,,
2023/24,1010854,Mathis Amougou,Championnat National U19 - Groupe D,3,2023-09-10,St-Étienne U19,Montpellier U19,4:0,Not in squad,,,,,,,,,,
2023/24,1010854,Mathis Amougou,Championnat National U19 - Groupe D,4,2023-09-16,SC Bastia U19,St-Étienne U19,1:0,Not in squad,,,,,,,,,,
2023/24,1010854,Mathis Amougou,Championnat National U19 - Groupe D,5,2023-09-23,St-Étienne U19,Marignane G U19,2:1,Not in squad,,,,,,,,,,
2023/24,1010854,Mathis Amougou,Championnat National U19 - Groupe D,6,2023-10-01,Toulouse U19,St-Étienne U19,0:2,Not in squad,,,,,,,,,,
2023/24,1010854,Mathis Amougou,Championnat National U19 - Groupe D,9,2023-10-22,St-Étienne U19,Colomiers U19,1:1,Not in squad,,,,,,,,,,
2023/24,1010854,Mathis Amougou,Championnat National U19 - Groupe D,8,2023-10-25,Marseille U19,St-Étienne U19,2:1,Not in squad,,,,,,,,,,
2023/24,1010854,Mathis Amougou,Championnat National U19 - Groupe D,10,2023-11-04,AS Béziers U19,St-Étienne U19,1:2,Not in squad,,,,,,,,,,
2023/24,1010854,Mathis Amougou,Championnat National U19 - Groupe D,11,2023-11-12,St-Étienne U19,Monaco U19,2:1,Not in squad,,,,,,,,,,
2023/24,1010854,Mathis Amougou,Championnat National U19 - Groupe D,12,2023-11-19,Nizza U19,St-Étienne U19,2:2,Not in squad,,,,,,,,,,
2023/24,1010854,Mathis Amougou,Championnat National U19 - Groupe D,13,2023-11-26,St-Étienne U19,Ajaccio U19,0:1,Not in squad,,,,,,,,,,
2023/24,1010854,Mathis Amougou,Championnat National U19 - Groupe D,14,2023-12-03,St-Étienne U19,GFC Ajaccio U19,4:1,Not in squad,,,,,,,,,,
2023/24,1010854,Mathis Amougou,Championnat National U19 - Groupe D,15,2023-12-17,Montpellier U19,St-Étienne U19,2:1,Not in squad,,,,,,,,,,
2023/24,1010854,Mathis Amougou,Championnat National U19 - Groupe D,16,2024-01-21,St-Étienne U19,SC Bastia U19,1:0,Not in squad,,,,,,,,,,
2023/24,1010854,Mathis Amougou,Championnat National U19 - Groupe D,17,2024-01-28,Marignane G U19,St-Étienne U19,0:0,Not in squad,,,,,,,,,,
2023/24,1010854,Mathis Amougou,Championnat National U19 - Groupe D,18,2024-02-11,St-Étienne U19,Toulouse U19,1:3,,,,,,,,,46,45,
2023/24,1010854,Mathis Amougou,Championnat National U19 - Groupe D,19,2024-02-18,SC Air Bel U19,St-Étienne U19,2:0,Not in squad,,,,,,,,,,
2023/24,1010854,Mathis Amougou,Championnat National U19 - Groupe D,7,2024-02-24,St-Étienne U19,SC Air Bel U19,2:0,Not in squad,,,,,,,,,,
2023/24,1010854,Mathis Amougou,Championnat National U19 - Groupe D,20,2024-03-10,St-Étienne U19,Marseille U19,2:1,Not in squad,,,,,,,,,,
2023/24,1010854,Mathis Amougou,Championnat National U19 - Groupe D,21,2024-03-17,Colomiers U19,St-Étienne U19,1:1,Not in squad,,,,,,,,,,
2023/24,1010854,Mathis Amougou,Championnat National U19 - Groupe D,22,2024-03-24,St-Étienne U19,AS Béziers U19,3:1,Not in squad,,,,,,,,,,
2023/24,1010854,Mathis Amougou,Championnat National U19 - Groupe D,23,2024-04-07,Monaco U19,St-Étienne U19,1:1,Not in squad,,,,,,,,,,
2023/24,1010854,Mathis Amougou,Championnat National U19 - Groupe D,24,2024-04-13,St-Étienne U19,Nizza U19,2:2,Not in squad,,,,,,,,,,
2023/24,1010854,Mathis Amougou,Championnat National U19 - Groupe D,25,2024-04-28,Ajaccio U19,St-Étienne U19,3:2,Not in squad,,,,,,,,,,
2023/24,1010854,Mathis Amougou,Championnat National U19 - Groupe D,26,2024-05-12,St-Étienne U19,Rodez AF U19,1:3,Not in squad,,,,,,,,,,
2023/24,1010854,Mathis Amougou,Ligue 2,1,2023-08-05,Saint-Étienne,Grenoble,0:1,Not in squad,,,,,,,,,,
2023/24,1010854,Mathis Amougou,Ligue 2,2,2023-08-12,Rodez AF,Saint-Étienne,2:1,Not in squad,,,,,,,,,,
2023/24,1010854,Mathis Amougou,Ligue 2,3,2023-08-19,Saint-Étienne,QRM,2:1,Not in squad,,,,,,,,,,
2023/24,1010854,Mathis Amougou,Ligue 2,4,2023-08-28,FC Annecy,Saint-Étienne,1:1,Not in squad,,,,,,,,,,
2023/24,1010854,Mathis Amougou,Ligue 2,5,2023-09-02,Saint-Étienne,Valenciennes FC,0:0,Not in squad,,,,,,,,,,
2023/24,1010854,Mathis Amougou,Ligue 2,6,2023-09-16,SM Caen,Saint-Étienne,1:2,Not in squad,,,,,,,,,,
2023/24,1010854,Mathis Amougou,Ligue 2,7,2023-09-23,Concarneau,Saint-Étienne,0:1,Not in squad,,,,,,,,,,
2023/24,1010854,Mathis Amougou,Ligue 2,9,2023-09-30,Troyes,Saint-Étienne,0:1,Not in squad,,,,,,,,,,
2023/24,1010854,Mathis Amougou,Ligue 2,8,2023-10-04,Saint-Étienne,USL Dunkerque,2:0,Not in squad,,,,,,,,,,
2023/24,1010854,Mathis Amougou,Ligue 2,10,2023-10-07,Saint-Étienne,AC Ajaccio,0:0,Not in squad,,,,,,,,,,
2023/24,1010854,Mathis Amougou,Ligue 2,11,2023-10-23,Stade Lavallois,Saint-Étienne,0:1,Not in squad,,,,,,,,,,
2023/24,1010854,Mathis Amougou,Ligue 2,12,2023-10-30,Saint-Étienne,Angers SCO,2:0,Not in squad,,,,,,,,,,
2023/24,1010854,Mathis Amougou,Ligue 2,13,2023-11-04,Saint-Étienne,Paris FC,0:1,Not in squad,,,,,,,,,,
2023/24,1010854,Mathis Amougou,Ligue 2,14,2023-11-11,AJ Auxerre,Saint-Étienne,5:2,Not in squad,,,,,,,,,,
2023/24,1010854,Mathis Amougou,Ligue 2,15,2023-11-25,Saint-Étienne,Pau FC,1:2,Not in squad,,,,,,,,,,
2023/24,1010854,Mathis Amougou,Ligue 2,16,2023-12-02,Amiens SC,Saint-Étienne,1:0,Not in squad,,,,,,,,,,
2023/24,1010854,Mathis Amougou,Ligue 2,17,2023-12-05,Saint-Étienne,Guingamp,1:3,Not in squad,,,,,,,,,,
2023/24,1010854,Mathis Amougou,Ligue 2,18,2023-12-16,G. Bordeaux,Saint-Étienne,0:0,Not in squad,,,,,,,,,,
2023/24,1010854,Mathis Amougou,Ligue 2,19,2023-12-19,Saint-Étienne,SC Bastia,3:2,Not in squad,,,,,,,,,,
2023/24,1010854,Mathis Amougou,Ligue 2,20,2024-01-13,Saint-Étienne,Stade Lavallois,0:0,,,,,,,,73,,17,
2023/24,1010854,Mathis Amougou,Ligue 2,21,2024-01-23,Pau FC,Saint-Étienne,0:1,Not in squad,,,,,,,,,,
2023/24,1010854,Mathis Amougou,Ligue 2,22,2024-01-27,Saint-Étienne,Amiens SC,0:1,Not in squad,,,,,,,,,,
2023/24,1010854,Mathis Amougou,Ligue 2,23,2024-02-03,USL Dunkerque,Saint-Étienne,1:0,Not in squad,,,,,,,,,,
2023/24,1010854,Mathis Amougou,Ligue 2,24,2024-02-12,Saint-Étienne,Troyes,5:0,Not in squad,,,,,,,,,,
2023/24,1010854,Mathis Amougou,Ligue 2,25,2024-02-17,Angers SCO,Saint-Étienne,0:3,Not in squad,,,,,,,,,,
2023/24,1010854,Mathis Amougou,Ligue 2,26,2024-02-24,Saint-Étienne,FC Annecy,2:1,Not in squad,,,,,,,,,,
2023/24,1010854,Mathis Amougou,Ligue 2,27,2024-03-02,Paris FC,Saint-Étienne,0:0,Not in squad,,,,,,,,,,
2023/24,1010854,Mathis Amougou,Ligue 2,28,2024-03-09,Saint-Étienne,AJ Auxerre,1:0,Not in squad,,,,,,,,,,
2023/24,1010854,Mathis Amougou,Ligue 2,29,2024-03-16,SC Bastia,Saint-Étienne,0:4,Not in squad,,,,,,,,,,
2023/24,1010854,Mathis Amougou,Ligue 2,30,2024-03-30,Valenciennes FC,Saint-Étienne,0:2,Not in squad,,,,,,,,,,
2023/24,1010854,Mathis Amougou,Ligue 2,31,2024-04-06,Saint-Étienne,Concarneau,1:0,Not in squad,,,,,,,,,,
2023/24,1010854,Mathis Amougou,Ligue 2,32,2024-04-13,AC Ajaccio,Saint-Étienne,2:0,Not in squad,,,,,,,,,,
2023/24,1010854,Mathis Amougou,Ligue 2,33,2024-04-20,Saint-Étienne,G. Bordeaux,2:1,Not in squad,,,,,,,,,,
2023/24,1010854,Mathis Amougou,Ligue 2,34,2024-04-23,Grenoble,Saint-Étienne,0:2,Not in squad,,,,,,,,,,
2023/24,1010854,Mathis Amougou,Ligue 2,35,2024-04-27,Saint-Étienne,SM Caen,1:0,Not in squad,,,,,,,,,,
2023/24,1010854,Mathis Amougou,Ligue 2,36,2024-05-04,Guingamp,Saint-Étienne,2:2,Not in squad,,,,,,,,,,
2023/24,1010854,Mathis Amougou,Ligue 2,37,2024-05-10,Saint-Étienne,Rodez AF,1:1,Not in squad,,,,,,,,,,
2023/24,1010854,Mathis Amougou,Ligue 2,38,2024-05-17,QRM,Saint-Étienne,2:1,Not in squad,,,,,,,,,,
2024/25,1010854,Mathis Amougou,2024 UEFA Under-19 Euro,Group B,2024-07-16,France U19,Türkiye U19,2:1,,,,,,,,69,,21,
2024/25,1010854,Mathis Amougou,2024 UEFA Under-19 Euro,Group B,2024-07-19,Denmark U19,France U19,2:4,,,,,,,,57,,33,
2024/25,1010854,Mathis Amougou,2024 UEFA Under-19 Euro,Group B,2024-07-22,Spain U19,France U19,2:2,CM,,,,,,,,,90,
2024/25,1010854,Mathis Amougou,2024 UEFA Under-19 Euro,Semi-Finals,2024-07-25,France U19,Ukraine U19,1:0,LM,,,,,,,62,,28,
2024/25,1010854,Mathis Amougou,2024 UEFA Under-19 Euro,Final,2024-07-28,Spain U19,France U19,2:0,,,,,,,,73,,17,
2023/24,1010854,Mathis Amougou,UEFA EURO U19 Championship Qualifiers,Group 1,2023-11-15,France U19,Estonia U19,2:0,Not in squad,,,,,,,,,,
2023/24,1010854,Mathis Amougou,UEFA EURO U19 Championship Qualifiers,Group 1,2023-11-18,France U19,Iceland U19,1:0,Not in squad,,,,,,,,,,
2023/24,1010854,Mathis Amougou,UEFA EURO U19 Championship Qualifiers,Group 1,2023-11-21,Denmark U19,France U19,2:1,Not in squad,,,,,,,,,,
2023/24,1010854,Mathis Amougou,UEFA EURO U19 Championship Qualifiers,group B2,2024-03-20,France U19,Belgium U19,2:0,CM,,,,,,,,,90,
2023/24,1010854,Mathis Amougou,UEFA EURO U19 Championship Qualifiers,group B2,2024-03-23,Netherlands U19,France U19,0:1,,,,,,,,,75,75,
2023/24,1010854,Mathis Amougou,UEFA EURO U19 Championship Qualifiers,group B2,2024-03-26,Lithuania U19,France U19,2:0,on the bench,,,,,,,,,,
