﻿season,player_id,player_name,competition,journey,date,home_team,away_team,result,position,goals,assists,own_goals,yellow_cards,second_yellow_cards,red_cards,substitutions_on,substitutions_off,minutes_played,transfermarkt_score
2025/26,1018714,Coby Ebere,EFL Trophy,group A3,2025-09-02,Doncaster,Everton U21,2:1,,,,,,,,65,,25,
2025/26,1018714,Coby Ebere,EFL Trophy,group A3,2025-10-14,Bradford,Everton U21,5:1,,,,,,,,90,,1,
2025/26,1018714,Coby Ebere,EFL Trophy,group A3,2025-11-04,Grimsby Town,Everton U21,5:3,CF,,,,,,,,74,74,
2025/26,1018714,Coby Ebere,Premier League 2,1,2025-08-18,Everton U21,Blackburn U21,1:0,Not in squad,,,,,,,,,,
2025/26,1018714,Coby Ebere,Premier League 2,2,2025-08-22,Everton U21,Fulham U21,3:4,Not in squad,,,,,,,,,,
2025/26,1018714,Coby Ebere,Premier League 2,3,2025-08-29,Norwich U21,Everton U21,2:1,Not in squad,,,,,,,,,,
2025/26,1018714,Coby Ebere,Premier League 2,4,2025-09-19,Everton U21,Aston Villa U21,2:3,Not in squad,,,,,,,,,,
2025/26,1018714,Coby Ebere,Premier League 2,5,2025-09-26,Boro U21,Everton U21,0:1,,,,,,,,76,,14,
2025/26,1018714,Coby Ebere,Premier League 2,6,2025-10-03,Everton U21,Man Utd U21,1:2,,,,,,,,87,,3,
2025/26,1018714,Coby Ebere,Premier League 2,7,2025-10-26,Liverpool U21,Everton U21,4:1,,,,,,,,81,,9,
2025/26,1018714,Coby Ebere,Premier League 2,8,2025-10-31,Everton U21,Chelsea U21,1:0,,,,,,,,61,,29,
2025/26,1018714,Coby Ebere,Premier League 2,9,2025-11-07,West Brom U21,Everton U21,0:3,,,,,,,,80,,10,
2025/26,1018714,Coby Ebere,Premier League International Cup U21,Group A,2025-12-03,Everton U21,RM Castilla,0:2,,,,,,,,60,,30,
2025/26,1018714,Coby Ebere,National League Cup,Group A,2025-08-12,Solihull Moors,Everton U21,1:2,Not in squad,,,,,,,,,,
2025/26,1018714,Coby Ebere,National League Cup,Group A,2025-09-16,Tamworth,Everton U21,2:1,CF,,,,,,,,61,61,
2025/26,1018714,Coby Ebere,National League Cup,Group A,2025-10-21,Brackley,Everton U21,3:5 on pens,LW,,,,,,,,46,45,
2025/26,1018714,Coby Ebere,National League Cup,Group A,2025-11-25,Rochdale,Everton U21,1:0,,,,,,,,58,,32,
