﻿season,player_id,player_name,competition,journey,date,home_team,away_team,result,position,goals,assists,own_goals,yellow_cards,second_yellow_cards,red_cards,substitutions_on,substitutions_off,minutes_played,transfermarkt_score
2024/25,1108667,Dovydas Sasnauskas,International Friendlies,7,2024-09-07,Lithuania U19,Armenia U19,1:2,,1,,,,,,,,90,
2024/25,1108667,Dovydas Sasnauskas,International Friendlies,8,2024-09-09,Lithuania U19,Armenia U19,1:1,,,,,,,,,,90,
2024/25,1108667,Dovydas Sasnauskas,International Friendlies,11,2024-10-12,Lithuania U19,Georgia U19,0:0,,,,,,,,,,90,
2024/25,1108667,Dovydas Sasnauskas,International Friendlies,12,2024-10-14,Lithuania U19,Georgia U19,0:2,Not in squad,,,,,,,,,,
2023/24,1108667,Dovydas Sasnauskas,International Friendlies,,,,,,,,,,,,,,,,
2024/25,1108667,Dovydas Sasnauskas,International Friendlies,29,2025-03-21,Malta U18,Lithuania U18,2:2,,,,,,,,,,90,
2024/25,1108667,Dovydas Sasnauskas,International Friendlies,30,2025-03-23,Malta U18,Lithuania U18,0:1,Not in squad,,,,,,,,,,
2023/24,1108667,Dovydas Sasnauskas,International Friendlies,,,,,,,,,,,,,,,,
2024/25,1108667,Dovydas Sasnauskas,International Friendlies,52,2025-06-06,Estonia U19,Lithuania U19,1:0,CB,,,,,,,,,90,
2024/25,1108667,Dovydas Sasnauskas,International Friendlies,52,2025-06-08,Lithuania U19,Latvia U19,2:1,CB,,,,,,,,,90,
2024/25,1108667,Dovydas Sasnauskas,National League North,22,2024-12-21,Warrington,Buxton,1:0,CB,,,,,,,,,90,
2024/25,1108667,Dovydas Sasnauskas,National League North,23,2024-12-26,Buxton,Alfreton,3:2,CB,,,,,,,,,90,
2024/25,1108667,Dovydas Sasnauskas,National League North,26,2025-01-11,Buxton,Chester,2:4,CB,,,,,,,,65,65,
2024/25,1108667,Dovydas Sasnauskas,National League North,27,2025-01-18,Buxton,Peterb Sports,1:3,Not in squad,,,,,,,,,,
2024/25,1108667,Dovydas Sasnauskas,UEFA EURO U19 Championship Qualifiers,Group 3,2024-11-13,England U19,Lithuania U19,1:0,CB,,,,,,,,,90,
2024/25,1108667,Dovydas Sasnauskas,UEFA EURO U19 Championship Qualifiers,Group 3,2024-11-16,Belgium U19,Lithuania U19,4:1,CB,,,,71,,,,,90,
2024/25,1108667,Dovydas Sasnauskas,UEFA EURO U19 Championship Qualifiers,Group 3,2024-11-19,Lithuania U19,Bulgaria U19,0:2,DM,,,,,,,,,90,
2024/25,1108667,Dovydas Sasnauskas,Premier League Cup,Group D,2024-09-06,Sunderland U21,Sheff Utd U21,0:1,Not in squad,,,,,,,,,,
2024/25,1108667,Dovydas Sasnauskas,Premier League Cup,Group D,2024-09-17,Sheff Utd U21,Wolves U21,3:0,CB,,,,,,,,,90,
2024/25,1108667,Dovydas Sasnauskas,Premier League Cup,Group D,2024-11-11,Sheff Utd U21,Huddersf. U21,7:2,Information not yet available,,,,,,,,,,
2024/25,1108667,Dovydas Sasnauskas,Premier League Cup,Group D,2024-11-25,Sheff Utd U21,Sunderland U21,2:1,,,,,,,,67,,23,
2024/25,1108667,Dovydas Sasnauskas,Premier League Cup,Group D,2025-01-14,Wolves U21,Sheff Utd U21,1:2,,,,,,,,46,,45,
2024/25,1108667,Dovydas Sasnauskas,Premier League Cup,Group D,2025-01-31,Huddersf. U21,Sheff Utd U21,3:2,Information not yet available,,,,,,,,,,
2024/25,1108667,Dovydas Sasnauskas,Premier League Cup,Round of 16,2025-03-12,Sheff Utd U21,Southampton U21,1:4,CB,,,,,,,,,90,
2024/25,1108667,Dovydas Sasnauskas,FA Youth Cup,Third Round,2024-12-17,Sheff Utd U18,Blackburn U18,3:2,,,,,,,,,,90,
