﻿season,player_id,player_name,competition,journey,date,home_team,away_team,result,position,goals,assists,own_goals,yellow_cards,second_yellow_cards,red_cards,substitutions_on,substitutions_off,minutes_played,transfermarkt_score
2025/26,1107726,Ezra Mayers,Premier League,1,2025-08-16,Sunderland,West Ham,3:0,Not in squad,,,,,,,,,,
2025/26,1107726,Ezra Mayers,Premier League,2,2025-08-22,West Ham,Chelsea,1:5,Not in squad,,,,,,,,,,
2025/26,1107726,Ezra Mayers,Premier League,3,2025-08-31,Nott'm Forest,West Ham,0:3,Not in squad,,,,,,,,,,
2025/26,1107726,Ezra Mayers,Premier League,4,2025-09-13,West Ham,Tottenham,0:3,Not in squad,,,,,,,,,,
2025/26,1107726,Ezra Mayers,Premier League,5,2025-09-20,West Ham,Crystal Palace,1:2,Not in squad,,,,,,,,,,
2025/26,1107726,Ezra Mayers,Premier League,6,2025-09-29,Everton,West Ham,1:1,Not in squad,,,,,,,,,,
2025/26,1107726,Ezra Mayers,Premier League,7,2025-10-04,Arsenal,West Ham,2:0,Not in squad,,,,,,,,,,
2025/26,1107726,Ezra Mayers,Premier League,8,2025-10-20,West Ham,Brentford,0:2,Not in squad,,,,,,,,,,
2025/26,1107726,Ezra Mayers,Premier League,9,2025-10-24,Leeds,West Ham,2:1,Not in squad,,,,,,,,,,
2025/26,1107726,Ezra Mayers,Premier League,10,2025-11-02,West Ham,Newcastle,3:1,on the bench,,,,,,,,,,
2025/26,1107726,Ezra Mayers,Premier League,11,2025-11-08,West Ham,Burnley,3:2,Not in squad,,,,,,,,,,
2025/26,1107726,Ezra Mayers,Premier League,12,2025-11-22,Bournemouth,West Ham,2:2,on the bench,,,,,,,,,,
2025/26,1107726,Ezra Mayers,Premier League,13,2025-11-30,West Ham,Liverpool,0:2,Not in squad,,,,,,,,,,
2025/26,1107726,Ezra Mayers,EFL Trophy,group B4,2025-09-16,MK Dons,West Ham U21,1:5,CB,,,,,,,,,90,
2025/26,1107726,Ezra Mayers,EFL Trophy,group B4,2025-09-30,Reading,West Ham U21,3:1,CB,,,,,,46,,,46,
2025/26,1107726,Ezra Mayers,EFL Trophy,group B4,2025-10-28,Swindon Town,West Ham U21,2:3,Not in squad,,,,,,,,,,
2025/26,1107726,Ezra Mayers,EFL Cup,Second Round,2025-08-26,Wolves,West Ham,3:2,Not in squad,,,,,,,,,,
2025/26,1107726,Ezra Mayers,Premier League 2,1,2025-08-18,West Ham U21,Nottingham U21,0:1,CB,,,,,,,,,90,
2025/26,1107726,Ezra Mayers,Premier League 2,2,2025-08-22,Man City U21,West Ham U21,3:1,CB,,,,,,,,,90,
2025/26,1107726,Ezra Mayers,Premier League 2,3,2025-08-29,Sunderland U21,West Ham U21,2:4,CB,,1,,,,,,,90,
2025/26,1107726,Ezra Mayers,Premier League 2,4,2025-09-19,West Ham U21,Birmingham U21,3:0,CB,,,,34,,,,,90,
2025/26,1107726,Ezra Mayers,Premier League 2,5,2025-09-26,West Ham U21,Brighton U21,3:3,CB,,,,,,,,,90,
2025/26,1107726,Ezra Mayers,Premier League 2,6,2025-10-04,Arsenal U21,West Ham U21,2:2,DM,1,,,,,,,,90,
2025/26,1107726,Ezra Mayers,Premier League 2,7,2025-10-24,West Ham U21,Aston Villa U21,1:0,LB,,,,,,,,,90,
2025/26,1107726,Ezra Mayers,Premier League 2,8,2025-11-03,Wolves U21,West Ham U21,1:1,Not in squad,,,,,,,,,,
2025/26,1107726,Ezra Mayers,Premier League 2,9,2025-11-07,West Ham U21,Liverpool U21,3:0,CB,,,,,,,,,90,
2025/26,1107726,Ezra Mayers,Premier League International Cup U21,Group D,2025-12-03,West Ham U21,Bilbao Athletic,0:4,Not in squad,,,,,,,,,,
2025/26,1107726,Ezra Mayers,National League Cup,Group C,2025-08-13,Woking,West Ham U21,0:2,CB,,,,,,,,,90,
2025/26,1107726,Ezra Mayers,National League Cup,Group C,2025-10-21,Sutton Utd,West Ham U21,6:7 on pens,CB,,,,,,,,,90,
2025/26,1107726,Ezra Mayers,National League Cup,Group C,2025-11-25,Truro City FC,West Ham U21,0:3,CB,,1,,,,,,,90,
