﻿season,player_id,player_name,competition,journey,date,home_team,away_team,result,position,goals,assists,own_goals,yellow_cards,second_yellow_cards,red_cards,substitutions_on,substitutions_off,minutes_played,transfermarkt_score
2022/23,1009658,Julio Soler,International Friendlies,1,2022-09-06,Brazil U20,Argentina U20,1:1,,,,,,,,67,,23,
2022/23,1009658,Julio Soler,International Friendlies,42,2022-09-08,Uzbekistan U19,Argentina U20,0:2,LB,,,,,,,,,90,
2022/23,1009658,Julio Soler,International Friendlies,4,2022-09-11,Uruguay U20,Argentina U20,0:2,,,,,,,,79,,11,
2022/23,1009658,Julio Soler,Professional Football League (- 23/24),1,2023-01-29,Colon,Lanús,1:2,on the bench,,,,,,,,,,
2022/23,1009658,Julio Soler,Professional Football League (- 23/24),2,2023-02-05,Lanús,San Lorenzo,2:1,Not in squad,,,,,,,,,,
2022/23,1009658,Julio Soler,Professional Football League (- 23/24),3,2023-02-14,Estudiantes LP,Lanús,0:2,Not in squad,,,,,,,,,,
2022/23,1009658,Julio Soler,Professional Football League (- 23/24),4,2023-02-18,Lanús,Rosario Central,3:0,Not in squad,,,,,,,,,,
2022/23,1009658,Julio Soler,Professional Football League (- 23/24),5,2023-02-27,Racing Club,Lanús,2:1,on the bench,,,,,,,,,,
2022/23,1009658,Julio Soler,Professional Football League (- 23/24),6,2023-03-04,Lanús,River Plate,0:2,Not in squad,,,,,,,,,,
2022/23,1009658,Julio Soler,Professional Football League (- 23/24),7,2023-03-12,Belgrano,Lanús,0:0,on the bench,,,,,,,,,,
2022/23,1009658,Julio Soler,Professional Football League (- 23/24),8,2023-03-21,Lanús,Argentinos Jrs.,0:0,on the bench,,,,,,,,,,
2022/23,1009658,Julio Soler,Professional Football League (- 23/24),9,2023-04-02,Tigre,Lanús,2:1,on the bench,,,,,,,,,,
2022/23,1009658,Julio Soler,Professional Football League (- 23/24),10,2023-04-07,Lanús,Arsenal Sarandí,3:0,on the bench,,,,,,,,,,
2022/23,1009658,Julio Soler,Professional Football League (- 23/24),11,2023-04-12,Central Córdoba,Lanús,1:1,on the bench,,,,,,,,,,
2022/23,1009658,Julio Soler,Professional Football League (- 23/24),12,2023-04-18,Godoy Cruz,Lanús,4:4,on the bench,,,,,,,,,,
2022/23,1009658,Julio Soler,Professional Football League (- 23/24),13,2023-04-22,Lanús,Sarmiento Junin,2:1,on the bench,,,,,,,,,,
2022/23,1009658,Julio Soler,Professional Football League (- 23/24),15,2023-05-06,Lanús,Huracán,1:0,Not in squad,,,,,,,,,,
2022/23,1009658,Julio Soler,Professional Football League (- 23/24),16,2023-05-15,Gimnasia,Lanús,1:0,on the bench,,,,,,,,,,
2022/23,1009658,Julio Soler,Professional Football League (- 23/24),17,2023-05-21,Lanús,Newell's,1:0,LB,,,,,,,61,,29,
2022/23,1009658,Julio Soler,Professional Football League (- 23/24),18,2023-05-28,Independiente,Lanús,1:1,LB,,,,,,,,,90,
2022/23,1009658,Julio Soler,Professional Football League (- 23/24),19,2023-06-05,Lanús,Atl. Tucumán,2:1,LB,,,,,,,,,90,
2022/23,1009658,Julio Soler,Professional Football League (- 23/24),20,2023-06-11,Boca Juniors,Lanús,1:1,on the bench,,,,,,,,,,
2022/23,1009658,Julio Soler,Professional Football League (- 23/24),14,2023-06-17,Unión Santa Fe,Lanús,1:1,on the bench,,,,,,,,,,
2022/23,1009658,Julio Soler,Professional Football League (- 23/24),21,2023-06-25,Lanús,CA Talleres,2:1,on the bench,,,,,,,,,,
2023/24,1009658,Julio Soler,Professional Football League (- 23/24),22,2023-07-01,Platense,Lanús,0:1,on the bench,,,,,,,,,,
2023/24,1009658,Julio Soler,Professional Football League (- 23/24),23,2023-07-05,Lanús,Vélez Sarsfield,0:1,on the bench,,,,,,,,,,
2023/24,1009658,Julio Soler,Professional Football League (- 23/24),24,2023-07-10,Defensa,Lanús,2:2,on the bench,,,,,,,,,,
2023/24,1009658,Julio Soler,Professional Football League (- 23/24),25,2023-07-17,Lanús,Banfield,2:2,on the bench,,,,,,,,,,
2023/24,1009658,Julio Soler,Professional Football League (- 23/24),26,2023-07-26,Instituto ACC,Lanús,2:1,on the bench,,,,,,,,,,
2023/24,1009658,Julio Soler,Professional Football League (- 23/24),27,2023-07-30,Lanús,Barracas C.,2:0,on the bench,,,,,,,,,,
2022/23,1009658,Julio Soler,Copa Argentina,First Round,2023-05-12,Lanús,Sol de Mayo,3:1,on the bench,,,,,,,,,,
2023/24,1009658,Julio Soler,Copa Argentina,Second Round,2023-08-15,Colon,Lanús,2:0,on the bench,,,,,,,,,,
2023/24,1009658,Julio Soler,Copa de la Liga Profesional de Fútbol (- 23/24),1,2023-08-20,Lanús,San Lorenzo,0:1,on the bench,,,,,,,,,,
2023/24,1009658,Julio Soler,Copa de la Liga Profesional de Fútbol (- 23/24),2,2023-08-27,Newell's,Lanús,1:0,on the bench,,,,,,,,,,
2023/24,1009658,Julio Soler,Copa de la Liga Profesional de Fútbol (- 23/24),3,2023-09-02,Lanús,Godoy Cruz,2:2,on the bench,,,,,,,,,,
2023/24,1009658,Julio Soler,Copa de la Liga Profesional de Fútbol (- 23/24),4,2023-09-15,Platense,Lanús,2:1,LB,,,,,,,87,,3,
2023/24,1009658,Julio Soler,Copa de la Liga Profesional de Fútbol (- 23/24),5,2023-09-19,Lanús,Sarmiento Junin,0:0,LB,,,,,,,,,90,
2023/24,1009658,Julio Soler,Copa de la Liga Profesional de Fútbol (- 23/24),6,2023-09-23,Boca Juniors,Lanús,1:1,LB,,,,,,,,,90,
2023/24,1009658,Julio Soler,Copa de la Liga Profesional de Fútbol (- 23/24),7,2023-10-01,Banfield,Lanús,1:0,LB,,,,,,,,58,58,
2023/24,1009658,Julio Soler,Copa de la Liga Profesional de Fútbol (- 23/24),8,2023-10-08,Lanús,Defensa,0:2,LB,,,,,,,,,90,
2023/24,1009658,Julio Soler,Copa de la Liga Profesional de Fútbol (- 23/24),9,2023-10-16,Central Córdoba,Lanús,0:0,LB,,,,,,,,,90,
2023/24,1009658,Julio Soler,Copa de la Liga Profesional de Fútbol (- 23/24),10,2023-10-27,Lanús,Tigre,2:1,,,,,,,,84,,6,
2023/24,1009658,Julio Soler,Copa de la Liga Profesional de Fútbol (- 23/24),11,2023-10-30,Lanús,Belgrano,2:0,on the bench,,,,,,,,,,
2023/24,1009658,Julio Soler,Copa de la Liga Profesional de Fútbol (- 23/24),12,2023-11-05,Unión Santa Fe,Lanús,0:0,on the bench,,,,,,,,,,
2023/24,1009658,Julio Soler,Copa de la Liga Profesional de Fútbol (- 23/24),13,2023-11-12,Lanús,Racing Club,0:2,LB,,,,,,,46,,45,
2023/24,1009658,Julio Soler,Copa de la Liga Profesional de Fútbol (- 23/24),14,2023-11-27,Estudiantes LP,Lanús,1:1,,,,,,,,89,,1,
2023/24,1009658,Julio Soler,Copa LPF Proyección,1,2023-08-17,San Lorenzo II,Lanús II,2:0,Not in squad,,,,,,,,,,
2023/24,1009658,Julio Soler,Copa LPF Proyección,2,2023-08-23,Lanús II,Newell's II,0:1,Not in squad,,,,,,,,,,
2023/24,1009658,Julio Soler,Copa LPF Proyección,3,2023-08-29,Godoy Cruz II,Lanús II,0:2,Not in squad,,,,,,,,,,
2023/24,1009658,Julio Soler,Copa LPF Proyección,4,2023-09-05,Lanús II,Platense II,2:0,,1,,,,,,,,90,
2023/24,1009658,Julio Soler,Copa LPF Proyección,5,2023-09-09,Sarmiento II,Lanús II,3:1,Not in squad,,,,,,,,,,
2023/24,1009658,Julio Soler,Copa LPF Proyección,6,2023-09-14,Lanús II,Boca Juniors II,2:3,Not in squad,,,,,,,,,,
2023/24,1009658,Julio Soler,Copa LPF Proyección,7,2023-09-21,Lanús II,Banfield II,1:0,Not in squad,,,,,,,,,,
2023/24,1009658,Julio Soler,Copa LPF Proyección,8,2023-09-28,Defensa II,Lanús II,3:4,Not in squad,,,,,,,,,,
2023/24,1009658,Julio Soler,Copa LPF Proyección,9,2023-10-06,Lanús II,C. Córdoba II,2:0,Not in squad,,,,,,,,,,
2023/24,1009658,Julio Soler,Copa LPF Proyección,10,2023-10-13,Tigre II,Lanús II,2:2,Not in squad,,,,,,,,,,
2023/24,1009658,Julio Soler,Copa LPF Proyección,11,2023-10-19,Belgrano II,Lanús II,2:3,Not in squad,,,,,,,,,,
2023/24,1009658,Julio Soler,Copa LPF Proyección,12,2023-10-26,Lanús II,Unión II,1:1,Not in squad,,,,,,,,,,
2023/24,1009658,Julio Soler,Copa LPF Proyección,13,2023-11-01,Racing Club II,Lanús II,4:0,,,,,,,,,,90,
2023/24,1009658,Julio Soler,Copa LPF Proyección,14,2023-11-06,Lanús II,Estudiantes II,1:0,LB,,,,,,,,,90,
2022/23,1009658,Julio Soler,Torneo Proyección,1,2023-01-28,Lanús II,CA Colón II,3:1,Information not yet available,,,,,,,,,,
2022/23,1009658,Julio Soler,Torneo Proyección,2,2023-02-05,San Lorenzo II,Lanús II,1:2,Information not yet available,,,,,,,,,,
2022/23,1009658,Julio Soler,Torneo Proyección,3,2023-02-11,Lanús II,Estudiantes II,1:0,Information not yet available,,,,,,,,,,
2022/23,1009658,Julio Soler,Torneo Proyección,4,2023-02-16,Ros. Central II,Lanús II,3:1,Information not yet available,,,,,,,,,,
2022/23,1009658,Julio Soler,Torneo Proyección,5,2023-02-23,Lanús II,Racing Club II,3:0,Information not yet available,,,,,,,,,,
2022/23,1009658,Julio Soler,Torneo Proyección,6,2023-03-03,River Plate II,Lanús II,2:1,Information not yet available,,,,,,,,,,
2022/23,1009658,Julio Soler,Copa LPF Proyección Apertura,1,2023-01-28,Lanús II,CA Colón II,3:1,Information not yet available,,,,,,,,,,
