﻿season,player_id,player_name,competition,journey,date,home_team,away_team,result,position,goals,assists,own_goals,yellow_cards,second_yellow_cards,red_cards,substitutions_on,substitutions_off,minutes_played,transfermarkt_score
2012/13,104124,Michail Antonio,Championship,1,2012-08-18,Derby,Sheff Wed,2:2,LM,,1,,,,,,,90,
2012/13,104124,Michail Antonio,Championship,2,2012-08-21,Sheff Wed,Birmingham,3:2,LW,,1,,,,,,90,90,
2012/13,104124,Michail Antonio,Championship,3,2012-08-25,Sheff Wed,Millwall,3:2,LM,,1,,,,,,,90,
2012/13,104124,Michail Antonio,Championship,4,2012-09-01,Crystal Palace,Sheff Wed,2:1,LM,1,,,,,,,,90,
2012/13,104124,Michail Antonio,Championship,5,2012-09-14,Brighton,Sheff Wed,3:0,LM,,,,,,,,,90,
2012/13,104124,Michail Antonio,Championship,6,2012-09-19,Sheff Wed,Huddersfield,1:3,LM,,,,,,,,,90,
2012/13,104124,Michail Antonio,Championship,7,2012-09-22,Sheff Wed,Bolton,1:2,RM,,,,,,,,,90,
2012/13,104124,Michail Antonio,Championship,8,2012-09-29,Wolves,Sheff Wed,1:0,RM,,,,,,,,,90,
2012/13,104124,Michail Antonio,Championship,9,2012-10-02,Burnley,Sheff Wed,3:3,RM,1,1,,,,,,,90,
2012/13,104124,Michail Antonio,Championship,10,2012-10-06,Sheff Wed,Hull City,0:1,RM,,,,,,,,,90,
2012/13,104124,Michail Antonio,Championship,11,2012-10-19,Sheff Wed,Leeds,1:1,RM,,1,,,,,,,90,
2012/13,104124,Michail Antonio,Championship,12,2012-10-24,Blackburn,Sheff Wed,1:0,LM,,,,,,,,,90,
2012/13,104124,Michail Antonio,Championship,13,2012-10-27,Ipswich,Sheff Wed,0:3,RM,1,1,,,,,,,90,
2012/13,104124,Michail Antonio,Championship,14,2012-11-03,Sheff Wed,Peterborough,2:1,RM,,1,,,,,,,90,
2012/13,104124,Michail Antonio,Championship,15,2012-11-06,Sheff Wed,Blackpool,0:2,RM,,,,,,,,,90,
2012/13,104124,Michail Antonio,Championship,16,2012-11-09,Middlesbrough,Sheff Wed,3:1,Centre Forward,,1,,,,,,,90,
2012/13,104124,Michail Antonio,Championship,17,2012-11-17,Nott'm Forest,Sheff Wed,1:0,RM,,,,,,,,,90,
2012/13,104124,Michail Antonio,Championship,18,2012-11-24,Sheff Wed,Leicester,0:2,LM,,,,,,,,,90,
2012/13,104124,Michail Antonio,Championship,19,2012-11-27,Sheff Wed,Watford,1:4,RM,1,,,,,,,,90,
2012/13,104124,Michail Antonio,Championship,20,2012-12-02,Cardiff,Sheff Wed,1:0,LM,,,,,,,,,90,
2012/13,104124,Michail Antonio,Championship,21,2012-12-08,Sheff Wed,Bristol City,2:3,LM,,,,,,,,,90,
2012/13,104124,Michail Antonio,Championship,22,2012-12-15,Barnsley,Sheff Wed,0:1,LM,,,,,,,,,90,
2012/13,104124,Michail Antonio,Championship,23,2012-12-22,Sheff Wed,Charlton,2:0,RM,,,,,,,,,90,
2012/13,104124,Michail Antonio,Championship,24,2012-12-26,Bolton,Sheff Wed,0:1,SS,,,,,,,,90,90,
2012/13,104124,Michail Antonio,Championship,25,2012-12-29,Huddersfield,Sheff Wed,0:0,SS,,,,9,,,,88,88,
2012/13,104124,Michail Antonio,Championship,26,2013-01-01,Sheff Wed,Burnley,0:2,SS,,,,,,,,,90,
2012/13,104124,Michail Antonio,Championship,27,2013-01-12,Hull City,Sheff Wed,1:3,SS,1,,,,,,,,90,
2012/13,104124,Michail Antonio,Championship,28,2013-01-19,Sheff Wed,Wolves,0:0,SS,,,,,,,,,90,
2012/13,104124,Michail Antonio,Championship,29,2013-01-26,Charlton,Sheff Wed,1:2,SS,,,,,,,,,90,
2012/13,104124,Michail Antonio,Championship,30,2013-02-02,Sheff Wed,Brighton,3:1,CF,1,1,,,,,,,90,
2012/13,104124,Michail Antonio,Championship,31,2013-02-09,Sheff Wed,Derby,2:2,CF,,1,,,,,,,90,
2012/13,104124,Michail Antonio,Championship,33,2013-02-19,Birmingham,Sheff Wed,0:0,RM,,,,49,,,,,90,
2012/13,104124,Michail Antonio,Championship,34,2013-02-23,Sheff Wed,Crystal Palace,1:0,LM,,1,,,,,,82,82,
2012/13,104124,Michail Antonio,Championship,35,2013-03-02,Sheff Wed,Nott'm Forest,0:1,RM,,,,89,,,,,90,
2012/13,104124,Michail Antonio,Championship,36,2013-03-05,Watford,Sheff Wed,2:1,SS,1,,,,,,,,90,
2012/13,104124,Michail Antonio,Championship,37,2013-03-09,Leicester,Sheff Wed,0:1,RM,,,,,,,,,90,
2012/13,104124,Michail Antonio,Championship,38,2013-03-16,Sheff Wed,Cardiff,0:2,Centre Forward,,,,,,,,77,77,
2012/13,104124,Michail Antonio,Championship,39,2013-03-30,Sheff Wed,Barnsley,2:1,Groin injury,,,,,,,,,,
2012/13,104124,Michail Antonio,Championship,40,2013-04-01,Bristol City,Sheff Wed,1:1,Groin injury,,,,,,,,,,
2012/13,104124,Michail Antonio,Championship,41,2013-04-06,Sheff Wed,Blackburn,3:2,Groin injury,,,,,,,,,,
2012/13,104124,Michail Antonio,Championship,32,2013-04-09,Millwall,Sheff Wed,1:2,Groin injury,,,,,,,,,,
2012/13,104124,Michail Antonio,Championship,42,2013-04-13,Leeds,Sheff Wed,2:1,Groin injury,,,,,,,,,,
2012/13,104124,Michail Antonio,Championship,43,2013-04-16,Blackpool,Sheff Wed,0:0,Groin injury,,,,,,,,,,
2012/13,104124,Michail Antonio,Championship,44,2013-04-20,Sheff Wed,Ipswich,1:1,Groin injury,,,,,,,,,,
2012/13,104124,Michail Antonio,Championship,45,2013-04-27,Peterborough,Sheff Wed,1:0,Groin injury,,,,,,,,,,
2012/13,104124,Michail Antonio,Championship,46,2013-05-04,Sheff Wed,Middlesbrough,2:0,Groin injury,,,,,,,,,,
2012/13,104124,Michail Antonio,FA Cup,Third Round,2013-01-05,Sheff Wed,MK Dons,0:0,LW,,,,,,,,,90,
2012/13,104124,Michail Antonio,FA Cup,Third Round Replay,2013-01-15,MK Dons,Sheff Wed,2:0,,,,,,,,62,,28,
2012/13,104124,Michail Antonio,League Cup,First Round,2012-08-13,Oldham Athletic,Sheff Wed,2:4,LM,1,,,,,,,,90,
2012/13,104124,Michail Antonio,League Cup,Second Round,2012-08-28,Sheff Wed,Fulham,1:0,RM,,,,,,,,,90,
2012/13,104124,Michail Antonio,League Cup,Third Round,2012-09-25,Southampton,Sheff Wed,2:0,RM,,,,,,,,,90,
