﻿season,player_id,player_name,competition,journey,date,home_team,away_team,result,position,goals,assists,own_goals,yellow_cards,second_yellow_cards,red_cards,substitutions_on,substitutions_off,minutes_played,transfermarkt_score
2011/12,106987,Marcel Sabitzer,International Friendlies,1,2011-08-09,Ireland U21,Austria U21,2:1,Not in squad,,,,,,,,,,
2010/11,106987,Marcel Sabitzer,International Friendlies,,,,,,,,,,,,,,,,
2011/12,106987,Marcel Sabitzer,International Friendlies,1,2011-08-10,Austria,Slovakia,1:2,Not in squad,,,,,,,,,,
2010/11,106987,Marcel Sabitzer,International Friendlies,,,,,,,,,,,,,,,,
2011/12,106987,Marcel Sabitzer,International Friendlies,2,2011-09-05,Austria U21,Greece U21,3:2,Not in squad,,,,,,,,,,
2010/11,106987,Marcel Sabitzer,International Friendlies,,,,,,,,,,,,,,,,
2011/12,106987,Marcel Sabitzer,International Friendlies,1,2011-09-07,Austria U19,Bosnia U19,1:0,Not in squad,,,,,,,,,,
2010/11,106987,Marcel Sabitzer,International Friendlies,,,,,,,,,,,,,,,,
2011/12,106987,Marcel Sabitzer,International Friendlies,3,2011-10-12,Switzerland U18,Austria U18,2:1,LW,,,,,,,,,90,
2011/12,106987,Marcel Sabitzer,International Friendlies,4,2011-11-12,Bulgaria U18,Austria U18,0:1,RM,,,,,,,,,90,
2010/11,106987,Marcel Sabitzer,International Friendlies,,,,,,,,,,,,,,,,
2011/12,106987,Marcel Sabitzer,International Friendlies,7,2011-11-15,Ukraine,Austria,2:1,Not in squad,,,,,,,,,,
2010/11,106987,Marcel Sabitzer,International Friendlies,,,,,,,,,,,,,,,,
2011/12,106987,Marcel Sabitzer,International Friendlies,7,2012-02-29,Slovenia U19,Austria U19,5:1,Not in squad,,,,,,,,,,
2010/11,106987,Marcel Sabitzer,International Friendlies,,,,,,,,,,,,,,,,
2011/12,106987,Marcel Sabitzer,International Friendlies,2,2012-02-29,Switzerland U21,Austria U21,1:2,Not in squad,,,,,,,,,,
2010/11,106987,Marcel Sabitzer,International Friendlies,,,,,,,,,,,,,,,,
2011/12,106987,Marcel Sabitzer,International Friendlies,16,2012-02-29,Austria,Finland,3:1,Not in squad,,,,,,,,,,
2010/11,106987,Marcel Sabitzer,International Friendlies,,,,,,,,,,,,,,,,
2011/12,106987,Marcel Sabitzer,International Friendlies,8,2012-03-26,Slovakia U19,Austria U19,2:0,Not in squad,,,,,,,,,,
2011/12,106987,Marcel Sabitzer,International Friendlies,9,2012-03-28,Austria U19,Slovakia U19,2:0,Not in squad,,,,,,,,,,
2011/12,106987,Marcel Sabitzer,International Friendlies,10,2012-04-11,Austria U19,Italy U18,3:0,RM,1,,,,,,,,90,
2010/11,106987,Marcel Sabitzer,International Friendlies,,,,,,,,,,,,,,,,
2011/12,106987,Marcel Sabitzer,International Friendlies,15,2012-04-14,Germany U17,Austria U18,2:1,Not in squad,,,,,,,,,,
2010/11,106987,Marcel Sabitzer,International Friendlies,,,,,,,,,,,,,,,,
2011/12,106987,Marcel Sabitzer,International Friendlies,11,2012-04-18,Liechtenst. U21,Austria U19,0:5,Not in squad,,,,,,,,,,
2010/11,106987,Marcel Sabitzer,International Friendlies,,,,,,,,,,,,,,,,
2011/12,106987,Marcel Sabitzer,International Friendlies,1,2012-06-01,Austria,Ukraine,3:2,on the bench,,,,,,,,,,
2011/12,106987,Marcel Sabitzer,International Friendlies,12,2012-06-05,Austria,Romania,0:0,,,,,,,,65,,25,
2010/11,106987,Marcel Sabitzer,International Friendlies,,,,,,,,,,,,,,,,
2011/12,106987,Marcel Sabitzer,International Friendlies,15,2012-06-06,Lithuania U18,Austria U19,0:2,Not in squad,,,,,,,,,,
2011/12,106987,Marcel Sabitzer,Bundesliga,1,2011-07-16,Rapid Vienna,Admira Wacker,2:0,CF,,,,,,,72,,18,
2011/12,106987,Marcel Sabitzer,Bundesliga,2,2011-07-23,Admira Wacker,SV Kapfenberg,1:1,on the bench,,,,,,,,,,
2011/12,106987,Marcel Sabitzer,Bundesliga,3,2011-07-30,Admira Wacker,Wiener Neustadt,3:0,,,,,,,,73,,17,
2011/12,106987,Marcel Sabitzer,Bundesliga,4,2011-08-13,Admira Wacker,SV Mattersburg,2:1,Not in squad,,,,,,,,,,
2011/12,106987,Marcel Sabitzer,Bundesliga,5,2011-08-20,FC Wacker,Admira Wacker,2:2,Not in squad,,,,,,,,,,
2011/12,106987,Marcel Sabitzer,Bundesliga,6,2011-08-28,Austria Vienna,Admira Wacker,2:4,Not in squad,,,,,,,,,,
2011/12,106987,Marcel Sabitzer,Bundesliga,7,2011-09-10,Admira Wacker,Sturm Graz,4:2,Not in squad,,,,,,,,,,
2011/12,106987,Marcel Sabitzer,Bundesliga,8,2011-09-17,SV Ried,Admira Wacker,1:1,Not in squad,,,,,,,,,,
2011/12,106987,Marcel Sabitzer,Bundesliga,9,2011-09-25,Admira Wacker,Salzburg,2:1,Not in squad,,,,,,,,,,
2011/12,106987,Marcel Sabitzer,Bundesliga,10,2011-10-01,Admira Wacker,Rapid Vienna,4:3,Not in squad,,,,,,,,,,
2011/12,106987,Marcel Sabitzer,Bundesliga,11,2011-10-15,SV Kapfenberg,Admira Wacker,0:0,Not in squad,,,,,,,,,,
2011/12,106987,Marcel Sabitzer,Bundesliga,12,2011-10-22,Admira Wacker,FC Wacker,3:2,on the bench,,,,,,,,,,
2011/12,106987,Marcel Sabitzer,Bundesliga,13,2011-10-29,SV Mattersburg,Admira Wacker,0:0,Not in squad,,,,,,,,,,
2011/12,106987,Marcel Sabitzer,Bundesliga,14,2011-11-05,Wiener Neustadt,Admira Wacker,0:0,on the bench,,,,,,,,,,
2011/12,106987,Marcel Sabitzer,Bundesliga,15,2011-11-19,Admira Wacker,Austria Vienna,0:3,on the bench,,,,,,,,,,
2011/12,106987,Marcel Sabitzer,Bundesliga,16,2011-11-27,Sturm Graz,Admira Wacker,3:1,Not in squad,,,,,,,,,,
2011/12,106987,Marcel Sabitzer,Bundesliga,17,2011-12-03,Admira Wacker,SV Ried,1:1,CF,,,,,,,76,,14,
2011/12,106987,Marcel Sabitzer,Bundesliga,18,2011-12-11,Salzburg,Admira Wacker,2:1,,,,,,,,71,,19,
2011/12,106987,Marcel Sabitzer,Bundesliga,19,2011-12-17,Rapid Vienna,Admira Wacker,2:1,on the bench,,,,,,,,,,
2011/12,106987,Marcel Sabitzer,Bundesliga,21,2012-02-18,FC Wacker,Admira Wacker,2:1,,,,,,,,57,,33,
2011/12,106987,Marcel Sabitzer,Bundesliga,22,2012-02-25,Admira Wacker,SV Mattersburg,0:1,Centre Forward,,,,,,,,,90,
2011/12,106987,Marcel Sabitzer,Bundesliga,23,2012-03-03,Admira Wacker,Wiener Neustadt,2:0,CF,,,,,,,,63,63,
2011/12,106987,Marcel Sabitzer,Bundesliga,20,2012-03-07,Admira Wacker,SV Kapfenberg,3:1,LW,1,,,31,,,,,90,
2011/12,106987,Marcel Sabitzer,Bundesliga,24,2012-03-11,Austria Vienna,Admira Wacker,2:1,LW,,,,,,,,88,88,
2011/12,106987,Marcel Sabitzer,Bundesliga,25,2012-03-18,Admira Wacker,Sturm Graz,2:0,LW,,,,,,,,72,72,
2011/12,106987,Marcel Sabitzer,Bundesliga,26,2012-03-21,SV Ried,Admira Wacker,2:1,Not in squad,,,,,,,,,,
2011/12,106987,Marcel Sabitzer,Bundesliga,27,2012-03-24,Admira Wacker,Salzburg,2:2,LW,,,,,,,71,,19,
2011/12,106987,Marcel Sabitzer,Bundesliga,28,2012-03-31,Admira Wacker,Rapid Vienna,0:4,CF,,,,,,,,58,58,
2011/12,106987,Marcel Sabitzer,Bundesliga,29,2012-04-07,SV Kapfenberg,Admira Wacker,2:3,CF,,,,,,,,56,56,
2011/12,106987,Marcel Sabitzer,Bundesliga,30,2012-04-14,Admira Wacker,FC Wacker,1:1,CF,,,,,,,,75,75,
2011/12,106987,Marcel Sabitzer,Bundesliga,31,2012-04-21,SV Mattersburg,Admira Wacker,1:2,Centre Forward,,,,,,,,,90,
2011/12,106987,Marcel Sabitzer,Bundesliga,32,2012-04-28,Wiener Neustadt,Admira Wacker,1:4,Centre Forward,3,1,,,,,,,90,
2011/12,106987,Marcel Sabitzer,Bundesliga,33,2012-05-05,Admira Wacker,Austria Vienna,3:2,Centre Forward,,1,,,,,,,90,
2011/12,106987,Marcel Sabitzer,Bundesliga,34,2012-05-10,Sturm Graz,Admira Wacker,0:3,Centre Forward,1,1,,17,,,,,90,
2011/12,106987,Marcel Sabitzer,Bundesliga,35,2012-05-13,Admira Wacker,SV Ried,1:1,Centre Forward,,,,,,,,,90,
2011/12,106987,Marcel Sabitzer,Bundesliga,36,2012-05-17,Salzburg,Admira Wacker,2:0,Centre Forward,,,,,,,,,90,
2011/12,106987,Marcel Sabitzer,ÖFB-Cup,First Round,2011-08-06,Vorwärts Steyr,Admira Wacker,1:6,Not in squad,,,,,,,,,,
2010/11,106987,Marcel Sabitzer,ÖFB-Cup,,,,,,,,,,,,,,,,
2011/12,106987,Marcel Sabitzer,ÖFB-Cup,First Round,2011-08-07,FC Admira II,Austria Vienna,1:3,,,,,,,,,,90,
2010/11,106987,Marcel Sabitzer,ÖFB-Cup,,,,,,,,,,,,,,,,
2011/12,106987,Marcel Sabitzer,ÖFB-Cup,Second Round,2011-09-20,SC/ESV Parndorf,Admira Wacker,0:1,Not in squad,,,,,,,,,,
2011/12,106987,Marcel Sabitzer,ÖFB-Cup,Round of 16,2011-10-26,Sturm Graz,Admira Wacker,3:1,,,,,,,,74,,16,
2011/12,106987,Marcel Sabitzer,Regional League East,1,2011-08-09,FC Admira II,Wiener Sportklub,2:1,,1,,,,,,,62,62,
2011/12,106987,Marcel Sabitzer,Regional League East,2,2011-08-12,SV Schwechat,FC Admira II,2:0,,,,,,,,,,90,
2011/12,106987,Marcel Sabitzer,Regional League East,3,2011-08-19,FC Admira II,SC Neusiedl/See,2:0,,,,,,,,,,90,
2011/12,106987,Marcel Sabitzer,Regional League East,4,2011-08-26,1. SC Sollenau,FC Admira II,4:0,,,,,,,,,,90,
2011/12,106987,Marcel Sabitzer,Regional League East,5,2011-09-02,FC Admira II,Stegersbach,3:4,,1,,,,,,,,90,
2011/12,106987,Marcel Sabitzer,Regional League East,6,2011-09-10,Simmering,FC Admira II,1:2,,1,,,,,,,81,81,
2011/12,106987,Marcel Sabitzer,Regional League East,7,2011-09-15,FC Admira II,Rapid Wien II,1:0,,1,,,,,,,85,85,
2011/12,106987,Marcel Sabitzer,Regional League East,8,2011-09-23,FAC TfW,FC Admira II,2:3,,1,,,,,,,89,89,
2011/12,106987,Marcel Sabitzer,Regional League East,9,2011-10-02,FC Admira II,SV Horn,0:4,,,,,,,35,,,35,
2011/12,106987,Marcel Sabitzer,Regional League East,10,2011-10-09,FC Admira II,SC/ESV Parndorf,2:0,Not in squad,,,,,,,,,,
2011/12,106987,Marcel Sabitzer,Regional League East,11,2011-10-14,SKU Amstetten,FC Admira II,1:0,Not in squad,,,,,,,,,,
2011/12,106987,Marcel Sabitzer,Regional League East,12,2011-10-23,FC Admira II,Ritzing,2:0,,,,,,,,,,90,
2011/12,106987,Marcel Sabitzer,Regional League East,13,2011-10-28,Mattersburg II,FC Admira II,2:1,,,,,,,,,,90,
2011/12,106987,Marcel Sabitzer,Regional League East,14,2011-11-04,FC Admira II,A. Vienna Res.,2:1,,1,,,89,,,,46,45,
2011/12,106987,Marcel Sabitzer,Regional League East,15,2011-11-12,Columbia,FC Admira II,2:1,Not in squad,,,,,,,,,,
2011/12,106987,Marcel Sabitzer,Regional League East,16,2012-03-02,Wiener Sportklub,FC Admira II,1:1,Not in squad,,,,,,,,,,
2011/12,106987,Marcel Sabitzer,Regional League East,17,2012-03-09,FC Admira II,SV Schwechat,1:0,Not in squad,,,,,,,,,,
2011/12,106987,Marcel Sabitzer,Regional League East,18,2012-03-16,SC Neusiedl/See,FC Admira II,4:1,Not in squad,,,,,,,,,,
2011/12,106987,Marcel Sabitzer,Regional League East,19,2012-03-26,FC Admira II,1. SC Sollenau,0:6,Not in squad,,,,,,,,,,
2011/12,106987,Marcel Sabitzer,Regional League East,20,2012-03-30,Stegersbach,FC Admira II,3:0,Not in squad,,,,,,,,,,
2011/12,106987,Marcel Sabitzer,Regional League East,21,2012-04-06,FC Admira II,Simmering,1:1,Not in squad,,,,,,,,,,
2011/12,106987,Marcel Sabitzer,Regional League East,22,2012-04-17,Rapid Wien II,FC Admira II,3:1,Not in squad,,,,,,,,,,
2011/12,106987,Marcel Sabitzer,Regional League East,23,2012-04-22,FC Admira II,FAC TfW,1:2,Not in squad,,,,,,,,,,
2011/12,106987,Marcel Sabitzer,Regional League East,24,2012-04-27,SV Horn,FC Admira II,4:0,Not in squad,,,,,,,,,,
2011/12,106987,Marcel Sabitzer,Regional League East,25,2012-05-01,SC/ESV Parndorf,FC Admira II,2:2,Not in squad,,,,,,,,,,
2011/12,106987,Marcel Sabitzer,Regional League East,26,2012-05-06,FC Admira II,SKU Amstetten,5:1,Not in squad,,,,,,,,,,
2011/12,106987,Marcel Sabitzer,Regional League East,27,2012-05-12,Ritzing,FC Admira II,2:2,Not in squad,,,,,,,,,,
2011/12,106987,Marcel Sabitzer,Regional League East,28,2012-05-18,FC Admira II,Mattersburg II,1:3,Not in squad,,,,,,,,,,
2011/12,106987,Marcel Sabitzer,Regional League East,29,2012-05-25,A. Vienna Res.,FC Admira II,2:0,Not in squad,,,,,,,,,,
2011/12,106987,Marcel Sabitzer,Regional League East,30,2012-05-31,FC Admira II,Columbia,8:0,Not in squad,,,,,,,,,,
2011/12,106987,Marcel Sabitzer,UEFA EURO U19 Championship Qualifiers,Group 12,2011-10-05,Austria U19,Malta U19,3:0,Not in squad,,,,,,,,,,
2011/12,106987,Marcel Sabitzer,UEFA EURO U19 Championship Qualifiers,Group 12,2011-10-07,Austria U19,Albania U19,0:0,Not in squad,,,,,,,,,,
2011/12,106987,Marcel Sabitzer,UEFA EURO U19 Championship Qualifiers,Group 12,2011-10-10,Denmark U19,Austria U19,0:0,Not in squad,,,,,,,,,,
2011/12,106987,Marcel Sabitzer,UEFA EURO U19 Championship Qualifiers,group A6,2012-05-25,Croatia U19,Austria U19,2:2,Not in squad,,,,,,,,,,
2011/12,106987,Marcel Sabitzer,UEFA EURO U19 Championship Qualifiers,group A6,2012-05-27,Bosnia U19,Austria U19,0:2,Not in squad,,,,,,,,,,
2011/12,106987,Marcel Sabitzer,UEFA EURO U19 Championship Qualifiers,group A6,2012-05-30,Austria U19,Georgia U19,1:2,Not in squad,,,,,,,,,,
2011/12,106987,Marcel Sabitzer,UEFA European Under-21 Championship Qualifying,Group 10,2011-09-01,Luxembourg U21,Austria U21,1:4,Not in squad,,,,,,,,,,
2011/12,106987,Marcel Sabitzer,UEFA European Under-21 Championship Qualifying,Group 10,2011-10-06,Austria U21,Netherlands U21,0:1,Not in squad,,,,,,,,,,
2011/12,106987,Marcel Sabitzer,UEFA European Under-21 Championship Qualifying,Group 10,2011-10-10,Scotland U21,Austria U21,2:2,Not in squad,,,,,,,,,,
2011/12,106987,Marcel Sabitzer,UEFA European Under-21 Championship Qualifying,Group 10,2011-11-10,Austria U21,Bulgaria U21,0:2,Not in squad,,,,,,,,,,
2011/12,106987,Marcel Sabitzer,UEFA European Under-21 Championship Qualifying,Group 10,2011-11-15,Bulgaria U21,Austria U21,1:1,Not in squad,,,,,,,,,,
2011/12,106987,Marcel Sabitzer,UEFA European Under-21 Championship Qualifying,Group 10,2012-06-05,Austria U21,Luxembourg U21,4:1,Not in squad,,,,,,,,,,
2012/13,106987,Marcel Sabitzer,UEFA European Under-21 Championship Qualifying,Group 10,2012-09-07,Netherlands U21,Austria U21,4:1,RM,1,,,,,,,,90,
2012/13,106987,Marcel Sabitzer,UEFA European Under-21 Championship Qualifying,Group 10,2012-09-10,Austria U21,Scotland U21,3:2,,,1,,,,,68,,22,
