﻿season,player_id,player_name,competition,journey,date,home_team,away_team,result,position,goals,assists,own_goals,yellow_cards,second_yellow_cards,red_cards,substitutions_on,substitutions_off,minutes_played,transfermarkt_score
2024/25,1053908,Travis Hernes,International Friendlies,12,2024-09-05,Portugal U20,Norway U20,2:1,CM,,,,,,,,57,57,
2024/25,1053908,Travis Hernes,International Friendlies,6,2024-11-18,Chile U20,Norway U20,1:2,CM,,,,,,,,,90,
2024/25,1053908,Travis Hernes,International Friendlies,48,2025-03-22,Uzbekistan U21,Norway U20,1:1,Not in squad,,,,,,,,,,
2024/25,1053908,Travis Hernes,International Friendlies,33,2025-03-25,Ukraine U20,Norway U20,1:0,Not in squad,,,,,,,,,,
2024/25,1053908,Travis Hernes,International Friendlies,52,2025-06-06,USA U20,Norway U20,0:1,,,,,,,,,60,60,
2024/25,1053908,Travis Hernes,International Friendlies,8,2025-06-09,S. Arabia U20,Norway U20,0:0,,,,,,,,46,,45,
2024/25,1053908,Travis Hernes,Superliga,19,2025-02-23,Aarhus GF,Aalborg BK,4:0,,,,,,,,79,,11,
2024/25,1053908,Travis Hernes,Superliga,18,2025-02-26,Aalborg BK,Nordsjaelland,1:2,DM,,,,,,,,80,80,
2024/25,1053908,Travis Hernes,Superliga,20,2025-03-02,Aalborg BK,Copenhagen,0:0,CM,,,,,,,,,90,
2024/25,1053908,Travis Hernes,Superliga,21,2025-03-09,Aalborg BK,Midtjylland,1:4,CM,,,,,,,,81,81,
2024/25,1053908,Travis Hernes,Superliga,22,2025-03-16,Sönderjyske,Aalborg BK,0:3,AM,,,,,,,,80,80,
2024/25,1053908,Travis Hernes,Superliga Relegation round,1,2025-03-28,Aalborg BK,Viborg FF,0:4,CM,,,,,,,,83,83,
2024/25,1053908,Travis Hernes,Superliga Relegation round,2,2025-04-06,Vejle BK,Aalborg BK,1:1,CM,,,,,,,,62,62,
2024/25,1053908,Travis Hernes,Superliga Relegation round,3,2025-04-11,Aalborg BK,Lyngby BK,2:2,CM,,,,,,,,,90,
2024/25,1053908,Travis Hernes,Superliga Relegation round,4,2025-04-16,Silkeborg IF,Aalborg BK,4:0,,,,,,,,46,,45,
2024/25,1053908,Travis Hernes,Superliga Relegation round,5,2025-04-20,Aalborg BK,Sönderjyske,2:3,DM,,,,,,,,55,55,
2024/25,1053908,Travis Hernes,Superliga Relegation round,6,2025-04-28,Aalborg BK,Vejle BK,0:1,DM,,,,,,,,72,72,
2024/25,1053908,Travis Hernes,Superliga Relegation round,7,2025-05-05,Sönderjyske,Aalborg BK,2:2,on the bench,,,,,,,,,,
2024/25,1053908,Travis Hernes,Superliga Relegation round,8,2025-05-11,Viborg FF,Aalborg BK,3:1,on the bench,,,,,,,,,,
2024/25,1053908,Travis Hernes,Superliga Relegation round,9,2025-05-18,Aalborg BK,Silkeborg IF,2:3,,,,,87,,,67,,23,
2024/25,1053908,Travis Hernes,Superliga Relegation round,10,2025-05-24,Lyngby BK,Aalborg BK,3:1,on the bench,,,,,,,,,,
2024/25,1053908,Travis Hernes,EFL Trophy,group A8,2024-09-03,Bradford,Newcastle U21,5:6 on pens,Not in squad,,,,,,,,,,
2024/25,1053908,Travis Hernes,EFL Trophy,group A8,2024-10-08,Rotherham,Newcastle U21,3:1,DM,,,,,,,,,90,
2024/25,1053908,Travis Hernes,EFL Trophy,group A8,2024-10-29,Mansfield Town,Newcastle U21,3:0,CM,,,,,,,,,90,
2024/25,1053908,Travis Hernes,Premier League 2,1,2024-08-19,Newcastle U21,Sunderland U21,1:1,Not in squad,,,,,,,,,,
2024/25,1053908,Travis Hernes,Premier League 2,2,2024-08-25,Tottenham U21,Newcastle U21,0:1,,,,,,,,63,,27,
2024/25,1053908,Travis Hernes,Premier League 2,3,2024-08-30,Derby U21,Newcastle U21,1:0,CM,,,,,,,,84,84,
2024/25,1053908,Travis Hernes,Premier League 2,4,2024-09-20,Newcastle U21,West Ham U21,0:1,CM,,,,,,,,,90,
2024/25,1053908,Travis Hernes,Premier League 2,5,2024-09-27,Newcastle U21,Blackburn U21,2:0,CM,,1,,38,,,,,90,
2024/25,1053908,Travis Hernes,Premier League 2,6,2024-10-05,Aston Villa U21,Newcastle U21,2:3,CM,,,,,,,,,90,
2024/25,1053908,Travis Hernes,Premier League 2,7,2024-10-26,Newcastle U21,Man Utd U21,0:2,DM,,,,12,,,,,90,
2024/25,1053908,Travis Hernes,Premier League 2,8,2024-11-01,Leeds U21,Newcastle U21,1:3,Not in squad,,,,,,,,,,
2024/25,1053908,Travis Hernes,Premier League 2,9,2024-11-29,Newcastle U21,Palace U21,1:0,DM,,,,,,,,,90,
2024/25,1053908,Travis Hernes,Premier League 2,10,2024-12-16,Newcastle U21,Chelsea U21,3:2,DM,,,,,,,,,90,
2024/25,1053908,Travis Hernes,National League Cup,Group C,2024-10-01,Halifax Town,Newcastle U21,1:2,Information not yet available,,,,,,,,,,
2024/25,1053908,Travis Hernes,National League Cup,Group C,2024-11-05,Tamworth,Newcastle U21,6:7 on pens,DM,,,,,,,,,90,
2024/25,1053908,Travis Hernes,National League Cup,Group C,2024-12-03,Boston Utd,Newcastle U21,3:2,Information not yet available,,,,,,,,,,
