﻿season,player_id,player_name,competition,journey,date,home_team,away_team,result,position,goals,assists,own_goals,yellow_cards,second_yellow_cards,red_cards,substitutions_on,substitutions_off,minutes_played,transfermarkt_score
2009/10,102017,Jorginho,Viareggio Cup,Group 6,2010-02-01,Sassuolo U20,Pergolettese Youth,3:1,,,,,,,,,,90,
2009/10,102017,Jorginho,Viareggio Cup,Group 6,2010-02-03,Palermo U19,Sassuolo U20,6:0,on the bench,,,,,,,,,,
2009/10,102017,Jorginho,Viareggio Cup,Group 6,2010-02-05,Akademia FCSM,Sassuolo U20,0:1,Not in squad,,,,,,,,,,
2009/10,102017,Jorginho,Viareggio Cup,Round of 16,2010-02-09,Napoli U19,Sassuolo U20,4:5 on pens,,,,,,,,,,90,
2009/10,102017,Jorginho,Viareggio Cup,Quarter-Finals,2010-02-11,Juventus U19,Sassuolo U20,1:0,DM,,,,,,,,71,71,
