﻿season,player_id,player_name,competition,journey,date,home_team,away_team,result,position,goals,assists,own_goals,yellow_cards,second_yellow_cards,red_cards,substitutions_on,substitutions_off,minutes_played,transfermarkt_score
2025/26,1047257,Rio Cardines,UEFA Conference League,Group Stage,2025-10-02,Dynamo Kyiv,Crystal Palace,0:2,LM,,,,,,,88,,2,
2025/26,1047257,Rio Cardines,UEFA Conference League,Group Stage,2025-10-23,Crystal Palace,AEK Larnaca,0:1,on the bench,,,,,,,,,,
2025/26,1047257,Rio Cardines,UEFA Conference League,Group Stage,2025-11-06,Crystal Palace,AZ Alkmaar,3:1,Adductor pain,,,,,,,,,,
2025/26,1047257,Rio Cardines,UEFA Conference League,Group Stage,2025-11-27,R. Strasbourg,Crystal Palace,2:1,on the bench,,,,,,,,,,
2025/26,1047257,Rio Cardines,UEFA Conference League Qualifiers,Qualifying Round 1st leg,2025-08-21,Crystal Palace,Fredrikstad,1:0,on the bench,,,,,,,,,,
2025/26,1047257,Rio Cardines,UEFA Conference League Qualifiers,Qualifying Round 2nd leg,2025-08-28,Fredrikstad,Crystal Palace,0:0,on the bench,,,,,,,,,,
2025/26,1047257,Rio Cardines,Premier League,1,2025-08-17,Chelsea,Crystal Palace,0:0,on the bench,,,,,,,,,,
2025/26,1047257,Rio Cardines,Premier League,2,2025-08-24,Crystal Palace,Nott'm Forest,1:1,on the bench,,,,,,,,,,
2025/26,1047257,Rio Cardines,Premier League,3,2025-08-31,Aston Villa,Crystal Palace,0:3,on the bench,,,,,,,,,,
2025/26,1047257,Rio Cardines,Premier League,4,2025-09-13,Crystal Palace,Sunderland,0:0,on the bench,,,,,,,,,,
2025/26,1047257,Rio Cardines,Premier League,5,2025-09-20,West Ham,Crystal Palace,1:2,on the bench,,,,,,,,,,
2025/26,1047257,Rio Cardines,Premier League,6,2025-09-27,Crystal Palace,Liverpool,2:1,Not in squad,,,,,,,,,,
2025/26,1047257,Rio Cardines,Premier League,7,2025-10-05,Everton,Crystal Palace,2:1,on the bench,,,,,,,,,,
2025/26,1047257,Rio Cardines,Premier League,8,2025-10-18,Crystal Palace,Bournemouth,3:3,Not in squad,,,,,,,,,,
2025/26,1047257,Rio Cardines,Premier League,9,2025-10-26,Arsenal,Crystal Palace,1:0,Not in squad,,,,,,,,,,
2025/26,1047257,Rio Cardines,Premier League,10,2025-11-01,Crystal Palace,Brentford,2:0,on the bench,,,,,,,,,,
2025/26,1047257,Rio Cardines,Premier League,11,2025-11-09,Crystal Palace,Brighton,0:0,Adductor pain,,,,,,,,,,
2025/26,1047257,Rio Cardines,Premier League,12,2025-11-22,Wolves,Crystal Palace,0:2,Adductor pain,,,,,,,,,,
2025/26,1047257,Rio Cardines,Premier League,13,2025-11-30,Crystal Palace,Man Utd,1:2,Not in squad,,,,,,,,,,
2025/26,1047257,Rio Cardines,Premier League,14,2025-12-03,Burnley,Crystal Palace,0:1,Not in squad,,,,,,,,,,
2025/26,1047257,Rio Cardines,Community Shield,Final,2025-08-10,Crystal Palace,Liverpool,5:4 on pens,on the bench,,,,,,,,,,
2025/26,1047257,Rio Cardines,EFL Trophy,group B5,2025-09-02,Bromley,Palace U21,7:6 on pens,Not in squad,,,,,,,,,,
2025/26,1047257,Rio Cardines,EFL Trophy,group B5,2025-09-16,AFC Wimbledon,Palace U21,3:1,Not in squad,,,,,,,,,,
2025/26,1047257,Rio Cardines,EFL Trophy,group B5,2025-10-21,Stevenage,Palace U21,5:2,RM,,,,,,,,46,45,
2025/26,1047257,Rio Cardines,EFL Cup,Third Round,2025-09-16,Crystal Palace,Millwall,5:3 on pens,on the bench,,,,,,,,,,
2025/26,1047257,Rio Cardines,EFL Cup,Fourth Round,2025-10-29,Liverpool,Crystal Palace,0:3,LB,,,,,,,74,,16,
2025/26,1047257,Rio Cardines,Premier League 2,2,2025-08-22,Tottenham U21,Palace U21,2:3,RM,,,,,,,,46,45,
2025/26,1047257,Rio Cardines,Premier League 2,3,2025-08-29,West Brom U21,Palace U21,0:0,Not in squad,,,,,,,,,,
2025/26,1047257,Rio Cardines,Premier League 2,4,2025-09-22,Palace U21,Leeds U21,3:2,Not in squad,,,,,,,,,,
2025/26,1047257,Rio Cardines,Premier League 2,5,2025-09-27,Man Utd U21,Palace U21,4:1,RM,,,,86,,,,,90,
2025/26,1047257,Rio Cardines,Premier League 2,6,2025-10-06,Palace U21,Birmingham U21,3:1,Not in squad,,,,,,,,,,
2025/26,1047257,Rio Cardines,Premier League 2,7,2025-10-27,Palace U21,Newcastle U21,0:2,Not in squad,,,,,,,,,,
2025/26,1047257,Rio Cardines,Premier League 2,8,2025-10-31,Aston Villa U21,Palace U21,0:2,Not in squad,,,,,,,,,,
2025/26,1047257,Rio Cardines,Premier League 2,9,2025-11-07,Palace U21,Stoke U21,2:2,Adductor pain,,,,,,,,,,
2025/26,1047257,Rio Cardines,Premier League International Cup U21,Group B,2025-11-04,Palace U21,Valencia B,0:1,Adductor pain,,,,,,,,,,
2025/26,1047257,Rio Cardines,Premier League International Cup U21,Group B,2025-11-12,Palace U21,Juventus U20,3:1,Adductor pain,,,,,,,,,,
2025/26,1047257,Rio Cardines,Premier League International Cup U21,Group B,2025-11-26,Palace U21,FCN Reserves,3:2,Not in squad,,,,,,,,,,
