﻿season,player_id,player_name,competition,journey,date,home_team,away_team,result,position,goals,assists,own_goals,yellow_cards,second_yellow_cards,red_cards,substitutions_on,substitutions_off,minutes_played,transfermarkt_score
2018/19,101118,Joel Robles,UEFA Europa League,Group F,2018-09-20,Olympiacos,Real Betis,0:0,GK,,,,,,,,,90,
2018/19,101118,Joel Robles,UEFA Europa League,Group F,2018-10-04,Real Betis,F91 Dudelange,3:0,GK,,,,,,,,,90,
2018/19,101118,Joel Robles,UEFA Europa League,Group F,2018-10-25,AC Milan,Real Betis,1:2,on the bench,,,,,,,,,,
2018/19,101118,Joel Robles,UEFA Europa League,Group F,2018-11-08,Real Betis,AC Milan,1:1,on the bench,,,,,,,,,,
2018/19,101118,Joel Robles,UEFA Europa League,Group F,2018-11-29,Real Betis,Olympiacos,1:0,GK,,,,,,,,,90,
2018/19,101118,Joel Robles,UEFA Europa League,Group F,2018-12-13,F91 Dudelange,Real Betis,0:0,GK,,,,,,,,,90,
2018/19,101118,Joel Robles,UEFA Europa League,intermediate stage 1st leg,2019-02-14,Stade Rennais,Real Betis,3:3,GK,,,,,,,,,90,
2018/19,101118,Joel Robles,UEFA Europa League,intermediate stage 2nd leg,2019-02-21,Real Betis,Stade Rennais,1:3,GK,,,,,,,,,90,
2018/19,101118,Joel Robles,LaLiga,1,2018-08-17,Real Betis,Levante,0:3,on the bench,,,,,,,,,,
2018/19,101118,Joel Robles,LaLiga,2,2018-08-25,Alavés,Real Betis,0:0,on the bench,,,,,,,,,,
2018/19,101118,Joel Robles,LaLiga,3,2018-09-02,Real Betis,Sevilla FC,1:0,on the bench,,,,,,,,,,
2018/19,101118,Joel Robles,LaLiga,4,2018-09-15,Valencia,Real Betis,0:0,on the bench,,,,,,,,,,
2018/19,101118,Joel Robles,LaLiga,5,2018-09-23,Real Betis,Athletic Club,2:2,on the bench,,,,,,,,,,
2018/19,101118,Joel Robles,LaLiga,6,2018-09-27,Girona,Real Betis,0:1,on the bench,,,,,,,,,,
2018/19,101118,Joel Robles,LaLiga,7,2018-09-30,Real Betis,CD Leganés,1:0,GK,,,,,,,,,90,
2018/19,101118,Joel Robles,LaLiga,8,2018-10-07,Atlético,Real Betis,1:0,on the bench,,,,,,,,,,
2018/19,101118,Joel Robles,LaLiga,9,2018-10-21,Real Betis,Real Valladolid,0:1,on the bench,,,,,,,,,,
2018/19,101118,Joel Robles,LaLiga,10,2018-10-28,Getafe,Real Betis,2:0,GK,,,,,,,,,90,
2018/19,101118,Joel Robles,LaLiga,11,2018-11-04,Real Betis,Celta de Vigo,3:3,on the bench,,,,,,,,,,
2018/19,101118,Joel Robles,LaLiga,12,2018-11-11,Barcelona,Real Betis,3:4,on the bench,,,,,,,,,,
2018/19,101118,Joel Robles,LaLiga,13,2018-11-25,Villarreal,Real Betis,2:1,on the bench,,,,,,,,,,
2018/19,101118,Joel Robles,LaLiga,14,2018-12-02,Real Betis,Real Sociedad,1:0,on the bench,,,,,,,,,,
2018/19,101118,Joel Robles,LaLiga,15,2018-12-09,Real Betis,Rayo Vallecano,2:0,on the bench,,,,,,,,,,
2018/19,101118,Joel Robles,LaLiga,16,2018-12-16,Espanyol,Real Betis,1:3,on the bench,,,,,,,,,,
2018/19,101118,Joel Robles,LaLiga,17,2018-12-22,Real Betis,SD Eibar,1:1,on the bench,,,,,,,,,,
2018/19,101118,Joel Robles,LaLiga,18,2019-01-05,SD Huesca,Real Betis,2:1,on the bench,,,,,,,,,,
2018/19,101118,Joel Robles,LaLiga,19,2019-01-13,Real Betis,Real Madrid,1:2,on the bench,,,,,,,,,,
2018/19,101118,Joel Robles,LaLiga,20,2019-01-20,Real Betis,Girona,3:2,on the bench,,,,,,,,,,
2018/19,101118,Joel Robles,LaLiga,21,2019-01-27,Athletic Club,Real Betis,1:0,on the bench,,,,,,,,,,
2018/19,101118,Joel Robles,LaLiga,22,2019-02-03,Real Betis,Atlético,1:0,on the bench,,,,,,,,,,
2018/19,101118,Joel Robles,LaLiga,23,2019-02-10,CD Leganés,Real Betis,3:0,on the bench,,,,,,,,,,
2018/19,101118,Joel Robles,LaLiga,24,2019-02-17,Real Betis,Alavés,1:1,on the bench,,,,,,,,,,
2018/19,101118,Joel Robles,LaLiga,25,2019-02-24,Real Valladolid,Real Betis,0:2,on the bench,,,,,,,,,,
2018/19,101118,Joel Robles,LaLiga,26,2019-03-03,Real Betis,Getafe,1:2,on the bench,,,,,,,,,,
2018/19,101118,Joel Robles,LaLiga,27,2019-03-10,Celta de Vigo,Real Betis,0:1,on the bench,,,,,,,,,,
2018/19,101118,Joel Robles,LaLiga,28,2019-03-17,Real Betis,Barcelona,1:4,on the bench,,,,,,,,,,
2018/19,101118,Joel Robles,LaLiga,29,2019-03-31,Rayo Vallecano,Real Betis,1:1,on the bench,,,,,,,,,,
2018/19,101118,Joel Robles,LaLiga,30,2019-04-04,Real Sociedad,Real Betis,2:1,on the bench,,,,,,,,,,
2018/19,101118,Joel Robles,LaLiga,31,2019-04-07,Real Betis,Villarreal,2:1,on the bench,,,,,,,,,,
2018/19,101118,Joel Robles,LaLiga,32,2019-04-13,Sevilla FC,Real Betis,3:2,on the bench,,,,,,,,,,
2018/19,101118,Joel Robles,LaLiga,33,2019-04-21,Real Betis,Valencia,1:2,on the bench,,,,,,,,,,
2018/19,101118,Joel Robles,LaLiga,34,2019-04-24,Levante,Real Betis,4:0,on the bench,,,,,,,,,,
2018/19,101118,Joel Robles,LaLiga,35,2019-04-29,Real Betis,Espanyol,1:1,GK,,,,,,,,,90,
2018/19,101118,Joel Robles,LaLiga,36,2019-05-05,SD Eibar,Real Betis,1:0,GK,,,,,,,,,90,
2018/19,101118,Joel Robles,LaLiga,37,2019-05-12,Real Betis,SD Huesca,2:1,GK,,,,,,,,,90,
2018/19,101118,Joel Robles,LaLiga,38,2019-05-19,Real Madrid,Real Betis,0:2,on the bench,,,,,,,,,,
2018/19,101118,Joel Robles,Copa del Rey,intermediate stage 1st leg,2018-11-01,Racing,Real Betis,0:1,GK,,,,,,,,,90,
2018/19,101118,Joel Robles,Copa del Rey,intermediate stage 2nd leg,2018-12-06,Real Betis,Racing,4:0,GK,,,,,,,,,90,
2018/19,101118,Joel Robles,Copa del Rey,last 16 1st leg,2019-01-10,Real Betis,Real Sociedad,0:0,GK,,,,,,,,,90,
2018/19,101118,Joel Robles,Copa del Rey,last 16 2nd leg,2019-01-17,Real Sociedad,Real Betis,2:2,GK,,,,,,,,,90,
2018/19,101118,Joel Robles,Copa del Rey,Quarter-Finals 1st leg,2019-01-24,Espanyol,Real Betis,1:1,GK,,,,,,,,,90,
2018/19,101118,Joel Robles,Copa del Rey,Quarter-Finals 2nd leg,2019-01-30,Real Betis,Espanyol,3:1 AET,GK,,,,,,,,,120,
2018/19,101118,Joel Robles,Copa del Rey,Semi-Finals 1st Leg,2019-02-07,Real Betis,Valencia,2:2,GK,,,,,,,,,90,
2018/19,101118,Joel Robles,Copa del Rey,Semi-Finals 2nd Leg,2019-02-28,Valencia,Real Betis,1:0,GK,,,,,,,,,90,
