﻿season,player_id,player_name,competition,journey,date,home_team,away_team,result,position,goals,assists,own_goals,yellow_cards,second_yellow_cards,red_cards,substitutions_on,substitutions_off,minutes_played,transfermarkt_score
2024/25,105470,Alisson,UEFA Champions League,Group Stage,2024-09-17,AC Milan,Liverpool,1:3,GK,,,,,,,,,90,
2024/25,105470,Alisson,UEFA Champions League,Group Stage,2024-10-02,Liverpool,Bologna,2:0,GK,,,,,,,,,90,
2024/25,105470,Alisson,UEFA Champions League,Group Stage,2024-10-23,Leipzig,Liverpool,0:1,Hamstring injury,,,,,,,,,,
2024/25,105470,Alisson,UEFA Champions League,Group Stage,2024-11-05,Liverpool,Leverkusen,4:0,Hamstring injury,,,,,,,,,,
2024/25,105470,Alisson,UEFA Champions League,Group Stage,2024-11-27,Liverpool,Real Madrid,2:0,Hamstring injury,,,,,,,,,,
2024/25,105470,Alisson,UEFA Champions League,Group Stage,2024-12-10,Girona,Liverpool,0:1,GK,,,,,,,,,90,
2024/25,105470,Alisson,UEFA Champions League,Group Stage,2025-01-21,Liverpool,Lille,2:1,GK,,,,,,,,,90,
2024/25,105470,Alisson,UEFA Champions League,Group Stage,2025-01-29,PSV,Liverpool,3:2,Not in squad,,,,,,,,,,
2024/25,105470,Alisson,UEFA Champions League,last 16 1st leg,2025-03-05,PSG,Liverpool,0:1,GK,,,,,,,,,90,
2024/25,105470,Alisson,UEFA Champions League,last 16 2nd leg,2025-03-11,Liverpool,PSG,1:5 on pens,GK,,,,,,,,,120,
2024/25,105470,Alisson,Premier League,1,2024-08-17,Ipswich,Liverpool,0:2,GK,,,,,,,,,90,
2024/25,105470,Alisson,Premier League,2,2024-08-25,Liverpool,Brentford,2:0,GK,,,,,,,,,90,
2024/25,105470,Alisson,Premier League,3,2024-09-01,Man Utd,Liverpool,0:3,GK,,,,,,,,,90,
2024/25,105470,Alisson,Premier League,4,2024-09-14,Liverpool,Nott'm Forest,0:1,GK,,,,,,,,,90,
2024/25,105470,Alisson,Premier League,5,2024-09-21,Liverpool,Bournemouth,3:0,Thigh problems,,,,,,,,,,
2024/25,105470,Alisson,Premier League,6,2024-09-28,Wolves,Liverpool,1:2,GK,,,,,,,,,90,
2024/25,105470,Alisson,Premier League,7,2024-10-05,Crystal Palace,Liverpool,0:1,GK,,,,,,,,79,79,
2024/25,105470,Alisson,Premier League,8,2024-10-20,Liverpool,Chelsea,2:1,Hamstring injury,,,,,,,,,,
2024/25,105470,Alisson,Premier League,9,2024-10-27,Arsenal,Liverpool,2:2,Hamstring injury,,,,,,,,,,
2024/25,105470,Alisson,Premier League,10,2024-11-02,Liverpool,Brighton,2:1,Hamstring injury,,,,,,,,,,
2024/25,105470,Alisson,Premier League,11,2024-11-09,Liverpool,Aston Villa,2:0,Hamstring injury,,,,,,,,,,
2024/25,105470,Alisson,Premier League,12,2024-11-24,Southampton,Liverpool,2:3,Hamstring injury,,,,,,,,,,
2024/25,105470,Alisson,Premier League,13,2024-12-01,Liverpool,Man City,2:0,Hamstring injury,,,,,,,,,,
2024/25,105470,Alisson,Premier League,14,2024-12-04,Newcastle,Liverpool,3:3,Hamstring injury,,,,,,,,,,
2024/25,105470,Alisson,Premier League,16,2024-12-14,Liverpool,Fulham,2:2,GK,,,,,,,,,90,
2024/25,105470,Alisson,Premier League,17,2024-12-22,Tottenham,Liverpool,3:6,GK,,,,,,,,,90,
2024/25,105470,Alisson,Premier League,18,2024-12-26,Liverpool,Leicester,3:1,GK,,,,,,,,,90,
2024/25,105470,Alisson,Premier League,19,2024-12-29,West Ham,Liverpool,0:5,GK,,,,,,,,,90,
2024/25,105470,Alisson,Premier League,20,2025-01-05,Liverpool,Man Utd,2:2,GK,,,,,,,,,90,
2024/25,105470,Alisson,Premier League,21,2025-01-14,Nott'm Forest,Liverpool,1:1,GK,,,,,,,,,90,
2024/25,105470,Alisson,Premier League,22,2025-01-18,Brentford,Liverpool,0:2,GK,,,,,,,,,90,
2024/25,105470,Alisson,Premier League,23,2025-01-25,Liverpool,Ipswich,4:1,GK,,,,,,,,,90,
2024/25,105470,Alisson,Premier League,24,2025-02-01,Bournemouth,Liverpool,0:2,GK,,,,,,,,,90,
2024/25,105470,Alisson,Premier League,15,2025-02-12,Everton,Liverpool,2:2,GK,,,,,,,,,90,
2024/25,105470,Alisson,Premier League,25,2025-02-16,Liverpool,Wolves,2:1,GK,,,,,,,,,90,
2024/25,105470,Alisson,Premier League,29,2025-02-19,Aston Villa,Liverpool,2:2,GK,,,,,,,,,90,
2024/25,105470,Alisson,Premier League,26,2025-02-23,Man City,Liverpool,0:2,GK,,,,,,,,,90,
2024/25,105470,Alisson,Premier League,27,2025-02-26,Liverpool,Newcastle,2:0,GK,,,,,,,,,90,
2024/25,105470,Alisson,Premier League,28,2025-03-08,Liverpool,Southampton,3:1,GK,,,,,,,,,90,
2024/25,105470,Alisson,Premier League,30,2025-04-02,Liverpool,Everton,1:0,concussion,,,,,,,,,,
2024/25,105470,Alisson,Premier League,31,2025-04-06,Fulham,Liverpool,3:2,concussion,,,,,,,,,,
2024/25,105470,Alisson,Premier League,32,2025-04-13,Liverpool,West Ham,2:1,GK,,,,,,,,,90,
2024/25,105470,Alisson,Premier League,33,2025-04-20,Leicester,Liverpool,0:1,GK,,,,,,,,,90,
2024/25,105470,Alisson,Premier League,34,2025-04-27,Liverpool,Tottenham,5:1,GK,,,,,,,,,90,
2024/25,105470,Alisson,Premier League,35,2025-05-04,Chelsea,Liverpool,3:1,GK,,,,,,,,,90,
2024/25,105470,Alisson,Premier League,36,2025-05-11,Liverpool,Arsenal,2:2,GK,,,,,,,,,90,
2024/25,105470,Alisson,Premier League,37,2025-05-19,Brighton,Liverpool,3:2,GK,,,,,,,,,90,
2024/25,105470,Alisson,Premier League,38,2025-05-25,Liverpool,Crystal Palace,1:1,GK,,,,,,,,,90,
2024/25,105470,Alisson,FA Cup,Third Round,2025-01-11,Liverpool,Accrington,4:0,Not in squad,,,,,,,,,,
2024/25,105470,Alisson,FA Cup,Fourth Round,2025-02-09,Plymouth,Liverpool,1:0,Not in squad,,,,,,,,,,
2024/25,105470,Alisson,EFL Cup,Third Round,2024-09-25,Liverpool,West Ham,5:1,Thigh problems,,,,,,,,,,
2024/25,105470,Alisson,EFL Cup,Fourth Round,2024-10-30,Brighton,Liverpool,2:3,Hamstring injury,,,,,,,,,,
2024/25,105470,Alisson,EFL Cup,Quarter-Finals,2024-12-18,Southampton,Liverpool,1:2,Hamstring injury,,,,,,,,,,
2024/25,105470,Alisson,EFL Cup,Semi-Finals 1st Leg,2025-01-08,Tottenham,Liverpool,1:0,GK,,,,,,,,,90,
2024/25,105470,Alisson,EFL Cup,Semi-Finals 2nd Leg,2025-02-06,Liverpool,Tottenham,4:0,Not in squad,,,,,,,,,,
2024/25,105470,Alisson,EFL Cup,Final,2025-03-16,Liverpool,Newcastle,1:2,on the bench,,,,,,,,,,
