﻿season,player_id,player_name,competition,journey,date,home_team,away_team,result,position,goals,assists,own_goals,yellow_cards,second_yellow_cards,red_cards,substitutions_on,substitutions_off,minutes_played,transfermarkt_score
2024/25,108354,Jordan Ayew,International Friendlies,52,2025-05-28,Ghana,Nigeria,1:2,LW,,,,,,,,,90,
2024/25,108354,Jordan Ayew,International Friendlies,45,2025-05-31,Trinidad,Ghana,0:4,CF,1,2,,,,,,60,60,
2024/25,108354,Jordan Ayew,Africa Cup of Nations qualification,Group F,2024-09-05,Ghana,Angola,0:1,CF,,,,,,,,86,86,
2024/25,108354,Jordan Ayew,Africa Cup of Nations qualification,Group F,2024-09-09,Niger,Ghana,1:1,CF,,,,,,,71,,19,
2024/25,108354,Jordan Ayew,Africa Cup of Nations qualification,Group F,2024-10-10,Ghana,Sudan,0:0,CF,,,,,,,,69,69,
2024/25,108354,Jordan Ayew,Africa Cup of Nations qualification,Group F,2024-10-15,Sudan,Ghana,2:0,CF,,,,,,,57,,33,
2024/25,108354,Jordan Ayew,Africa Cup of Nations qualification,Group F,2024-11-15,Angola,Ghana,1:1,CF,1,,,,,,,,90,
2024/25,108354,Jordan Ayew,Africa Cup of Nations qualification,Group F,2024-11-18,Ghana,Niger,1:2,Not in squad,,,,,,,,,,
2024/25,108354,Jordan Ayew,Premier League,1,2024-08-18,Brentford,Crystal Palace,2:1,,,,,91,,,70,,20,
2023/24,108354,Jordan Ayew,Premier League,,,,,,,,,,,,,,,,
2024/25,108354,Jordan Ayew,Premier League,2,2024-08-24,Fulham,Leicester,2:1,CF,,,,,,,63,,27,
2024/25,108354,Jordan Ayew,Premier League,3,2024-08-31,Leicester,Aston Villa,1:2,LW,,,,,,,,67,67,
2024/25,108354,Jordan Ayew,Premier League,4,2024-09-14,Crystal Palace,Leicester,2:2,Centre Forward,,,,79,,,,83,83,
2024/25,108354,Jordan Ayew,Premier League,5,2024-09-21,Leicester,Everton,1:1,Centre Forward,,,,,,,,,90,
2024/25,108354,Jordan Ayew,Premier League,6,2024-09-28,Arsenal,Leicester,4:2,,,,,,,,85,,5,
2024/25,108354,Jordan Ayew,Premier League,7,2024-10-05,Leicester,Bournemouth,1:0,AM,,,,40,,,,88,88,
2024/25,108354,Jordan Ayew,Premier League,8,2024-10-19,Southampton,Leicester,2:3,,1,,,,,,69,,21,
2024/25,108354,Jordan Ayew,Premier League,9,2024-10-25,Leicester,Nott'm Forest,1:3,,,,,88,,,68,,22,
2024/25,108354,Jordan Ayew,Premier League,10,2024-11-02,Ipswich,Leicester,1:1,,1,,,,,,86,,4,
2024/25,108354,Jordan Ayew,Premier League,11,2024-11-10,Man Utd,Leicester,3:0,CF,,,,,,,,88,88,
2024/25,108354,Jordan Ayew,Premier League,12,2024-11-23,Leicester,Chelsea,1:2,CF,1,,,,,,71,,19,
2024/25,108354,Jordan Ayew,Premier League,13,2024-11-30,Brentford,Leicester,4:1,AM,,,,,,,,80,80,
2024/25,108354,Jordan Ayew,Premier League,14,2024-12-03,Leicester,West Ham,3:1,,,,,,,,90,,1,
2024/25,108354,Jordan Ayew,Premier League,15,2024-12-08,Leicester,Brighton,2:2,LW,,,,,,,,62,62,
2024/25,108354,Jordan Ayew,Premier League,16,2024-12-14,Newcastle,Leicester,4:0,on the bench,,,,,,,,,,
2024/25,108354,Jordan Ayew,Premier League,17,2024-12-22,Leicester,Wolves,0:3,Centre Forward,,,,,,,,84,84,
2024/25,108354,Jordan Ayew,Premier League,18,2024-12-26,Liverpool,Leicester,3:1,Centre Forward,1,,,43,,,,,90,
2024/25,108354,Jordan Ayew,Premier League,19,2024-12-29,Leicester,Man City,0:2,Not in squad,,,,,,,,,,
2024/25,108354,Jordan Ayew,Premier League,20,2025-01-04,Aston Villa,Leicester,2:1,Centre Forward,,,,,,,,83,83,
2024/25,108354,Jordan Ayew,Premier League,21,2025-01-15,Leicester,Crystal Palace,0:2,,,,,,,,80,,10,
2024/25,108354,Jordan Ayew,Premier League,22,2025-01-18,Leicester,Fulham,0:2,Centre Forward,,,,,,,,71,71,
2024/25,108354,Jordan Ayew,Premier League,23,2025-01-26,Tottenham,Leicester,1:2,Centre Forward,,,,,,,,87,87,
2024/25,108354,Jordan Ayew,Premier League,24,2025-02-01,Everton,Leicester,4:0,Centre Forward,,,,,,,,,90,
2024/25,108354,Jordan Ayew,Premier League,25,2025-02-15,Leicester,Arsenal,0:2,LM,,,,57,,,,75,75,
2024/25,108354,Jordan Ayew,Premier League,26,2025-02-21,Leicester,Brentford,0:4,LW,,,,,,,,55,55,
2024/25,108354,Jordan Ayew,Premier League,27,2025-02-27,West Ham,Leicester,2:0,on the bench,,,,,,,,,,
2024/25,108354,Jordan Ayew,Premier League,28,2025-03-09,Chelsea,Leicester,1:0,on the bench,,,,,,,,,,
2024/25,108354,Jordan Ayew,Premier League,29,2025-03-16,Leicester,Man Utd,0:3,,,,,,,,90,,1,
2024/25,108354,Jordan Ayew,Premier League,30,2025-04-02,Man City,Leicester,2:0,,,,,,,,80,,10,
2024/25,108354,Jordan Ayew,Premier League,31,2025-04-07,Leicester,Newcastle,0:3,on the bench,,,,,,,,,,
2024/25,108354,Jordan Ayew,Premier League,32,2025-04-12,Brighton,Leicester,2:2,on the bench,,,,,,,,,,
2024/25,108354,Jordan Ayew,Premier League,33,2025-04-20,Leicester,Liverpool,0:1,on the bench,,,,,,,,,,
2024/25,108354,Jordan Ayew,Premier League,34,2025-04-26,Wolves,Leicester,3:0,,,,,,,,45,,45,
2024/25,108354,Jordan Ayew,Premier League,35,2025-05-03,Leicester,Southampton,2:0,AM,1,,,,,,,70,70,
2024/25,108354,Jordan Ayew,Premier League,36,2025-05-11,Nott'm Forest,Leicester,2:2,AM,,,,,,,,61,61,
2024/25,108354,Jordan Ayew,Premier League,37,2025-05-18,Leicester,Ipswich,2:0,SS,,,,,,,,64,64,
2024/25,108354,Jordan Ayew,Premier League,38,2025-05-25,Bournemouth,Leicester,2:0,SS,,,,,,,,,90,
2024/25,108354,Jordan Ayew,FA Cup,Third Round,2025-01-11,Leicester,QPR,6:2,CF,,,,,,,60,,30,
2024/25,108354,Jordan Ayew,FA Cup,Fourth Round,2025-02-07,Man Utd,Leicester,2:1,LW,,,,,,,,,90,
2024/25,108354,Jordan Ayew,EFL Cup,Second Round,2024-08-27,Leicester,Tranmere,4:0,CF,1,1,,,,,,73,73,
2024/25,108354,Jordan Ayew,EFL Cup,Third Round,2024-09-24,Walsall,Leicester,0:3 on pens,,,,,,,,69,,21,
2024/25,108354,Jordan Ayew,EFL Cup,Fourth Round,2024-10-30,Man Utd,Leicester,5:2,CF,,,,,,,,72,72,
