﻿season,player_id,player_name,competition,journey,date,home_team,away_team,result,position,goals,assists,own_goals,yellow_cards,second_yellow_cards,red_cards,substitutions_on,substitutions_off,minutes_played,transfermarkt_score
2015/16,105470,Alisson,World Cup qualification South America,Group A,2015-10-09,Chile,Brazil,2:0,on the bench,,,,,,,,,,
2015/16,105470,Alisson,World Cup qualification South America,Group A,2015-10-14,Brazil,Venezuela,3:1,GK,,,,,,,,,90,
2015/16,105470,Alisson,World Cup qualification South America,Group A,2015-11-14,Argentina,Brazil,1:1,GK,,,,,,,,,90,
2015/16,105470,Alisson,World Cup qualification South America,Group A,2015-11-18,Brazil,Peru,3:0,GK,,,,,,,,,90,
2015/16,105470,Alisson,World Cup qualification South America,Group A,2016-03-26,Brazil,Uruguay,2:2,GK,,,,,,,,,90,
2015/16,105470,Alisson,World Cup qualification South America,Group A,2016-03-30,Paraguay,Brazil,2:2,GK,,,,,,,,,90,
2016/17,105470,Alisson,World Cup qualification South America,Group A,2016-09-01,Ecuador,Brazil,0:3,GK,,,,,,,,,90,
2016/17,105470,Alisson,World Cup qualification South America,Group A,2016-09-07,Brazil,Colombia,2:1,GK,,,,,,,,,90,
2016/17,105470,Alisson,World Cup qualification South America,Group A,2016-10-07,Brazil,Bolivia,5:0,GK,,,,,,,,,90,
2016/17,105470,Alisson,World Cup qualification South America,Group A,2016-10-12,Venezuela,Brazil,0:2,GK,,,,,,,,,90,
2016/17,105470,Alisson,World Cup qualification South America,Group A,2016-11-11,Brazil,Argentina,3:0,GK,,,,,,,,,90,
2016/17,105470,Alisson,World Cup qualification South America,Group A,2016-11-16,Peru,Brazil,0:2,GK,,,,,,,,,90,
2016/17,105470,Alisson,World Cup qualification South America,Group A,2017-03-24,Uruguay,Brazil,1:4,GK,,,,,,,,,90,
2016/17,105470,Alisson,World Cup qualification South America,Group A,2017-03-29,Brazil,Paraguay,3:0,GK,,,,,,,,,90,
2017/18,105470,Alisson,World Cup qualification South America,Group A,2017-09-01,Brazil,Ecuador,2:0,GK,,,,,,,,,90,
2017/18,105470,Alisson,World Cup qualification South America,Group A,2017-09-05,Colombia,Brazil,1:1,GK,,,,,,,,,90,
2017/18,105470,Alisson,World Cup qualification South America,Group A,2017-10-05,Bolivia,Brazil,0:0,GK,,,,,,,,,90,
2017/18,105470,Alisson,World Cup qualification South America,Group A,2017-10-11,Brazil,Chile,3:0,on the bench,,,,,,,,,,
2015/16,105470,Alisson,International Friendlies,10,2015-09-05,Brazil,Costa Rica,1:0,on the bench,,,,,,,,,,
2015/16,105470,Alisson,International Friendlies,10,2015-09-09,USA,Brazil,1:4,on the bench,,,,,,,,,,
2015/16,105470,Alisson,International Friendlies,18,2016-05-30,Panama,Brazil,0:2,GK,,,,,,,,,90,
2015/16,105470,Alisson,Campeonato Brasileiro Série A,1,2016-05-15,Internacional,Chapecoense,0:0,GK,,,,,,,,,90,
2015/16,105470,Alisson,Campeonato Brasileiro Série A,2,2016-05-22,São Paulo,Internacional,1:2,Not in squad,,,,,,,,,,
2015/16,105470,Alisson,Campeonato Brasileiro Série A,3,2016-05-26,Internacional,Sport Recife,1:0,Not in squad,,,,,,,,,,
2015/16,105470,Alisson,Campeonato Brasileiro Série A,4,2016-05-29,Santos,Internacional,0:1,Not in squad,,,,,,,,,,
2015/16,105470,Alisson,Campeonato Brasileiro Série A,5,2016-06-02,Internacional,Atlético-PR,1:0,Not in squad,,,,,,,,,,
2015/16,105470,Alisson,Campeonato Brasileiro Série A,6,2016-06-05,EC Vitória,Internacional,1:0,Not in squad,,,,,,,,,,
2015/16,105470,Alisson,Campeonato Brasileiro Série A,7,2016-06-11,Internacional,América-MG,3:1,Not in squad,,,,,,,,,,
2015/16,105470,Alisson,Campeonato Brasileiro Série A,8,2016-06-17,Internacional,Atlético-MG,2:0,Not in squad,,,,,,,,,,
2015/16,105470,Alisson,Campeonato Brasileiro Série A,9,2016-06-19,Figueirense FC,Internacional,3:2,Not in squad,,,,,,,,,,
2015/16,105470,Alisson,Campeonato Brasileiro Série A,10,2016-06-24,Coritiba FC,Internacional,1:1,Not in squad,,,,,,,,,,
2015/16,105470,Alisson,Campeonato Brasileiro Série A,11,2016-06-26,Internacional,Botafogo,2:3,Not in squad,,,,,,,,,,
2015/16,105470,Alisson,Campeonato Brasileiro Série A,12,2016-06-30,Flamengo,Internacional,1:0,Not in squad,,,,,,,,,,
2016/17,105470,Alisson,Campeonato Brasileiro Série A,13,2016-07-03,Internacional,Grêmio,0:1,Not in squad,,,,,,,,,,
2015/16,105470,Alisson,Primeira Liga do Brasil,Group B,2016-01-28,Internacional,Coritiba FC,0:0,,,,,,,,,,90,
2015/16,105470,Alisson,Primeira Liga do Brasil,Group B,2016-02-18,Internacional,Avaí FC,3:0,,,,,,,,,,90,
2015/16,105470,Alisson,Primeira Liga do Brasil,Group B,2016-03-06,Grêmio,Internacional,0:0,,,,,,,,,,90,
2015/16,105470,Alisson,Primeira Liga do Brasil,Semi-Finals,2016-03-24,Fluminense,Internacional,5:4 on pens,Not in squad,,,,,,,,,,
2015/16,105470,Alisson,Campeonato Gaúcho - Fase Final,Quarter-Finals,2016-04-10,Internacional,São Paulo-RS,3:0,,,,,,,,,,90,
2015/16,105470,Alisson,Campeonato Gaúcho - Fase Final,Semi-Finals 1st Leg,2016-04-16,Internacional,EC São José,0:0,,,,,,,,,,90,
2015/16,105470,Alisson,Campeonato Gaúcho - Fase Final,Semi-Finals 2nd Leg,2016-04-23,EC São José,Internacional,0:1,,,,,89,,,,,90,
2015/16,105470,Alisson,Campeonato Gaúcho - Fase Final,final 1st leg,2016-05-01,Juventude,Internacional,0:1,,,,,,,,,,90,
2015/16,105470,Alisson,Campeonato Gaúcho - Fase Final,final 2nd leg,2016-05-08,Internacional,Juventude,3:0,,,,,,,,,,90,
2015/16,105470,Alisson,Campeonato Gaúcho,2,2016-02-04,EC São José,Internacional,0:0,,,,,,,,,,90,
2015/16,105470,Alisson,Campeonato Gaúcho,1,2016-02-06,Internacional,Ypiranga-RS,3:2,,,,,,,,,,90,
2015/16,105470,Alisson,Campeonato Gaúcho,3,2016-02-12,Internacional,Passo Fundo,2:1,,,,,,,,,,90,
2015/16,105470,Alisson,Campeonato Gaúcho,4,2016-02-14,Aimoré,Internacional,1:1,,,,,,,,,,90,
2015/16,105470,Alisson,Campeonato Gaúcho,5,2016-02-20,Internacional,Cruzeiro-RS,4:0,,,,,,,,,,90,
2015/16,105470,Alisson,Campeonato Gaúcho,6,2016-02-25,Internacional,Veranópolis,1:2,,,,,,,,,,90,
2015/16,105470,Alisson,Campeonato Gaúcho,7,2016-02-28,Juventude,Internacional,0:1,,,,,,,,,,90,
2015/16,105470,Alisson,Campeonato Gaúcho,8,2016-03-06,Grêmio,Internacional,0:0,,,,,,,,,,90,
2015/16,105470,Alisson,Campeonato Gaúcho,9,2016-03-13,Internacional,São Paulo-RS,1:1,,,,,,,,,,90,
2015/16,105470,Alisson,Campeonato Gaúcho,10,2016-03-20,Lajeadense,Internacional,0:0,,,,,,,,,,90,
2015/16,105470,Alisson,Campeonato Gaúcho,11,2016-03-26,Internacional,Novo Hamburgo,4:2,Not in squad,,,,,,,,,,
2015/16,105470,Alisson,Campeonato Gaúcho,12,2016-04-01,Internacional,Brasil Pelotas,4:1,,,,,,,,,,90,
2015/16,105470,Alisson,Campeonato Gaúcho,13,2016-04-03,Glória-RS,Internacional,0:3,,,,,,,,,,90,
2015/16,105470,Alisson,Copa América Centenario 2016,Group B,2016-06-05,Brazil,Ecuador,0:0,GK,,,,,,,,,90,
2015/16,105470,Alisson,Copa América Centenario 2016,Group B,2016-06-09,Brazil,Haiti,7:1,GK,,,,,,,,,90,
2015/16,105470,Alisson,Copa América Centenario 2016,Group B,2016-06-13,Brazil,Peru,0:1,GK,,,,,,,,,90,
