﻿season,player_id,player_name,competition,journey,date,home_team,away_team,result,position,goals,assists,own_goals,yellow_cards,second_yellow_cards,red_cards,substitutions_on,substitutions_off,minutes_played,transfermarkt_score
2023/24,1004708,Josh Acheampong,U17 World Cup,Group C,2023-11-11,N.Caledonia U17,England U17,0:10,RB,1,1,,,,,,,90,
2023/24,1004708,Josh Acheampong,U17 World Cup,Group C,2023-11-14,England U17,Iran U17,2:1,RB,,,,,,,,,90,
2023/24,1004708,Josh Acheampong,U17 World Cup,Group C,2023-11-17,England U17,Brazil U17,1:2,RB,,,,,,,,,90,
2023/24,1004708,Josh Acheampong,U17 World Cup,Round of 16,2023-11-22,England U17,Uzbekistan U17,1:2,RB,,,,,,,,,90,
2022/23,1004708,Josh Acheampong,International Friendlies,8,2022-08-06,Norway U16,England U17,3:0,,,,,,,,,70,70,
2022/23,1004708,Josh Acheampong,International Friendlies,8,2022-08-08,Faroe U17,England U17,0:3,on the bench,,,,,,,,,,
2022/23,1004708,Josh Acheampong,International Friendlies,6,2022-08-10,Finland U17,England U17,1:2,CB,,,,,,,,46,45,
2022/23,1004708,Josh Acheampong,International Friendlies,21,2022-09-23,England U17,Czechia U17,3:0,,,1,,,,,71,,19,
2022/23,1004708,Josh Acheampong,International Friendlies,4,2022-09-25,England U17,Norway U16,1:2,CB,,,,,,,,77,77,
2022/23,1004708,Josh Acheampong,International Friendlies,6,2023-01-11,Germany U17,England U17,3:0,,,,,,,,46,,45,
2022/23,1004708,Josh Acheampong,International Friendlies,8,2023-01-14,England U17,Germany U17,6:0,RB,,,,,,,,65,65,
2022/23,1004708,Josh Acheampong,UEFA Youth League,Group E,2022-09-06,Din. Zagreb YL,Chelsea YL,4:2,Not in squad,,,,,,,,,,
2022/23,1004708,Josh Acheampong,UEFA Youth League,Group E,2022-09-14,Chelsea YL,RB Salzburg YL,1:1,Not in squad,,,,,,,,,,
2022/23,1004708,Josh Acheampong,UEFA Youth League,Group E,2022-10-05,Chelsea YL,AC Milan YL,1:1,RB,,,,,,,,,90,
2022/23,1004708,Josh Acheampong,UEFA Youth League,Group E,2022-10-11,AC Milan YL,Chelsea YL,3:1,on the bench,,,,,,,,,,
2022/23,1004708,Josh Acheampong,UEFA Youth League,Group E,2022-10-25,RB Salzburg YL,Chelsea YL,5:1,Not in squad,,,,,,,,,,
2022/23,1004708,Josh Acheampong,UEFA Youth League,Group E,2022-11-02,Chelsea YL,Din. Zagreb YL,4:0,RB,,1,,,,,,,90,
2022/23,1004708,Josh Acheampong,U18 Premier League,1,2022-08-13,Arsenal U18,Chelsea U18,0:1,Not in squad,,,,,,,,,,
2022/23,1004708,Josh Acheampong,U18 Premier League,2,2022-08-20,Chelsea U18,Leicester U18,4:0,,,,,,,,89,,1,
2022/23,1004708,Josh Acheampong,U18 Premier League,3,2022-08-27,Southampton U18,Chelsea U18,2:2,RB,1,,,,,,,,90,
2022/23,1004708,Josh Acheampong,U18 Premier League,4,2022-09-17,Chelsea U18,Norwich U18,0:1,,,,,,,,80,,10,
2022/23,1004708,Josh Acheampong,U18 Premier League,5,2022-10-01,Palace U18,Chelsea U18,3:2,on the bench,,,,,,,,,,
2022/23,1004708,Josh Acheampong,U18 Premier League,7,2022-10-29,West Brom U18,Chelsea U18,1:2,Not in squad,,,,,,,,,,
2022/23,1004708,Josh Acheampong,U18 Premier League,8,2022-11-19,Spurs U18,Chelsea U18,1:2,RB,1,,,,,,,80,80,
2022/23,1004708,Josh Acheampong,U18 Premier League,9,2022-11-26,Chelsea U18,Fulham U18,1:7,RB,,,,,,,,,90,
2022/23,1004708,Josh Acheampong,U18 Premier League,6,2022-11-29,Chelsea U18,West Ham U18,2:4,Not in squad,,,,,,,,,,
2022/23,1004708,Josh Acheampong,U18 Premier League,10,2022-12-03,Aston Villa U18,Chelsea U18,1:3,Not in squad,,,,,,,,,,
2022/23,1004708,Josh Acheampong,U18 Premier League,13,2023-01-14,Norwich U18,Chelsea U18,1:7,Not in squad,,,,,,,,,,
2022/23,1004708,Josh Acheampong,U18 Premier League,14,2023-01-28,Chelsea U18,Spurs U18,2:2,Not in squad,,,,,,,,,,
2022/23,1004708,Josh Acheampong,U18 Premier League,15,2023-02-11,West Ham U18,Chelsea U18,1:3,RB,,,,,,,,,90,
2022/23,1004708,Josh Acheampong,U18 Premier League,16,2023-02-18,Chelsea U18,Arsenal U18,1:4,RB,,,,,,,,,90,
2022/23,1004708,Josh Acheampong,U18 Premier League,11,2023-03-11,Chelsea U18,Brighton U18,2:3,Not in squad,,,,,,,,,,
2022/23,1004708,Josh Acheampong,U18 Premier League,18,2023-03-18,Chelsea U18,Southampton U18,5:2,Not in squad,,,,,,,,,,
2022/23,1004708,Josh Acheampong,U18 Premier League,19,2023-04-01,Chelsea U18,Aston Villa U18,4:1,Not in squad,,,,,,,,,,
2022/23,1004708,Josh Acheampong,U18 Premier League,20,2023-04-15,Leicester U18,Chelsea U18,0:3,RB,,,,,,,,,90,
2022/23,1004708,Josh Acheampong,U18 Premier League,12,2023-04-18,Chelsea U18,West Brom U18,1:1,RB,1,,,,,,,,90,
2022/23,1004708,Josh Acheampong,U18 Premier League,21,2023-04-22,Chelsea U18,Palace U18,1:1,Not in squad,,,,,,,,,,
2022/23,1004708,Josh Acheampong,U18 Premier League,17,2023-04-26,Fulham U18,Chelsea U18,5:2,Not in squad,,,,,,,,,,
2022/23,1004708,Josh Acheampong,U18 Premier League,22,2023-04-29,Brighton U18,Chelsea U18,1:4,RB,,,,,,,,,90,
2022/23,1004708,Josh Acheampong,2023 UEFA Under-17 Euro,Group D,2023-05-18,Croatia U17,England U17,0:1,RB,,,,,,,,,90,
2022/23,1004708,Josh Acheampong,2023 UEFA Under-17 Euro,Group D,2023-05-21,Netherlands U17,England U17,1:4,CB,,,,40,,,,,90,
2022/23,1004708,Josh Acheampong,2023 UEFA Under-17 Euro,Group D,2023-05-24,England U17,Switzerland U17,0:0,on the bench,,,,,,,,,,
2022/23,1004708,Josh Acheampong,2023 UEFA Under-17 Euro,Quarter-Finals,2023-05-27,England U17,France U17,0:1,RB,,,,,,,,89,89,
2022/23,1004708,Josh Acheampong,2023 UEFA Under-17 Euro,5th place match,2023-05-30,England U17,Switzerland U17,4:2,on the bench,,,,,,,,,,
2022/23,1004708,Josh Acheampong,UEFA European Under-17 Championship qualification,Group 3,2022-10-25,England U17,Lithuania U17,3:1,RM,,,,,,,,,90,
2022/23,1004708,Josh Acheampong,UEFA European Under-17 Championship qualification,Group 3,2022-10-28,England U17,Georgia U17,6:2,RB,,,,,,,,,90,
2022/23,1004708,Josh Acheampong,UEFA European Under-17 Championship qualification,Group 3,2022-10-31,Israel U17,England U17,1:1,on the bench,,,,,,,,,,
2022/23,1004708,Josh Acheampong,UEFA European Under-17 Championship qualification,group B3,2023-03-22,Denmark U17,England U17,1:3,CB,,,,,,,,,90,
2022/23,1004708,Josh Acheampong,UEFA European Under-17 Championship qualification,group B3,2023-03-25,England U17,N. Ireland U17,2:0,RB,,,,,,,,,90,
2022/23,1004708,Josh Acheampong,UEFA European Under-17 Championship qualification,group B3,2023-03-28,England U17,Netherlands U17,0:1,CB,,,,,,,,,90,
2022/23,1004708,Josh Acheampong,FA Youth Cup,Third Round,2023-01-07,Chelsea U18,Bradford U18,3:1,,,,,,,,62,,28,
2022/23,1004708,Josh Acheampong,FA Youth Cup,Fourth Round,2023-01-26,Cambridge U18,Chelsea U18,1:0,CB,,,,,,,,,90,
