﻿season,player_id,player_name,competition,journey,date,home_team,away_team,result,position,goals,assists,own_goals,yellow_cards,second_yellow_cards,red_cards,substitutions_on,substitutions_off,minutes_played,transfermarkt_score
2022/23,111051,Nampalys Mendy,International Friendlies,2,2022-09-24,Bolivia,Senegal,0:2,DM,,,,,,,64,,26,
2022/23,111051,Nampalys Mendy,International Friendlies,22,2022-09-27,Senegal,Iran,1:1,DM,,,,,,,,76,76,
2022/23,111051,Nampalys Mendy,International Friendlies,10,2023-06-20,Brazil,Senegal,2:4,CM,,,,,,,,,90,
2022/23,111051,Nampalys Mendy,Premier League,1,2022-08-07,Leicester,Brentford,2:2,on the bench,,,,,,,,,,
2022/23,111051,Nampalys Mendy,Premier League,2,2022-08-13,Arsenal,Leicester,4:2,on the bench,,,,,,,,,,
2022/23,111051,Nampalys Mendy,Premier League,3,2022-08-20,Leicester,Southampton,1:2,on the bench,,,,,,,,,,
2022/23,111051,Nampalys Mendy,Premier League,4,2022-08-27,Chelsea,Leicester,2:1,on the bench,,,,,,,,,,
2022/23,111051,Nampalys Mendy,Premier League,5,2022-09-01,Leicester,Man Utd,0:1,Not in squad,,,,,,,,,,
2022/23,111051,Nampalys Mendy,Premier League,6,2022-09-04,Brighton,Leicester,5:2,on the bench,,,,,,,,,,
2022/23,111051,Nampalys Mendy,Premier League,8,2022-09-17,Tottenham,Leicester,6:2,Not in squad,,,,,,,,,,
2022/23,111051,Nampalys Mendy,Premier League,9,2022-10-03,Leicester,Nott'm Forest,4:0,Not in squad,,,,,,,,,,
2022/23,111051,Nampalys Mendy,Premier League,10,2022-10-08,Bournemouth,Leicester,2:1,Knee injury,,,,,,,,,,
2022/23,111051,Nampalys Mendy,Premier League,11,2022-10-15,Leicester,Crystal Palace,0:0,,,,,,,,65,,25,
2022/23,111051,Nampalys Mendy,Premier League,12,2022-10-20,Leicester,Leeds,2:0,,,,,,,,64,,26,
2022/23,111051,Nampalys Mendy,Premier League,13,2022-10-23,Wolves,Leicester,0:4,,,,,,,,61,,29,
2022/23,111051,Nampalys Mendy,Premier League,14,2022-10-29,Leicester,Man City,0:1,,,,,,,,46,,45,
2022/23,111051,Nampalys Mendy,Premier League,15,2022-11-05,Everton,Leicester,0:2,,,,,,,,90,,1,
2022/23,111051,Nampalys Mendy,Premier League,16,2022-11-12,West Ham,Leicester,0:2,,,,,,,,69,,21,
2022/23,111051,Nampalys Mendy,Premier League,17,2022-12-26,Leicester,Newcastle,0:3,on the bench,,,,,,,,,,
2022/23,111051,Nampalys Mendy,Premier League,18,2022-12-30,Liverpool,Leicester,2:1,on the bench,,,,,,,,,,
2022/23,111051,Nampalys Mendy,Premier League,19,2023-01-03,Leicester,Fulham,0:1,DM,,,,,,,72,,18,
2022/23,111051,Nampalys Mendy,Premier League,20,2023-01-14,Nott'm Forest,Leicester,2:0,DM,,,,,,,,68,68,
2022/23,111051,Nampalys Mendy,Premier League,21,2023-01-21,Leicester,Brighton,2:2,CM,,,,,,,,,90,
2022/23,111051,Nampalys Mendy,Premier League,22,2023-02-04,Aston Villa,Leicester,2:4,,,,,,,,67,,23,
2022/23,111051,Nampalys Mendy,Premier League,23,2023-02-11,Leicester,Tottenham,4:1,DM,1,,,,,,,69,69,
2022/23,111051,Nampalys Mendy,Premier League,24,2023-02-19,Man Utd,Leicester,3:0,DM,,,,48,,,,59,59,
2022/23,111051,Nampalys Mendy,Premier League,25,2023-02-25,Leicester,Arsenal,0:1,on the bench,,,,,,,,,,
2022/23,111051,Nampalys Mendy,Premier League,26,2023-03-04,Southampton,Leicester,1:0,DM,,,,,,,,68,68,
2022/23,111051,Nampalys Mendy,Premier League,27,2023-03-11,Leicester,Chelsea,1:3,CM,,,,,,,,66,66,
2022/23,111051,Nampalys Mendy,Premier League,28,2023-03-18,Brentford,Leicester,1:1,on the bench,,,,,,,,,,
2022/23,111051,Nampalys Mendy,Premier League,29,2023-04-01,Crystal Palace,Leicester,2:1,on the bench,,,,,,,,,,
2022/23,111051,Nampalys Mendy,Premier League,7,2023-04-04,Leicester,Aston Villa,1:2,CM,,,,,,,,,90,
2022/23,111051,Nampalys Mendy,Premier League,30,2023-04-08,Leicester,Bournemouth,0:1,on the bench,,,,,,,,,,
2022/23,111051,Nampalys Mendy,Premier League,31,2023-04-15,Man City,Leicester,3:1,,,,,,,,62,,28,
2022/23,111051,Nampalys Mendy,Premier League,32,2023-04-22,Leicester,Wolves,2:1,,,,,,,,85,,5,
2022/23,111051,Nampalys Mendy,Premier League,33,2023-04-25,Leeds,Leicester,1:1,on the bench,,,,,,,,,,
2022/23,111051,Nampalys Mendy,Premier League,34,2023-05-01,Leicester,Everton,2:2,on the bench,,,,,,,,,,
2022/23,111051,Nampalys Mendy,Premier League,35,2023-05-08,Fulham,Leicester,5:3,Not in squad,,,,,,,,,,
2022/23,111051,Nampalys Mendy,Premier League,36,2023-05-15,Leicester,Liverpool,0:3,on the bench,,,,,,,,,,
2022/23,111051,Nampalys Mendy,Premier League,37,2023-05-22,Newcastle,Leicester,0:0,,,,,,,,89,,1,
2022/23,111051,Nampalys Mendy,Premier League,38,2023-05-28,Leicester,West Ham,2:1,,,,,,,,71,,19,
2022/23,111051,Nampalys Mendy,FA Cup,Third Round,2023-01-07,Gillingham,Leicester,0:1,CM,,,,,,,,81,81,
2022/23,111051,Nampalys Mendy,FA Cup,Fourth Round,2023-01-28,Walsall,Leicester,0:1,DM,,1,,,,,,,90,
2022/23,111051,Nampalys Mendy,FA Cup,Fifth Round,2023-02-28,Leicester,Blackburn,1:2,,,,,94,,,74,,16,
2022/23,111051,Nampalys Mendy,EFL Cup,Second Round,2022-08-23,Stockport,Leicester,1:3 on pens,DM,,,,,,,,61,61,
2022/23,111051,Nampalys Mendy,EFL Cup,Third Round,2022-11-08,Leicester,Newport County,3:0,on the bench,,,,,,,,,,
2022/23,111051,Nampalys Mendy,EFL Cup,Fourth Round,2022-12-20,MK Dons,Leicester,0:3,on the bench,,,,,,,,,,
2022/23,111051,Nampalys Mendy,EFL Cup,Quarter-Finals,2023-01-10,Newcastle,Leicester,2:0,,,,,,,,84,,6,
2022/23,111051,Nampalys Mendy,African Nations Championship,Group B,2023-01-14,Ivory Coast,Senegal,0:1,Not in squad,,,,,,,,,,
2022/23,111051,Nampalys Mendy,African Nations Championship,Group B,2023-01-18,Senegal,Uganda,0:1,Not in squad,,,,,,,,,,
2022/23,111051,Nampalys Mendy,African Nations Championship,Group B,2023-01-22,Senegal,DR Congo,3:0,Not in squad,,,,,,,,,,
2022/23,111051,Nampalys Mendy,African Nations Championship,Quarter-Finals,2023-01-27,Senegal,Mauritania,1:0,Not in squad,,,,,,,,,,
2022/23,111051,Nampalys Mendy,African Nations Championship,Semi-Finals,2023-01-31,Senegal,Madagascar,1:0,Not in squad,,,,,,,,,,
2022/23,111051,Nampalys Mendy,African Nations Championship,Final,2023-02-04,Algeria,Senegal,4:5 on pens,Not in squad,,,,,,,,,,
