﻿season,player_id,player_name,competition,journey,date,home_team,away_team,result,position,goals,assists,own_goals,yellow_cards,second_yellow_cards,red_cards,substitutions_on,substitutions_off,minutes_played,transfermarkt_score
2022/23,1086619,Giovanni Leoni,Italy Cup,Qualifying Round,2022-07-31,Bari,Padova,3:0,Not in squad,,,,,,,,,,
2022/23,1086619,Giovanni Leoni,Coppa Italia Primavera,Qualifying Round,2022-08-24,Reggiana U19,Padova U19,2:4,Not in squad,,,,,,,,,,
2022/23,1086619,Giovanni Leoni,Coppa Italia Primavera,intermediate stage,2022-08-31,Pordenone U19,Padova U19,7:8 on pens,Not in squad,,,,,,,,,,
2022/23,1086619,Giovanni Leoni,Coppa Italia Primavera,First Round,2022-10-19,Verona U19,Padova U19,2:0,Not in squad,,,,,,,,,,
2022/23,1086619,Giovanni Leoni,Coppa Italia Serie C,Second Round,2022-11-03,Padova,Imolese,1:0,Not in squad,,,,,,,,,,
2022/23,1086619,Giovanni Leoni,Coppa Italia Serie C,Round of 16,2022-11-16,Padova,AS Gubbio,1:0,Not in squad,,,,,,,,,,
2022/23,1086619,Giovanni Leoni,Coppa Italia Serie C,Quarter-Finals,2022-12-07,Padova,Juve Next Gen,1:2,Not in squad,,,,,,,,,,
2022/23,1086619,Giovanni Leoni,Serie C - Girone A,1,2022-09-03,Pro Vercelli,Padova,1:0,Not in squad,,,,,,,,,,
2022/23,1086619,Giovanni Leoni,Serie C - Girone A,2,2022-09-11,Padova,LR Vicenza,2:1,Not in squad,,,,,,,,,,
2022/23,1086619,Giovanni Leoni,Serie C - Girone A,3,2022-09-13,Juve Next Gen,Padova,1:2,Not in squad,,,,,,,,,,
2022/23,1086619,Giovanni Leoni,Serie C - Girone A,4,2022-09-17,Padova,Pro Patria,3:0,Not in squad,,,,,,,,,,
2022/23,1086619,Giovanni Leoni,Serie C - Girone A,5,2022-09-24,Pordenone,Padova,0:1,Not in squad,,,,,,,,,,
2022/23,1086619,Giovanni Leoni,Serie C - Girone A,6,2022-10-03,Padova,Feralpisalò,1:1,Not in squad,,,,,,,,,,
2022/23,1086619,Giovanni Leoni,Serie C - Girone A,7,2022-10-09,Pergolettese,Padova,5:0,Not in squad,,,,,,,,,,
2022/23,1086619,Giovanni Leoni,Serie C - Girone A,8,2022-10-16,Padova,Virtus Verona,0:0,Not in squad,,,,,,,,,,
2022/23,1086619,Giovanni Leoni,Serie C - Girone A,9,2022-10-19,Triestina,Padova,0:2,Not in squad,,,,,,,,,,
2022/23,1086619,Giovanni Leoni,Serie C - Girone A,10,2022-10-23,Padova,Novara,1:2,Not in squad,,,,,,,,,,
2022/23,1086619,Giovanni Leoni,Serie C - Girone A,11,2022-10-31,Piacenza,Padova,1:1,Not in squad,,,,,,,,,,
2022/23,1086619,Giovanni Leoni,Serie C - Girone A,12,2022-11-06,Padova,Arzignano,2:2,Not in squad,,,,,,,,,,
2022/23,1086619,Giovanni Leoni,Serie C - Girone A,13,2022-11-12,Pro Sesto,Padova,2:0,Not in squad,,,,,,,,,,
2022/23,1086619,Giovanni Leoni,Serie C - Girone A,14,2022-11-19,Padova,UC AlbinoLeffe,2:2,Not in squad,,,,,,,,,,
2022/23,1086619,Giovanni Leoni,Serie C - Girone A,15,2022-11-27,Padova,Renate,0:1,Not in squad,,,,,,,,,,
2022/23,1086619,Giovanni Leoni,Serie C - Girone A,16,2022-11-30,Sangiuliano,Padova,1:0,Not in squad,,,,,,,,,,
2022/23,1086619,Giovanni Leoni,Serie C - Girone A,17,2022-12-04,Padova,Trento,2:1,Not in squad,,,,,,,,,,
2022/23,1086619,Giovanni Leoni,Serie C - Girone A,18,2022-12-11,Lecco,Padova,2:1,Not in squad,,,,,,,,,,
2022/23,1086619,Giovanni Leoni,Serie C - Girone A,19,2022-12-17,Padova,Mantova,1:1,Not in squad,,,,,,,,,,
2022/23,1086619,Giovanni Leoni,Serie C - Girone A,20,2022-12-23,Padova,Pro Vercelli,1:0,Not in squad,,,,,,,,,,
2022/23,1086619,Giovanni Leoni,Serie C - Girone A,21,2023-01-08,LR Vicenza,Padova,1:1,Not in squad,,,,,,,,,,
2022/23,1086619,Giovanni Leoni,Serie C - Girone A,22,2023-01-14,Padova,Juve Next Gen,1:1,Not in squad,,,,,,,,,,
2022/23,1086619,Giovanni Leoni,Serie C - Girone A,23,2023-01-21,Pro Patria,Padova,0:3,Not in squad,,,,,,,,,,
2022/23,1086619,Giovanni Leoni,Serie C - Girone A,24,2023-01-29,Padova,Pordenone,1:1,Not in squad,,,,,,,,,,
2022/23,1086619,Giovanni Leoni,Serie C - Girone A,25,2023-02-01,Feralpisalò,Padova,0:0,Not in squad,,,,,,,,,,
2022/23,1086619,Giovanni Leoni,Serie C - Girone A,26,2023-02-05,Padova,Pergolettese,0:3,Not in squad,,,,,,,,,,
2022/23,1086619,Giovanni Leoni,Serie C - Girone A,27,2023-02-11,Virtus Verona,Padova,1:1,Not in squad,,,,,,,,,,
2022/23,1086619,Giovanni Leoni,Serie C - Girone A,28,2023-02-18,Padova,Triestina,1:1,Not in squad,,,,,,,,,,
2022/23,1086619,Giovanni Leoni,Serie C - Girone A,29,2023-02-26,Novara,Padova,1:3,on the bench,,,,,,,,,,
2022/23,1086619,Giovanni Leoni,Serie C - Girone A,30,2023-03-05,Padova,Piacenza,1:1,on the bench,,,,,,,,,,
2022/23,1086619,Giovanni Leoni,Serie C - Girone A,31,2023-03-12,Arzignano,Padova,0:1,on the bench,,,,,,,,,,
2022/23,1086619,Giovanni Leoni,Serie C - Girone A,32,2023-03-15,Padova,Pro Sesto,0:0,on the bench,,,,,,,,,,
2022/23,1086619,Giovanni Leoni,Serie C - Girone A,33,2023-03-19,UC AlbinoLeffe,Padova,2:3,,,,,,,,90,,1,
2022/23,1086619,Giovanni Leoni,Serie C - Girone A,34,2023-03-25,Renate,Padova,2:0,on the bench,,,,,,,,,,
2022/23,1086619,Giovanni Leoni,Serie C - Girone A,35,2023-04-02,Padova,Sangiuliano,2:0,Not in squad,,,,,,,,,,
2022/23,1086619,Giovanni Leoni,Serie C - Girone A,36,2023-04-08,Trento,Padova,0:1,Not in squad,,,,,,,,,,
2022/23,1086619,Giovanni Leoni,Serie C - Girone A,37,2023-04-16,Padova,Lecco,3:1,Not in squad,,,,,,,,,,
2022/23,1086619,Giovanni Leoni,Serie C - Girone A,38,2023-04-22,Mantova,Padova,1:3,Not in squad,,,,,,,,,,
2022/23,1086619,Giovanni Leoni,Play-off Serie C,First Round,2023-05-11,Padova,Pergolettese,1:0,Not in squad,,,,,,,,,,
2022/23,1086619,Giovanni Leoni,Play-off Serie C,Second Round,2023-05-14,Padova,Virtus Verona,0:1,Not in squad,,,,,,,,,,
2022/23,1086619,Giovanni Leoni,Primavera 2 - A,1,2022-09-10,Venezia U19,Padova U19,1:0,Not in squad,,,,,,,,,,
2022/23,1086619,Giovanni Leoni,Primavera 2 - A,2,2022-09-17,Padova U19,Monza U19,1:4,Not in squad,,,,,,,,,,
2022/23,1086619,Giovanni Leoni,Primavera 2 - A,3,2022-10-01,Pordenone U19,Padova U19,1:0,Not in squad,,,,,,,,,,
2022/23,1086619,Giovanni Leoni,Primavera 2 - A,4,2022-10-08,Padova U19,Parma U19,0:3,Not in squad,,,,,,,,,,
2022/23,1086619,Giovanni Leoni,Primavera 2 - A,5,2022-10-15,Genoa U19,Padova U19,2:0,Not in squad,,,,,,,,,,
2022/23,1086619,Giovanni Leoni,Primavera 2 - A,6,2022-10-22,Padova U19,Brescia U19,1:2,Not in squad,,,,,,,,,,
2022/23,1086619,Giovanni Leoni,Primavera 2 - A,7,2022-10-29,Vicenza U19,Padova U19,2:3,Not in squad,,,,,,,,,,
2022/23,1086619,Giovanni Leoni,Primavera 2 - A,8,2022-11-05,Padova U19,Cremonese U19,2:2,Not in squad,,,,,,,,,,
2022/23,1086619,Giovanni Leoni,Primavera 2 - A,9,2022-11-12,Cittadella U19,Padova U19,0:1,Not in squad,,,,,,,,,,
2022/23,1086619,Giovanni Leoni,Primavera 2 - A,10,2022-11-26,Padova U19,SPAL U19,2:1,Not in squad,,,,,,,,,,
2022/23,1086619,Giovanni Leoni,Primavera 2 - A,11,2022-12-03,Padova U19,Reggiana U19,2:2,Not in squad,,,,,,,,,,
2022/23,1086619,Giovanni Leoni,Primavera 2 - A,12,2022-12-10,Alessandria U19,Padova U19,2:6,,,,,,,,80,,10,
2022/23,1086619,Giovanni Leoni,Primavera 2 - A,13,2022-12-18,Padova U19,Feralpi U19,0:0,Not in squad,,,,,,,,,,
2022/23,1086619,Giovanni Leoni,Primavera 2 - A,14,2023-01-14,AlbinoLeffe U19,Padova U19,1:0,Not in squad,,,,,,,,,,
2022/23,1086619,Giovanni Leoni,Primavera 2 - A,15,2023-01-21,Padova U19,Como U19,0:2,CB,,,,,,,,80,80,
2022/23,1086619,Giovanni Leoni,Primavera 2 - A,16,2023-01-28,Padova U19,Venezia U19,0:1,CB,,,,,,,,,90,
2022/23,1086619,Giovanni Leoni,Primavera 2 - A,17,2023-02-04,Monza U19,Padova U19,2:0,Not in squad,,,,,,,,,,
2022/23,1086619,Giovanni Leoni,Primavera 2 - A,18,2023-02-11,Padova U19,Pordenone U19,2:1,on the bench,,,,,,,,,,
2022/23,1086619,Giovanni Leoni,Primavera 2 - A,19,2023-02-18,Parma U19,Padova U19,2:0,Not in squad,,,,,,,,,,
2022/23,1086619,Giovanni Leoni,Primavera 2 - A,20,2023-02-25,Padova U19,Genoa U19,0:1,Not in squad,,,,,,,,,,
2022/23,1086619,Giovanni Leoni,Primavera 2 - A,21,2023-03-04,Brescia U19,Padova U19,2:0,CB,,,,,,,,,90,
2022/23,1086619,Giovanni Leoni,Primavera 2 - A,22,2023-03-11,Padova U19,Vicenza U19,3:0,CB,,,,,,,,,90,
2022/23,1086619,Giovanni Leoni,Primavera 2 - A,23,2023-03-18,Cremonese U19,Padova U19,1:1,Not in squad,,,,,,,,,,
2022/23,1086619,Giovanni Leoni,Primavera 2 - A,24,2023-04-01,Padova U19,Cittadella U19,2:3,CB,,,,,,,,46,45,
2022/23,1086619,Giovanni Leoni,Primavera 2 - A,25,2023-04-08,SPAL U19,Padova U19,0:0,Not in squad,,,,,,,,,,
2022/23,1086619,Giovanni Leoni,Primavera 2 - A,26,2023-04-15,Reggiana U19,Padova U19,0:2,Not in squad,,,,,,,,,,
2022/23,1086619,Giovanni Leoni,Primavera 2 - A,27,2023-04-22,Padova U19,Alessandria U19,0:2,Not in squad,,,,,,,,,,
2022/23,1086619,Giovanni Leoni,Primavera 2 - A,28,2023-04-29,Feralpi U19,Padova U19,1:0,Not in squad,,,,,,,,,,
2022/23,1086619,Giovanni Leoni,Primavera 2 - A,29,2023-05-06,Padova U19,AlbinoLeffe U19,1:1,Not in squad,,,,,,,,,,
2022/23,1086619,Giovanni Leoni,Primavera 2 - A,30,2023-05-13,Como U19,Padova U19,3:1,Not in squad,,,,,,,,,,
