﻿season,player_id,player_name,competition,journey,date,home_team,away_team,result,position,goals,assists,own_goals,yellow_cards,second_yellow_cards,red_cards,substitutions_on,substitutions_off,minutes_played,transfermarkt_score
2024/25,110864,Sam Johnstone,Premier League,1,2024-08-18,Brentford,Crystal Palace,2:1,on the bench,,,,,,,,,,
2024/25,110864,Sam Johnstone,Premier League,2,2024-08-24,Crystal Palace,West Ham,0:2,on the bench,,,,,,,,,,
2023/24,110864,Sam Johnstone,Premier League,,,,,,,,,,,,,,,,
2024/25,110864,Sam Johnstone,Premier League,3,2024-08-31,Nott'm Forest,Wolves,1:1,GK,,,,,,,,,90,
2024/25,110864,Sam Johnstone,Premier League,4,2024-09-15,Wolves,Newcastle,1:2,GK,,,,,,,,,90,
2024/25,110864,Sam Johnstone,Premier League,5,2024-09-21,Aston Villa,Wolves,3:1,GK,,,,,,,,,90,
2024/25,110864,Sam Johnstone,Premier League,6,2024-09-28,Wolves,Liverpool,1:2,GK,,,,,,,,,90,
2024/25,110864,Sam Johnstone,Premier League,7,2024-10-05,Brentford,Wolves,5:3,GK,,,,,,,,,90,
2024/25,110864,Sam Johnstone,Premier League,8,2024-10-20,Wolves,Man City,1:2,Not in squad,,,,,,,,,,
2024/25,110864,Sam Johnstone,Premier League,9,2024-10-26,Brighton,Wolves,2:2,Not in squad,,,,,,,,,,
2024/25,110864,Sam Johnstone,Premier League,10,2024-11-02,Wolves,Crystal Palace,2:2,Not in squad,,,,,,,,,,
2024/25,110864,Sam Johnstone,Premier League,11,2024-11-09,Wolves,Southampton,2:0,on the bench,,,,,,,,,,
2024/25,110864,Sam Johnstone,Premier League,12,2024-11-23,Fulham,Wolves,1:4,Not in squad,,,,,,,,,,
2024/25,110864,Sam Johnstone,Premier League,13,2024-11-30,Wolves,Bournemouth,2:4,on the bench,,,,,,,,,,
2024/25,110864,Sam Johnstone,Premier League,14,2024-12-04,Everton,Wolves,4:0,on the bench,,,,,,,,,,
2024/25,110864,Sam Johnstone,Premier League,15,2024-12-09,West Ham,Wolves,2:1,GK,,,,,,,,,90,
2024/25,110864,Sam Johnstone,Premier League,16,2024-12-14,Wolves,Ipswich,1:2,GK,,,,,,,,,90,
2024/25,110864,Sam Johnstone,Premier League,17,2024-12-22,Leicester,Wolves,0:3,on the bench,,,,,,,,,,
2024/25,110864,Sam Johnstone,Premier League,18,2024-12-26,Wolves,Man Utd,2:0,on the bench,,,,,,,,,,
2024/25,110864,Sam Johnstone,Premier League,19,2024-12-29,Tottenham,Wolves,2:2,on the bench,,,,,,,,,,
2024/25,110864,Sam Johnstone,Premier League,20,2025-01-06,Wolves,Nott'm Forest,0:3,on the bench,,,,,,,,,,
2024/25,110864,Sam Johnstone,Premier League,21,2025-01-15,Newcastle,Wolves,3:0,on the bench,,,,,,,,,,
2024/25,110864,Sam Johnstone,Premier League,22,2025-01-20,Chelsea,Wolves,3:1,on the bench,,,,,,,,,,
2024/25,110864,Sam Johnstone,Premier League,23,2025-01-25,Wolves,Arsenal,0:1,on the bench,,,,,,,,,,
2024/25,110864,Sam Johnstone,Premier League,24,2025-02-01,Wolves,Aston Villa,2:0,on the bench,,,,,,,,,,
2024/25,110864,Sam Johnstone,Premier League,25,2025-02-16,Liverpool,Wolves,2:1,Not in squad,,,,,,,,,,
2024/25,110864,Sam Johnstone,Premier League,26,2025-02-22,Bournemouth,Wolves,0:1,on the bench,,,,,,,,,,
2024/25,110864,Sam Johnstone,Premier League,27,2025-02-25,Wolves,Fulham,1:2,on the bench,,,,,,,,,,
2024/25,110864,Sam Johnstone,Premier League,28,2025-03-08,Wolves,Everton,1:1,on the bench,,,,,,,,,,
2024/25,110864,Sam Johnstone,Premier League,29,2025-03-15,Southampton,Wolves,1:2,Not in squad,,,,,,,,,,
2024/25,110864,Sam Johnstone,Premier League,30,2025-04-01,Wolves,West Ham,1:0,on the bench,,,,,,,,,,
2024/25,110864,Sam Johnstone,Premier League,31,2025-04-05,Ipswich,Wolves,1:2,on the bench,,,,,,,,,,
2024/25,110864,Sam Johnstone,Premier League,32,2025-04-13,Wolves,Tottenham,4:2,unknown injury,,,,,,,,,,
2024/25,110864,Sam Johnstone,Premier League,33,2025-04-20,Man Utd,Wolves,0:1,unknown injury,,,,,,,,,,
2024/25,110864,Sam Johnstone,Premier League,34,2025-04-26,Wolves,Leicester,3:0,unknown injury,,,,,,,,,,
2024/25,110864,Sam Johnstone,Premier League,35,2025-05-02,Man City,Wolves,1:0,unknown injury,,,,,,,,,,
2024/25,110864,Sam Johnstone,Premier League,36,2025-05-10,Wolves,Brighton,0:2,unknown injury,,,,,,,,,,
2024/25,110864,Sam Johnstone,Premier League,37,2025-05-20,Crystal Palace,Wolves,4:2,unknown injury,,,,,,,,,,
2024/25,110864,Sam Johnstone,Premier League,38,2025-05-25,Wolves,Brentford,1:1,unknown injury,,,,,,,,,,
2024/25,110864,Sam Johnstone,FA Cup,Third Round,2025-01-11,Bristol City,Wolves,1:2,GK,,,,,,,,,90,
2024/25,110864,Sam Johnstone,FA Cup,Fourth Round,2025-02-09,Blackburn,Wolves,0:2,GK,,,,,,,,,90,
2024/25,110864,Sam Johnstone,FA Cup,Fifth Round,2025-03-01,Bournemouth,Wolves,6:5 on pens,GK,,,,,,,,,120,
2024/25,110864,Sam Johnstone,EFL Cup,Second Round,2024-08-27,Crystal Palace,Norwich,4:0,on the bench,,,,,,,,,,
2023/24,110864,Sam Johnstone,EFL Cup,,,,,,,,,,,,,,,,
2024/25,110864,Sam Johnstone,EFL Cup,Third Round,2024-09-18,Brighton,Wolves,3:2,Not in squad,,,,,,,,,,
