﻿season,player_id,player_name,competition,journey,date,home_team,away_team,result,position,goals,assists,own_goals,yellow_cards,second_yellow_cards,red_cards,substitutions_on,substitutions_off,minutes_played,transfermarkt_score
2025/26,1011152,Trevan Sanusi,Ligue 1,4,2025-09-12,Marseille,FC Lorient,4:0,ankle sprain,,,,,,,,,,
2025/26,1011152,Trevan Sanusi,Ligue 1,5,2025-09-21,Le Havre AC,FC Lorient,1:1,ankle sprain,,,,,,,,,,
2025/26,1011152,Trevan Sanusi,Ligue 1,6,2025-09-27,FC Lorient,Monaco,3:1,ankle sprain,,,,,,,,,,
2025/26,1011152,Trevan Sanusi,Ligue 1,7,2025-10-03,Paris FC,FC Lorient,2:0,ankle sprain,,,,,,,,,,
2025/26,1011152,Trevan Sanusi,Ligue 1,8,2025-10-19,FC Lorient,Stade Brestois,3:3,ankle sprain,,,,,,,,,,
2025/26,1011152,Trevan Sanusi,Ligue 1,9,2025-10-26,Angers SCO,FC Lorient,2:0,ankle sprain,,,,,,,,,,
2025/26,1011152,Trevan Sanusi,Ligue 1,10,2025-10-29,FC Lorient,PSG,1:1,ankle sprain,,,,,,,,,,
2025/26,1011152,Trevan Sanusi,Ligue 1,11,2025-11-02,Lens,FC Lorient,3:0,ankle sprain,,,,,,,,,,
2025/26,1011152,Trevan Sanusi,Ligue 1,12,2025-11-09,FC Lorient,Toulouse,1:1,ankle sprain,,,,,,,,,,
2025/26,1011152,Trevan Sanusi,Ligue 1,13,2025-11-23,FC Nantes,FC Lorient,1:1,ankle sprain,,,,,,,,,,
2025/26,1011152,Trevan Sanusi,Ligue 1,14,2025-11-30,FC Lorient,Nice,3:1,ankle sprain,,,,,,,,,,
2025/26,1011152,Trevan Sanusi,Premier League 2,1,2025-08-17,Newcastle U21,Southampton U21,1:2,Centre Forward,,,,,,,,,90,
2025/26,1011152,Trevan Sanusi,Premier League 2,2,2025-08-22,Newcastle U21,Chelsea U21,0:5,Centre Forward,,,,,,,,,90,
2025/26,1011152,Trevan Sanusi,Premier League 2,3,2025-08-29,Birmingham U21,Newcastle U21,2:2,Centre Forward,,,,,,,,24,24,
2025/26,1011152,Trevan Sanusi,National League Cup,Group D,2025-08-13,Gateshead,Newcastle U21,3:4,Centre Forward,,,,55,,,,,90,
