﻿season,player_id,player_name,competition,journey,date,home_team,away_team,result,position,goals,assists,own_goals,yellow_cards,second_yellow_cards,red_cards,substitutions_on,substitutions_off,minutes_played,transfermarkt_score
2023/24,111051,Nampalys Mendy,UEFA Champions League,Group B,2023-09-20,Sevilla FC,Lens,1:1,DM,,,,,,,,71,71,
2023/24,111051,Nampalys Mendy,UEFA Champions League,Group B,2023-10-03,Lens,Arsenal,2:1,DM,,,,,,,,73,73,
2023/24,111051,Nampalys Mendy,UEFA Champions League,Group B,2023-10-24,Lens,PSV,1:1,DM,,,,52,,,,63,63,
2023/24,111051,Nampalys Mendy,UEFA Champions League,Group B,2023-11-08,PSV,Lens,1:0,DM,,,,,,,,66,66,
2023/24,111051,Nampalys Mendy,UEFA Champions League,Group B,2023-11-29,Arsenal,Lens,6:0,DM,,,,41,,,,76,76,
2023/24,111051,Nampalys Mendy,UEFA Champions League,Group B,2023-12-12,Lens,Sevilla FC,2:1,DM,,,,,,,,24,24,
2023/24,111051,Nampalys Mendy,UEFA Europa League,intermediate stage 1st leg,2024-02-15,Lens,Freiburg,0:0,on the bench,,,,,,,,,,
2023/24,111051,Nampalys Mendy,UEFA Europa League,intermediate stage 2nd leg,2024-02-22,Freiburg,Lens,3:2 AET,on the bench,,,,,,,,,,
2023/24,111051,Nampalys Mendy,International Friendlies,32,2023-09-12,Senegal,Algeria,0:1,Not in squad,,,,,,,,,,
2023/24,111051,Nampalys Mendy,International Friendlies,6,2023-10-16,Senegal,Cameroon,1:0,CM,,,,,,,,78,78,
2023/24,111051,Nampalys Mendy,International Friendlies,36,2024-03-22,Senegal,Gabon,3:0,Not in squad,,,,,,,,,,
2023/24,111051,Nampalys Mendy,International Friendlies,37,2024-03-26,Senegal,Benin,1:0,CM,,,,,,,,63,63,
2023/24,111051,Nampalys Mendy,Ligue 1,5,2023-09-16,Lens,FC Metz,0:1,Not in squad,,,,,,,,,,
2023/24,111051,Nampalys Mendy,Ligue 1,6,2023-09-24,Lens,Toulouse,2:1,on the bench,,,,,,,,,,
2023/24,111051,Nampalys Mendy,Ligue 1,7,2023-09-29,R. Strasbourg,Lens,0:1,DM,,,,54,,,,66,66,
2023/24,111051,Nampalys Mendy,Ligue 1,8,2023-10-08,Lens,Lille,1:1,on the bench,,,,,,,,,,
2023/24,111051,Nampalys Mendy,Ligue 1,9,2023-10-20,Le Havre AC,Lens,0:0,DM,,,,,,,,64,64,
2023/24,111051,Nampalys Mendy,Ligue 1,10,2023-10-28,Lens,FC Nantes,4:0,on the bench,,,,,,,,,,
2023/24,111051,Nampalys Mendy,Ligue 1,11,2023-11-04,FC Lorient,Lens,0:0,DM,,,,,,,,64,64,
2023/24,111051,Nampalys Mendy,Ligue 1,12,2023-11-12,Lens,Marseille,1:0,Hamstring injury,,,,,,,,,,
2023/24,111051,Nampalys Mendy,Ligue 1,13,2023-11-25,Clermont Foot,Lens,0:3,,,,,,,,66,,24,
2023/24,111051,Nampalys Mendy,Ligue 1,14,2023-12-02,Lens,Lyon,3:2,,,,,,,,87,,3,
2023/24,111051,Nampalys Mendy,Ligue 1,15,2023-12-08,Montpellier,Lens,0:0,,,,,,,,72,,18,
2023/24,111051,Nampalys Mendy,Ligue 1,16,2023-12-16,Lens,Stade Reims,2:0,Dead leg,,,,,,,,,,
2023/24,111051,Nampalys Mendy,Ligue 1,17,2023-12-20,Nice,Lens,2:0,Dead leg,,,,,,,,,,
2023/24,111051,Nampalys Mendy,Ligue 1,18,2024-01-14,Lens,PSG,0:2,Called up to national team,,,,,,,,,,
2023/24,111051,Nampalys Mendy,Ligue 1,19,2024-01-28,Toulouse,Lens,0:2,Called up to national team,,,,,,,,,,
2023/24,111051,Nampalys Mendy,Ligue 1,20,2024-02-03,FC Nantes,Lens,0:1,on the bench,,,,,,,,,,
2023/24,111051,Nampalys Mendy,Ligue 1,21,2024-02-10,Lens,R. Strasbourg,3:1,on the bench,,,,,,,,,,
2023/24,111051,Nampalys Mendy,Ligue 1,22,2024-02-18,Stade Reims,Lens,1:1,DM,,,,,,,,69,69,
2023/24,111051,Nampalys Mendy,Ligue 1,23,2024-02-25,Lens,Monaco,2:3,DM,,,,65,,,,,90,
2023/24,111051,Nampalys Mendy,Ligue 1,24,2024-03-03,Lyon,Lens,0:3,DM,,,,,,,,73,73,
2023/24,111051,Nampalys Mendy,Ligue 1,25,2024-03-09,Lens,Stade Brestois,1:0,DM,,,,,,,,82,82,
2023/24,111051,Nampalys Mendy,Ligue 1,26,2024-03-16,Lens,Nice,1:3,DM,,,,,,,,63,63,
2023/24,111051,Nampalys Mendy,Ligue 1,27,2024-03-29,Lille,Lens,2:1,on the bench,,,,,,,,,,
2023/24,111051,Nampalys Mendy,Ligue 1,28,2024-04-06,Lens,Le Havre AC,1:1,on the bench,,,,,,,,,,
2023/24,111051,Nampalys Mendy,Ligue 1,29,2024-04-12,FC Metz,Lens,2:1,on the bench,,,,,,,,,,
2023/24,111051,Nampalys Mendy,Ligue 1,30,2024-04-20,Lens,Clermont Foot,1:0,DM,,,,,,,,,90,
2023/24,111051,Nampalys Mendy,Ligue 1,31,2024-04-28,Marseille,Lens,2:1,DM,,,,,,,,81,81,
2023/24,111051,Nampalys Mendy,Ligue 1,32,2024-05-03,Lens,FC Lorient,2:0,DM,,1,,,,,,,90,
2023/24,111051,Nampalys Mendy,Ligue 1,33,2024-05-12,Stade Rennais,Lens,1:1,DM,,,,,,,,,90,
2023/24,111051,Nampalys Mendy,Ligue 1,34,2024-05-19,Lens,Montpellier,2:2,DM,,,,,,,,,90,
2023/24,111051,Nampalys Mendy,Coupe de France,Fifth Round,2024-01-07,Lens,Monaco,7:8 on pens,Called up to national team,,,,,,,,,,
2023/24,111051,Nampalys Mendy,World Cup Qualification Africa,Group B,2023-11-18,Senegal,South Sudan,4:0,Hamstring injury,,,,,,,,,,
2023/24,111051,Nampalys Mendy,World Cup Qualification Africa,Group B,2023-11-21,Togo,Senegal,0:0,Not in squad,,,,,,,,,,
2023/24,111051,Nampalys Mendy,World Cup Qualification Africa,Group B,2024-06-06,Senegal,DR Congo,1:1,Not in squad,,,,,,,,,,
2023/24,111051,Nampalys Mendy,World Cup Qualification Africa,Group B,2024-06-09,Mauritania,Senegal,0:1,DM,,,,,,,83,,7,
2024/25,111051,Nampalys Mendy,World Cup Qualification Africa,Group B,2025-03-22,Sudan,Senegal,0:0,Not in squad,,,,,,,,,,
2024/25,111051,Nampalys Mendy,World Cup Qualification Africa,Group B,2025-03-25,Senegal,Togo,2:0,Not in squad,,,,,,,,,,
2025/26,111051,Nampalys Mendy,World Cup Qualification Africa,Group B,2025-09-05,Senegal,Sudan,2:0,Not in squad,,,,,,,,,,
2025/26,111051,Nampalys Mendy,World Cup Qualification Africa,Group B,2025-09-09,DR Congo,Senegal,2:3,Not in squad,,,,,,,,,,
2025/26,111051,Nampalys Mendy,World Cup Qualification Africa,Group B,2025-10-10,South Sudan,Senegal,0:5,on the bench,,,,,,,,,,
2025/26,111051,Nampalys Mendy,World Cup Qualification Africa,Group B,2025-10-14,Senegal,Mauritania,4:0,,,,,,,,78,,12,
2023/24,111051,Nampalys Mendy,Africa Cup of Nations 2024,Group C,2024-01-15,Senegal,The Gambia,3:0,,,,,,,,78,,12,
2023/24,111051,Nampalys Mendy,Africa Cup of Nations 2024,Group C,2024-01-19,Senegal,Cameroon,3:1,on the bench,,,,,,,,,,
2023/24,111051,Nampalys Mendy,Africa Cup of Nations 2024,Group C,2024-01-23,Guinea,Senegal,0:2,CM,,,,,,,,,90,
2023/24,111051,Nampalys Mendy,Africa Cup of Nations 2024,Round of 16,2024-01-29,Senegal,Ivory Coast,4:5 on pens,on the bench,,,,,,,,,,
