﻿season,player_id,player_name,competition,journey,date,home_team,away_team,result,position,goals,assists,own_goals,yellow_cards,second_yellow_cards,red_cards,substitutions_on,substitutions_off,minutes_played,transfermarkt_score
2019/20,110867,Jed Steer,Premier League,1,2019-08-10,Tottenham,Aston Villa,3:1,on the bench,,,,,,,,,,
2019/20,110867,Jed Steer,Premier League,2,2019-08-17,Aston Villa,Bournemouth,1:2,on the bench,,,,,,,,,,
2019/20,110867,Jed Steer,Premier League,3,2019-08-23,Aston Villa,Everton,2:0,on the bench,,,,,,,,,,
2019/20,110867,Jed Steer,Premier League,4,2019-08-31,Crystal Palace,Aston Villa,1:0,on the bench,,,,,,,,,,
2019/20,110867,Jed Steer,Premier League,5,2019-09-16,Aston Villa,West Ham,0:0,on the bench,,,,,,,,,,
2019/20,110867,Jed Steer,Premier League,6,2019-09-22,Arsenal,Aston Villa,3:2,on the bench,,,,,,,,,,
2019/20,110867,Jed Steer,Premier League,7,2019-09-28,Aston Villa,Burnley,2:2,on the bench,,,,,,,,,,
2019/20,110867,Jed Steer,Premier League,8,2019-10-05,Norwich,Aston Villa,1:5,on the bench,,,,,,,,,,
2019/20,110867,Jed Steer,Premier League,9,2019-10-19,Aston Villa,Brighton,2:1,on the bench,,,,,,,,,,
2019/20,110867,Jed Steer,Premier League,10,2019-10-26,Man City,Aston Villa,3:0,on the bench,,,,,,,,,,
2019/20,110867,Jed Steer,Premier League,11,2019-11-02,Aston Villa,Liverpool,1:2,on the bench,,,,,,,,,,
2019/20,110867,Jed Steer,Premier League,12,2019-11-10,Wolves,Aston Villa,2:1,GK,,,,,,,,8,8,
2019/20,110867,Jed Steer,Premier League,13,2019-11-25,Aston Villa,Newcastle,2:0,Calf injury,,,,,,,,,,
2019/20,110867,Jed Steer,Premier League,14,2019-12-01,Man Utd,Aston Villa,2:2,Calf injury,,,,,,,,,,
2019/20,110867,Jed Steer,Premier League,15,2019-12-04,Chelsea,Aston Villa,2:1,Calf injury,,,,,,,,,,
2019/20,110867,Jed Steer,Premier League,16,2019-12-08,Aston Villa,Leicester,1:4,Calf injury,,,,,,,,,,
2019/20,110867,Jed Steer,Premier League,17,2019-12-14,Sheff Utd,Aston Villa,2:0,Calf injury,,,,,,,,,,
2019/20,110867,Jed Steer,Premier League,18,2019-12-21,Aston Villa,Southampton,1:3,Calf injury,,,,,,,,,,
2019/20,110867,Jed Steer,Premier League,19,2019-12-26,Aston Villa,Norwich,1:0,Calf injury,,,,,,,,,,
2019/20,110867,Jed Steer,Premier League,20,2019-12-28,Watford,Aston Villa,3:0,Calf injury,,,,,,,,,,
2019/20,110867,Jed Steer,Premier League,21,2020-01-01,Burnley,Aston Villa,1:2,Calf injury,,,,,,,,,,
2019/20,110867,Jed Steer,Premier League,22,2020-01-12,Aston Villa,Man City,1:6,Calf injury,,,,,,,,,,
2019/20,110867,Jed Steer,Premier League,23,2020-01-18,Brighton,Aston Villa,1:1,Calf injury,,,,,,,,,,
2019/20,110867,Jed Steer,Premier League,24,2020-01-21,Aston Villa,Watford,2:1,Calf injury,,,,,,,,,,
2019/20,110867,Jed Steer,Premier League,25,2020-02-01,Bournemouth,Aston Villa,2:1,Calf injury,,,,,,,,,,
2019/20,110867,Jed Steer,Premier League,26,2020-02-16,Aston Villa,Tottenham,2:3,Calf injury,,,,,,,,,,
2019/20,110867,Jed Steer,Premier League,27,2020-02-22,Southampton,Aston Villa,2:0,Calf injury,,,,,,,,,,
2019/20,110867,Jed Steer,Premier League,29,2020-03-09,Leicester,Aston Villa,4:0,Calf injury,,,,,,,,,,
2019/20,110867,Jed Steer,Premier League,28,2020-06-17,Aston Villa,Sheff Utd,0:0,Not in squad,,,,,,,,,,
2019/20,110867,Jed Steer,Premier League,30,2020-06-21,Aston Villa,Chelsea,1:2,Not in squad,,,,,,,,,,
2019/20,110867,Jed Steer,Premier League,31,2020-06-24,Newcastle,Aston Villa,1:1,Not in squad,,,,,,,,,,
2019/20,110867,Jed Steer,Premier League,32,2020-06-27,Aston Villa,Wolves,0:1,Not in squad,,,,,,,,,,
2020/21,110867,Jed Steer,Premier League,33,2020-07-05,Liverpool,Aston Villa,2:0,Not in squad,,,,,,,,,,
2020/21,110867,Jed Steer,Premier League,34,2020-07-09,Aston Villa,Man Utd,0:3,Not in squad,,,,,,,,,,
2020/21,110867,Jed Steer,Premier League,35,2020-07-12,Aston Villa,Crystal Palace,2:0,on the bench,,,,,,,,,,
2020/21,110867,Jed Steer,Premier League,36,2020-07-16,Everton,Aston Villa,1:1,Not in squad,,,,,,,,,,
2020/21,110867,Jed Steer,Premier League,37,2020-07-21,Aston Villa,Arsenal,1:0,Not in squad,,,,,,,,,,
2020/21,110867,Jed Steer,Premier League,38,2020-07-26,West Ham,Aston Villa,1:1,Not in squad,,,,,,,,,,
2019/20,110867,Jed Steer,FA Cup,Third Round,2020-01-04,Fulham,Aston Villa,2:1,Calf injury,,,,,,,,,,
2019/20,110867,Jed Steer,EFL Cup,Second Round,2019-08-27,Crewe Alexandra,Aston Villa,1:6,GK,,,,,,,,,90,
2019/20,110867,Jed Steer,EFL Cup,Third Round,2019-09-25,Brighton,Aston Villa,1:3,GK,,,,,,,,,90,
2019/20,110867,Jed Steer,EFL Cup,Fourth Round,2019-10-30,Aston Villa,Wolves,2:1,GK,,,,,,,,,90,
2019/20,110867,Jed Steer,EFL Cup,Quarter-Finals,2019-12-17,Aston Villa,Liverpool,5:0,Calf injury,,,,,,,,,,
2019/20,110867,Jed Steer,EFL Cup,Semi-Finals 1st Leg,2020-01-08,Leicester,Aston Villa,1:1,Calf injury,,,,,,,,,,
2019/20,110867,Jed Steer,EFL Cup,Semi-Finals 2nd Leg,2020-01-28,Aston Villa,Leicester,2:1,Calf injury,,,,,,,,,,
2019/20,110867,Jed Steer,EFL Cup,Final,2020-03-01,Aston Villa,Man City,1:2,Calf injury,,,,,,,,,,
