﻿season,player_id,player_name,competition,journey,date,home_team,away_team,result,position,goals,assists,own_goals,yellow_cards,second_yellow_cards,red_cards,substitutions_on,substitutions_off,minutes_played,transfermarkt_score
2016/17,104495,Lyle Taylor,EFL Trophy,group B2,2016-08-30,AFC Wimbledon,Swansea U23,3:0,on the bench,,,,,,,,,,
2016/17,104495,Lyle Taylor,EFL Trophy,group B2,2016-10-04,AFC Wimbledon,Plymouth,2:1,Centre Forward,1,1,,,,,,,90,
2016/17,104495,Lyle Taylor,EFL Trophy,group B2,2016-11-08,Newport County,AFC Wimbledon,2:0,Not in squad,,,,,,,,,,
2016/17,104495,Lyle Taylor,EFL Trophy,Second Round,2016-12-06,AFC Wimbledon,Brighton U23,1:2,on the bench,,,,,,,,,,
2016/17,104495,Lyle Taylor,League One,1,2016-08-06,Walsall,AFC Wimbledon,3:1,CF,1,,,,,,,,90,
2016/17,104495,Lyle Taylor,League One,2,2016-08-13,AFC Wimbledon,Bolton,1:2,LW,,1,,,,,,,90,
2016/17,104495,Lyle Taylor,League One,3,2016-08-16,AFC Wimbledon,Scunthorpe Utd.,1:2,CF,,,,,,,,82,82,
2016/17,104495,Lyle Taylor,League One,4,2016-08-20,Northampton,AFC Wimbledon,0:0,CF,,,,,,,,77,77,
2016/17,104495,Lyle Taylor,League One,5,2016-08-27,Rochdale,AFC Wimbledon,1:1,CF,,,,,,,,72,72,
2016/17,104495,Lyle Taylor,League One,6,2016-09-03,AFC Wimbledon,Chesterfield,2:1,CF,,,,,,,,73,73,
2016/17,104495,Lyle Taylor,League One,7,2016-09-10,AFC Wimbledon,Sheff Utd,2:3,,,,,,,,64,,26,
2016/17,104495,Lyle Taylor,League One,8,2016-09-17,Charlton,AFC Wimbledon,1:2,CF,,,,,,,,83,83,
2016/17,104495,Lyle Taylor,League One,9,2016-09-24,AFC Wimbledon,Shrewsbury,1:1,LW,1,,,,,,,80,80,
2016/17,104495,Lyle Taylor,League One,10,2016-09-28,Coventry,AFC Wimbledon,2:2,CF,1,,,,,,,,90,
2016/17,104495,Lyle Taylor,League One,11,2016-10-01,AFC Wimbledon,Gillingham,2:0,,,,,,,,66,,24,
2016/17,104495,Lyle Taylor,League One,12,2016-10-09,Oxford United,AFC Wimbledon,1:3,CF,,,,13,,,,84,84,
2016/17,104495,Lyle Taylor,League One,13,2016-10-15,AFC Wimbledon,Swindon Town,0:0,CF,,,,,,,,70,70,
2016/17,104495,Lyle Taylor,League One,14,2016-10-18,Bury,AFC Wimbledon,1:2,CF,1,,,,,,,72,72,
2016/17,104495,Lyle Taylor,League One,15,2016-10-22,Peterborough,AFC Wimbledon,0:1,,,,,,,,58,,32,
2016/17,104495,Lyle Taylor,League One,16,2016-10-29,AFC Wimbledon,Bradford,2:3,Centre Forward,1,,,,,,,81,81,
2016/17,104495,Lyle Taylor,League One,17,2016-11-12,Oldham Athletic,AFC Wimbledon,0:0,Centre Forward,,,,,,,,,90,
2016/17,104495,Lyle Taylor,League One,18,2016-11-19,AFC Wimbledon,Bury,5:1,,,,,,,,75,,15,
2016/17,104495,Lyle Taylor,League One,19,2016-11-22,Millwall,AFC Wimbledon,0:0,Centre Forward,,,,,,,,65,65,
2016/17,104495,Lyle Taylor,League One,20,2016-11-26,AFC Wimbledon,Fleetwood,2:2,Not in squad,,,,,,,,,,
2016/17,104495,Lyle Taylor,League One,21,2016-12-10,MK Dons,AFC Wimbledon,1:0,,,,,,,,58,,32,
2016/17,104495,Lyle Taylor,League One,22,2016-12-17,AFC Wimbledon,Port Vale,4:0,LW,,1,,,,,,,90,
2016/17,104495,Lyle Taylor,League One,23,2016-12-26,Southend United,AFC Wimbledon,3:0,LW,,,,49,72,,,,72,
2016/17,104495,Lyle Taylor,League One,24,2016-12-31,Bristol Rovers,AFC Wimbledon,2:0,Not in squad,,,,,,,,,,
2016/17,104495,Lyle Taylor,League One,25,2017-01-02,AFC Wimbledon,Millwall,2:2,CF,1,1,,,,,,,90,
2016/17,104495,Lyle Taylor,League One,27,2017-01-14,AFC Wimbledon,Oxford United,2:1,LW,,,,,,,,76,76,
2016/17,104495,Lyle Taylor,League One,28,2017-01-21,Chesterfield,AFC Wimbledon,0:0,Not in squad,,,,,,,,,,
2016/17,104495,Lyle Taylor,League One,30,2017-02-04,Sheff Utd,AFC Wimbledon,4:0,LW,,,,,,,,,90,
2016/17,104495,Lyle Taylor,League One,31,2017-02-11,AFC Wimbledon,Charlton,1:1,Centre Forward,,,,87,,,,,90,
2016/17,104495,Lyle Taylor,League One,32,2017-02-14,AFC Wimbledon,Coventry,1:1,CF,,,,,,,,73,73,
2016/17,104495,Lyle Taylor,League One,33,2017-02-18,Shrewsbury,AFC Wimbledon,2:1,CF,,1,,,,,,82,82,
2016/17,104495,Lyle Taylor,League One,26,2017-02-21,Gillingham,AFC Wimbledon,2:2,CF,1,,,,,,,,90,
2016/17,104495,Lyle Taylor,League One,34,2017-02-25,AFC Wimbledon,Walsall,1:0,Centre Forward,1,,,,,,,83,83,
2016/17,104495,Lyle Taylor,League One,35,2017-02-28,Scunthorpe Utd.,AFC Wimbledon,1:2,CF,,,,57,,,,62,62,
2016/17,104495,Lyle Taylor,League One,36,2017-03-04,Bolton,AFC Wimbledon,1:1,,,,,,,,71,,19,
2016/17,104495,Lyle Taylor,League One,37,2017-03-11,AFC Wimbledon,Northampton,0:1,CF,,,,,,,,69,69,
2016/17,104495,Lyle Taylor,League One,38,2017-03-14,AFC Wimbledon,MK Dons,2:0,Centre Forward,1,,,,,,,79,79,
2016/17,104495,Lyle Taylor,League One,39,2017-03-18,Fleetwood,AFC Wimbledon,0:0,,,,,,,,69,,21,
2016/17,104495,Lyle Taylor,League One,40,2017-03-25,AFC Wimbledon,Southend United,0:2,Centre Forward,,,,70,,,,83,83,
2016/17,104495,Lyle Taylor,League One,29,2017-03-28,AFC Wimbledon,Rochdale,3:1,Centre Forward,1,,,,,,,61,61,
2016/17,104495,Lyle Taylor,League One,41,2017-04-01,Port Vale,AFC Wimbledon,2:0,CF,,,,,,,,,90,
2016/17,104495,Lyle Taylor,League One,42,2017-04-08,AFC Wimbledon,Bristol Rovers,0:1,CF,,,,44,,,,,90,
2016/17,104495,Lyle Taylor,League One,43,2017-04-14,Swindon Town,AFC Wimbledon,0:0,CF,,,,,,,,,90,
2016/17,104495,Lyle Taylor,League One,44,2017-04-17,AFC Wimbledon,Peterborough,0:0,CF,,,,,,,,,90,
2016/17,104495,Lyle Taylor,League One,45,2017-04-22,Bradford,AFC Wimbledon,3:0,CF,,,,,,,,,90,
2016/17,104495,Lyle Taylor,League One,46,2017-04-30,AFC Wimbledon,Oldham Athletic,0:0,CF,,,,,,,,,90,
2016/17,104495,Lyle Taylor,FA Cup,First Round,2016-11-05,Bury,AFC Wimbledon,2:2,CF,1,,,79,,,,,90,
2016/17,104495,Lyle Taylor,FA Cup,First Round Replay,2016-11-15,AFC Wimbledon,Bury,5:0,CF,1,1,,,,,,,90,
2016/17,104495,Lyle Taylor,FA Cup,Second Round,2016-12-04,Curzon Ashton,AFC Wimbledon,3:4,LW,,,,,,,,,90,
2016/17,104495,Lyle Taylor,FA Cup,Third Round,2017-01-07,Sutton Utd,AFC Wimbledon,0:0,CF,,,,,,,,,90,
2016/17,104495,Lyle Taylor,FA Cup,Third Round Replay,2017-01-17,AFC Wimbledon,Sutton Utd,1:3,CF,,,,,,,,70,70,
2016/17,104495,Lyle Taylor,EFL Cup,First Round,2016-08-09,Peterborough,AFC Wimbledon,3:2,,1,,,,,,69,,21,
