﻿season,player_id,player_name,competition,journey,date,home_team,away_team,result,position,goals,assists,own_goals,yellow_cards,second_yellow_cards,red_cards,substitutions_on,substitutions_off,minutes_played,transfermarkt_score
2008/09,104124,Michail Antonio,Championship,14,2008-10-28,Burnley,Reading,1:0,Not in squad,,,,,,,,,,
2008/09,104124,Michail Antonio,Championship,15,2008-11-01,Bristol City,Reading,1:4,Not in squad,,,,,,,,,,
2008/09,104124,Michail Antonio,Championship,16,2008-11-08,Reading,Derby,3:0,Not in squad,,,,,,,,,,
2008/09,104124,Michail Antonio,Championship,17,2008-11-15,Sheff Utd,Reading,0:2,Not in squad,,,,,,,,,,
2008/09,104124,Michail Antonio,Championship,18,2008-11-22,Reading,Southampton,1:2,Not in squad,,,,,,,,,,
2008/09,104124,Michail Antonio,Championship,19,2008-11-25,Cardiff,Reading,2:2,Not in squad,,,,,,,,,,
2008/09,104124,Michail Antonio,Championship,20,2008-12-01,Reading,Coventry,3:1,Not in squad,,,,,,,,,,
2008/09,104124,Michail Antonio,Championship,21,2008-12-06,Barnsley,Reading,0:1,Not in squad,,,,,,,,,,
2008/09,104124,Michail Antonio,Championship,22,2008-12-09,Reading,Blackpool,1:0,Not in squad,,,,,,,,,,
2008/09,104124,Michail Antonio,Championship,23,2008-12-13,Reading,Norwich,2:0,Not in squad,,,,,,,,,,
2008/09,104124,Michail Antonio,Championship,24,2008-12-20,Birmingham,Reading,1:3,Not in squad,,,,,,,,,,
2008/09,104124,Michail Antonio,Championship,25,2008-12-26,Reading,Cardiff,1:1,Not in squad,,,,,,,,,,
2008/09,104124,Michail Antonio,Championship,26,2008-12-28,Southampton,Reading,1:1,Not in squad,,,,,,,,,,
2008/09,104124,Michail Antonio,League One,33,2009-02-21,Leeds,Cheltenham,2:0,,,,,,,,,28,28,
2008/09,104124,Michail Antonio,League One,25,2009-02-24,Cheltenham,Millwall,1:3,Not in squad,,,,,,,,,,
2008/09,104124,Michail Antonio,League One,34,2009-02-28,Cheltenham,Northampton,0:1,Not in squad,,,,,,,,,,
2008/09,104124,Michail Antonio,League One,35,2009-03-03,Swindon Town,Cheltenham,2:2,Not in squad,,,,,,,,,,
2008/09,104124,Michail Antonio,League One,36,2009-03-07,Leicester,Cheltenham,4:0,Not in squad,,,,,,,,,,
2008/09,104124,Michail Antonio,League One,38,2009-03-14,Cheltenham,Hartlepool,2:0,Not in squad,,,,,,,,,,
2008/09,104124,Michail Antonio,League One,30,2009-03-17,Cheltenham,Tranmere,1:0,Not in squad,,,,,,,,,,
2008/09,104124,Michail Antonio,League One,39,2009-03-21,Huddersfield,Cheltenham,2:2,Not in squad,,,,,,,,,,
2008/09,104124,Michail Antonio,League One,37,2009-03-24,Cheltenham,Oldham Athletic,1:1,Not in squad,,,,,,,,,,
2008/09,104124,Michail Antonio,League One,40,2009-03-28,Walsall,Cheltenham,1:1,,,,,,,,,71,71,
2008/09,104124,Michail Antonio,League One,41,2009-04-04,Cheltenham,Leyton Orient,0:1,,,,,,,,,46,45,
2008/09,104124,Michail Antonio,League One,42,2009-04-10,Peterborough,Cheltenham,1:1,,,,,,,,,,90,
2008/09,104124,Michail Antonio,League One,43,2009-04-13,Cheltenham,Yeovil Town,1:0,,,,,87,,,46,87,42,
2008/09,104124,Michail Antonio,League One,44,2009-04-18,Crewe Alexandra,Cheltenham,1:2,,,,,,,,64,,26,
2008/09,104124,Michail Antonio,League One,45,2009-04-25,Cheltenham,Carlisle United,1:1,,,,,,,,,,90,
2008/09,104124,Michail Antonio,League One,31,2009-04-28,Scunthorpe Utd.,Cheltenham,3:0,,,,,,,,,61,61,
2008/09,104124,Michail Antonio,League One,46,2009-05-02,Southend United,Cheltenham,2:0,,,,,,,,,,90,
2008/09,104124,Michail Antonio,FA Cup,Third Round,2009-01-03,Cardiff,Reading,2:0,Not in squad,,,,,,,,,,
