﻿season,player_id,player_name,competition,journey,date,home_team,away_team,result,position,goals,assists,own_goals,yellow_cards,second_yellow_cards,red_cards,substitutions_on,substitutions_off,minutes_played,transfermarkt_score
2016/17,104124,Michail Antonio,World Cup qualification Europe,Group F,2016-09-04,Slovakia,England,0:1,on the bench,,,,,,,,,,
2016/17,104124,Michail Antonio,World Cup qualification Europe,Group F,2016-10-08,England,Malta,2:0,on the bench,,,,,,,,,,
2016/17,104124,Michail Antonio,World Cup qualification Europe,Group F,2016-10-11,Slovenia,England,0:0,on the bench,,,,,,,,,,
2016/17,104124,Michail Antonio,World Cup qualification Europe,Group F,2016-11-11,England,Scotland,3:0,Not in squad,,,,,,,,,,
2016/17,104124,Michail Antonio,World Cup qualification Europe,Group F,2017-03-26,England,Lithuania,2:0,Hamstring injury,,,,,,,,,,
2016/17,104124,Michail Antonio,World Cup qualification Europe,Group F,2017-06-10,Scotland,England,2:2,Hamstring injury,,,,,,,,,,
2017/18,104124,Michail Antonio,World Cup qualification Europe,Group F,2017-09-01,Malta,England,0:4,Not in squad,,,,,,,,,,
2017/18,104124,Michail Antonio,World Cup qualification Europe,Group F,2017-09-04,England,Slovakia,2:1,Not in squad,,,,,,,,,,
2017/18,104124,Michail Antonio,World Cup qualification Europe,Group F,2017-10-05,England,Slovenia,1:0,Not in squad,,,,,,,,,,
2017/18,104124,Michail Antonio,World Cup qualification Europe,Group F,2017-10-08,Lithuania,England,0:1,Not in squad,,,,,,,,,,
2016/17,104124,Michail Antonio,UEFA Europa League Qualifying,3rd round 1st leg,2016-07-28,NK Domzale,West Ham,2:1,RB,,,,,,,,80,80,
2016/17,104124,Michail Antonio,UEFA Europa League Qualifying,3rd round 2nd leg,2016-08-04,West Ham,NK Domzale,3:0,RB,,,,42,,,,,90,
2016/17,104124,Michail Antonio,UEFA Europa League Qualifying,Qualifying Round 1st leg,2016-08-18,Astra Giurgiu,West Ham,1:1,LM,,,,90,,,,,90,
2016/17,104124,Michail Antonio,UEFA Europa League Qualifying,Qualifying Round 2nd leg,2016-08-25,West Ham,Astra Giurgiu,0:1,RM,,,,91,,,,,90,
2016/17,104124,Michail Antonio,International Friendlies,37,2016-11-15,England,Spain,2:2,Not in squad,,,,,,,,,,
2016/17,104124,Michail Antonio,International Friendlies,3,2017-03-22,Germany,England,1:0,Hamstring injury,,,,,,,,,,
2016/17,104124,Michail Antonio,International Friendlies,4,2017-06-13,France,England,3:2,Hamstring injury,,,,,,,,,,
2016/17,104124,Michail Antonio,Premier League,1,2016-08-15,Chelsea,West Ham,2:1,RB,,,,46,,,,52,52,
2016/17,104124,Michail Antonio,Premier League,2,2016-08-21,West Ham,Bournemouth,1:0,LM,1,,,,,,,,90,
2016/17,104124,Michail Antonio,Premier League,3,2016-08-28,Man City,West Ham,3:1,RM,1,,,,,,,,90,
2016/17,104124,Michail Antonio,Premier League,4,2016-09-10,West Ham,Watford,2:4,Centre Forward,2,,,,,,,,90,
2016/17,104124,Michail Antonio,Premier League,5,2016-09-17,West Brom,West Ham,4:2,RM,1,,,,,,,,90,
2016/17,104124,Michail Antonio,Premier League,6,2016-09-25,West Ham,Southampton,0:3,Centre Forward,,,,,,,,,90,
2016/17,104124,Michail Antonio,Premier League,7,2016-10-01,West Ham,Middlesbrough,1:1,CF,,,,,,,,,90,
2016/17,104124,Michail Antonio,Premier League,8,2016-10-15,Crystal Palace,West Ham,0:1,RM,,,,,,,,,90,
2016/17,104124,Michail Antonio,Premier League,9,2016-10-22,West Ham,Sunderland,1:0,RM,,,,,,,,63,63,
2016/17,104124,Michail Antonio,Premier League,10,2016-10-30,Everton,West Ham,2:0,CF,,,,89,,,,,90,
2016/17,104124,Michail Antonio,Premier League,11,2016-11-05,West Ham,Stoke City,1:1,RM,,,,12,,,,,90,
2016/17,104124,Michail Antonio,Premier League,12,2016-11-19,Tottenham,West Ham,3:2,RM,1,,,64,,,,,90,
2016/17,104124,Michail Antonio,Premier League,13,2016-11-27,Man Utd,West Ham,1:1,RM,,,,,,,,,90,
2016/17,104124,Michail Antonio,Premier League,14,2016-12-03,West Ham,Arsenal,1:5,Groin strain,,,,,,,,,,
2016/17,104124,Michail Antonio,Premier League,15,2016-12-11,Liverpool,West Ham,2:2,CF,1,,,,,,,,90,
2016/17,104124,Michail Antonio,Premier League,16,2016-12-14,West Ham,Burnley,1:0,RM,,,,,,,,,90,
2016/17,104124,Michail Antonio,Premier League,17,2016-12-17,West Ham,Hull City,1:0,RM,,,,,,,,,90,
2016/17,104124,Michail Antonio,Premier League,18,2016-12-26,Swansea,West Ham,1:4,RM,1,,,,,,,84,84,
2016/17,104124,Michail Antonio,Premier League,19,2016-12-31,Leicester,West Ham,1:0,RM,,,,,,,,,90,
2016/17,104124,Michail Antonio,Premier League,20,2017-01-02,West Ham,Man Utd,0:2,CF,,,,,,,,,90,
2016/17,104124,Michail Antonio,Premier League,21,2017-01-14,West Ham,Crystal Palace,3:0,RM,,3,,,,,,89,89,
2016/17,104124,Michail Antonio,Premier League,22,2017-01-21,Middlesbrough,West Ham,1:3,CF,,1,,,,,,,90,
2016/17,104124,Michail Antonio,Premier League,23,2017-02-01,West Ham,Man City,0:4,LM,,,,,,,,,90,
2016/17,104124,Michail Antonio,Premier League,24,2017-02-04,Southampton,West Ham,1:3,SS,,,,,,,,,90,
2016/17,104124,Michail Antonio,Premier League,25,2017-02-11,West Ham,West Brom,2:2,CF,,,,,,,,,90,
2016/17,104124,Michail Antonio,Premier League,26,2017-02-25,Watford,West Ham,1:1,CF,,,,,86,,,,86,
2016/17,104124,Michail Antonio,Premier League,27,2017-03-06,West Ham,Chelsea,1:2,Indirect card suspension,,,,,,,,,,
2016/17,104124,Michail Antonio,Premier League,28,2017-03-11,Bournemouth,West Ham,3:2,LW,1,,,,,,,,90,
2016/17,104124,Michail Antonio,Premier League,29,2017-03-18,West Ham,Leicester,2:3,LM,,,,,,,,,90,
2016/17,104124,Michail Antonio,Premier League,30,2017-04-01,Hull City,West Ham,2:1,Hamstring injury,,,,,,,,,,
2016/17,104124,Michail Antonio,Premier League,31,2017-04-05,Arsenal,West Ham,3:0,LM,,,,,,,,46,45,
2016/17,104124,Michail Antonio,Premier League,32,2017-04-08,West Ham,Swansea,1:0,CF,,,,,,,,41,41,
2016/17,104124,Michail Antonio,Premier League,33,2017-04-15,Sunderland,West Ham,2:2,Hamstring injury,,,,,,,,,,
2016/17,104124,Michail Antonio,Premier League,34,2017-04-22,West Ham,Everton,0:0,Hamstring injury,,,,,,,,,,
2016/17,104124,Michail Antonio,Premier League,35,2017-04-29,Stoke City,West Ham,0:0,Hamstring injury,,,,,,,,,,
2016/17,104124,Michail Antonio,Premier League,36,2017-05-05,West Ham,Tottenham,1:0,Hamstring injury,,,,,,,,,,
2016/17,104124,Michail Antonio,Premier League,37,2017-05-14,West Ham,Liverpool,0:4,Hamstring injury,,,,,,,,,,
2016/17,104124,Michail Antonio,Premier League,38,2017-05-21,Burnley,West Ham,1:2,Hamstring injury,,,,,,,,,,
2016/17,104124,Michail Antonio,FA Cup,Third Round,2017-01-06,West Ham,Man City,0:5,CF,,,,,,,,72,72,
2016/17,104124,Michail Antonio,EFL Cup,Third Round,2016-09-21,West Ham,Accrington,1:0,,,,,,,,70,,20,
2016/17,104124,Michail Antonio,EFL Cup,Fourth Round,2016-10-26,West Ham,Chelsea,2:1,AM,,,,,,,,82,82,
2016/17,104124,Michail Antonio,EFL Cup,Quarter-Finals,2016-11-30,Man Utd,West Ham,4:1,RM,,,,,,,,58,58,
