﻿season,player_id,player_name,competition,journey,date,home_team,away_team,result,position,goals,assists,own_goals,yellow_cards,second_yellow_cards,red_cards,substitutions_on,substitutions_off,minutes_played,transfermarkt_score
2013/14,108725,Chris Wood,World Cup qualification Playoffs,Qualifying Round 1st leg,2013-11-13,Mexico,New Zealand,5:1,CF,,,,16,,,,67,67,
2013/14,108725,Chris Wood,World Cup qualification Playoffs,Qualifying Round 2nd leg,2013-11-20,New Zealand,Mexico,2:4,Yellow card suspension,,,,,,,,,,
2013/14,108725,Chris Wood,International Friendlies,1,2013-09-05,Saudi Arabia,New Zealand,0:1,CF,,,,,,,,63,63,
2013/14,108725,Chris Wood,International Friendlies,1,2013-09-09,UAE,New Zealand,2:0,CF,,,,,,,,,90,
2013/14,108725,Chris Wood,International Friendlies,1,2013-10-16,Trinidad,New Zealand,0:0,Not in squad,,,,,,,,,,
2013/14,108725,Chris Wood,International Friendlies,11,2014-03-05,Japan,New Zealand,4:2,CF,2,,,,,,,,90,
2013/14,108725,Chris Wood,International Friendlies,1,2014-05-30,New Zealand,South Africa,0:0,Not in squad,,,,,,,,,,
2013/14,108725,Chris Wood,Championship,1,2013-08-03,Middlesbrough,Leicester,1:2,CF,,1,,,,,,61,61,
2013/14,108725,Chris Wood,Championship,2,2013-08-11,Leicester,Leeds,0:0,CF,,,,,,,75,,15,
2013/14,108725,Chris Wood,Championship,3,2013-08-17,Derby,Leicester,0:1,CF,,,,,,,,71,71,
2013/14,108725,Chris Wood,Championship,4,2013-08-24,Leicester,Birmingham,3:2,CF,,,,,,,,46,45,
2013/14,108725,Chris Wood,Championship,5,2013-08-31,Charlton,Leicester,2:1,,,,,,,,67,,23,
2013/14,108725,Chris Wood,Championship,6,2013-09-14,Leicester,Wigan,2:0,,,,,,,,80,,10,
2013/14,108725,Chris Wood,Championship,7,2013-09-17,Leicester,Blackburn,2:1,,,,,,,,80,,10,
2013/14,108725,Chris Wood,Championship,8,2013-09-21,Blackpool,Leicester,2:2,Not in squad,,,,,,,,,,
2013/14,108725,Chris Wood,Championship,9,2013-09-28,Leicester,Barnsley,2:1,Not in squad,,,,,,,,,,
2013/14,108725,Chris Wood,Championship,10,2013-10-01,Yeovil Town,Leicester,1:2,Not in squad,,,,,,,,,,
2013/14,108725,Chris Wood,Championship,11,2013-10-05,Doncaster,Leicester,1:0,Not in squad,,,,,,,,,,
2013/14,108725,Chris Wood,Championship,12,2013-10-19,Leicester,Huddersfield,2:1,on the bench,,,,,,,,,,
2013/14,108725,Chris Wood,Championship,13,2013-10-26,Leicester,Bournemouth,2:1,,,1,,,,,52,,38,
2013/14,108725,Chris Wood,Championship,14,2013-11-02,Watford,Leicester,0:3,CF,1,,,,,,,67,67,
2013/14,108725,Chris Wood,Championship,15,2013-11-09,Leicester,Nott'm Forest,0:2,Not in squad,,,,,,,,,,
2013/14,108725,Chris Wood,Championship,16,2013-11-23,Ipswich,Leicester,1:2,,,,,,,,75,,15,
2013/14,108725,Chris Wood,Championship,17,2013-11-30,Leicester,Millwall,3:0,,,,,,,,61,,29,
2013/14,108725,Chris Wood,Championship,18,2013-12-03,Sheff Wed,Leicester,2:1,,,,,,,,68,,22,
2013/14,108725,Chris Wood,Championship,19,2013-12-07,Brighton,Leicester,3:1,,,,,,,,64,,26,
2013/14,108725,Chris Wood,Championship,20,2013-12-14,Leicester,Burnley,1:1,Not in squad,,,,,,,,,,
2013/14,108725,Chris Wood,Championship,21,2013-12-21,QPR,Leicester,0:1,Not in squad,,,,,,,,,,
2013/14,108725,Chris Wood,Championship,22,2013-12-26,Leicester,Reading,1:0,Not in squad,,,,,,,,,,
2013/14,108725,Chris Wood,Championship,23,2013-12-29,Leicester,Bolton,5:3,Not in squad,,,,,,,,,,
2013/14,108725,Chris Wood,Championship,24,2014-01-01,Millwall,Leicester,1:3,Not in squad,,,,,,,,,,
2013/14,108725,Chris Wood,Championship,25,2014-01-10,Leicester,Derby,4:1,CF,,,,,,,80,,10,
2013/14,108725,Chris Wood,Championship,26,2014-01-18,Leeds,Leicester,0:1,on the bench,,,,,,,,,,
2013/14,108725,Chris Wood,Championship,27,2014-01-25,Leicester,Middlesbrough,2:0,Not in squad,,,,,,,,,,
2013/14,108725,Chris Wood,Championship,28,2014-01-28,Birmingham,Leicester,1:2,Not in squad,,,,,,,,,,
2013/14,108725,Chris Wood,Championship,29,2014-02-01,Bournemouth,Leicester,0:1,on the bench,,,,,,,,,,
2013/14,108725,Chris Wood,Championship,30,2014-02-08,Leicester,Watford,2:2,,,,,,,,84,,6,
2013/14,108725,Chris Wood,Championship,31,2014-02-19,Nott'm Forest,Leicester,2:2,on the bench,,,,,,,,,,
2013/14,108725,Chris Wood,Championship,32,2014-02-22,Leicester,Ipswich,3:0,,1,,,,,,71,,19,
2013/14,108725,Chris Wood,Championship,33,2014-03-01,Leicester,Charlton,3:0,,,,,,,,67,,23,
2013/14,108725,Chris Wood,Championship,35,2014-03-11,Barnsley,Leicester,0:3,,,,,,,,65,,25,
2013/14,108725,Chris Wood,Championship,36,2014-03-15,Leicester,Blackpool,3:1,on the bench,,,,,,,,,,
2013/14,108725,Chris Wood,Championship,37,2014-03-22,Blackburn,Leicester,1:1,on the bench,,,,,,,,,,
2013/14,108725,Chris Wood,Championship,38,2014-03-25,Leicester,Yeovil Town,1:1,,1,,,,,,67,,23,
2013/14,108725,Chris Wood,Championship,39,2014-03-29,Burnley,Leicester,0:2,,1,1,,,,,34,,56,
2013/14,108725,Chris Wood,Championship,34,2014-04-01,Wigan,Leicester,2:2,CF,,,,,,,,73,73,
2013/14,108725,Chris Wood,Championship,40,2014-04-04,Leicester,Sheff Wed,2:1,CF,,1,,,,,,59,59,
2013/14,108725,Chris Wood,Championship,41,2014-04-08,Leicester,Brighton,1:4,CF,,,,,,,46,,45,
2013/14,108725,Chris Wood,Championship,42,2014-04-14,Reading,Leicester,1:1,CF,,,,,,,65,,25,
2013/14,108725,Chris Wood,Championship,43,2014-04-19,Leicester,QPR,1:0,on the bench,,,,,,,,,,
2013/14,108725,Chris Wood,Championship,44,2014-04-22,Bolton,Leicester,0:1,CF,,1,,,,,56,,34,
2013/14,108725,Chris Wood,Championship,45,2014-04-26,Huddersfield,Leicester,0:2,CF,,,,,,,,82,82,
2013/14,108725,Chris Wood,Championship,46,2014-05-03,Leicester,Doncaster,1:0,on the bench,,,,,,,,,,
2013/14,108725,Chris Wood,FA Cup,Third Round,2014-01-04,Stoke City,Leicester,2:1,Not in squad,,,,,,,,,,
2013/14,108725,Chris Wood,League Cup,First Round,2013-08-06,Wycombe,Leicester,1:2,CF,,,,,,,,,90,
2013/14,108725,Chris Wood,League Cup,Second Round,2013-08-27,Carlisle United,Leicester,2:5,CF,3,1,,,,,,66,66,
2013/14,108725,Chris Wood,League Cup,Third Round,2013-09-24,Leicester,Derby,2:1,Not in squad,,,,,,,,,,
2013/14,108725,Chris Wood,League Cup,Round of 16,2013-10-29,Leicester,Fulham,4:3,CF,1,,,,,,,87,87,
2013/14,108725,Chris Wood,League Cup,Quarter-Finals,2013-12-17,Leicester,Man City,1:3,Not in squad,,,,,,,,,,
2013/14,108725,Chris Wood,U21 Premier League,1,2013-08-12,Boro U21,Leicester U21,1:3,Not in squad,,,,,,,,,,
2013/14,108725,Chris Wood,U21 Premier League,2,2013-08-19,Leicester U21,Sunderland U21,2:3,Not in squad,,,,,,,,,,
2013/14,108725,Chris Wood,U21 Premier League,3,2013-08-24,Chelsea U21,Leicester U21,5:1,Not in squad,,,,,,,,,,
2013/14,108725,Chris Wood,U21 Premier League,4,2013-09-02,Leicester U21,Liverpool U21,1:1,Not in squad,,,,,,,,,,
2013/14,108725,Chris Wood,U21 Premier League,5,2013-09-16,Leicester U21,Southampton U21,0:1,Not in squad,,,,,,,,,,
2013/14,108725,Chris Wood,U21 Premier League,6,2013-09-23,Norwich U21,Leicester U21,1:0,Not in squad,,,,,,,,,,
2013/14,108725,Chris Wood,U21 Premier League,7,2013-10-07,Leicester U21,Stoke U21,2:1,Not in squad,,,,,,,,,,
2013/14,108725,Chris Wood,U21 Premier League,8,2013-10-21,Tottenham U21,Leicester U21,1:1,Not in squad,,,,,,,,,,
2013/14,108725,Chris Wood,U21 Premier League,9,2013-11-04,Leicester U21,Blackburn U21,1:0,Not in squad,,,,,,,,,,
2013/14,108725,Chris Wood,U21 Premier League,10,2013-11-29,West Ham U21,Leicester U21,2:2,Not in squad,,,,,,,,,,
2013/14,108725,Chris Wood,U21 Premier League,12,2014-01-13,Leicester U21,Bolton U21,0:4,Not in squad,,,,,,,,,,
2013/14,108725,Chris Wood,U21 Premier League,13,2014-01-20,West Brom U21,Leicester U21,1:2,CF,,,,,,,,86,86,
2013/14,108725,Chris Wood,U21 Premier League,14,2014-02-03,Leicester U21,Man Utd U21,0:1,CF,,,,,,,,63,63,
2013/14,108725,Chris Wood,U21 Premier League,15,2014-02-10,Newcastle U21,Leicester U21,0:2,Not in squad,,,,,,,,,,
2013/14,108725,Chris Wood,U21 Premier League,16,2014-02-17,Fulham FC U21,Leicester U21,1:3,Not in squad,,,,,,,,,,
2013/14,108725,Chris Wood,U21 Premier League,18,2014-03-10,Aston Villa U21,Leicester U21,3:4,Not in squad,,,,,,,,,,
2013/14,108725,Chris Wood,U21 Premier League,19,2014-03-24,Leicester U21,Reading U21,4:1,Not in squad,,,,,,,,,,
2013/14,108725,Chris Wood,U21 Premier League,20,2014-03-31,Wolves U21,Leicester U21,0:1,Not in squad,,,,,,,,,,
2013/14,108725,Chris Wood,U21 Premier League,21,2014-04-09,Leicester U21,Everton U21,1:1,Not in squad,,,,,,,,,,
2013/14,108725,Chris Wood,U21 Premier League,11,2014-04-14,Arsenal U21,Leicester U21,0:4,Not in squad,,,,,,,,,,
2013/14,108725,Chris Wood,U21 Premier League,17,2014-04-23,Leicester U21,Man City U21,3:2,Not in squad,,,,,,,,,,
2013/14,108725,Chris Wood,U21 Premier League Cup,Third Round,2013-11-19,Leicester U21,Sheff Utd U21,4:1,Information not yet available,,,,,,,,,,
2013/14,108725,Chris Wood,U21 Premier League Cup,Round of 16,2013-12-30,Newcastle U21,Leicester U21,2:1,Information not yet available,,,,,,,,,,
