﻿season,player_id,player_name,competition,journey,date,home_team,away_team,result,position,goals,assists,own_goals,yellow_cards,second_yellow_cards,red_cards,substitutions_on,substitutions_off,minutes_played,transfermarkt_score
2025/26,1047342,Maeson King,EFL Trophy,group B2,2025-08-26,Bristol Rovers,Tottenham U21,9:8 on pens,Not in squad,,,,,,,,,,
2025/26,1047342,Maeson King,EFL Trophy,group B2,2025-09-23,Plymouth,Tottenham U21,6:2,Not in squad,,,,,,,,,,
2025/26,1047342,Maeson King,EFL Trophy,group B2,2025-10-28,Cheltenham,Tottenham U21,5:3 on pens,Not in squad,,,,,,,,,,
2025/26,1047342,Maeson King,Premier League 2,1,2025-08-18,Sunderland U21,Tottenham U21,3:5,Not in squad,,,,,,,,,,
2025/26,1047342,Maeson King,Premier League 2,2,2025-08-22,Tottenham U21,Palace U21,2:3,Not in squad,,,,,,,,,,
2025/26,1047342,Maeson King,Premier League 2,3,2025-08-30,Tottenham U21,Nottingham U21,1:0,Not in squad,,,,,,,,,,
2025/26,1047342,Maeson King,Premier League 2,4,2025-09-19,Leicester U21,Tottenham U21,3:6,Not in squad,,,,,,,,,,
2025/26,1047342,Maeson King,Premier League 2,5,2025-09-26,Tottenham U21,West Brom U21,1:0,Not in squad,,,,,,,,,,
2025/26,1047342,Maeson King,Premier League 2,6,2025-10-05,Newcastle U21,Tottenham U21,1:4,Not in squad,,,,,,,,,,
2025/26,1047342,Maeson King,Premier League 2,7,2025-10-25,Man Utd U21,Tottenham U21,4:1,Not in squad,,,,,,,,,,
2025/26,1047342,Maeson King,Premier League 2,8,2025-11-01,Tottenham U21,Southampton U21,1:2,Not in squad,,,,,,,,,,
2025/26,1047342,Maeson King,Premier League 2,9,2025-11-08,Fulham U21,Tottenham U21,1:1,Not in squad,,,,,,,,,,
