﻿season,player_id,player_name,competition,journey,date,home_team,away_team,result,position,goals,assists,own_goals,yellow_cards,second_yellow_cards,red_cards,substitutions_on,substitutions_off,minutes_played,transfermarkt_score
2023/24,1042886,Chido Obi,International Friendlies,6,2023-08-02,Denmark U17,Norway U16,6:2,CF,4,,,,,,,69,69,
2023/24,1042886,Chido Obi,International Friendlies,6,2023-08-04,Faroe U17,Denmark U17,1:6,,,,,,,,68,,22,
2023/24,1042886,Chido Obi,International Friendlies,7,2023-08-08,Finland U17,Denmark U17,0:1,CF,,,,,,,,81,81,
2023/24,1042886,Chido Obi,International Friendlies,7,2023-09-07,Italy U17,Denmark U17,3:1,CF,1,,,,,,,75,75,
2023/24,1042886,Chido Obi,International Friendlies,8,2023-09-09,Germany U17,Denmark U17,0:2,,,,,,,,77,,13,
2023/24,1042886,Chido Obi,International Friendlies,7,2023-09-12,Denmark U17,Israel U17,2:1,CF,,,,,,,,,90,
2023/24,1042886,Chido Obi,International Friendlies,17,2024-02-14,Switzerland U17,Denmark U17,0:4,CF,1,,,,,,,76,76,
2022/23,1042886,Chido Obi,International Friendlies,,,,,,,,,,,,,,,,
2024/25,1042886,Chido Obi,International Friendlies,1,2024-09-10,Sweden U18,Denmark U18,1:0,CF,,,,,,,,,90,
2023/24,1042886,Chido Obi,UEFA Youth League,Group B,2023-09-20,Arsenal YL,Eindhoven YL,1:2,Not in squad,,,,,,,,,,
2023/24,1042886,Chido Obi,UEFA Youth League,Group B,2023-10-03,RC Lens YL,Arsenal YL,1:0,Not in squad,,,,,,,,,,
2023/24,1042886,Chido Obi,UEFA Youth League,Group B,2023-10-24,Sevilla FC YL,Arsenal YL,2:1,CF,,,,,,,,46,45,
2023/24,1042886,Chido Obi,UEFA Youth League,Group B,2023-11-08,Arsenal YL,Sevilla FC YL,1:1,,,,,84,,,46,,45,
2023/24,1042886,Chido Obi,UEFA Youth League,Group B,2023-11-29,Arsenal YL,RC Lens YL,0:2,,,,,,,,77,,13,
2023/24,1042886,Chido Obi,UEFA Youth League,Group B,2023-12-12,Eindhoven YL,Arsenal YL,1:3,Not in squad,,,,,,,,,,
2023/24,1042886,Chido Obi,EFL Trophy,group B7,2023-08-22,Swindon Town,Arsenal U21,6:7 on pens,Not in squad,,,,,,,,,,
2023/24,1042886,Chido Obi,EFL Trophy,group B7,2023-10-10,Exeter City,Arsenal U21,0:5,Not in squad,,,,,,,,,,
2023/24,1042886,Chido Obi,EFL Trophy,group B7,2023-11-14,Reading,Arsenal U21,5:2,Not in squad,,,,,,,,,,
2023/24,1042886,Chido Obi,EFL Trophy,Second Round,2023-12-05,Peterborough,Arsenal U21,3:0,Not in squad,,,,,,,,,,
2023/24,1042886,Chido Obi,Premier League 2 Playoffs,Round of 16,2024-05-03,Arsenal U21,Man Utd U21,6:2,Not in squad,,,,,,,,,,
2023/24,1042886,Chido Obi,Premier League 2 Playoffs,Quarter-Finals,2024-05-11,Arsenal U21,Chelsea U21,2:3,Not in squad,,,,,,,,,,
2023/24,1042886,Chido Obi,U18 Premier League,1,2023-08-12,Arsenal U18,West Ham U18,2:0,Not in squad,,,,,,,,,,
2023/24,1042886,Chido Obi,U18 Premier League,2,2023-08-19,West Brom U18,Arsenal U18,1:1,Not in squad,,,,,,,,,,
2023/24,1042886,Chido Obi,U18 Premier League,3,2023-08-26,Arsenal U18,Spurs U18,2:4,,,,,,,,59,,31,
2023/24,1042886,Chido Obi,U18 Premier League,4,2023-09-16,Reading U18,Arsenal U18,2:2,Not in squad,,,,,,,,,,
2023/24,1042886,Chido Obi,U18 Premier League,5,2023-09-23,Arsenal U18,Southampton U18,4:0,CF,3,,,,,,,,90,
2023/24,1042886,Chido Obi,U18 Premier League,6,2023-09-30,Chelsea U18,Arsenal U18,3:2,CF,,,,,,,,59,59,
2023/24,1042886,Chido Obi,U18 Premier League,7,2023-10-07,Arsenal U18,Leicester U18,2:1,CF,,,,,,48,,,48,
2023/24,1042886,Chido Obi,U18 Premier League,8,2023-10-28,Palace U18,Arsenal U18,3:3,Not in squad,,,,,,,,,,
2023/24,1042886,Chido Obi,U18 Premier League,10,2023-11-11,Arsenal U18,Norwich U18,4:3,Not in squad,,,,,,,,,,
2023/24,1042886,Chido Obi,U18 Premier League,13,2024-01-06,Aston Villa U18,Arsenal U18,2:3,,,,,,,,46,,45,
2023/24,1042886,Chido Obi,U18 Premier League,14,2024-01-13,Arsenal U18,Reading U18,3:0,CF,,2,,,,,,,90,
2023/24,1042886,Chido Obi,U18 Premier League,15,2024-01-27,Leicester U18,Arsenal U18,0:4,CF,,,,,,,,,90,
2023/24,1042886,Chido Obi,U18 Premier League,17,2024-02-17,Southampton U18,Arsenal U18,2:2,Not in squad,,,,,,,,,,
2023/24,1042886,Chido Obi,U18 Premier League,18,2024-02-24,Arsenal U18,Brighton U18,1:3,CF,1,,,,,,,81,81,
2023/24,1042886,Chido Obi,U18 Premier League,19,2024-03-09,Fulham U18,Arsenal U18,1:0,CF,,,,,,,,,90,
2023/24,1042886,Chido Obi,U18 Premier League,20,2024-03-16,Arsenal U18,Palace U18,8:3,CF,4,,,,,,,,90,
2023/24,1042886,Chido Obi,U18 Premier League,12,2024-03-30,Arsenal U18,Fulham U18,5:2,CF,4,,,,,,,,90,
2023/24,1042886,Chido Obi,U18 Premier League,21,2024-04-06,Arsenal U18,West Brom U18,2:2,CF,1,,,,,,,,90,
2023/24,1042886,Chido Obi,U18 Premier League,9,2024-04-09,Brighton U18,Arsenal U18,3:5,CF,2,,,,,,,,90,
2023/24,1042886,Chido Obi,U18 Premier League,22,2024-04-13,West Ham U18,Arsenal U18,1:8,CF,5,,,,,,,,90,
2023/24,1042886,Chido Obi,U18 Premier League,23,2024-04-20,Arsenal U18,Aston Villa U18,4:2,CF,1,,,,,,,,90,
2023/24,1042886,Chido Obi,U18 Premier League,24,2024-04-27,Norwich U18,Arsenal U18,0:9,CF,7,,,,,,,,90,
2023/24,1042886,Chido Obi,U18 Premier League,25,2024-05-04,Spurs U18,Arsenal U18,3:2,CF,1,,,86,,,,,90,
2023/24,1042886,Chido Obi,U18 Premier League,26,2024-05-11,Arsenal U18,Chelsea U18,5:2,CF,3,1,,,,,,,90,
2023/24,1042886,Chido Obi,Premier League 2,1,2023-08-11,Arsenal U21,West Ham U21,3:0,Not in squad,,,,,,,,,,
2023/24,1042886,Chido Obi,Premier League 2,2,2023-08-18,Arsenal U21,Leicester U21,4:1,Not in squad,,,,,,,,,,
2023/24,1042886,Chido Obi,Premier League 2,3,2023-08-28,Nottingham U21,Arsenal U21,2:0,Not in squad,,,,,,,,,,
2023/24,1042886,Chido Obi,Premier League 2,4,2023-09-03,Arsenal U21,Reading U21,3:0,Not in squad,,,,,,,,,,
2023/24,1042886,Chido Obi,Premier League 2,5,2023-09-23,Man Utd U21,Arsenal U21,2:4,Not in squad,,,,,,,,,,
2023/24,1042886,Chido Obi,Premier League 2,6,2023-09-29,Everton U21,Arsenal U21,1:1,Not in squad,,,,,,,,,,
2023/24,1042886,Chido Obi,Premier League 2,7,2023-10-29,Arsenal U21,Brighton U21,6:3,,,,,,,,71,,19,
2023/24,1042886,Chido Obi,Premier League 2,8,2023-11-03,Arsenal U21,Man City U21,3:3,Not in squad,,,,,,,,,,
2023/24,1042886,Chido Obi,Premier League 2,10,2023-12-18,Sunderland U21,Arsenal U21,1:2,Not in squad,,,,,,,,,,
2023/24,1042886,Chido Obi,Premier League 2,11,2024-01-12,Arsenal U21,Boro U21,1:0,,,,,,,,90,,1,
2023/24,1042886,Chido Obi,Premier League 2,12,2024-01-26,Wolves U21,Arsenal U21,2:1,Not in squad,,,,,,,,,,
2023/24,1042886,Chido Obi,Premier League 2,13,2024-02-09,Arsenal U21,Leeds U21,1:1,Not in squad,,,,,,,,,,
2023/24,1042886,Chido Obi,Premier League 2,14,2024-02-16,Arsenal U21,Southampton U21,4:2,Not in squad,,,,,,,,,,
2023/24,1042886,Chido Obi,Premier League 2,9,2024-02-26,West Brom U21,Arsenal U21,3:0,Not in squad,,,,,,,,,,
2023/24,1042886,Chido Obi,Premier League 2,15,2024-03-01,Chelsea U21,Arsenal U21,2:4,Not in squad,,,,,,,,,,
2023/24,1042886,Chido Obi,Premier League 2,16,2024-03-08,Arsenal U21,Tottenham U21,1:1,Not in squad,,,,,,,,,,
2023/24,1042886,Chido Obi,Premier League 2,18,2024-04-08,Stoke U21,Arsenal U21,2:2,Not in squad,,,,,,,,,,
2023/24,1042886,Chido Obi,Premier League 2,19,2024-04-15,Arsenal U21,Aston Villa U21,3:5,Not in squad,,,,,,,,,,
2023/24,1042886,Chido Obi,Premier League 2,17,2024-04-22,Blackburn U21,Arsenal U21,2:2,Not in squad,,,,,,,,,,
2023/24,1042886,Chido Obi,Premier League 2,20,2024-04-28,Liverpool U21,Arsenal U21,0:2,Not in squad,,,,,,,,,,
2023/24,1042886,Chido Obi,2024 UEFA Under-17 Euro,Group B,2024-05-20,Denmark U17,Wales U17,2:0,CF,1,,,,,,,85,85,
2023/24,1042886,Chido Obi,2024 UEFA Under-17 Euro,Group B,2024-05-23,Denmark U17,Croatia U17,2:2,CF,,,,,,,,88,88,
2023/24,1042886,Chido Obi,2024 UEFA Under-17 Euro,Group B,2024-05-26,Austria U17,Denmark U17,4:0,CF,,,,,,,,85,85,
2023/24,1042886,Chido Obi,2024 UEFA Under-17 Euro,Quarter-Finals,2024-05-29,Czechia U17,Denmark U17,4:6 on pens,CF,1,,,74,,,,,90,
2023/24,1042886,Chido Obi,2024 UEFA Under-17 Euro,Semi-Finals,2024-06-02,Denmark U17,Italy U17,0:1,CF,,,,,,,,,90,
2023/24,1042886,Chido Obi,UEFA European Under-17 Championship qualification,Group 1,2023-10-11,Denmark U17,Lithuania U17,4:1,CF,1,,,,,,,,90,
2023/24,1042886,Chido Obi,UEFA European Under-17 Championship qualification,Group 1,2023-10-14,Denmark U17,Georgia U17,1:2,,,,,,,,46,,45,
2023/24,1042886,Chido Obi,UEFA European Under-17 Championship qualification,Group 1,2023-10-17,Austria U17,Denmark U17,2:2,CF,1,,,,,,,,90,
2023/24,1042886,Chido Obi,UEFA European Under-17 Championship qualification,group B6,2024-03-20,Türkiye U17,Denmark U17,0:0,CF,,,,,,,,87,87,
2023/24,1042886,Chido Obi,UEFA European Under-17 Championship qualification,group B6,2024-03-23,Serbia U17,Denmark U17,0:1,CF,,,,,,,,73,73,
2023/24,1042886,Chido Obi,UEFA European Under-17 Championship qualification,group B6,2024-03-26,Denmark U17,Georgia U17,7:0,CF,1,,,,,,,86,86,
2023/24,1042886,Chido Obi,FA Youth Cup,Third Round,2023-12-09,Arsenal U18,Crewe U18,7:1,Not in squad,,,,,,,,,,
2023/24,1042886,Chido Obi,FA Youth Cup,Fourth Round,2024-01-20,Liverpool U18,Arsenal U18,7:1,CF,,,,,,,,55,55,
