﻿season,player_id,player_name,competition,journey,date,home_team,away_team,result,position,goals,assists,own_goals,yellow_cards,second_yellow_cards,red_cards,substitutions_on,substitutions_off,minutes_played,transfermarkt_score
2019/20,104124,Michail Antonio,Premier League,1,2019-08-10,West Ham,Man City,0:5,LM,,,,,,,,46,45,
2019/20,104124,Michail Antonio,Premier League,2,2019-08-17,Brighton,West Ham,1:1,CF,,,,,,,46,,45,
2019/20,104124,Michail Antonio,Premier League,3,2019-08-24,Watford,West Ham,1:3,RM,,,,,,,55,,35,
2019/20,104124,Michail Antonio,Premier League,4,2019-08-31,West Ham,Norwich,2:0,Hamstring injury,,,,,,,,,,
2019/20,104124,Michail Antonio,Premier League,5,2019-09-16,Aston Villa,West Ham,0:0,Hamstring injury,,,,,,,,,,
2019/20,104124,Michail Antonio,Premier League,6,2019-09-22,West Ham,Man Utd,2:0,Hamstring injury,,,,,,,,,,
2019/20,104124,Michail Antonio,Premier League,7,2019-09-28,Bournemouth,West Ham,2:2,Hamstring injury,,,,,,,,,,
2019/20,104124,Michail Antonio,Premier League,8,2019-10-05,West Ham,Crystal Palace,1:2,Hamstring injury,,,,,,,,,,
2019/20,104124,Michail Antonio,Premier League,9,2019-10-19,Everton,West Ham,2:0,Hamstring injury,,,,,,,,,,
2019/20,104124,Michail Antonio,Premier League,10,2019-10-26,West Ham,Sheff Utd,1:1,Hamstring injury,,,,,,,,,,
2019/20,104124,Michail Antonio,Premier League,11,2019-11-02,West Ham,Newcastle,2:3,Hamstring injury,,,,,,,,,,
2019/20,104124,Michail Antonio,Premier League,12,2019-11-09,Burnley,West Ham,3:0,Hamstring injury,,,,,,,,,,
2019/20,104124,Michail Antonio,Premier League,13,2019-11-23,West Ham,Tottenham,2:3,RM,1,,,,,,46,,45,
2019/20,104124,Michail Antonio,Premier League,14,2019-11-30,Chelsea,West Ham,0:1,CF,,,,,,,,76,76,
2019/20,104124,Michail Antonio,Premier League,15,2019-12-04,Wolves,West Ham,2:0,Not in squad,,,,,,,,,,
2019/20,104124,Michail Antonio,Premier League,16,2019-12-09,West Ham,Arsenal,1:3,CF,,,,,,,,,90,
2019/20,104124,Michail Antonio,Premier League,17,2019-12-14,Southampton,West Ham,0:1,CF,,,,,,,,,90,
2019/20,104124,Michail Antonio,Premier League,19,2019-12-26,Crystal Palace,West Ham,2:1,CF,,1,,,,,,,90,
2019/20,104124,Michail Antonio,Premier League,20,2019-12-28,West Ham,Leicester,1:2,CF,,,,,,,55,,35,
2019/20,104124,Michail Antonio,Premier League,21,2020-01-01,West Ham,Bournemouth,4:0,Muscle strain,,,,,,,,,,
2019/20,104124,Michail Antonio,Premier League,22,2020-01-10,Sheff Utd,West Ham,1:0,Muscle strain,,,,,,,,,,
2019/20,104124,Michail Antonio,Premier League,23,2020-01-18,West Ham,Everton,1:1,Muscle strain,,,,,,,,,,
2019/20,104124,Michail Antonio,Premier League,24,2020-01-22,Leicester,West Ham,4:1,,,,,,,,46,,45,
2019/20,104124,Michail Antonio,Premier League,18,2020-01-29,West Ham,Liverpool,0:2,Groin injury,,,,,,,,,,
2019/20,104124,Michail Antonio,Premier League,25,2020-02-01,West Ham,Brighton,3:3,Centre Forward,,,,,,,,74,74,
2019/20,104124,Michail Antonio,Premier League,26,2020-02-19,Man City,West Ham,2:0,CF,,,,,,,,,90,
2019/20,104124,Michail Antonio,Premier League,27,2020-02-24,Liverpool,West Ham,3:2,CF,,,,,,,,,90,
2019/20,104124,Michail Antonio,Premier League,28,2020-02-29,West Ham,Southampton,3:1,LW,1,1,,,,,,,90,
2019/20,104124,Michail Antonio,Premier League,29,2020-03-07,Arsenal,West Ham,1:0,CF,,,,93,,,,,90,
2019/20,104124,Michail Antonio,Premier League,30,2020-06-20,West Ham,Wolves,0:2,CF,,,,62,,,,,90,
2019/20,104124,Michail Antonio,Premier League,31,2020-06-23,Tottenham,West Ham,2:0,CF,,,,,,,,,90,
2020/21,104124,Michail Antonio,Premier League,32,2020-07-01,West Ham,Chelsea,3:2,CF,1,1,,,,,,,90,
2020/21,104124,Michail Antonio,Premier League,33,2020-07-05,Newcastle,West Ham,2:2,CF,1,,,,,,,,90,
2020/21,104124,Michail Antonio,Premier League,34,2020-07-08,West Ham,Burnley,0:1,CF,,,,,,,,,90,
2020/21,104124,Michail Antonio,Premier League,35,2020-07-11,Norwich,West Ham,0:4,CF,4,,,,,,,78,78,
2020/21,104124,Michail Antonio,Premier League,36,2020-07-17,West Ham,Watford,3:1,CF,1,,,,,,,90,90,
2020/21,104124,Michail Antonio,Premier League,37,2020-07-22,Man Utd,West Ham,1:1,CF,1,,,,,,,78,78,
2020/21,104124,Michail Antonio,Premier League,38,2020-07-26,West Ham,Aston Villa,1:1,CF,,,,23,,,,46,45,
2019/20,104124,Michail Antonio,FA Cup,Third Round,2020-01-05,Gillingham,West Ham,0:2,Muscle strain,,,,,,,,,,
2019/20,104124,Michail Antonio,FA Cup,Fourth Round,2020-01-25,West Ham,West Brom,0:1,,,,,,,,46,,45,
2019/20,104124,Michail Antonio,EFL Cup,Second Round,2019-08-27,Newport County,West Ham,0:2,LM,,,,,,,,8,8,
2019/20,104124,Michail Antonio,EFL Cup,Third Round,2019-09-25,Oxford United,West Ham,4:0,Hamstring injury,,,,,,,,,,
