﻿season,player_id,player_name,competition,journey,date,home_team,away_team,result,position,goals,assists,own_goals,yellow_cards,second_yellow_cards,red_cards,substitutions_on,substitutions_off,minutes_played,transfermarkt_score
2025/26,1011147,Mikey Moore,UEFA Europa League,Group Stage,2025-09-25,Rangers,Genk,0:1,Centre Forward,,,,,,,,46,45,
2025/26,1011147,Mikey Moore,UEFA Europa League,Group Stage,2025-10-02,Sturm Graz,Rangers,2:1,,,,,,,,79,,11,
2025/26,1011147,Mikey Moore,UEFA Europa League,Group Stage,2025-10-23,Brann,Rangers,3:0,,,,,,,,56,,34,
2025/26,1011147,Mikey Moore,UEFA Europa League,Group Stage,2025-11-06,Rangers,Roma,0:2,AM,,,,,,,,81,81,
2025/26,1011147,Mikey Moore,UEFA Europa League,Group Stage,2025-11-27,Rangers,Braga,1:1,Not in squad,,,,,,,,,,
2025/26,1011147,Mikey Moore,International Friendlies,1,2025-09-03,England U19,Ukraine U19,2:0,Not in squad,,,,,,,,,,
2025/26,1011147,Mikey Moore,International Friendlies,2,2025-09-06,England U19,Spain U19,3:3,Not in squad,,,,,,,,,,
2025/26,1011147,Mikey Moore,International Friendlies,3,2025-09-09,England U19,Netherlands U19,4:1,Not in squad,,,,,,,,,,
2025/26,1011147,Mikey Moore,International Friendlies,4,2025-10-11,England U19,Belgium U19,4:1,AM,3,,,,,,,67,67,
2025/26,1011147,Mikey Moore,International Friendlies,4,2025-10-14,England U19,Wales U19,7:0,,1,1,,,,,67,,23,
2025/26,1011147,Mikey Moore,UEFA Champions League Qualifying,3rd round 1st leg,2025-08-05,Rangers,Viktoria Plzeň,3:0,Not in squad,,,,,,,,,,
2025/26,1011147,Mikey Moore,UEFA Champions League Qualifying,3rd round 2nd leg,2025-08-12,Viktoria Plzeň,Rangers,2:1,Not in squad,,,,,,,,,,
2025/26,1011147,Mikey Moore,UEFA Champions League Qualifying,Qualifying Round 1st leg,2025-08-19,Rangers,Club Brugge,1:3,,,,,,,,70,,20,
2025/26,1011147,Mikey Moore,UEFA Champions League Qualifying,Qualifying Round 2nd leg,2025-08-27,Club Brugge,Rangers,6:0,on the bench,,,,,,,,,,
2025/26,1011147,Mikey Moore,Scottish Premiership,1,2025-08-02,Motherwell FC,Rangers,1:1,Not in squad,,,,,,,,,,
2025/26,1011147,Mikey Moore,Scottish Premiership,2,2025-08-09,Rangers,Dundee FC,1:1,Not in squad,,,,,,,,,,
2025/26,1011147,Mikey Moore,Scottish Premiership,3,2025-08-24,St. Mirren,Rangers,1:1,,,,,,,,46,,45,
2025/26,1011147,Mikey Moore,Scottish Premiership,4,2025-08-31,Rangers,Celtic,0:0,LW,,,,63,,,,72,72,
2025/26,1011147,Mikey Moore,Scottish Premiership,5,2025-09-13,Rangers,Heart of Midl.,0:2,LW,,,,,,,,46,45,
2025/26,1011147,Mikey Moore,Scottish Premiership,6,2025-09-28,Livingston FC,Rangers,1:2,,,,,,,,82,,8,
2025/26,1011147,Mikey Moore,Scottish Premiership,7,2025-10-05,Falkirk,Rangers,1:1,Centre Forward,,,,,,,,61,61,
2025/26,1011147,Mikey Moore,Scottish Premiership,8,2025-10-18,Rangers,Dundee United,2:2,,,1,,,,,83,,7,
2025/26,1011147,Mikey Moore,Scottish Premiership,9,2025-10-26,Rangers,Kilmarnock FC,3:1,,,,,,,,46,,45,
2025/26,1011147,Mikey Moore,Scottish Premiership,10,2025-10-29,Hibernian FC,Rangers,0:1,AM,,,,,,,,65,65,
2025/26,1011147,Mikey Moore,Scottish Premiership,12,2025-11-09,Dundee FC,Rangers,0:3,Centre Forward,1,,,,,,,66,66,
2025/26,1011147,Mikey Moore,Scottish Premiership,13,2025-11-22,Rangers,Livingston FC,2:1,Not in squad,,,,,,,,,,
2025/26,1011147,Mikey Moore,Scottish Premiership,14,2025-11-30,Rangers,Falkirk,0:0,Not in squad,,,,,,,,,,
2025/26,1011147,Mikey Moore,Scottish Premiership,15,2025-12-03,Dundee United,Rangers,2:2,Not in squad,,,,,,,,,,
2025/26,1011147,Mikey Moore,Scottish League Cup,Second Round,2025-08-16,Rangers,Alloa Athletic,4:2,LM,,1,,,,,,69,69,
2025/26,1011147,Mikey Moore,Scottish League Cup,Quarter-Finals,2025-09-20,Rangers,Hibernian FC,2:0,Centre Forward,,,,,,,,76,76,
2025/26,1011147,Mikey Moore,Scottish League Cup,Semi-Finals,2025-11-02,Celtic,Rangers,3:1 AET,,,,,,,,71,,49,
2025/26,1011147,Mikey Moore,UEFA EURO U19 Championship Qualifiers,Group 8,2025-11-12,England U19,Lithuania U19,2:0,CM,,,,,,,,,90,
2025/26,1011147,Mikey Moore,UEFA EURO U19 Championship Qualifiers,Group 8,2025-11-15,England U19,Latvia U19,7:0,Not in squad,,,,,,,,,,
2025/26,1011147,Mikey Moore,UEFA EURO U19 Championship Qualifiers,Group 8,2025-11-18,Scotland U19,England U19,0:4,Not in squad,,,,,,,,,,
