﻿season,player_id,player_name,competition,journey,date,home_team,away_team,result,position,goals,assists,own_goals,yellow_cards,second_yellow_cards,red_cards,substitutions_on,substitutions_off,minutes_played,transfermarkt_score
2010/11,101118,Joel Robles,UEFA Super Cup,Final,2010-08-27,Inter,Atlético,0:2,on the bench,,,,,,,,,,
2010/11,101118,Joel Robles,UEFA Europa League,Group B,2010-09-16,Aris Saloniki,Atlético,1:0,on the bench,,,,,,,,,,
2010/11,101118,Joel Robles,UEFA Europa League,Group B,2010-09-30,Atlético,Leverkusen,1:1,on the bench,,,,,,,,,,
2010/11,101118,Joel Robles,UEFA Europa League,Group B,2010-10-21,Atlético,Rosenborg,3:0,GK,,,,,,,,,90,
2010/11,101118,Joel Robles,UEFA Europa League,Group B,2010-11-04,Rosenborg,Atlético,1:2,on the bench,,,,,,,,,,
2010/11,101118,Joel Robles,UEFA Europa League,Group B,2010-12-01,Atlético,Aris Saloniki,2:3,on the bench,,,,,,,,,,
2010/11,101118,Joel Robles,UEFA Europa League,Group B,2010-12-16,Leverkusen,Atlético,1:1,on the bench,,,,,,,,,,
2010/11,101118,Joel Robles,International Friendlies,7,2011-02-08,Spain U21,Denmark U21,2:1,Not in squad,,,,,,,,,,
2010/11,101118,Joel Robles,International Friendlies,8,2011-03-24,France U21,Spain U21,3:2,GK,,,,,,,45,,45,
2010/11,101118,Joel Robles,International Friendlies,9,2011-03-28,Belarus U21,Spain U21,1:1,Not in squad,,,,,,,,,,
2010/11,101118,Joel Robles,International Friendlies,12,2011-06-05,Spain U21,Russia U21,1:1,Not in squad,,,,,,,,,,
2010/11,101118,Joel Robles,LaLiga,1,2010-08-30,Atlético,Sporting Gijón,4:0,on the bench,,,,,,,,,,
2010/11,101118,Joel Robles,LaLiga,2,2010-09-11,Athletic Club,Atlético,1:2,on the bench,,,,,,,,,,
2010/11,101118,Joel Robles,LaLiga,3,2010-09-19,Atlético,Barcelona,1:2,on the bench,,,,,,,,,,
2010/11,101118,Joel Robles,LaLiga,4,2010-09-22,Valencia,Atlético,1:1,on the bench,,,,,,,,,,
2010/11,101118,Joel Robles,LaLiga,5,2010-09-26,Atlético,Real Zaragoza,1:0,on the bench,,,,,,,,,,
2010/11,101118,Joel Robles,LaLiga,6,2010-10-03,Sevilla FC,Atlético,3:1,on the bench,,,,,,,,,,
2010/11,101118,Joel Robles,LaLiga,7,2010-10-16,Atlético,Getafe,2:0,on the bench,,,,,,,,,,
2010/11,101118,Joel Robles,LaLiga,8,2010-10-24,Villarreal,Atlético,2:0,on the bench,,,,,,,,,,
2010/11,101118,Joel Robles,LaLiga,9,2010-10-31,Atlético,UD Almería,1:1,on the bench,,,,,,,,,,
2010/11,101118,Joel Robles,LaLiga,10,2010-11-07,Real Madrid,Atlético,2:0,on the bench,,,,,,,,,,
2010/11,101118,Joel Robles,LaLiga,11,2010-11-13,Atlético,CA Osasuna,3:0,on the bench,,,,,,,,,,
2010/11,101118,Joel Robles,LaLiga,12,2010-11-21,Real Sociedad,Atlético,2:4,on the bench,,,,,,,,,,
2010/11,101118,Joel Robles,LaLiga,13,2010-11-27,Atlético,Espanyol,2:3,on the bench,,,,,,,,,,
2010/11,101118,Joel Robles,LaLiga,14,2010-12-04,Levante,Atlético,2:0,on the bench,,,,,,,,,,
2010/11,101118,Joel Robles,LaLiga,15,2010-12-11,Atlético,Dep. La Coruña,2:0,on the bench,,,,,,,,,,
2010/11,101118,Joel Robles,LaLiga,16,2010-12-19,Málaga CF,Atlético,0:3,on the bench,,,,,,,,,,
2010/11,101118,Joel Robles,LaLiga,17,2011-01-03,Atlético,Racing,0:0,on the bench,,,,,,,,,,
2010/11,101118,Joel Robles,LaLiga,18,2011-01-10,Hércules CF,Atlético,4:1,on the bench,,,,,,,,,,
2010/11,101118,Joel Robles,LaLiga,19,2011-01-17,Atlético,RCD Mallorca,3:0,on the bench,,,,,,,,,,
2010/11,101118,Joel Robles,LaLiga,20,2011-01-23,Sporting Gijón,Atlético,1:0,on the bench,,,,,,,,,,
2010/11,101118,Joel Robles,LaLiga,21,2011-01-30,Atlético,Athletic Club,0:2,on the bench,,,,,,,,,,
2010/11,101118,Joel Robles,LaLiga,22,2011-02-05,Barcelona,Atlético,3:0,on the bench,,,,,,,,,,
2010/11,101118,Joel Robles,LaLiga,23,2011-02-12,Atlético,Valencia,1:2,on the bench,,,,,,,,,,
2010/11,101118,Joel Robles,LaLiga,24,2011-02-19,Real Zaragoza,Atlético,0:1,on the bench,,,,,,,,,,
2010/11,101118,Joel Robles,LaLiga,25,2011-02-26,Atlético,Sevilla FC,2:2,on the bench,,,,,,,,,,
2010/11,101118,Joel Robles,LaLiga,26,2011-03-02,Getafe,Atlético,1:1,on the bench,,,,,,,,,,
2010/11,101118,Joel Robles,LaLiga,27,2011-03-05,Atlético,Villarreal,3:1,on the bench,,,,,,,,,,
2010/11,101118,Joel Robles,LaLiga,28,2011-03-12,UD Almería,Atlético,2:2,on the bench,,,,,,,,,,
2010/11,101118,Joel Robles,LaLiga,29,2011-03-19,Atlético,Real Madrid,1:2,on the bench,,,,,,,,,,
2010/11,101118,Joel Robles,LaLiga,30,2011-04-03,CA Osasuna,Atlético,2:3,on the bench,,,,,,,,,,
2010/11,101118,Joel Robles,LaLiga,31,2011-04-10,Atlético,Real Sociedad,3:0,on the bench,,,,,,,,,,
2010/11,101118,Joel Robles,LaLiga,32,2011-04-17,Espanyol,Atlético,2:2,on the bench,,,,,,,,,,
2010/11,101118,Joel Robles,LaLiga,33,2011-04-24,Atlético,Levante,4:1,on the bench,,,,,,,,,,
2010/11,101118,Joel Robles,LaLiga,34,2011-04-30,Dep. La Coruña,Atlético,0:1,on the bench,,,,,,,,,,
2010/11,101118,Joel Robles,LaLiga,35,2011-05-07,Atlético,Málaga CF,0:3,on the bench,,,,,,,,,,
2010/11,101118,Joel Robles,LaLiga,36,2011-05-10,Racing,Atlético,2:1,on the bench,,,,,,,,,,
2010/11,101118,Joel Robles,LaLiga,37,2011-05-15,Atlético,Hércules CF,2:1,on the bench,,,,,,,,,,
2010/11,101118,Joel Robles,LaLiga,38,2011-05-21,RCD Mallorca,Atlético,3:4,on the bench,,,,,,,,,,
2010/11,101118,Joel Robles,Copa del Rey,4th round 1st leg,2010-10-27,Uni. Las Palmas,Atlético,0:5,on the bench,,,,,,,,,,
2010/11,101118,Joel Robles,Copa del Rey,4th round 2nd leg,2010-11-10,Atlético,Uni. Las Palmas,1:1,,,,,,,,,,90,
2010/11,101118,Joel Robles,Copa del Rey,last 16 1st leg,2010-12-22,Atlético,Espanyol,1:0,on the bench,,,,,,,,,,
2010/11,101118,Joel Robles,Copa del Rey,last 16 2nd leg,2011-01-06,Espanyol,Atlético,1:1,on the bench,,,,,,,,,,
2010/11,101118,Joel Robles,Copa del Rey,Quarter-Finals 1st leg,2011-01-13,Real Madrid,Atlético,3:1,on the bench,,,,,,,,,,
2010/11,101118,Joel Robles,Copa del Rey,Quarter-Finals 2nd leg,2011-01-20,Atlético,Real Madrid,0:1,on the bench,,,,,,,,,,
2010/11,101118,Joel Robles,2011 European Under-21 Football Championship,Group B,2011-06-12,Spain U21,England U21,1:1,Not in squad,,,,,,,,,,
2010/11,101118,Joel Robles,2011 European Under-21 Football Championship,Group B,2011-06-15,Czechia U21,Spain U21,0:2,Not in squad,,,,,,,,,,
2010/11,101118,Joel Robles,2011 European Under-21 Football Championship,Group B,2011-06-19,Ukraine U21,Spain U21,0:3,Not in squad,,,,,,,,,,
2010/11,101118,Joel Robles,2011 European Under-21 Football Championship,Semi-Finals,2011-06-22,Spain U21,Belarus U21,3:1 AET,Not in squad,,,,,,,,,,
2010/11,101118,Joel Robles,2011 European Under-21 Football Championship,Final,2011-06-25,Switzerland U21,Spain U21,0:2,Not in squad,,,,,,,,,,
2010/11,101118,Joel Robles,UEFA European Under-21 Championship Qualifying,Play Off 1st leg,2010-10-09,Spain U21,Croatia U21,2:1,Not in squad,,,,,,,,,,
2010/11,101118,Joel Robles,UEFA European Under-21 Championship Qualifying,Play Off 2st leg,2010-10-12,Croatia U21,Spain U21,0:3,Not in squad,,,,,,,,,,
